An,Judet,Scoala,Medie_Generala,Medie_Romana,Medie_Matematica,Numar_Elevi
2026,Alba,"Colegiul Național „Lucian Blaga”, Sebeș",9.08,9.07,9.11,58
2026,Alba,"Școala Gimnazială „Avram Iancu”, Avram Iancu",8.71,8.53,8.9,2
2026,Alba,"Școala Gimnazială „Avram Iancu”, Alba Iulia",8.51,8.63,8.39,99
2026,Alba,"Liceul Teologic Romano-Catolic „Gróf Majláth Gusztáv Károly”, Alba Iulia",8.47,9.38,7.38,2
2026,Alba,"Școala Gimnazială „Mihai Eminescu”, Alba Iulia",8.4,8.55,8.25,105
2026,Alba,"Școala Gimnazială „Simion Pantea”, Salciua",8.3,7.8,8.8,1
2026,Alba,"Liceul Teoretic „Sfântul Iosif”, Alba Iulia",8.27,8.54,8.01,24
2026,Alba,"Seminarul Teologic Ortodox „Sfântul Simion Ștefan”, Alba Iulia",8.26,8.32,8.21,51
2026,Alba,Liceul German Sebeș,8.2,7.86,8.16,15
2026,Alba,Liceul Tehnologic de Turism și Alimentație Arieșeni,7.81,8.01,7.62,10
2026,Alba,"Colegiul Național „Inochentie Micu Clain”, Blaj",7.79,7.87,7.71,44
2026,Alba,"Școala Gimnazială „Ovidiu Hulea”, Aiud",7.61,8.0,7.23,52
2026,Alba,Școala Gimnazială Micești,7.56,7.62,7.5,16
2026,Alba,Liceul cu Program Sportiv Alba Iulia,7.55,7.74,7.36,105
2026,Alba,"Școala Gimnazială Nr. 2, Sebeș",7.54,7.81,7.28,51
2026,Alba,"Școala Gimnazială „Ion Agârbiceanu”, Alba Iulia",7.53,7.77,7.3,81
2026,Alba,"Școala Gimnazială Nr. 3, Cugir",7.46,7.79,7.14,53
2026,Alba,Școala Gimnazială Sugag,7.35,7.2,7.5,25
2026,Alba,"Școala Gimnazială „Vasile Goldiș”, Alba Iulia",7.33,7.59,7.07,86
2026,Alba,Școala Gimnazială Câmpeni,7.32,7.61,7.03,68
2026,Alba,Școala Gimnazială Ciugud,7.29,7.73,6.86,18
2026,Alba,"Școala Gimnazială „Augustin Bena”, Pianu de Jos",7.11,7.22,7.01,6
2026,Alba,"Școala Gimnazială „Nicodim Ganea”, Bistra",7.09,7.4,6.79,31
2026,Alba,"Liceul de Arte „Regina Maria”, Alba Iulia",7.09,7.22,6.96,49
2026,Alba,Școala Gimnazială Petrești,7.09,7.8,6.38,45
2026,Alba,"Colegiul Național „Bethlen Gábor”, Aiud",7.09,7.31,5.93,23
2026,Alba,"Școala Gimnazială „Iuliu Maniu”, Vintu de Jos",7.07,7.41,6.74,40
2026,Alba,"Școala Gimnazială „Axente Sever”, Aiud",7.03,7.06,7.0,64
2026,Alba,"Colegiul Național „Titu Maiorescu”, Aiud",6.99,7.15,6.65,19
2026,Alba,"Școala Gimnazială „Nicolae Drăgan”, Galda de Jos",6.99,7.27,6.71,19
2026,Alba,"Liceul „Horea, Cloșca și Crișan”, Abrud",6.97,7.41,6.54,15
2026,Alba,Liceul Tehnologic Jidvei,6.94,7.23,6.65,15
2026,Alba,Școala Gimnazială Blandiana,6.92,6.92,6.93,8
2026,Alba,"Liceul Teologic Greco-Catolic „Sfântul Vasile cel Mare”, Blaj",6.84,7.2,6.49,21
2026,Alba,"Școala Gimnazială „Toma Cocișiu”, Blaj",6.79,7.17,6.41,38
2026,Alba,Școala Gimnazială Sohodol,6.78,6.57,6.99,5
2026,Alba,"Școala Gimnazială „Emil Racoviță”, Gârda de Sus",6.73,7.02,6.44,7
2026,Alba,"Liceul Tehnologic „Alexandru Domsa”, Alba Iulia",6.67,7.2,6.13,24
2026,Alba,"Școala Gimnazială „Sebeș-Pál”, Rimetea",6.65,6.08,6.18,6
2026,Alba,Școala Gimnazială Vidra,6.61,6.75,6.46,19
2026,Alba,"Școala Gimnazială „Ioan Mihu”, Vinerea",6.6,6.91,6.31,14
2026,Alba,"Școala Gimnazială „Singidava”, Cugir",6.59,6.83,6.25,30
2026,Alba,"Școala Gimnazială „Silviu Carpinișianu”, Sebeș",6.59,6.78,6.39,25
2026,Alba,Școala Gimnazială Vadu Moților,6.58,6.5,6.66,4
2026,Alba,"Școala Gimnazială „Avram Iancu”, Zlatna",6.57,6.8,6.33,29
2026,Alba,Liceul Teoretic Teiuș,6.56,6.68,6.44,47
2026,Alba,"Școala Gimnazială „Mihail Kogălniceanu”, Sebeș",6.55,6.77,6.35,38
2026,Alba,"Liceul Tehnologic „Țara Moților”, Albac",6.49,6.51,6.47,15
2026,Alba,"Școala Gimnazială „Lucian Blaga”, Ocna Mureș",6.45,6.88,6.02,46
2026,Alba,Școala Gimnazială Lopadea Nouă,6.43,6.82,5.08,9
2026,Alba,"Școala Gimnazială „Iosif Pervain”, Cugir",6.42,6.45,6.39,16
2026,Alba,Școala Gimnazială Daia Română,6.41,7.0,5.83,20
2026,Alba,"Școala Gimnazială „Ion Breazu”, Mihalț",6.33,6.58,6.09,14
2026,Alba,"Liceul „Dr. Lazăr Chirilă”, Baia de Arieș",6.2,6.47,5.93,24
2026,Alba,"Colegiul Tehnic „Apulum”, Alba Iulia",6.2,6.37,6.03,26
2026,Alba,"Școala Gimnazială „Dr. Petru Span”, Lupsa",6.2,6.78,5.62,12
2026,Alba,"Școala Gimnazială „Avram Iancu”, Abrud",6.11,6.33,5.9,13
2026,Alba,Școala Gimnazială Ighiel,6.08,6.48,5.69,17
2026,Alba,"Școala Gimnazială „Ion Agârbiceanu”, Cenade",6.07,7.36,4.79,5
2026,Alba,Școala Gimnazială Almășu Mare,6.06,5.81,6.32,6
2026,Alba,Școala Gimnazială Strungari,6.03,6.18,5.9,10
2026,Alba,Școala Gimnazială Rahău,5.97,6.29,5.65,7
2026,Alba,"Școala Gimnazială „David Prodan”, Săliștea",5.95,6.35,5.57,20
2026,Alba,"Școala Gimnazială „Timoteiu Ovidiu Tarnu”, Stremt",5.94,6.12,5.77,17
2026,Alba,"Școala Gimnazială „Horea”, Horea",5.94,6.25,5.63,26
2026,Alba,Școala Gimnazială Mogoș,5.9,6.24,5.56,5
2026,Alba,Școala Gimnazială Sard,5.89,6.61,5.18,9
2026,Alba,"Școala Gimnazială „Decebal”, Cricău",5.83,5.91,5.76,6
2026,Alba,"Școala Gimnazială, Gârbova",5.82,5.91,5.74,14
2026,Alba,Școala Gimnazială Benic,5.81,6.47,5.16,11
2026,Alba,Școala Gimnazială Sasciori,5.81,5.91,5.72,27
2026,Alba,Școala Gimnazială Berghin,5.77,6.19,5.36,7
2026,Alba,"Școala Gimnazială „Ion Micu Moldovan”, Blaj",5.71,3.12,6.23,10
2026,Alba,"Școala Gimnazială „Simion Bălint”, Roșia Montană",5.71,6.02,5.4,6
2026,Alba,"Școala Gimnazială Prof. Univ. Dr. Gheorghe Beleiu, Poiana Vadului",5.69,5.26,6.13,6
2026,Alba,"Școala Gimnazială „Aron Cotruș”, Cergău Mare",5.67,5.5,5.84,15
2026,Alba,"Școala Gimnazială „Septimiu Albini”, Cut",5.58,5.81,5.36,7
2026,Alba,Școala Gimnazială Dostat,5.57,5.95,5.2,9
2026,Alba,Școala Gimnazială Râmeț,5.53,5.7,5.35,2
2026,Alba,Școala Gimnazială Sânmiclăuș,5.48,5.83,4.56,7
2026,Alba,Școala Gimnazială Drăsov,5.46,5.97,4.95,22
2026,Alba,"Liceul Tehnologic „Dorin Pavel”, Alba Iulia",5.37,6.55,4.2,1
2026,Alba,"Școala Gimnazială „Avram Iancu”, Unirea",5.34,5.48,5.01,17
2026,Alba,"Liceul Teoretic „Petru Maior”, Ocna Mureș",5.32,5.71,4.93,16
2026,Alba,Școala Gimnazială Ciuguzel,5.31,6.37,4.25,3
2026,Alba,Școala Gimnazială Ciuruleasa,5.24,5.36,5.13,4
2026,Alba,"Școala Gimnazială „Ion Agârbiceanu”, Bucium",5.2,5.48,4.93,6
2026,Alba,"Școala Gimnazială „Simion Lazăr”, Lunca Mureșului",5.18,5.49,4.61,30
2026,Alba,Școala Gimnazială Meteș,5.15,5.34,4.98,7
2026,Alba,"Școala Gimnazială „Ion Pop Reteganul”, Sâncel",5.15,5.74,4.56,11
2026,Alba,"Școala Gimnazială, Pianu de Sus",5.14,5.93,4.35,6
2026,Alba,"Școala Gimnazială „Simion Bărnuțiu”, Tiur, Blaj",5.07,4.98,5.17,8
2026,Alba,"Școala Gimnazială „Iosif Sârbu”, Sibot",4.98,4.98,4.98,2
2026,Alba,"Școala Gimnazială „Ion Bianu”, Valea Lungă",4.88,5.46,4.3,27
2026,Alba,Școala Gimnazială Loman,4.87,4.46,5.29,9
2026,Alba,Școala Gimnazială Ghețar,4.81,4.96,4.66,6
2026,Alba,"Școala Gimnazială, Roșia de Secaș",4.75,5.46,4.04,8
2026,Alba,Școala Gimnazială Balcaciu,4.69,4.47,4.92,5
2026,Alba,"Școala Gimnazială, Crăciunelu de Jos",4.67,4.76,4.59,11
2026,Alba,"Școala Gimnazială „Ioan de Hunedoara”, Sântimbru",4.66,4.14,5.19,4
2026,Alba,Școala Gimnazială Scărișoara,4.63,4.21,5.06,6
2026,Alba,"Școala Gimnazială „Sava Albescu”, Feneș",4.63,5.1,4.16,5
2026,Alba,"Școala Gimnazială, Călnic",4.59,4.72,4.47,15
2026,Alba,Școala Gimnazială Noslac,4.59,5.2,3.99,9
2026,Alba,"Școala Gimnazială „Ioan Maiorescu”, Bucerdea Grânoasă",4.59,4.93,4.26,22
2026,Alba,"Școala Gimnazială „Ștefan cel Mare”, Cetatea de Bâlta",4.59,4.57,4.65,14
2026,Alba,"Școala Gimnazială „Gheorghe Dancu”, Biia",4.49,4.6,4.16,14
2026,Alba,Școala Gimnazială Rachita,4.18,4.66,3.71,10
2026,Alba,"Liceul cu Program Sportiv „Florin Fleseriu”, Sebeș",4.17,4.99,3.35,14
2026,Alba,Școala Gimnazială Miraslău,4.16,4.19,3.76,5
2026,Alba,Școala Gimnazială Hoparta,3.84,3.54,4.15,7
2026,Alba,"Școala Gimnazială „Closca”, Carpinis",3.76,4.4,3.12,5
2026,Alba,"Centrul Școlar de Educație Incluzivă, Alba Iulia",3.72,3.95,3.5,1
2026,Alba,"Școala Gimnazială „Gheorghe Maier”, Unirea",3.71,3.89,3.52,13
2026,Alba,"Școala Gimnazială „Petru Pavel Aaron”, Blaj",3.56,3.4,3.72,15
2026,Alba,"Școala Gimnazială „Liviu Rebreanu”, Aiud",3.32,3.27,3.38,12
2026,Alba,"Școala Gimnazială „Demetriu Radu”, Rădești",3.14,3.41,2.88,4
2026,Alba,Școala Gimnazială Veseus,3.02,3.02,3.33,11
2026,Alba,Școala Gimnazială Ohaba,2.94,2.88,3.0,2
2026,Arad,"Colegiul Național „Moise Nicoară”, Arad",8.68,8.63,8.74,89
2026,Arad,"Colegiul Național „Preparandia-Dimitrie Țichindeal”, Arad",8.15,8.34,7.97,96
2026,Arad,Liceul Teoretic „Sfântul Ierarh Nicolae” Arad,8.07,8.22,7.94,15
2026,Arad,Școala Gimnazială Hălmăgel,7.95,8.4,7.5,2
2026,Arad,"Liceul Teologic Baptist „Alexa Popovici”, Arad",7.89,8.02,7.78,106
2026,Arad,"Colegiul Național „Vasile Goldiș”, Arad",7.87,8.07,7.68,99
2026,Arad,Liceul Național de Informatică Arad,7.81,8.03,7.58,118
2026,Arad,Școala Gimnazială Cărand,7.71,8.15,7.27,13
2026,Arad,"Liceul Teoretic „Mihai Veliciu”, Chișineu-Criș",7.22,7.26,7.19,32
2026,Arad,"Colegiul „Csiky Gergely”, Arad",7.14,7.12,6.09,35
2026,Arad,"Școala Gimnazială „Virgil Iovănaș”, Șofronea",7.13,7.16,7.11,14
2026,Arad,Școala Gimnazială Hășmaș,7.13,7.63,6.63,3
2026,Arad,"Școala Gimnazială „Aurel Vlaicu”, Arad",7.06,7.38,6.69,84
2026,Arad,"Colegiul Național „Elena Ghiba Birta”, Arad",7.02,7.15,6.89,44
2026,Arad,"Școala Gimnazială „Aron Cotruș”, Arad",6.98,7.13,6.84,59
2026,Arad,Liceul Teoretic Sebiș,6.95,7.34,6.57,48
2026,Arad,"Școala Gimnazială „Avram Iancu”, Arad",6.93,7.04,6.83,67
2026,Arad,"Școala Gimnazială „Caius Iacob”, Arad",6.93,7.19,6.67,80
2026,Arad,"Colegiul „Mihai Viteazul”, Ineu",6.78,7.05,6.51,74
2026,Arad,"Liceul Tehnologic „Ion Creangă”, Curtici",6.77,6.91,6.64,39
2026,Arad,"Liceul Teoretic „Adam Müller Guttenbrunn”, Arad",6.74,7.0,6.4,102
2026,Arad,Școala Gimnazială Vladimirescu,6.68,7.2,6.17,36
2026,Arad,"Școala Gimnazială „Emil Monția”, Șicula",6.67,7.22,6.13,9
2026,Arad,"Școala Gimnazială „Dr. Ioan Danicico”, Semlac",6.62,6.96,6.28,22
2026,Arad,Școala Gimnazială „Horia”,6.55,6.61,6.49,10
2026,Arad,"Școala Gimnazială „Móra Ferenc”, Zimandu Nou",6.54,6.53,5.2,4
2026,Arad,Școala Gimnazială Moroda,6.49,6.46,6.53,16
2026,Arad,Școala Gimnazială Livada,6.47,6.94,5.99,22
2026,Arad,"Școala Gimnazială „Adam Muller Guttenbrunn”, Zăbrani",6.41,6.81,6.01,14
2026,Arad,"Școala Gimnazială „Gabriel Brola”, Buteni",6.33,6.6,6.07,17
2026,Arad,"Școala Gimnazială „Gheorghe Groza”, Moneasa",6.32,6.75,5.9,1
2026,Arad,"Școala Gimnazială „Mihai Eminescu”, Arad",6.25,6.65,5.81,46
2026,Arad,"Colegiul de Arte „Sabin Drăgoi”, Arad",6.23,6.67,5.8,76
2026,Arad,Școala Gimnazială Pleșcuța,6.22,6.62,5.82,9
2026,Arad,"Școala Gimnazială „Adam Nicolae”, Arad",6.14,6.67,5.62,13
2026,Arad,"Școala Gimnazială „Nicolae Bălcescu”, Arad",6.14,6.5,5.78,41
2026,Arad,Școala Gimnazială Iacobini,6.13,6.38,5.88,9
2026,Arad,"Liceul „Atanasie Marienescu”, Lipova",6.12,6.5,5.75,55
2026,Arad,Liceul Tehnologic de Științe Aplicate Arad,6.09,6.81,5.39,43
2026,Arad,Liceul Teologic Penticostal Arad,6.06,5.93,6.2,22
2026,Arad,Liceul Tehnologic „Regina Maria” Arad,6.06,6.47,5.65,44
2026,Arad,Școala Gimnazială Zădăreni,6.04,6.29,5.78,19
2026,Arad,"Școala Gimnazială „Ioan Slavici”, Șiria",6.01,6.44,5.58,12
2026,Arad,"Școala Gimnazială „Titus Popovici”, Mișca",6.01,5.62,6.4,9
2026,Arad,"Școala Gimnazială „Gheorghe Popovici”, Apateu",5.94,6.52,5.36,19
2026,Arad,Școala Gimnazială Bârsa,5.94,6.43,5.45,14
2026,Arad,Școala Gimnazială Craiva,5.92,6.9,4.94,17
2026,Arad,"Liceul Teoretic „Jozef Gregor Tajovský”, Nădlac",5.91,6.37,5.21,45
2026,Arad,"Școala Gimnazială „Nicolae Horga Popovici”, Seleuș",5.9,5.97,5.82,17
2026,Arad,"Liceul Tehnologic „Vasile Juncu”, Miniș",5.89,6.81,4.98,14
2026,Arad,"Școala Gimnazială, Vârfurile",5.86,5.54,6.18,8
2026,Arad,Școala Gimnazială Groșeni,5.78,6.62,4.95,3
2026,Arad,"Școala Gimnazială, Chesinț",5.77,6.39,5.15,18
2026,Arad,Școala Gimnazială Nădab,5.74,5.79,5.7,13
2026,Arad,"Școala Gimnazială, Frumușeni",5.74,5.62,5.86,12
2026,Arad,"Școala Gimnazială „Mihai Veliciu”, Sepreuș",5.66,5.9,5.43,19
2026,Arad,"Școala Gimnazială „Ștefan Cicio-Pop”, Conop",5.66,6.28,5.04,16
2026,Arad,"Școala Gimnazială „Vasile Pop”, Bocsig",5.64,5.71,5.57,13
2026,Arad,Școala Gimnazială Grăniceri,5.62,6.15,4.98,15
2026,Arad,"Școala Gimnazială „Corneliu Micloși”, Covăsânț",5.61,6.39,4.83,14
2026,Arad,"Școala Gimnazială „Sfânta Ana”, Sântana",5.59,6.09,5.07,36
2026,Arad,"Școala Gimnazială „Pater Godo Mihaly”, Dorobanți",5.59,5.16,4.82,13
2026,Arad,Școala Gimnazială Drauț,5.58,5.86,5.31,10
2026,Arad,Școala Gimnazială Măderat,5.57,6.24,4.91,13
2026,Arad,"Școala Gimnazială „Sabin Drăgoi”, Petriș",5.56,5.52,5.61,8
2026,Arad,"Școala Gimnazială „Cristian Herbei”, Vărădia de Mureș",5.56,5.67,5.45,9
2026,Arad,Liceul Teoretic Pâncota,5.55,5.68,5.42,49
2026,Arad,"Școala Gimnazială „Iosif Moldovan”, Arad",5.55,5.73,5.37,35
2026,Arad,"Școala Gimnazială „Sabin Manuilă”, Sîmbăteni",5.54,5.87,5.22,11
2026,Arad,"Liceul „Sever Bocu”, Lipova",5.54,5.72,5.36,28
2026,Arad,"Școala Gimnazială „Lazăr Tâmpa”, Almaș",5.53,5.98,5.09,18
2026,Arad,Școala Gimnazială Galșa,5.53,5.58,5.48,26
2026,Arad,"Școala Gimnazială „Iustin Marșieu”, Socodor",5.51,5.61,5.41,15
2026,Arad,"Școala Gimnazială „Tabajdi Karoly”, Zerind",5.46,4.45,4.57,11
2026,Arad,"Școala Gimnazială „Andrei Șaguna”, Andrei Șaguna",5.45,5.77,5.13,13
2026,Arad,"Școala Gimnazială, Păuliș",5.38,5.45,5.31,20
2026,Arad,"Școala Gimnazială „Pavel Covaci”, Macea",5.38,5.96,4.8,32
2026,Arad,Liceul Teoretic Cermei,5.37,5.67,5.07,14
2026,Arad,"Liceul Tehnologic „Regele Mihai I”, Săvârșin",5.37,5.81,4.93,28
2026,Arad,Școala Gimnazială Chereluș,5.33,5.78,4.89,5
2026,Arad,Școala Gimnazială Mailat,5.32,5.1,3.63,5
2026,Arad,Liceul Tehnologic Vinga,5.32,5.28,5.35,23
2026,Arad,"Liceul „Ioan Buteanu”, Gurahonț",5.31,5.49,5.08,33
2026,Arad,"Școala Gimnazială „Patrichie Popescu”, Bata",5.3,5.64,4.98,10
2026,Arad,Școala Gimnazială Bârzava,5.3,6.0,4.6,16
2026,Arad,"Școala Gimnazială „Frații Neuman”, Arad",5.29,5.65,4.93,13
2026,Arad,Școala Gimnazială Târnova,5.26,5.83,4.69,22
2026,Arad,"Școala Gimnazială „Ștefan Bozian”, Șeitin",5.23,5.59,4.88,20
2026,Arad,Școala Gimnazială Fântânele,5.22,5.84,4.6,20
2026,Arad,Școala Gimnazială Gurba,5.21,5.72,4.7,11
2026,Arad,Școala Gimnazială Șimand,5.17,5.89,4.45,28
2026,Arad,"Școala Gimnazială Nr. 2, Pecica",5.16,5.38,4.35,35
2026,Arad,Școala Gimnazială Cintei,5.15,5.24,5.07,15
2026,Arad,Școala Gimnazială Iratoșu,5.1,5.8,4.41,16
2026,Arad,Liceul Tehnologic „Emil Craciun Lazureanu” Beliu,5.09,5.62,4.57,22
2026,Arad,"Liceul Teoretic „Gheorghe Lazăr”, Pecica",5.09,5.42,4.7,44
2026,Arad,"Școala Gimnazială, Secusigiu",5.09,5.35,4.83,35
2026,Arad,"Liceul Tehnologic „Moga Voievod”, Hălmagiu",5.09,5.32,4.86,9
2026,Arad,Școala Gimnazială Olari,5.05,5.44,4.65,12
2026,Arad,"Școala Gimnazială „Ștefan Augustin Doinaș”, Caporal Alexa",5.04,5.75,4.33,15
2026,Arad,Școala Gimnazială Țipar,5.0,4.84,5.16,12
2026,Arad,Școala Gimnazială Șagu,4.92,5.34,4.51,18
2026,Arad,"Școala Gimnazială „Olosz Lajos”, Adea",4.9,4.05,4.56,8
2026,Arad,"Școala Gimnazială, Peregu Mare",4.88,5.36,4.4,11
2026,Arad,Școala Gimnazială Sântana,4.87,5.55,4.2,23
2026,Arad,"Școala Gimnazială „Romul Moțorca”, Agrișu Mare",4.8,5.35,4.26,20
2026,Arad,Școala Gimnazială Șilindia,4.77,5.68,3.88,5
2026,Arad,"Școala Gimnazială, Tauț",4.74,4.7,4.78,7
2026,Arad,"Școala Gimnazială „Petru Bărdan”, Chier",4.71,4.41,5.02,10
2026,Arad,Liceul cu Program Sportiv Arad,4.7,4.91,4.49,19
2026,Arad,"Școala Gimnazială „Aurel Sebeșan”, Felnac",4.67,4.94,4.41,17
2026,Arad,Școala Gimnazială Dieci,4.65,4.96,4.34,9
2026,Arad,"Liceul Tehnologic „Sava Brancovici”, Ineu",4.49,5.01,3.98,17
2026,Arad,"Școala Gimnazială, Sintea Mare",4.46,4.03,4.9,5
2026,Arad,"Școala Gimnazială „Alexandru Mocioni”, Birchiș",4.44,4.19,4.69,6
2026,Arad,Școala Gimnazială Sânmartin,4.42,4.86,3.99,18
2026,Arad,"Școala Gimnazială „Teodor Păcățian”, Ususău",4.19,4.33,4.05,11
2026,Arad,"Școala Gimnazială „Simonyi Imre”, Satu Nou",4.13,3.75,4.14,5
2026,Arad,Școala Gimnazială Zărand,4.09,4.08,4.1,10
2026,Arad,Școala Gimnazială Vânători,3.89,2.84,4.88,18
2026,Arad,"Liceul Tehnologic „Francisc Neuman”, Arad",3.78,4.02,3.56,10
2026,Arad,Școala Gimnazială Pilu,3.73,4.07,3.4,14
2026,Arad,Școala Gimnazială Fiscut,3.7,3.93,3.28,14
2026,Arad,"Școala Gimnazială „Ilarion Felea”, Arad",3.49,3.46,3.52,7
2026,Arad,"Școala Gimnazială Sanpetru, German",3.47,3.37,3.4,10
2026,Arad,Școala Gimnazială Mănăștur,3.27,3.2,3.34,11
2026,Arad,"Școala Gimnazială Pădureni, Chișineu Criș",3.26,2.69,3.11,11
2026,Arad,"Școala Gimnazială, Chisindia",3.25,3.38,3.13,4
2026,Arad,"Școala Gimnazială Nr. 2, Curtici",3.13,3.03,3.59,17
2026,Arad,"Școala Gimnazială, Dezna",2.92,2.85,3.0,1
2026,Arad,"Liceul Special „Sfânta Maria”, Arad",2.45,2.19,2.79,20
2026,Argeș,"Colegiul Național „Ion C. Brătianu”, Pitești",9.38,9.39,9.37,30
2026,Argeș,"Liceul Teoretic „Ion Mihalache”, Topoloveni",9.06,9.36,8.75,26
2026,Argeș,"Colegiul Național „Zinca Golescu”, Pitești",9.04,9.05,9.03,29
2026,Argeș,"Colegiul Național „Dinicu Golescu”, Câmpulung",8.56,8.54,8.59,28
2026,Argeș,"Școala Gimnazială Nr. 2, Pitești",8.48,8.47,8.5,39
2026,Argeș,"Școala Gimnazială „Traian”, Pitești",8.42,8.55,8.3,82
2026,Argeș,"Școala Gimnazială „Nicolae Iorga”, Pitești",8.41,8.43,8.41,57
2026,Argeș,"Școala Gimnazială „Mihai Eminescu”, Pitești",8.25,8.48,8.03,160
2026,Argeș,"Școala Gimnazială „Matei Basarab”, Pitești",8.24,8.55,7.93,168
2026,Argeș,"Școala Gimnazială „Ion Pillat”, Pitești",8.22,8.35,8.11,88
2026,Argeș,"Școala Gimnazială „Lexford Castel”, Pitești",8.2,8.27,8.14,9
2026,Argeș,"Școala Gimnazială „Alexandru Davila”, Pitești",8.09,8.16,8.04,136
2026,Argeș,"Școala Gimnazială „Tudor Vladimirescu”, Pitești",8.08,7.99,8.18,86
2026,Argeș,"Școala Gimnazială „Carol I”, Curtea de Argeș",8.04,8.25,7.84,57
2026,Argeș,"Școala Gimnazială „Sfântul Iacob”, Câmpulung",8.03,8.36,7.57,34
2026,Argeș,"Școala Gimnazială „Mircea cel Bătrân”, Curtea de Argeș",8.01,8.18,7.85,49
2026,Argeș,"Școala Gimnazială „Mircea cel Bătrân”, Pitești",7.9,8.0,7.81,162
2026,Argeș,"Școala Gimnazială „Oprea Iorgulescu”, Câmpulung",7.83,8.39,7.27,44
2026,Argeș,"Școala Gimnazială „Marin Preda”, Pitești",7.81,8.14,7.49,57
2026,Argeș,"Școala Gimnazială Nr. 1, Ciofrângeni",7.79,7.77,7.82,17
2026,Argeș,"Școala Gimnazială „Radu Șerban”, Sălătrucu",7.78,7.99,7.56,17
2026,Argeș,Școala Gimnazială Mușătești,7.6,8.1,7.11,21
2026,Argeș,"Școala Gimnazială de Excelență „Sfânta Muceniță Filoteea”, Pitești",7.55,7.95,7.15,5
2026,Argeș,"Școala Gimnazială „I.L. Caragiale”, Pitești",7.5,7.84,7.17,74
2026,Argeș,"Școala Gimnazială „Mircea Eliade”, Pitești",7.46,7.79,7.14,63
2026,Argeș,Școala Gimnazială Gălășești,7.45,7.43,7.47,13
2026,Argeș,"Școala Gimnazială Nr. 1, Valea Danului",7.44,7.51,7.38,19
2026,Argeș,"Școala Gimnazială „Virgil Calotescu”, Bascov",7.42,7.58,7.26,55
2026,Argeș,"Școala Gimnazială „Regina Maria”, Curtea de Argeș",7.38,7.55,7.21,41
2026,Argeș,"Școala Gimnazială „Nanu Muscel”, Câmpulung",7.37,7.7,7.05,69
2026,Argeș,"Școala Gimnazială „Nicolae Bălcescu”, Pitești",7.36,7.44,7.28,39
2026,Argeș,"Școala Gimnazială „Basarab I”, Curtea de Argeș",7.36,7.64,7.07,52
2026,Argeș,"Școala Gimnazială „George Topîrceanu”, Mioveni",7.36,7.6,7.11,64
2026,Argeș,"Școala Gimnazială Nr. 1, Pitești",7.35,7.49,7.21,22
2026,Argeș,Școala Gimnazială Bârsești,7.32,8.65,6.0,12
2026,Argeș,"Colegiul Național Pedagogic „Carol I”, Câmpulung",7.32,7.7,6.94,54
2026,Argeș,"Școala Gimnazială „Adrian Păunescu”, Pitești",7.32,7.4,7.24,90
2026,Argeș,Școala Gimnazială Vrănești,7.28,6.99,7.58,9
2026,Argeș,"Școala Gimnazială „Ion Minulescu”, Pitești",7.28,7.37,7.2,83
2026,Argeș,"Liceul de Arte „Dinu Lipatti”, Pitești",7.27,7.55,7.01,50
2026,Argeș,"Școala Gimnazială, Calotești",7.2,7.38,7.02,12
2026,Argeș,"Școala Gimnazială „Tudor Arghezi”, Pitești",7.19,7.35,7.03,39
2026,Argeș,"Liceul Teoretic „Iulia Zamfirescu”, Mioveni",7.18,7.58,6.8,100
2026,Argeș,"Școala Gimnazială, Cicănești",7.11,7.41,6.81,16
2026,Argeș,"Școala Gimnazială „Marin Braniște”, Suseni",7.1,7.52,6.68,24
2026,Argeș,Școala Gimnazială Dîrmănești,7.1,7.35,6.85,15
2026,Argeș,"Școala Gimnazială „Nae A. Ghica”, Rucăr",7.08,7.34,6.83,35
2026,Argeș,"Școala Gimnazială „Liviu Rebreanu”, Mioveni",6.96,7.38,6.55,90
2026,Argeș,Școala Gimnazială Bălilești,6.94,7.45,6.44,12
2026,Argeș,"Școala Gimnazială Nr. 1, Corbeni",6.94,7.28,6.61,20
2026,Argeș,"Școala Gimnazială „Armand Călinescu”, Curtea de Argeș",6.94,6.82,7.06,30
2026,Argeș,"Școala Gimnazială Nr. 1, Costești",6.93,7.05,6.77,63
2026,Argeș,"Școala Gimnazială „Toma Brătianu”, Șuici",6.91,7.19,6.64,14
2026,Argeș,"Școala Gimnazială „Nicolae Simonide”, Pitești",6.91,6.96,6.86,37
2026,Argeș,Școala Gimnazială Cotmeana,6.91,6.88,6.94,5
2026,Argeș,"Școala Gimnazială „Radu cel Mare”, Bogați",6.9,6.97,6.83,20
2026,Argeș,"Școala Gimnazială Nr. 1, Stoenești",6.89,6.9,6.89,23
2026,Argeș,"Școala Gimnazială Nr. 1, Schitu Golești",6.89,7.51,6.28,15
2026,Argeș,"Școala Gimnazială „Ilie Stoenescu”, Boțești",6.87,7.27,6.48,7
2026,Argeș,"Școala Gimnazială, Galeșu",6.75,7.01,6.49,12
2026,Argeș,"Școala Gimnazială „Iordache Păcescu”, Coșești",6.72,6.91,6.55,24
2026,Argeș,Liceul Tehnologic Topoloveni,6.69,6.98,6.41,84
2026,Argeș,Școala Gimnazială Băiculești,6.65,7.11,6.19,20
2026,Argeș,Școala Gimnazială Călinești-Vale,6.64,6.93,6.35,27
2026,Argeș,"Școala Gimnazială „Sanda Movilă”, Albota",6.63,6.84,6.43,20
2026,Argeș,"Școala Gimnazială „Ștefan cel Mare”, Ștefan cel Mare",6.63,6.87,6.39,18
2026,Argeș,"Școala Gimnazială „George Stephănescu”, Arefu",6.59,7.08,6.11,13
2026,Argeș,"Școala Gimnazială „Petre Badea”, Negrași",6.56,6.63,6.48,7
2026,Argeș,"Școala Gimnazială „I.C. Lăzărescu”, Țițești",6.54,7.08,6.0,7
2026,Argeș,"Liceul cu Program Sportiv „Viitorul”, Pitești",6.49,6.66,6.33,29
2026,Argeș,"Școala Gimnazială „Petre Țuțea”, Boteni",6.48,6.82,6.14,13
2026,Argeș,"Școala Gimnazială „George Marinescu”, Drăganu",6.47,6.86,6.08,11
2026,Argeș,ȘCOALA GIMNAZIALĂ TUTANA,6.45,6.68,6.23,16
2026,Argeș,"Școala Gimnazială „Constantin Rădulescu Codin”, Priboieni",6.42,6.8,6.03,33
2026,Argeș,Școala Gimnazială Păduroiu,6.39,6.42,6.38,18
2026,Argeș,"Școala Gimnazială „Dumitru Udrescu”, Săpata",6.39,6.46,6.33,8
2026,Argeș,"Școala Gimnazială „Naum Râmniceanu”, Corbi",6.38,6.83,5.93,22
2026,Argeș,Școala Gimnazială Beleți-Negrești,6.33,6.59,6.08,16
2026,Argeș,Școala Gimnazială Poienița,6.31,6.29,6.33,13
2026,Argeș,Școala Gimnazială Dobrești,6.25,6.46,6.04,8
2026,Argeș,"Școala Gimnazială „Negru Vodă”, Pitești",6.22,6.25,6.12,55
2026,Argeș,Liceul Tehnologic nr. 1 Mărăcineni,6.2,6.6,5.8,16
2026,Argeș,"Școala Gimnazială „Nicolae Crețulescu”, Leordeni",6.18,6.86,5.51,18
2026,Argeș,"Școala Gimnazială, Davidești",6.18,5.76,6.61,6
2026,Argeș,"Școala Gimnazială „Petre Tudose”, Mălureni",6.16,6.52,5.81,27
2026,Argeș,"Școala Gimnazială, Purcăreni",6.14,6.5,5.78,15
2026,Argeș,"Liceul Tehnologic „Victor Slăvescu”, Rucăr",6.13,6.31,5.96,17
2026,Argeș,"Școala Gimnazială „Toma Arnăuțoiu”, Nucșoara",6.12,6.25,6.0,13
2026,Argeș,Școala Gimnazială Broșteni-Aninoasa,6.09,6.37,5.81,11
2026,Argeș,"Școala Gimnazială, Conțești",6.08,6.62,5.55,12
2026,Argeș,"Liceul Tehnologic „Petre Ionescu Muscel”, Domnești",6.07,6.52,5.63,17
2026,Argeș,"Școala Gimnazială „Nicolae Velea”, Cepari",6.06,5.99,6.13,14
2026,Argeș,"Școala Gimnazială „Constantin Brâncoveanu”, Slobozia",6.01,6.25,5.78,36
2026,Argeș,"Școala Gimnazială Nr. 1, Poiana Lacului",6.0,6.27,5.73,15
2026,Argeș,"Școala Gimnazială Nr. 1, Pietroșani",6.0,6.36,5.63,15
2026,Argeș,"Școala Gimnazială „Gheorghe Mocanu”, Rociu",5.96,5.8,6.12,6
2026,Argeș,Școala Gimnazială Sămara,5.91,6.03,5.79,11
2026,Argeș,"Școala Gimnazială „Profesor Doctor Vasile Vasilescu”, Oești",5.9,6.29,5.51,9
2026,Argeș,"Școala Gimnazială, Albeștii de Argeș",5.88,6.41,5.36,25
2026,Argeș,Liceul Tehnologic „I.C. Petrescu” Stîlpeni,5.88,6.0,5.75,25
2026,Argeș,"Școala Gimnazială Nr. 1, Poienarii de Argeș",5.87,6.41,5.33,4
2026,Argeș,Școala Gimnazială Morărești,5.86,6.0,5.73,8
2026,Argeș,"Școala Gimnazială Nr. 1, Vlădești",5.83,5.87,5.65,32
2026,Argeș,"Școala Gimnazială Nr. 1, Vulturești",5.8,6.21,5.39,11
2026,Argeș,"Școala Gimnazială „Mihai Eminescu”, Bradu",5.78,5.68,5.89,18
2026,Argeș,Școala Gimnazială Cotești-Godeni,5.78,6.19,5.37,13
2026,Argeș,"Școala Gimnazială „Theodor Aman”, Câmpulung",5.76,6.57,4.95,18
2026,Argeș,"Școala Gimnazială Nr. 1, Poienarii de Muscel",5.76,5.95,5.56,15
2026,Argeș,"Școala Gimnazială „Vintilă Brătianu”, Ștefănești",5.76,5.89,5.62,32
2026,Argeș,Școala Gimnazială Căteasca,5.71,6.27,5.16,33
2026,Argeș,Școala Gimnazială Lăzărești,5.7,6.47,4.93,8
2026,Argeș,"Școala Gimnazială „Gabriel Marinescu”, Tigveni",5.69,6.24,5.14,14
2026,Argeș,"Școala Gimnazială Nr. 1, Bughea de Jos",5.69,5.5,5.66,26
2026,Argeș,"Școala Gimnazială Nr. 1, Ștefănești",5.68,5.82,5.54,21
2026,Argeș,"Școala Gimnazială „General Constantin Cristescu”, Lunca Corbului",5.62,5.8,5.44,16
2026,Argeș,"Școala Gimnazială „Sf. Apostol Andrei”, Curtea de Argeș",5.58,5.59,5.58,17
2026,Argeș,Liceul Tehnologic Vedea,5.56,5.49,5.63,26
2026,Argeș,"Școala Gimnazială „Constantin Bălăceanu-Stolnici”, Stolnici",5.54,5.73,5.34,18
2026,Argeș,"Școala Gimnazială „Mircea Ghițulescu”, Cuca",5.5,6.07,4.94,13
2026,Argeș,"Școala Gimnazială Prof. Emil Negoiță, Miroși",5.49,5.79,5.19,9
2026,Argeș,"Școala Gimnazială Nr. 1, Valea Iașului",5.45,5.49,5.43,4
2026,Argeș,Școala Gimnazială Retevoiești,5.45,5.56,5.34,11
2026,Argeș,"Școala Gimnazială Nr. 1, Micești",5.41,5.38,5.44,39
2026,Argeș,"Școala Gimnazială Nr. 1, Mioarele",5.41,5.65,5.17,3
2026,Argeș,Școala Gimnazială Bădești,5.35,5.6,5.1,14
2026,Argeș,"Școala Gimnazială Nr. 1, Lerești",5.34,5.3,5.39,12
2026,Argeș,Școala Gimnazială Rîncăciov,5.33,5.32,5.35,15
2026,Argeș,"Școala Gimnazială „Tudor Mușatescu”, Pitești",5.28,5.37,5.21,37
2026,Argeș,"Școala Gimnazială Nr. 1, Mioveni",5.25,5.75,4.76,17
2026,Argeș,"Școala Gimnazială „D. Rădulescu”, Oarja",5.24,4.95,5.55,13
2026,Argeș,Școala Gimnazială Moșoaia,5.22,5.7,4.73,6
2026,Argeș,"Școala Gimnazială „Iosif Catrinescu”, Dragoslavele",5.19,5.5,4.89,25
2026,Argeș,"Școala Gimnazială „Elena Davila Perticari”, Izvoru",5.18,5.42,4.95,12
2026,Argeș,"Școala Gimnazială „Ion Iorgulescu”, Mihăești",5.16,5.07,5.26,31
2026,Argeș,Școala Gimnazială Vulpești,5.16,4.95,5.37,17
2026,Argeș,"Școala Gimnazială „Constantin Brâncoveanu”, Ștefănești",5.15,5.49,4.82,16
2026,Argeș,"Școala Gimnazială „C.D. Aricescu”, Câmpulung",5.12,5.8,4.44,14
2026,Argeș,Centrul Școlar de Educație Incluzivă „Sfânta Marina” Curtea de Argeș,5.11,5.63,4.6,4
2026,Argeș,Școala Gimnazială Prof. Ionescu Stelian Șerboeni,5.07,5.81,4.35,19
2026,Argeș,Școala Gimnazială Băbana,5.01,5.41,4.61,17
2026,Argeș,Școala Gimnazială Mozăceni-Vale,5.0,5.22,4.79,18
2026,Argeș,"Școala Gimnazială Nr. 1, Albeștii de Muscel",4.88,5.28,4.48,6
2026,Argeș,"Școala Gimnazială, Valea Popii",4.87,4.91,4.85,11
2026,Argeș,"Școala Gimnazială „Mihai Tican Rumano”, Berevoești",4.8,4.97,4.56,32
2026,Argeș,"Școala Gimnazială Nr. 1, Valea Mare-Pravăț",4.72,5.42,4.03,15
2026,Argeș,Școala Gimnazială Podu-Dâmboviței,4.72,6.25,3.2,1
2026,Argeș,Liceul cu Program Sportiv Câmpulung,4.71,5.25,4.17,20
2026,Argeș,"Școala Gimnazială, Merișani",4.67,4.95,4.21,19
2026,Argeș,"Școala Gimnazială Nr. 1, Cocu",4.65,5.09,4.21,8
2026,Argeș,"Școala Gimnazială, Slănic",4.57,4.73,4.41,8
2026,Argeș,Școala Gimnazială „Prof. Univ. Dr. Ion Stoia Căldăraru”,4.46,5.04,3.89,11
2026,Argeș,Școala Gimnazială Babaroaga,4.38,5.27,3.51,8
2026,Argeș,"Școala Gimnazială Nr. 1, Recea",4.37,4.49,4.26,14
2026,Argeș,Școala Gimnazială Hârsești,4.31,4.71,3.92,11
2026,Argeș,"Școala Gimnazială „Victor Țârcovnicul”, Popești",4.28,4.4,4.17,11
2026,Argeș,"Școala Gimnazială „Tudor Cornel”, Ungheni",4.27,4.55,3.99,10
2026,Argeș,"Școala Gimnazială Nr. 1, Cetățeni",4.21,4.45,3.97,21
2026,Argeș,"Școala Gimnazială Nr. 1, Hîrtiești",4.17,4.44,3.91,17
2026,Argeș,Școala Gimnazială Coșești,4.16,3.39,4.93,9
2026,Argeș,Școala Gimnazială Vâlcele,4.05,4.63,3.48,8
2026,Argeș,Școala Gimnazială Glîmbocata,3.99,4.32,3.67,6
2026,Argeș,Școala Gimnazială Brătia-Ciomăgești,3.89,3.97,3.81,6
2026,Argeș,"Școala Gimnazială „Gheorghe I.I.C. Brătianu”, Rătești",3.44,3.7,3.19,23
2026,Argeș,"Școala Gimnazială Nr. 1, Uda",3.36,3.85,2.87,3
2026,Argeș,Școala Gimnazială Bădeni,3.27,3.23,3.32,9
2026,Argeș,"Școala Gimnazială „Vladimir Streinu”, Teiu",3.24,3.12,3.37,7
2026,Argeș,Școala Gimnazială Voinești,3.12,3.36,2.89,9
2026,Argeș,"Școala Gimnazială Nr. 1, Bughea de Sus",2.89,2.68,3.11,12
2026,Argeș,"Școala Gimnazială „Radu Golescu”, Ștefănești",2.89,3.04,2.75,4
2026,Argeș,Școala Gimnazială Tufanu,2.68,2.36,3.0,14
2026,Argeș,Școala Gimnazială Nămăești,2.55,2.29,2.81,13
2026,Bacău,"Colegiul Național „Gheorghe Vrânceanu”, Bacău",9.16,9.16,9.17,29
2026,Bacău,"Colegiul Național „Dimitrie Cantemir”, Onești",9.01,8.96,9.07,29
2026,Bacău,"Colegiul Național „Vasile Alecsandri”, Bacău",8.99,9.06,8.93,27
2026,Bacău,"Colegiul Național „Ferdinand I”, Bacău",8.68,8.72,8.64,59
2026,Bacău,"Școala Gimnazială Nr. 10, Bacău",8.42,8.6,8.25,117
2026,Bacău,"Școala Gimnazială „Nicolae Iorga”, Bacău",8.42,8.51,8.34,75
2026,Bacău,"Școala Gimnazială „Alexandru Ioan Cuza”, Bacău",8.18,8.35,8.02,124
2026,Bacău,"Școala Gimnazială „Spiru Haret”, Bacău",8.18,8.33,8.04,77
2026,Bacău,"Colegiul Național „Costache Negri”, Târgu Ocna",8.17,8.42,7.93,22
2026,Bacău,"Colegiul „N.V. Karpen”, Bacău",8.02,8.13,7.91,28
2026,Bacău,"Școala Gimnazială „Mihai Drăgan”, Bacău",7.91,8.12,7.7,171
2026,Bacău,"Școala Gimnazială „Liviu Rebreanu”, Comănești",7.79,8.39,7.2,46
2026,Bacău,"Școala Gimnazială „Ion Creangă”, Bacău",7.77,7.93,7.61,65
2026,Bacău,"Școala Gimnazială „Miron Costin”, Bacău",7.76,7.98,7.54,128
2026,Bacău,"Școala Gimnazială „Ghiță Mocanu”, Onești",7.69,7.89,7.51,56
2026,Bacău,"Școala Gimnazială Nr. 1, Onești",7.66,7.72,7.6,42
2026,Bacău,"Școala Gimnazială „Ștefan Luchian”, Moinești",7.61,7.71,7.51,81
2026,Bacău,"Școala Gimnazială „Dr. Alexandru Șafran”, Bacău",7.41,7.61,7.22,53
2026,Bacău,Școala Gimnazială Brătești,7.4,7.0,7.8,2
2026,Bacău,Școala Gimnazială „Elias”,7.38,8.45,6.32,3
2026,Bacău,"Școala Gimnazială Nr. 1, Scurta",7.38,7.73,7.03,21
2026,Bacău,"Școala Gimnazială „Alexandru cel Bun”, Bacău",7.35,7.73,6.96,31
2026,Bacău,"Școala Gimnazială „Ion Luca”, Bacău",7.29,7.07,7.51,13
2026,Bacău,"Școala Gimnazială Nr. 1, Sărata",7.27,7.13,7.42,16
2026,Bacău,"Colegiul Național Pedagogic „Ștefan cel Mare”, Bacău",7.26,7.75,6.78,78
2026,Bacău,Școala Gimnazială Traian,7.21,7.21,7.21,18
2026,Bacău,"Colegiul Național de Artă „George Apostu”, Bacău",7.2,7.71,6.69,65
2026,Bacău,"Școala Gimnazială „Constantin Platon”, Bacău",7.19,7.21,7.18,24
2026,Bacău,Școala Gimnazială Letea Veche,7.19,7.01,7.38,10
2026,Bacău,Școala Gimnazială Chetriș,7.18,7.36,7.01,11
2026,Bacău,"Școala Gimnazială Nr. 1, Orbeni",7.14,7.22,7.06,9
2026,Bacău,"Școala Gimnazială „Mihail Sadoveanu”, Bacău",7.1,6.97,7.23,52
2026,Bacău,"Școala Gimnazială Nr. 2, Cleja",7.1,7.44,6.77,10
2026,Bacău,"Școala Gimnazială „Sfântul Voievod Ștefan cel Mare”, Onești",7.09,7.45,6.72,53
2026,Bacău,"Școala Gimnazială Nr. 1, Balcani",7.08,7.1,7.06,19
2026,Bacău,"Școala Gimnazială „George Călinescu”, Onești",7.04,7.14,6.91,114
2026,Bacău,"Liceul Teoretic „Ion Borcea”, Buhuși",7.02,7.47,6.58,22
2026,Bacău,"Școala Gimnazială „Ion Strat”, Gioseni",6.99,7.18,6.81,35
2026,Bacău,"Școala Gimnazială „Mihai Eminescu”, Buhuși",6.98,7.43,6.54,43
2026,Bacău,"Școala Gimnazială „Gheorghe Avramescu”, Prăjești",6.97,7.56,6.38,7
2026,Bacău,"Școala Gimnazială Nr. 1, Sănduleni",6.96,7.35,6.57,22
2026,Bacău,"Școala Gimnazială „General Nicolae Șova”, Poduri",6.94,6.8,7.09,29
2026,Bacău,"Școala Gimnazială Nr. 2, Târgu Ocna",6.92,7.04,6.81,33
2026,Bacău,"Școala Gimnazială „Alecu Russo”, Bacău",6.88,6.75,7.03,24
2026,Bacău,"Școala Gimnazială „Dimitrie Ghica”, Comănești",6.84,7.05,6.62,25
2026,Bacău,"Școala Gimnazială „Ciprian Porumbescu”, Comănești",6.82,6.93,6.7,63
2026,Bacău,"Școala Gimnazială „Grigore Tabacaru”, Hemeiuș",6.8,7.35,6.26,13
2026,Bacău,"Școala Gimnazială „Nicolae Bălcescu”, Nicolae Bălcescu",6.79,6.89,6.69,34
2026,Bacău,"Școala Gimnazială, Poiana",6.78,7.45,6.12,10
2026,Bacău,"Liceul Tehnologic „Petru Rareș”, Bacău",6.78,6.91,6.64,13
2026,Bacău,"Școala Gimnazială „George Bacovia”, Bacău",6.76,7.16,6.37,29
2026,Bacău,"Școala Gimnazială „Tristan Tzara”, Moinești",6.75,6.84,6.65,36
2026,Bacău,"Școala Gimnazială „Emil Brăescu”, Măgura",6.73,7.03,6.44,21
2026,Bacău,"Școala Gimnazială, Dragugești",6.66,7.16,6.18,16
2026,Bacău,"Școala Gimnazială Nr. 1, Faraoani",6.65,6.85,6.45,23
2026,Bacău,"Școala Gimnazială, Filipești",6.65,7.44,5.87,11
2026,Bacău,"Școala Gimnazială Nr. 2, Buhuși",6.64,6.87,6.42,22
2026,Bacău,"Școala Gimnazială „Ion Simionescu”, Lilieci",6.6,6.65,6.56,15
2026,Bacău,"Școala Gimnazială „Explorator Teodor Gheorghe Negoiță”, Sascut",6.57,7.06,6.09,52
2026,Bacău,"Școala Gimnazială „Învățător Neculai Pâslaru”, Cașin",6.57,6.89,5.94,17
2026,Bacău,"Școala Gimnazială „George Enescu”, Moinești",6.56,6.82,6.31,54
2026,Bacău,"Liceul Tehnologic „Alexandru Vlahuță”, Podu Turcului",6.56,7.19,5.94,34
2026,Bacău,"Școala Gimnazială „Răducanu Rosetti”, Căiuți",6.56,6.56,6.57,23
2026,Bacău,"Școala Gimnazială „Emil Racoviță”, Onești",6.56,6.75,6.37,44
2026,Bacău,Școala Gimnazială „General Eremia Grigorescu” Oituz,6.51,6.97,6.04,21
2026,Bacău,Scoala Gimnaziala Nr 1 Versesti,6.48,7.28,5.68,4
2026,Bacău,Școala Gimnazială Helegiu,6.46,6.75,6.18,11
2026,Bacău,Școala Gimnazială Solonț,6.46,6.28,6.64,21
2026,Bacău,"Școala Gimnazială Nr. 1, Târgu Ocna",6.45,6.99,5.92,44
2026,Bacău,"Școala Gimnazială „Ștefan cel Mare”, Buhuși",6.44,6.92,5.97,9
2026,Bacău,Școala Gimnazială Barați,6.4,6.91,5.89,10
2026,Bacău,Școala Gimnazială Cornii de Sus,6.39,6.87,5.92,12
2026,Bacău,"Școala Gimnazială „Mihai Eminescu”, Lespezi",6.39,6.46,6.33,16
2026,Bacău,Școala Gimnazială Frumoasa,6.36,6.36,6.35,26
2026,Bacău,"Liceul cu Program Sportiv „Nadia Comăneci”, Onești",6.35,7.09,5.62,13
2026,Bacău,Școala Gimnazială Dumbrava,6.34,6.39,6.3,14
2026,Bacău,"Școala Gimnazială, Scorțeni",6.33,6.76,5.92,17
2026,Bacău,"Școala Gimnazială „Scarlat Longhin”, Dofteana",6.3,6.83,5.77,33
2026,Bacău,Școala Gimnazială Asău,6.3,6.67,5.93,22
2026,Bacău,"Școala Gimnazială Nr. 2, Bibirești",6.28,5.88,6.69,4
2026,Bacău,Școala Gimnazială Glăvănești,6.28,6.89,5.67,12
2026,Bacău,Școala Gimnazială Corbasca,6.26,6.8,5.44,18
2026,Bacău,"Școala Gimnazială „Ștefan cel Mare”, Zemeș",6.24,6.71,5.78,18
2026,Bacău,Școala Gimnazială Măgirești,6.24,6.01,6.47,16
2026,Bacău,Școala Gimnazială Strugari,6.23,6.31,6.15,14
2026,Bacău,"Școala Gimnazială „Nicu Enea”, Bacău",6.23,6.76,5.7,16
2026,Bacău,"Școala Gimnazială, Preluci",6.22,6.73,5.72,20
2026,Bacău,"Școala Gimnazială Nr. 1, Tamași",6.22,6.19,6.25,12
2026,Bacău,"Școala Gimnazială, Berești-Tazlău",6.21,6.8,5.63,26
2026,Bacău,Școala Gimnazială Onișcani,6.21,7.2,5.22,10
2026,Bacău,"Școala Gimnazială „Constantin Popovici”, Buhoci",6.2,7.0,5.41,12
2026,Bacău,Școala Gimnazială Holt,6.2,6.08,6.33,6
2026,Bacău,Școala Gimnazială Nr 2 Mănăstirea Cașin,6.15,6.27,6.04,13
2026,Bacău,"Școala Gimnazială, Târgu Trotus",6.14,6.24,6.05,20
2026,Bacău,Școala Gimnazială Bucșești,6.12,6.36,5.88,15
2026,Bacău,"Școala Gimnazială „George Apostu”, Stănișești",6.11,6.68,5.55,15
2026,Bacău,Școala Gimnazială Răcăciuni,6.11,6.48,5.66,47
2026,Bacău,"Școala Gimnazială „Vasile Gh. Radu”, Satu Nou",6.1,6.45,5.77,18
2026,Bacău,"Școala Gimnazială „Octavian Voicu”, Bacău",6.07,6.31,5.84,26
2026,Bacău,Școala Gimnazială Oituz,6.07,6.53,5.6,37
2026,Bacău,"Școala Gimnazială Nr. 1, Apa Asău",6.06,5.96,6.17,14
2026,Bacău,Școala Gimnazială Făget,6.06,5.41,6.19,4
2026,Bacău,Școala Gimnazială Parava,6.06,6.0,6.12,16
2026,Bacău,Școala Gimnazială Deleni,6.03,6.54,5.54,13
2026,Bacău,"Școala Gimnazială Nr. 1, Ardeoani",6.03,6.34,5.72,23
2026,Bacău,"Școala Gimnazială, Secuieni",6.03,6.96,5.1,22
2026,Bacău,Școala Gimnazială „Luizi-Călugăra”,6.02,6.59,5.45,16
2026,Bacău,Școala Gimnazială Găiceana,6.02,6.5,5.54,25
2026,Bacău,"Școala Gimnazială „Vasile Borcea”, Berești-Bistrița",6.01,6.4,5.61,16
2026,Bacău,Școala Gimnazială Pustiana,5.98,6.28,5.69,8
2026,Bacău,Școala Gimnazială Temelia,5.94,6.13,5.76,4
2026,Bacău,Liceul cu Program Sportiv Bacău,5.94,6.21,5.68,15
2026,Bacău,"Școala Gimnazială Nr. 2, Slănic-Moldova",5.93,6.14,5.73,13
2026,Bacău,"Școala Gimnazială Nr. 1, Negoiești",5.89,6.09,5.69,32
2026,Bacău,"Școala Gimnazială „Gheorghe Bantaș”, Itești",5.89,6.42,5.36,10
2026,Bacău,Școala Gimnazială Cleja,5.88,6.53,5.24,24
2026,Bacău,Liceul Tehnologic Făget,5.87,6.45,5.3,20
2026,Bacău,"Școala Gimnazială „Ion Borcea”, Racova",5.86,6.28,5.45,11
2026,Bacău,Școala Gimnazială Sascut-Sat,5.86,6.47,5.24,13
2026,Bacău,Școala Gimnazială „Dealu Morii”,5.84,5.89,5.8,19
2026,Bacău,Școala Gimnazială Bogdănești,5.83,5.95,5.73,14
2026,Bacău,Școala Gimnazială Horgești,5.83,6.08,5.58,8
2026,Bacău,"Școala Gimnazială „Alexandru cel Bun”, Berzunți",5.82,6.04,5.62,24
2026,Bacău,Școala Gimnazială Bijghir,5.72,5.93,5.52,15
2026,Bacău,"Școala Gimnazială Prof. Panaite Constantin, Garleni",5.72,6.03,5.43,12
2026,Bacău,"Școala Gimnazială „Costachi S. Ciocan”, Comănești",5.7,6.36,5.05,29
2026,Bacău,Școala Gimnazială Sirețu,5.7,5.9,5.5,12
2026,Bacău,Liceul Tehnologic Dărmanești,5.69,5.7,5.7,47
2026,Bacău,Școala Gimnazială Urechești,5.67,6.16,5.19,15
2026,Bacău,"Școala Gimnazială „Alexandru Piru”, Mărgineni",5.66,6.07,5.26,20
2026,Bacău,"Școala Gimnazială Nr. 1, Tarhausi",5.64,6.16,5.12,13
2026,Bacău,"Școala Gimnazială Nr. 1, Gura Văii",5.64,6.69,4.59,13
2026,Bacău,Școala Gimnazială Coman,5.62,5.52,5.72,9
2026,Bacău,"Școala Gimnazială „Ioan Măric”, Luncani",5.61,5.72,5.51,7
2026,Bacău,"Școala Gimnazială „Regina Maria”, Mănăstirea Cașin",5.61,5.64,5.57,19
2026,Bacău,Școala Gimnazială Păncești,5.59,6.07,5.12,17
2026,Bacău,"Școala Gimnazială „Alexandru Sever”, Moinești",5.58,5.81,5.36,20
2026,Bacău,"Școala Gimnazială Nr. 2, Măgura",5.58,5.56,5.61,12
2026,Bacău,"Școala Gimnazială „Vasile Pârvan”, Huruiești",5.56,6.83,4.31,10
2026,Bacău,"Școala Gimnazială „Dani Gergely”, Ghimeș",5.51,4.29,5.3,14
2026,Bacău,Școala Gimnazială Tuta,5.5,5.59,5.41,22
2026,Bacău,Școala Gimnazială Nr. 1 „Turluianu”,5.49,6.23,4.75,18
2026,Bacău,ŞCOALA GIMNAZIALĂ NR. 1 VALEA SEACĂ,5.48,5.7,5.26,13
2026,Bacău,Școala Gimnazială Plopana,5.46,6.34,4.58,18
2026,Bacău,Școala Gimnazială Pîrjol,5.43,5.63,5.24,16
2026,Bacău,Școala Gimnazială Agăș,5.43,5.68,5.18,15
2026,Bacău,"Școala Gimnazială Nr. 1, Roșiori",5.39,5.96,4.82,24
2026,Bacău,Școala Gimnazială Petrești,5.38,5.69,5.08,10
2026,Bacău,"Școala Gimnazială „Gheorghe Nechita”, Motoșeni",5.34,5.87,4.82,12
2026,Bacău,"Școala Gimnazială „Ioniță Sandu Sturdza”, Săucești",5.29,5.66,4.93,15
2026,Bacău,"Școala Gimnazială „Poet Sergiu Adam”, Frumușelu",5.27,5.82,4.72,13
2026,Bacău,Școala Gimnazială Cucuieți,5.26,5.58,4.94,25
2026,Bacău,"Școala Gimnazială Nr. 1, Livezi",5.18,5.68,4.69,9
2026,Bacău,Școala Gimnazială Cotumba,5.15,5.83,4.48,13
2026,Bacău,Școala Gimnazială Somușca,5.13,5.31,4.96,12
2026,Bacău,"Școala Gimnazială „Mihai Eminescu”, Lipova",5.12,6.22,4.03,21
2026,Bacău,Școala Gimnazială „Învățător Vasile Huianu” Călugăreni,5.11,5.86,4.27,21
2026,Bacău,"Școala Gimnazială Nr. 2, Dărmănești",5.11,5.49,4.73,37
2026,Bacău,Școala Gimnazială Coșnea,5.09,5.83,4.35,2
2026,Bacău,"Școala Gimnazială Nr. 1, Blăgești",5.03,5.33,4.73,17
2026,Bacău,"Școala Gimnazială „Smaranda Apostoleanu”, Colonești",5.0,5.9,4.09,13
2026,Bacău,Școala Gimnazială Sohodor,4.98,5.96,4.0,16
2026,Bacău,Școala Gimnazială Slobozia Nouă,4.94,5.05,4.84,18
2026,Bacău,"Școala Gimnazială Nr. 1, Slănic-Moldova",4.94,5.54,4.34,16
2026,Bacău,"Școala Gimnazială „Ion Ionescu de la Brad”, Poiana",4.94,5.75,4.13,10
2026,Bacău,Școala Gimnazială Răcăuți,4.91,5.02,4.81,13
2026,Bacău,Școala Gimnazială Petricica,4.9,5.3,4.5,13
2026,Bacău,"Școala Gimnazială „Domnița Maria”, Bacău",4.89,5.01,4.78,24
2026,Bacău,"Școala Gimnazială „Ioana Radu Rosetti”, Brusturoasa",4.86,5.04,4.67,26
2026,Bacău,"Liceul Tehnologic „Georgeta J. Cancicov”, Parincea",4.84,4.99,4.7,18
2026,Bacău,Școala Gimnazială Răcătău,4.81,5.32,4.14,22
2026,Bacău,Școala Gimnazială Buciumi,4.72,5.05,4.14,14
2026,Bacău,Liceul Tehnologic Răchitoasa,4.7,5.67,3.74,15
2026,Bacău,"Școala Gimnazială Nr. 1, Buda",4.67,4.96,4.39,9
2026,Bacău,"Școala Gimnazială „Mihail Andrei”, Buhuși",4.66,4.65,4.68,6
2026,Bacău,Școala Gimnazială Tisa-Silvestri,4.65,5.09,4.21,18
2026,Bacău,Școala Gimnazială Filipeni,4.64,4.93,4.36,23
2026,Bacău,"Școala Gimnazială Nr. 1, Bîrsănești",4.61,5.63,3.59,9
2026,Bacău,"Școala Gimnazială Nr. 1, Slobozia",4.6,4.79,4.41,11
2026,Bacău,"Școala Gimnazială, Benesti",4.59,4.83,4.37,10
2026,Bacău,Școala Gimnazială Maloșu,4.59,4.94,4.24,13
2026,Bacău,"Școala Gimnazială, Palanca",4.54,5.3,3.8,20
2026,Bacău,Școala Gimnazială Burdușaci,4.54,5.12,3.96,16
2026,Bacău,Școala Gimnazială Oncești,4.46,5.07,3.84,14
2026,Bacău,Școala Gimnazială Larga,4.41,4.68,4.14,17
2026,Bacău,Școala Gimnazială Fântânele,4.4,4.84,3.97,5
2026,Bacău,"Școala Gimnazială „Constantin Moscu”, Izvoru Berheciului",4.32,4.86,3.78,11
2026,Bacău,"Școala Gimnazială Nr. 1, Pîncești",4.3,4.3,4.3,19
2026,Bacău,Școala Gimnazială Vladnic,4.3,4.66,3.94,8
2026,Bacău,Școala Gimnazială Spria,4.28,4.84,3.71,11
2026,Bacău,"Liceul Tehnologic „Anghel Saligny”, Bacău",4.28,4.66,3.91,9
2026,Bacău,Școala Gimnazială Specială „Maria Montessori” Bacău,4.17,3.75,4.6,1
2026,Bacău,Școala Gimnazială Vultureni,4.15,4.54,3.78,15
2026,Bacău,Școala Gimnazială Hăghiac,4.08,4.55,3.62,9
2026,Bacău,Școala Gimnazială „Gârla Anei”,3.9,3.81,3.98,10
2026,Bacău,"Școala Gimnazială Nr. 4, Comănești",3.76,4.0,3.53,11
2026,Bacău,"Școala Gimnazială „Ion Rotaru”, Valea Lui Ion",3.74,3.65,3.67,17
2026,Bacău,Școala Gimnazială Coțofănești,3.74,3.91,3.58,26
2026,Bacău,Școala Gimnazială Fundu Racaciuni,3.66,3.78,3.43,11
2026,Bacău,Școala Gimnazială Buhuși,3.65,4.25,3.05,1
2026,Bacău,Școala Gimnazială Viforeni,3.5,3.69,3.31,8
2026,Bacău,Școala Gimnazială Radoaia,3.47,3.95,3.0,2
2026,Bacău,"Școala Gimnazială Nr. 3, Dărmănești",2.52,2.31,2.58,22
2026,Bihor,"Colegiul Național „Emanuil Gojdu”, Oradea",9.22,9.13,9.32,87
2026,Bihor,"Liceul Teoretic „Wenford Academy”, Oradea",8.77,8.88,8.66,20
2026,Bihor,"Școala Gimnazială „Oltea Doamna”, Oradea",8.47,8.55,8.39,105
2026,Bihor,"Liceul „Don Orione”, Oradea",8.46,8.52,8.4,53
2026,Bihor,"Colegiul Național „Mihai Eminescu”, Oradea",8.35,8.39,8.32,28
2026,Bihor,"Liceul Teologic Baptist „Emanuel”, Oradea",8.29,8.5,8.09,65
2026,Bihor,"Liceul Teoretic „Aurel Lazăr”, Oradea",8.14,8.26,8.02,39
2026,Bihor,"Liceul Teoretic „Ady Endre”, Oradea",8.07,7.68,7.69,50
2026,Bihor,"Liceul Ortodox „Episcop Roman Ciorogariu”, Oradea",8.01,8.2,7.83,66
2026,Bihor,"Școala Gimnazială Dacia, Oradea",7.96,8.11,7.82,120
2026,Bihor,"Liceul Teologic Penticostal „Betel”, Oradea",7.95,8.25,7.65,74
2026,Bihor,"Școala Gimnazială „Nicolae Bălcescu”, Oradea",7.8,7.88,7.73,82
2026,Bihor,"Colegiul Național „Iosif Vulcan”, Oradea",7.76,8.06,7.45,83
2026,Bihor,"Colegiul Național „Onisifor Ghibu”, Oradea",7.72,7.79,7.66,135
2026,Bihor,"Colegiul Național „Samuil Vulcan”, Beiuș",7.64,8.02,7.27,22
2026,Bihor,"Școala Gimnazială „Szacsvay Imre”, Oradea",7.64,7.31,6.9,55
2026,Bihor,"Școala Gimnazială Nr. 2, Chișcău",7.6,7.85,7.35,1
2026,Bihor,"Liceul Tehnologic Felix, Sânmartin",7.49,8.01,6.97,60
2026,Bihor,"Liceul Greco-Catolic „Iuliu Maniu”, Oradea",7.49,7.83,7.15,73
2026,Bihor,"Școala Gimnazială Nr. 1, Pietroasa",7.33,7.48,7.18,7
2026,Bihor,"Liceul Teoretic German „Friedrich Schiller”, Oradea",7.3,8.12,7.05,28
2026,Bihor,"Școala Gimnazială Nr. 16, Oradea",7.23,7.59,6.63,98
2026,Bihor,"Școala Gimnazială Nr. 2, Voivozi",7.22,7.85,6.6,10
2026,Bihor,"Școala Gimnazială „Dimitrie Cantemir”, Oradea",7.17,7.31,6.82,59
2026,Bihor,"Liceul Teoretic „Lucian Blaga”, Oradea",7.16,7.56,6.75,39
2026,Bihor,"Școala Gimnazială Nr. 1, Hidișel",7.12,7.58,6.67,7
2026,Bihor,"Școala Gimnazială Nr. 2, Poieni",7.03,7.4,6.66,19
2026,Bihor,"Școala Gimnazială Nr. 11, Oradea",7.02,7.06,6.68,107
2026,Bihor,"Școala Gimnazială Nr. 1, Tămășeu",6.95,6.06,6.24,15
2026,Bihor,"Școala Gimnazială Nr. 1, Curățele",6.91,7.3,6.53,3
2026,Bihor,"Liceul Vocational Pedagogic „Nicolae Bolcaș”, Beiuș",6.86,7.15,6.58,78
2026,Bihor,"Școala Gimnazială „Nicolae Popoviciu”, Beiuș",6.75,7.28,6.22,65
2026,Bihor,"Școala Gimnazială Nr. 2, Husasău de Criș",6.74,6.76,6.73,4
2026,Bihor,"Școala Gimnazială „Dumitru Radu Popescu”, Comuna Nojorid",6.73,7.15,6.31,26
2026,Bihor,"Școala Gimnazială Nr. 1, Cuzap",6.73,6.73,6.73,8
2026,Bihor,"Școala Gimnazială Nr. 1, Căbești",6.7,7.46,5.95,16
2026,Bihor,"Școala Gimnazială Nr. 2, Hinchiriș",6.7,7.0,6.39,12
2026,Bihor,"Liceul Teologic Romano-Catolic „Szent László”, Oradea",6.67,6.15,5.84,46
2026,Bihor,"Școala Gimnazială „Avram Iancu”, Oradea",6.63,7.02,6.25,66
2026,Bihor,"Liceul Reformat „Lorántffy Zsuzsanna”, Oradea",6.62,6.18,5.99,38
2026,Bihor,"Liceul Sanitar „Vasile Voiculescu”, Oradea",6.6,6.85,6.36,21
2026,Bihor,"Liceul Teoretic „Jozef Kozacek”, Budoi",6.6,6.47,5.23,5
2026,Bihor,"Școala Gimnazială Nr. 1, Uileacu de Beiuș",6.59,6.95,6.23,9
2026,Bihor,"Școala Gimnazială Nr. 1, Roșia",6.59,6.84,6.34,20
2026,Bihor,"Școala Gimnazială Nr. 1, Tărcaia",6.58,6.48,6.2,7
2026,Bihor,"Școala Gimnazială „Miskolczy Károly”, Mișca",6.57,5.55,5.89,8
2026,Bihor,"Școala Gimnazială „Juhász Gyula”, Oradea",6.56,5.66,5.34,8
2026,Bihor,"Liceul Teoretic „Constantin Șerban”, Aleșd",6.53,6.8,6.18,89
2026,Bihor,Liceul Tehnologic nr. 1 Suplacu de Barcău,6.5,6.09,6.45,33
2026,Bihor,"Colegiul Național „Teodor Neș”, Salonta",6.47,6.89,6.04,76
2026,Bihor,"Școala Gimnazială „Miron Pompiliu”, Ștei",6.44,7.04,5.86,54
2026,Bihor,"Școala Gimnazială Nr. 1, Botean",6.37,6.07,6.68,11
2026,Bihor,"Colegiul Tehnic „Alexandru Roman”, Aleșd",6.37,6.67,6.08,28
2026,Bihor,Liceul de Arte Oradea,6.35,6.34,5.8,62
2026,Bihor,"Școala Gimnazială Nr. 1, Tileagd",6.32,6.29,6.15,39
2026,Bihor,Școala Gimnazială Nr. 1 „Mihai Bravu”,6.3,6.18,6.43,6
2026,Bihor,"Liceul Teoretic „Horváth János”, Marghita",6.27,5.63,5.12,36
2026,Bihor,"Școala Gimnazială Nr. 2, Călacea",6.25,6.47,6.04,9
2026,Bihor,"Școala Gimnazială „Georgiu Popa”, Câmpani",6.2,6.71,5.69,7
2026,Bihor,"Colegiul Național „Octavian Goga”, Marghita",6.15,6.73,5.58,80
2026,Bihor,"Școala Gimnazială Nr. 1, Remetea",6.15,6.84,5.47,13
2026,Bihor,"Școala Gimnazială Nr. 1, Șinteu",6.15,6.02,4.1,3
2026,Bihor,"Liceul Teoretic „Arany János”, Salonta",6.14,5.25,5.44,56
2026,Bihor,"Școala Gimnazială „Gáspár András”, Biharia",6.12,5.03,5.35,17
2026,Bihor,"Școala Gimnazială Nr. 1, Pomezeu",6.1,6.79,5.41,13
2026,Bihor,Școala Gimnazială „Regina Maria” Avram Iancu,6.07,6.58,5.56,22
2026,Bihor,"Școala Gimnazială „Aurel Pop”, Oșorhei",6.07,6.12,6.02,34
2026,Bihor,"Școala Gimnazială Nr. 2, Almașu Mare",6.04,6.33,5.75,7
2026,Bihor,"Liceul Internațional „Agora”, Oradea",6.04,6.19,5.88,10
2026,Bihor,"Școala Gimnazială „Ion Bogdan”, Oradea",6.0,6.19,5.82,16
2026,Bihor,"Școala Gimnazială Nr. 1, Bulz",5.98,6.36,5.61,12
2026,Bihor,"Școala Gimnazială Nr. 1, Rieni",5.98,7.16,4.8,9
2026,Bihor,"Școala Gimnazială Nr. 1, Gurbediu",5.93,6.18,5.69,10
2026,Bihor,"Școala Gimnazială Nr. 1, Brusturi",5.91,5.78,6.04,27
2026,Bihor,"Liceul Tehnologic Agroindustrial „Tamási Áron”, Bors",5.9,5.1,4.88,14
2026,Bihor,"Colegiul Național „Avram Iancu”, Ștei",5.89,6.38,5.4,15
2026,Bihor,Liceul Tehnologic nr. 1 Popești,5.89,6.21,5.57,20
2026,Bihor,"Școala Gimnazială Nr. 1, Hidișelu de Sus",5.88,6.0,5.77,19
2026,Bihor,"Școala Gimnazială „Szalárdi János”, Sălard",5.82,5.13,5.49,36
2026,Bihor,"Școala Gimnazială Nr. 1, Cociuba Mare",5.81,6.03,5.59,12
2026,Bihor,"Școala Gimnazială Nr. 1, Balc",5.8,5.46,5.77,8
2026,Bihor,"Școala Gimnazială Nr. 1, Răbăgani",5.8,5.82,5.78,14
2026,Bihor,"Școala Gimnazială Nr. 1, Buntești",5.79,5.94,5.65,10
2026,Bihor,"Liceul Teoretic „Nicolae Jiga”, Tinca",5.74,6.17,5.28,44
2026,Bihor,"Școala Gimnazială Nr. 3, Topa de Sus",5.69,5.7,5.69,5
2026,Bihor,Liceul Tehnologic nr. 1 Suncuiuş,5.69,5.89,5.49,19
2026,Bihor,"Școala Gimnazială Nr. 3, Chiribiș",5.61,5.13,6.1,3
2026,Bihor,"Școala Gimnazială „Octavian Goga”, Oradea",5.6,5.81,5.39,32
2026,Bihor,"Școala Gimnazială „Zelk Zoltan”, Valea lui Mihai",5.53,4.6,5.31,76
2026,Bihor,Școala Gimnazială „Ioan Filip” Sântandrei,5.51,6.03,4.99,20
2026,Bihor,"Școala Gimnazială Nr. 1, Batăr",5.49,5.89,5.09,4
2026,Bihor,"Școala Gimnazială Nr. 2, Boiu",5.49,6.55,5.28,3
2026,Bihor,Colegiul Tehnic nr. 1 Vadu Crișului,5.48,5.5,5.41,22
2026,Bihor,"Școala Gimnazială Nr. 2, Livada",5.46,6.26,4.67,8
2026,Bihor,"Școala Gimnazială „Szamado Ernő”, Cheșereu",5.46,3.54,5.14,9
2026,Bihor,"Școala Gimnazială „Jako Zsigmond”, Roșiori",5.46,2.86,6.14,8
2026,Bihor,"Școala Gimnazială Nr. 1, Sârbi",5.45,5.56,5.35,19
2026,Bihor,"Școala Gimnazială Nr. 1, Derna",5.45,5.38,5.53,12
2026,Bihor,"Școala Gimnazială Nr. 1, Buduslău",5.45,4.2,4.35,11
2026,Bihor,"Școala Gimnazială Nr. 1, Tăuteu",5.44,4.64,4.6,11
2026,Bihor,"Școala Gimnazială Nr. 1, Săliște de Vașcău",5.42,6.03,4.81,5
2026,Bihor,"Liceul cu Program Sportiv „Bihorul”, Oradea",5.42,5.58,5.26,52
2026,Bihor,"Școala Gimnazială Nr. 1, Șușturogiu",5.4,6.45,4.36,5
2026,Bihor,Liceul Teoretic nr. 1 Bratca,5.39,5.73,5.05,33
2026,Bihor,"Școala Gimnazială „Viorel Horj”, Drăgănești",5.38,5.81,4.97,10
2026,Bihor,"Școala Gimnazială Nr. 2, Luncasprie",5.34,5.14,5.54,5
2026,Bihor,"Școala Gimnazială „Iosif Vulcan”, Holod",5.31,5.84,4.78,12
2026,Bihor,"Școala Gimnazială Nr. 1, Olcea",5.24,5.32,5.17,9
2026,Bihor,"Școala Gimnazială Nr. 1, Viișoara",5.22,4.58,3.61,10
2026,Bihor,"Școala Gimnazială Nr. 1, Finiș",5.19,5.26,4.46,12
2026,Bihor,"Școala Gimnazială Nr. 1, Călugări",5.18,6.08,4.28,2
2026,Bihor,"Școala Gimnazială Nr. 1, Vârciorog",5.17,5.59,4.58,15
2026,Bihor,"Școala Gimnazială Nr. 1, Mădăras",5.16,5.4,4.93,12
2026,Bihor,"Școala Gimnazială Nr. 1, Urvind",5.16,5.07,4.47,7
2026,Bihor,"Școala Gimnazială Nr. 1, Diosig",5.16,4.73,4.84,45
2026,Bihor,"Școala Gimnazială Nr. 2, Adoni",5.16,3.93,4.07,7
2026,Bihor,"Școala Gimnazială Nr. 3, Tăut",5.12,5.97,4.28,5
2026,Bihor,"Școala Gimnazială „Alexandru Roman”, Aușeu",5.1,5.48,4.72,23
2026,Bihor,"Școala Gimnazială Nr. 1, Gepiu",5.05,5.3,4.8,7
2026,Bihor,"Școala Gimnazială Nr. 1, Spinuș",4.98,5.26,4.71,12
2026,Bihor,"Școala Gimnazială Nr. 1, Ceica",4.96,5.03,4.89,18
2026,Bihor,"Școala Gimnazială „Benedek Elek”, Cetariu",4.95,4.16,4.42,13
2026,Bihor,"Școala Gimnazială Nr. 1, Tarcea",4.95,3.86,4.39,7
2026,Bihor,"Liceul Teoretic „Petőfi Sándor”, Săcueni",4.94,3.91,4.44,71
2026,Bihor,"Liceul Tehnologic „Livia Maria Gego”, Dobrești",4.87,5.23,4.52,29
2026,Bihor,"Școala Gimnazială Nr. 1, Chijic",4.87,4.99,4.76,9
2026,Bihor,"Școala Gimnazială Nr. 1, Butani",4.87,5.26,4.48,7
2026,Bihor,"Liceul Teoretic „Gabriel Tepelea”, Borod",4.8,4.99,4.63,27
2026,Bihor,"Școala Gimnazială Nr. 4, Arpășel",4.77,3.67,4.45,3
2026,Bihor,"Școala Gimnazială Nr. 1, Chișlaz",4.69,4.98,4.4,14
2026,Bihor,"Școala Gimnazială Nr. 1, Chereșig",4.67,5.23,4.11,11
2026,Bihor,"Școala Gimnazială Nr. 1, Aștileu",4.65,5.0,4.31,13
2026,Bihor,"Școala Gimnazială Nr. 1, Ciumeghiu",4.62,4.58,4.59,29
2026,Bihor,"Școala Gimnazială Nr. 2, Talpoș",4.57,4.86,4.02,24
2026,Bihor,"Școala Gimnazială Nr. 1, Nucet",4.57,4.51,4.62,9
2026,Bihor,"Școala Gimnazială Nr. 1, Abram",4.56,4.49,4.63,12
2026,Bihor,Școala Gimnazială Înv. „Gâlgău Iosif Păgaia”,4.56,4.87,4.26,6
2026,Bihor,"Școala Gimnazială Nr. 2, Ianoșda",4.55,5.0,4.1,3
2026,Bihor,"Școala Gimnazială Nr. 1, Husasău de Tinca",4.52,4.96,4.08,9
2026,Bihor,"Școala Gimnazială Nr. 1, Urviș de Beiuș",4.51,5.11,3.91,13
2026,Bihor,"Școala Gimnazială Nr. 1, Budureasa",4.47,4.12,4.23,22
2026,Bihor,"Școala Gimnazială Nr. 1, Hotar",4.45,4.57,4.34,11
2026,Bihor,"Școala Gimnazială Nr. 1, Lăzăreni",4.45,4.48,4.32,18
2026,Bihor,"Școala Gimnazială Nr. 1, Ciuhoi",4.44,4.33,4.55,3
2026,Bihor,"Școala Gimnazială „Nestor Porumb”, Tulca",4.42,4.96,3.89,10
2026,Bihor,"Școala Gimnazială Nr. 1, Cefa",4.37,4.78,3.96,14
2026,Bihor,"Centrul Școlar de Educație Incluzivă Nr.1, Oradea",4.27,4.48,4.08,4
2026,Bihor,"Școala Gimnazială „Bocskay István”, Cherechiu",4.24,2.84,3.89,8
2026,Bihor,"Școala Gimnazială „Kazinczy Ferenc”, Șimian",4.23,2.95,4.07,22
2026,Bihor,"Școala Gimnazială „Dr. Balási József”, Curtuișeni",4.18,2.48,3.87,27
2026,Bihor,"Școala Gimnazială Nr. 1, Drăgești",4.15,4.37,3.93,14
2026,Bihor,"Școala Gimnazială Nr. 1, Borumlaca",4.13,3.06,4.78,8
2026,Bihor,Liceul Tehnologic Nr.1 Cadea,4.12,2.83,3.86,13
2026,Bihor,"Școala Gimnazială „Ion Creangă”, Cordău",4.11,4.26,3.98,11
2026,Bihor,"Școala Gimnazială „Nicolae Bogdan”, Vașcău",4.1,4.47,3.74,8
2026,Bihor,"Școala Gimnazială Nr. 3, Galoșpetreu",4.1,2.9,4.2,6
2026,Bihor,"Școala Gimnazială Nr. 1, Sâmbăta",4.0,4.0,4.0,2
2026,Bihor,"Școala Gimnazială „Balaskó Nándor”, Sălacea",4.0,2.18,3.59,10
2026,Bihor,"Școala Gimnazială Nr. 1, Beznea",3.96,4.25,3.67,8
2026,Bihor,"Școala Gimnazială Nr. 1, Tărian",3.81,4.03,3.59,20
2026,Bihor,"Școala Gimnazială „Toldy”, Sânnicolau de Munte",3.77,2.89,3.73,12
2026,Bihor,"Școala Gimnazială Nr. 2, Șerghiș",3.73,3.47,4.0,3
2026,Bihor,"Școala Gimnazială Nr. 1, Căpâlna",3.7,4.53,2.88,4
2026,Bihor,"Școala Gimnazială „Lucreția Suciu”, Oradea",3.69,3.2,3.26,8
2026,Bihor,"Școala Gimnazială Nr. 2, Bogei",3.64,3.8,3.48,12
2026,Bihor,Centrul Școlar de Educație Incluzivă „Bonitas” Salonta,3.58,2.83,3.38,3
2026,Bihor,"Școala Gimnazială Nr. 2, Tămașda",3.57,3.37,3.53,13
2026,Bihor,"Școala Gimnazială Nr. 1, Lunca",3.57,3.97,3.18,4
2026,Bihor,"Școala Gimnazială Nr. 1, Sânnicolau Român",3.55,3.71,3.39,28
2026,Bihor,"Școala Gimnazială Nr. 3, Calea Mare",3.46,3.43,3.5,3
2026,Bihor,"Școala Gimnazială Nr. 2, Tășad",3.39,2.62,3.54,14
2026,Bihor,"Școala Gimnazială „Puiu Sever”, Ineu",3.39,3.28,3.5,11
2026,Bihor,"Școala Gimnazială Nr. 2, Țețchea",3.38,3.61,3.15,8
2026,Bihor,Centrul Școlar de Educație Incluzivă „Orizont” Oradea,3.32,3.15,3.5,2
2026,Bihor,Centrul Școlar de Educație Incluzivă „Orizont” Tileagd,3.32,2.43,4.2,3
2026,Bihor,"Școala Gimnazială Nr. 1, Săcădat",3.27,3.3,3.25,6
2026,Bihor,"Școala Gimnazială „Ioan Slavici”, Oradea",3.23,3.0,3.34,29
2026,Bihor,"Școala Gimnazială Nr. 1, Cheț",3.23,1.75,3.14,9
2026,Bihor,"Școala Gimnazială Nr. 2, Bucuroaia",3.2,2.88,3.53,2
2026,Bihor,"Școala Gimnazială Nr. 2, Ioaniș",3.16,3.21,3.04,19
2026,Bihor,"Școala Gimnazială „Ovidiu Drimba”, Lugașu de Jos",3.13,3.24,3.03,30
2026,Bihor,"Școala Gimnazială „Szent István”, Sâniob",3.02,2.39,2.84,13
2026,Bihor,"Școala Gimnazială Nr. 1, Petreu",2.86,1.98,3.48,17
2026,Bihor,"Școala Gimnazială Nr. 2, Gepiș",2.73,2.13,2.75,13
2026,Bihor,"Școala Gimnazială „Irinyi József”, Albiș",2.68,1.56,2.76,13
2026,Bihor,"Școala Gimnazială Nr. 1, Cubulcut",2.68,1.65,2.68,5
2026,Bihor,"Școala Gimnazială Nr. 1, Vășad",2.62,2.07,3.17,8
2026,Bihor,Centrul Școlar de Educație Incluzivă Nr.1 Popești,2.47,2.43,2.51,11
2026,Bihor,Centrul Școlar de Educație Incluzivă Marghita,2.12,1.75,2.5,4
2026,Bistrița-Năsăud,Școala Gimnazială Sfera,8.42,8.48,8.36,7
2026,Bistrița-Năsăud,Școala Profesională Târlișua,7.98,8.3,7.67,6
2026,Bistrița-Năsăud,"Liceul Creștin „Logos”, Bistrița",7.9,7.74,8.05,62
2026,Bistrița-Năsăud,"Colegiul Național „Liviu Rebreanu”, Bistrița",7.85,7.81,7.77,88
2026,Bistrița-Năsăud,"Școala Gimnazială „Avram Iancu”, Bistrița",7.78,7.98,7.59,82
2026,Bistrița-Năsăud,"Școala Gimnazială, Livezile",7.74,8.39,7.1,19
2026,Bistrița-Năsăud,"Colegiul Național „Andrei Mureșanu”, Bistrița",7.56,7.74,7.28,79
2026,Bistrița-Năsăud,"Școala Gimnazială Nr. 1, Bistrița",7.46,7.81,7.12,125
2026,Bistrița-Năsăud,Școala Gimnazială Agrieș,7.41,7.24,7.59,7
2026,Bistrița-Năsăud,"Liceul Tehnologic „Liviu Rebreanu”, Maieru",7.33,7.41,7.26,66
2026,Bistrița-Năsăud,"Școala Gimnazială „Enea Grapini”, Șanț",7.29,7.15,7.43,33
2026,Bistrița-Năsăud,"Școala Gimnazială „Iacob și Ioachim Mureșanu”, Rebrișoara",7.23,7.06,7.41,26
2026,Bistrița-Năsăud,"Școala Gimnazială „Ștefan cel Mare”, Bistrița",7.18,7.22,7.14,101
2026,Bistrița-Năsăud,"Colegiul Național „Petru Rareș”, Beclean",7.17,7.13,7.21,58
2026,Bistrița-Năsăud,"Liceul Teoretic „Radu Petrescu”, Prundu Bârgăului",7.14,7.37,6.9,63
2026,Bistrița-Năsăud,"Școala Gimnazială „Mihai Eminescu”, Năsăud",7.03,6.95,7.08,61
2026,Bistrița-Năsăud,"Școala Gimnazială „Grigore Silași”, Beclean",6.85,7.36,6.15,69
2026,Bistrița-Năsăud,"Școala Gimnazială Nr. 2, Ilva Mică",6.79,6.86,6.72,11
2026,Bistrița-Năsăud,Școala Gimnazială Gersa,6.79,6.74,6.84,7
2026,Bistrița-Năsăud,Liceul Tehnologic Feldru,6.78,6.87,6.71,29
2026,Bistrița-Năsăud,Școala Gimnazială Mărișelu,6.78,7.54,6.02,14
2026,Bistrița-Năsăud,"Școala Gimnazială „Iustin Ilieșiu”, Anieș",6.77,7.04,6.51,24
2026,Bistrița-Năsăud,"Colegiul Național „George Coșbuc”, Năsăud",6.76,7.14,6.39,23
2026,Bistrița-Năsăud,"Școala Gimnazială, Miceștii de Câmpie",6.75,6.85,6.65,3
2026,Bistrița-Năsăud,"Liceul Tehnologic „Ion Căian Romanul”, Căianu Mic",6.73,6.68,6.78,17
2026,Bistrița-Năsăud,"Școala Gimnazială „Vasile Scurtu”, Parva",6.71,6.97,6.45,23
2026,Bistrița-Năsăud,Școala Gimnazială Dumitra,6.7,7.13,6.26,33
2026,Bistrița-Năsăud,"Școala Gimnazială Nr. 4, Bistrița",6.58,6.8,6.37,53
2026,Bistrița-Năsăud,"Școala Gimnazială, Sânmihaiu de Câmpie",6.54,6.4,6.08,8
2026,Bistrița-Năsăud,"Școala Gimnazială „Sever Pop”, Poiana Ilvei",6.54,7.1,5.99,13
2026,Bistrița-Năsăud,"Școala Gimnazială, Sebiș",6.51,6.95,6.07,12
2026,Bistrița-Năsăud,Școala Gimnazială „Romuli”,6.48,6.82,6.15,12
2026,Bistrița-Năsăud,"Școala Gimnazială „George Coșbuc”, Coșbuc",6.47,6.85,6.09,12
2026,Bistrița-Năsăud,"Liceul de Muzică „Tudor Jarda”, Bistrița",6.46,6.93,5.99,23
2026,Bistrița-Năsăud,"Școala Gimnazială „Grigore Herinean”, Galații Bistriței",6.45,6.83,6.07,10
2026,Bistrița-Năsăud,Liceul Tehnologic Telciu,6.43,6.65,6.22,30
2026,Bistrița-Năsăud,"Școala Gimnazială, Nușeni",6.43,6.87,5.99,13
2026,Bistrița-Năsăud,"Școala Gimnazială „Lucian Blaga”, Bistrița",6.42,6.77,6.07,67
2026,Bistrița-Năsăud,"Școala Gimnazială Nr. 1, Rebra",6.34,6.93,5.76,21
2026,Bistrița-Năsăud,"Școala Gimnazială „Demian Nechiti”, Ilva Mică",6.32,6.64,6.01,12
2026,Bistrița-Năsăud,"Școala Gimnazială „Artemiu Publiu Alexi”, Sângeorz-Băi",6.32,6.31,6.33,109
2026,Bistrița-Năsăud,"Școala Gimnazială „Dariu Pop”, Măgura Ilvei",6.32,6.32,6.32,11
2026,Bistrița-Năsăud,"Liceul Tehnologic „Florian Porcius”, Rodna",6.29,6.54,6.05,50
2026,Bistrița-Năsăud,Școala Gimnazială „Matei”,6.26,6.77,4.95,5
2026,Bistrița-Năsăud,"Școala Profesională „Tiberiu Morariu”, Salva",6.24,6.45,6.03,14
2026,Bistrița-Năsăud,"Școala Gimnazială, Lunca Ilvei",6.23,6.4,6.06,15
2026,Bistrița-Năsăud,"Școala Gimnazială Nr. 1, Leșu",6.22,6.32,6.12,17
2026,Bistrița-Năsăud,Școala Gimnazială Cepari,6.17,6.72,5.64,12
2026,Bistrița-Năsăud,Școala Gimnazială Cormaia,6.16,6.32,6.01,9
2026,Bistrița-Năsăud,Școala Gimnazială Șieu,6.15,6.6,5.71,20
2026,Bistrița-Năsăud,Școala Gimnazială Cireșoaia,6.08,5.53,5.14,14
2026,Bistrița-Năsăud,"Școala Gimnazială, Silivașu de Câmpie",6.05,6.1,6.01,11
2026,Bistrița-Năsăud,"Școala Gimnazială „Cardinal Iuliu Hossu”, Milaș",6.03,6.65,5.42,4
2026,Bistrița-Năsăud,"Școala Gimnazială Nr. 2, Lunca Leșului",6.03,6.39,5.67,13
2026,Bistrița-Năsăud,Școala Gimnazială Negrilești,6.0,5.99,6.01,14
2026,Bistrița-Năsăud,Școala Gimnazială Dorolea,5.98,6.32,5.65,3
2026,Bistrița-Năsăud,Școala Gimnazială Tureac,5.95,6.66,5.25,32
2026,Bistrița-Năsăud,"Școala Gimnazială „Liviu Rebreanu”, Chiuza",5.95,6.35,5.55,9
2026,Bistrița-Năsăud,"Școala Gimnazială, Urmeniș",5.92,6.43,5.41,13
2026,Bistrița-Năsăud,"Școala Gimnazială Nr. 7, Bistrița",5.92,6.04,5.8,5
2026,Bistrița-Năsăud,"Școala Gimnazială, Budacu de Sus",5.91,6.62,5.2,9
2026,Bistrița-Năsăud,"Școala Gimnazială „Paul Tanco”, Monor",5.85,6.87,4.84,12
2026,Bistrița-Năsăud,Liceul cu Program Sportiv Bistrița,5.83,6.14,5.52,32
2026,Bistrița-Năsăud,Școala Gimnazială Pinticu,5.81,5.52,6.12,3
2026,Bistrița-Năsăud,Școala Gimnazială Uriu,5.81,6.98,4.66,10
2026,Bistrița-Năsăud,"Școala Gimnazială, Piatra Fântânele",5.8,5.97,5.63,3
2026,Bistrița-Năsăud,Școala Gimnazială Tărpiu,5.76,6.68,4.86,10
2026,Bistrița-Năsăud,"Școala Gimnazială „Aurel Rău”, Josenii Bârgăului",5.75,6.02,5.49,33
2026,Bistrița-Năsăud,"Școala Gimnazială, Ocnița",5.75,5.02,6.01,8
2026,Bistrița-Năsăud,Școala Gimnazială Șieu-Odorhei,5.64,5.98,5.29,18
2026,Bistrița-Năsăud,"Liceul de Arte „Corneliu Baba”, Bistrița",5.63,5.88,5.38,17
2026,Bistrița-Năsăud,Școala Gimnazială Șintereag,5.57,6.28,4.86,14
2026,Bistrița-Năsăud,Școala Gimnazială Șieuț,5.55,6.13,4.98,11
2026,Bistrița-Năsăud,Școala Gimnazială Șieu-Măgheruș,5.54,5.99,5.11,10
2026,Bistrița-Năsăud,"Liceul Teoretic „Constantin Romanu Vivu”, Teaca",5.51,5.69,5.33,21
2026,Bistrița-Năsăud,"Școala Gimnazială, Spermezeu",5.42,6.45,4.39,19
2026,Bistrița-Năsăud,"Școala Gimnazială „Viorel Nimigeanu”, Nimigea de Jos",5.4,5.76,5.03,33
2026,Bistrița-Năsăud,"Școala Gimnazială, Cristeștii Ciceului",5.38,5.94,4.82,10
2026,Bistrița-Năsăud,"Școala Gimnazială Nr. 1, Bistrița Bârgăului",5.36,5.86,4.86,15
2026,Bistrița-Năsăud,Școala Gimnazială Ilva Mare,5.35,5.88,4.83,16
2026,Bistrița-Năsăud,"Școala Gimnazială „Ioan S. Pavelea”, Runcu Salvei",5.35,5.11,5.59,13
2026,Bistrița-Năsăud,Școala Gimnazială Dobric,5.34,5.67,5.01,10
2026,Bistrița-Năsăud,Școala Gimnazială Ciceu-Giurgești,5.31,5.94,4.68,6
2026,Bistrița-Năsăud,Școala Gimnazială Dumitrița,5.29,5.73,4.85,6
2026,Bistrița-Năsăud,"Școala Gimnazială, Budacu de Jos",5.22,5.64,4.8,14
2026,Bistrița-Năsăud,"Școala Gimnazială „Iuliu Prodan”, Chiochiș",5.17,5.89,4.44,14
2026,Bistrița-Năsăud,Școala Gimnazială Petriș,5.11,5.55,4.69,20
2026,Bistrița-Năsăud,"Școala Gimnazială, Mureșenii Bârgăului",5.07,5.21,4.93,16
2026,Bistrița-Năsăud,Școala Gimnazială Budești,5.06,5.48,4.66,6
2026,Bistrița-Năsăud,"Școala Gimnazială Nr. 2, Bistrița Bârgăului",5.0,5.53,4.47,15
2026,Bistrița-Năsăud,"Școala Gimnazială „Petru Rareș”, Ciceu-Mihăiești",4.85,5.14,4.57,8
2026,Bistrița-Năsăud,"Școala Gimnazială „Ion Pop Reteganul”, Reteag",4.81,5.24,4.38,22
2026,Bistrița-Năsăud,Școala Gimnazială „Gavril Istrate Nepos”,4.78,4.78,4.78,17
2026,Bistrița-Năsăud,Liceul Tehnologic Lechința,4.75,4.8,4.35,33
2026,Bistrița-Năsăud,"Școala Gimnazială „Vasile Grigore Borgovan”, Corvinești",4.73,4.89,4.59,7
2026,Bistrița-Năsăud,"Școala Gimnazială, Poienile Zagrei",4.4,4.77,4.04,13
2026,Bistrița-Năsăud,"Școala Gimnazială „Nicolae Drăganu”, Zagra",4.37,4.62,4.12,23
2026,Bistrița-Năsăud,Școala Gimnazială Viile Tecii,3.5,3.63,3.38,12
2026,Bistrița-Năsăud,Școala Gimnazială Valea Spinului,2.49,1.75,3.13,9
2026,Botoșani,"Colegiul Național „Mihai Eminescu”, Botoșani",9.3,9.44,9.16,29
2026,Botoșani,"Colegiul Național „A.T. Laurian”, Botoșani",8.78,8.95,8.61,26
2026,Botoșani,"Școala Gimnazială Nr. 7, Botoșani",8.05,8.18,7.92,74
2026,Botoșani,"Liceul Teoretic „Grigore Antipa”, Botoșani",7.96,8.33,7.6,31
2026,Botoșani,"Școala Gimnazială Nr. 17, Botoșani",7.94,8.09,7.79,89
2026,Botoșani,"Școala Gimnazială Nr. 13, Botoșani",7.89,7.91,7.88,37
2026,Botoșani,"Școala Gimnazială „Grigore Antipa”, Botoșani",7.78,7.97,7.6,65
2026,Botoșani,"Școala Gimnazială Nr. 10, Botoșani",7.65,7.88,7.43,71
2026,Botoșani,"Liceul Pedagogic „Nicolae Iorga”, Botoșani",7.52,7.83,7.23,59
2026,Botoșani,"Școala Gimnazială „Spiru Haret”, Dorohoi",7.51,7.72,7.31,56
2026,Botoșani,"Școala Gimnazială „Cornerstone” - Filiala Asociației Hope For The Children International, Dorohoi",7.47,7.98,6.97,16
2026,Botoșani,"Școala Gimnazială „Mihail Kogălniceanu”, Dorohoi",7.47,7.85,7.09,57
2026,Botoșani,"Școala Gimnazială Nr. 11, Botoșani",7.4,7.54,7.27,82
2026,Botoșani,"Liceul Tehnologic „Ștefan cel Mare și Sfânt”, Vorona",7.15,7.55,6.76,23
2026,Botoșani,"Școala Gimnazială „Elena Rareș”, Botoșani",7.12,7.29,6.97,60
2026,Botoșani,"Școala Gimnazială „Leon Dănăilă”, Darabani",7.11,7.18,7.05,54
2026,Botoșani,"Școala Gimnazială „Ion Bojoi”, Flamânzi",6.92,6.96,6.88,17
2026,Botoșani,"Școala Gimnazială Nr. 1, Vlădeni",6.91,6.99,6.83,18
2026,Botoșani,"Școala Gimnazială „Dan Iordachescu”, Hlipiceni",6.89,7.63,6.16,13
2026,Botoșani,"Școala Gimnazială Nr. 3, Mîndrești-Vlădeni",6.87,7.2,6.54,13
2026,Botoșani,"Școala Gimnazială „Ioan Cernat”, Havirna",6.86,7.16,6.57,29
2026,Botoșani,"Școala Gimnazială „Gh. Popovici”, Lozna",6.85,6.82,6.88,14
2026,Botoșani,"Liceul de Artă „Ștefan Luchian”, Botoșani",6.84,7.03,6.65,52
2026,Botoșani,"Școala Gimnazială Nr. 1, Răchiți",6.7,6.99,6.41,14
2026,Botoșani,"Școala Gimnazială Nr. 1, Săveni",6.69,7.22,6.17,41
2026,Botoșani,"Școala Gimnazială „Luca Arbore”, Vorona Mare",6.68,7.21,6.16,14
2026,Botoșani,"Școala Gimnazială Nr. 1, Hudești",6.66,6.58,6.75,15
2026,Botoșani,"Școala Gimnazială Nr. 12, Botoșani",6.65,6.92,6.39,53
2026,Botoșani,"Școala Gimnazială „Petre Suster”, Costești",6.6,7.16,6.06,11
2026,Botoșani,"Școala Gimnazială „Alexandru Ioan Cuza”, Dorohoi",6.6,6.81,6.4,32
2026,Botoșani,"Școala Gimnazială Nr. 1, Prajeni",6.4,6.62,6.19,25
2026,Botoșani,"Școala Gimnazială „Ștefan cel Mare”, Botoșani",6.4,6.66,6.14,60
2026,Botoșani,"Școala Gimnazială „Episcop Doctor Partenie Ciopron”, Păltiniș",6.39,6.59,6.2,12
2026,Botoșani,"Școala Gimnazială „Mihai Munteanu”, Cordăreni",6.38,6.56,6.22,11
2026,Botoșani,"Școala Gimnazială Prof. „Octavian Ionescu”, Vorniceni",6.37,6.87,5.89,11
2026,Botoșani,"Școala Gimnazială „Nicolae Iorga”, Dersca",6.37,6.66,6.08,20
2026,Botoșani,"Liceul Tehnologic „Nicolae Bălcescu”, Flămânzi",6.35,6.67,5.92,29
2026,Botoșani,"Școala Gimnazială „Gheorghe Coman”, Brăești",6.27,7.01,5.53,15
2026,Botoșani,"Școala Gimnazială Nr. 1, Cristești",6.27,6.69,5.85,30
2026,Botoșani,"Școala Gimnazială „Petru Rareș”, Cervicesti",6.25,6.71,5.78,13
2026,Botoșani,"Școala Gimnazială Nr. 2, Oneaga",6.24,6.68,5.8,6
2026,Botoșani,"Școala Gimnazială Nr. 1, Vorniceni",6.22,6.57,5.88,22
2026,Botoșani,"Școala Gimnazială Nr. 1, Cândești",6.17,6.7,5.64,11
2026,Botoșani,"Școala Gimnazială Nr. 2, Miletin",6.12,6.54,5.7,6
2026,Botoșani,"Școala Gimnazială Nr. 1, Mileanca",6.11,5.86,6.36,13
2026,Botoșani,"Școala Gimnazială „Teofil Vâlcu”, Hănești",6.06,6.24,5.88,10
2026,Botoșani,"Școala Gimnazială Nr. 1, Sărăfinești",6.04,6.33,5.76,16
2026,Botoșani,"Școala Gimnazială „Dimitrie Pompeiu”, Broscăuți",6.0,6.71,5.3,11
2026,Botoșani,"Școala Gimnazială „Gh. Hazgan”, Vârfu-Câmpului",6.0,6.28,5.72,12
2026,Botoșani,"Școala Gimnazială Nr. 1, Sulița",5.99,6.72,5.27,16
2026,Botoșani,"Școala Gimnazială Nr. 1, Blândești",5.98,6.31,5.65,14
2026,Botoșani,"Școala Profesională „Gheorghe Burac”, Vlăsinești",5.95,6.38,5.53,10
2026,Botoșani,"Școala Gimnazială Nr. 2, Drăxini",5.93,6.02,5.84,13
2026,Botoșani,"Școala Gimnazială Nr. 2, Dumeni",5.9,7.04,4.76,10
2026,Botoșani,"Școala Gimnazială „Academician Alexandru Zub”, Vârfu Câmpului",5.9,6.08,5.72,14
2026,Botoșani,"Școala Gimnazială Nr. 3, Iezer",5.88,6.07,5.7,11
2026,Botoșani,"Școala Gimnazială Nr. 1, Dorohoi",5.85,6.18,5.53,21
2026,Botoșani,"Școala Gimnazială „Alexandru cel Bun”, Icușeni",5.83,6.09,5.58,11
2026,Botoșani,"Școala Gimnazială Nr. 1, Unteni",5.82,6.08,5.57,22
2026,Botoșani,"Școala Gimnazială Nr. 1, Bajura Darabani",5.78,6.35,5.22,10
2026,Botoșani,"Școala Gimnazială „Mihai Eminescu”, Ipotesti",5.78,6.05,5.51,16
2026,Botoșani,"Școala Gimnazială „Ioan Murariu”, Cristinești",5.77,6.76,4.79,13
2026,Botoșani,"Școala Gimnazială „Dimitrie Brândză”, Viișoara",5.76,5.88,5.65,7
2026,Botoșani,"Școala Gimnazială Nr. 1, Stiubieni",5.75,6.39,5.12,12
2026,Botoșani,"Școala Gimnazială „Mihail Sturdza”, Flămânzi",5.74,6.17,5.32,11
2026,Botoșani,"Școala Gimnazială Nr. 1, Concești",5.73,5.71,5.75,18
2026,Botoșani,"Școala Gimnazială Nr. 1, Trușești",5.72,5.98,5.47,55
2026,Botoșani,"Școala Gimnazială Nr. 1, Vlădeni-Deal",5.72,5.94,5.51,16
2026,Botoșani,"Școala Gimnazială Nr. 1, Văculești",5.72,6.13,5.3,12
2026,Botoșani,"Școala Gimnazială Nr. 1, Orășeni-Deal",5.71,5.96,5.48,12
2026,Botoșani,"Liceul Teoretic „Anastasie Bașotă”, Pomârla",5.71,5.87,5.56,21
2026,Botoșani,"Școala Gimnazială Nr. 1, Dângeni",5.71,6.84,4.58,10
2026,Botoșani,"Școala Gimnazială Nr. 1, Ungureni",5.7,6.09,5.32,20
2026,Botoșani,Liceul Tehnologic Coțușca,5.7,6.93,4.47,23
2026,Botoșani,"Școala Gimnazială Nr. 3, Rădeni",5.65,6.23,5.07,13
2026,Botoșani,"Școala Gimnazială Nr. 2, Guranda",5.65,6.09,5.2,10
2026,Botoșani,"Școala Gimnazială „Tiberiu Crudu”, Tudora",5.61,5.98,5.24,42
2026,Botoșani,"Școala Gimnazială Nr. 1, Corlăteni",5.61,5.87,5.35,11
2026,Botoșani,Liceul Tehnologic Bucecea,5.59,5.84,5.35,24
2026,Botoșani,"Școala Gimnazială Nr. 1, Leorda",5.59,5.76,5.43,9
2026,Botoșani,"Școala Gimnazială Nr. 1, Mihălășeni",5.59,6.21,4.97,23
2026,Botoșani,"Școala Gimnazială „Octav Băncilă”, Corni",5.59,5.62,5.55,55
2026,Botoșani,"Școala Gimnazială Nr. 1, Călărași",5.58,6.48,4.7,28
2026,Botoșani,"Școala Gimnazială Nr. 1, Catamărești-Deal",5.58,5.91,5.25,13
2026,Botoșani,"Școala Gimnazială Nr. 1, Nicseni",5.57,6.3,4.85,10
2026,Botoșani,Liceul Tehnologic Todireni,5.55,6.34,4.77,18
2026,Botoșani,"Școala Gimnazială Nr. 1, Avrămeni",5.55,5.91,5.19,17
2026,Botoșani,"Școala Gimnazială Nr. 4, Storești Frumușica",5.53,6.12,4.94,14
2026,Botoșani,"Școala Gimnazială Nr. 1, Copălău",5.52,5.48,5.57,24
2026,Botoșani,"Școala Gimnazială Nr. 2, Panaitoaia",5.5,5.95,5.06,16
2026,Botoșani,"Școala Gimnazială Nr.1, Dobirceni",5.5,6.0,5.0,15
2026,Botoșani,"Școala Gimnazială Nr. 1, Roma",5.5,5.78,5.22,23
2026,Botoșani,"Școala Gimnazială „Raluca Iurascu”, Joldești",5.44,5.73,5.16,13
2026,Botoșani,"Școala Gimnazială Nr. 1, Stăuceni",5.41,5.71,5.13,10
2026,Botoșani,"Școala Gimnazială Nr. 2 „Tudor Vladimirescu”, Albești",5.39,6.11,4.56,32
2026,Botoșani,"Școala Gimnazială Nr. 2, Negreni",5.37,5.58,5.16,5
2026,Botoșani,"Școala Gimnazială Nr. 2, Miorcani",5.36,5.42,5.32,17
2026,Botoșani,"Școala Gimnazială Nr. 1, Tudora",5.34,5.09,5.59,14
2026,Botoșani,"Școala Gimnazială Nr. 2, Vinatori",5.32,5.52,5.13,10
2026,Botoșani,"Școala Gimnazială Nr. 1, Rădăuți-Prut",5.31,5.73,4.9,10
2026,Botoșani,"Liceul „Ștefan D. Luchian”, Ștefănești",5.26,5.81,4.56,45
2026,Botoșani,"Școala Gimnazială „Maria Enescu Cosmovici”, Mihăileni",5.21,5.88,4.53,12
2026,Botoșani,Liceul Tehnologic Plopenii Mari,5.2,5.29,5.1,25
2026,Botoșani,"Școala Gimnazială „Mihail Sadoveanu”, Dumbrăvița",5.17,5.88,4.46,19
2026,Botoșani,"Școala Gimnazială Nr. 1, Albești",5.13,5.73,4.55,23
2026,Botoșani,"Școala Gimnazială Nr. 1, Bălușeni",5.11,5.25,4.98,15
2026,Botoșani,"Școala Gimnazială „Sfânta Maria”, Botoșani",5.11,5.29,4.93,13
2026,Botoșani,Liceul cu Program Sportiv Botoșani,5.1,5.25,4.95,74
2026,Botoșani,"Școala Gimnazială Nr. 1, Durnești",5.09,5.52,4.67,15
2026,Botoșani,"Școala Gimnazială „Patriarh Teoctist”, Tocileni",5.09,5.12,5.07,13
2026,Botoșani,"Școala Gimnazială „Petru Zamfirescu”, Prisăcani",5.07,5.76,4.4,11
2026,Botoșani,"Școala Gimnazială Nr. 2, Vatra Hudești",5.06,5.06,5.07,11
2026,Botoșani,"Școala Gimnazială Nr. 1, Gorbanesti",5.04,5.16,4.92,32
2026,Botoșani,"Școala Gimnazială Nr. 1, Lunca",5.02,5.35,4.7,26
2026,Botoșani,"Școala Gimnazială „Alecu Ivan Ghilea”, Sendriceni",5.0,5.16,4.85,24
2026,Botoșani,"Școala Profesională „Sfântul Ap. Andrei”, Smîrdan",4.93,5.21,4.65,20
2026,Botoșani,"Școala Gimnazială Nr. 2, Hiliseu-Crișan",4.91,5.16,4.66,7
2026,Botoșani,"Școala Gimnazială Nr. 4, Fundu Hertii",4.89,5.37,4.41,13
2026,Botoșani,"Școala Gimnazială Nr. 4, Baranca Hudești",4.85,4.98,4.73,28
2026,Botoșani,"Școala Gimnazială „Constantin Comicescu”, Flamânzi",4.85,5.08,4.63,17
2026,Botoșani,"Școala Gimnazială Nr. 1, Dumeni",4.74,5.08,4.4,11
2026,Botoșani,"Școala Gimnazială Nr. 2, Iacobeni",4.69,5.75,3.63,15
2026,Botoșani,"Școala Gimnazială Nr. 1, Ripiceni",4.6,4.99,4.21,15
2026,Botoșani,"Școala Gimnazială Nr. 1, Dimacheni",4.56,4.47,4.65,18
2026,Botoșani,"Școala Gimnazială Nr. 1, Romanesti",4.51,4.3,4.74,23
2026,Botoșani,"Școala Gimnazială „Nicolae Călinescu”, Coșula",4.51,5.16,3.87,29
2026,Botoșani,"Școala Gimnazială Nr. 1, Hiliseu-Horia",4.5,4.73,4.28,4
2026,Botoșani,"Școala Gimnazială Nr. 1, Adășeni",4.48,5.08,3.88,9
2026,Botoșani,"Școala Gimnazială „Sfântul Nicolae”, Botoșani",4.46,4.31,4.42,10
2026,Botoșani,"Școala Gimnazială Nr. 1, Manoleasa",4.38,4.57,4.19,31
2026,Botoșani,"Școala Gimnazială Nr. 1, Suharău",4.34,3.99,4.69,9
2026,Botoșani,"Școala Gimnazială Nr. 2, Bogdănești",4.33,4.72,3.96,12
2026,Botoșani,"Școala Gimnazială „Mihai Constantineanu”, Dorobanți",4.23,4.94,3.52,11
2026,Botoșani,"Școala Gimnazială „Aristotel Crismaru”, Drăgușeni",4.23,4.61,3.85,15
2026,Botoșani,"Școala Gimnazială Nr. 2, Victoria Hlipiceni",4.12,4.57,3.67,13
2026,Botoșani,"Școala Gimnazială Nr. 1, Răuseni",4.07,4.42,3.51,17
2026,Botoșani,"Școala Gimnazială Nr. 1, Mitoc",3.77,4.26,3.29,9
2026,Botoșani,"Școala Gimnazială Nr. 1, Santa Mare",3.46,3.69,3.42,12
2026,Botoșani,"Școala Gimnazială „Ștefan cel Mare”, Dorohoi",3.29,2.91,3.67,8
2026,Botoșani,"Școala Gimnazială Nr. 2, Botoșani",3.23,2.96,3.25,9
2026,Brașov,"Colegiul Național „Andrei Șaguna”, Brașov",9.5,9.53,9.47,27
2026,Brașov,"Colegiul Național „Dr. Ioan Meșotă”, Brașov",9.4,9.38,9.42,29
2026,Brașov,"Colegiul Național de Informatică „Gr. Moisil”, Brașov",9.13,9.08,9.18,27
2026,Brașov,"Colegiul de Științe ale Naturii „Emil Racoviță”, Brașov",9.01,9.07,8.95,30
2026,Brașov,"Colegiul Național „Unirea”, Brașov",8.94,9.01,8.88,29
2026,Brașov,"Colegiul de Științe „Grigore Antipa”, Brașov",8.86,8.93,8.79,30
2026,Brașov,"Colegiul Național „Johannes Honterus”, Brașov",8.35,8.24,8.18,105
2026,Brașov,"Școala Gimnazială Nr. 6 „Iacob Mureșianu”, Brașov",8.27,8.36,8.18,115
2026,Brașov,"Școala Gimnazială, Fundata",8.17,8.35,8.0,1
2026,Brașov,"Școala Gimnazială Nr. 12, Brașov",8.15,8.21,8.03,78
2026,Brașov,"Liceul „Prems”, Brașov",8.12,8.18,8.07,21
2026,Brașov,"Școala Gimnazială Nr. 5, Brașov",8.08,8.15,8.01,104
2026,Brașov,"Școala Gimnazială Nr. 19, Brașov",7.93,8.01,7.86,115
2026,Brașov,"Școala Gimnazială Nr. 25, Brașov",7.87,8.05,7.69,89
2026,Brașov,"Școala Gimnazială Nr. 8, Brașov",7.86,7.98,7.74,83
2026,Brașov,"Școala Gimnazială, Lunca Câlnicului",7.84,8.06,7.63,26
2026,Brașov,"Școala Gimnazială Nr. 30, Brașov",7.8,8.02,7.6,124
2026,Brașov,"Școala Gimnazială, Cristian",7.78,7.62,7.94,38
2026,Brașov,Școala Gimnazială Liberă „Waldorf Sophia” Brașov,7.77,7.7,7.86,16
2026,Brașov,"Școala Gimnazială Nr. 27 „Anatol Ghermanschi”, Brașov",7.73,7.8,7.62,115
2026,Brașov,"Colegiul Național „Aprily Lajos”, Brașov",7.67,7.79,6.96,23
2026,Brașov,"Școala Gimnazială Nr. 2 „Diaconu Coresi”, Brașov",7.66,7.8,7.45,138
2026,Brașov,Școala Montessori Brașov,7.6,7.63,7.58,5
2026,Brașov,Școala Gimnazială Măgura,7.58,7.31,7.85,5
2026,Brașov,"Școala Gimnazială Nr. 11 „Ștefan Octavian Iosif”, Brașov",7.57,7.76,7.39,142
2026,Brașov,"Școala Gimnazială Nr. 1, Brașov",7.53,7.6,7.46,105
2026,Brașov,"Școala Gimnazială, Moieciu de Jos",7.51,7.59,7.43,25
2026,Brașov,"Școala Gimnazială Nr. 3 „Gheorghe Lazăr”, Brașov",7.51,7.83,7.19,74
2026,Brașov,Școala Gimnazială Șimon,7.41,7.08,7.75,2
2026,Brașov,"Școala Gimnazială Nr. 3, Codlea",7.4,7.84,6.97,63
2026,Brașov,"Școala Gimnazială „Peter Thal”, Râșnov",7.4,7.73,7.06,89
2026,Brașov,"Colegiul „Nicolae Titulescu”, Brașov",7.4,7.42,7.38,32
2026,Brașov,"Școala Gimnazială Nr. 4, Zărnești",7.35,7.3,7.41,11
2026,Brașov,"Școala Gimnazială Nr. 1, Făgăraș",7.32,7.48,7.17,103
2026,Brașov,Școala Gimnazială Sânpetru,7.31,7.58,7.05,37
2026,Brașov,"Liceul Vocational de Muzică „Tudor Ciortea”, Brașov",7.28,7.54,7.03,31
2026,Brașov,"Școala Gimnazială Nr. 13, Brașov",7.26,7.27,7.25,92
2026,Brașov,Școala Gimnazială Șinca Nouă,7.25,7.05,7.16,15
2026,Brașov,"Școala Gimnazială Nr. 9 „Nicolae Orghidan”, Brașov",7.23,7.39,7.08,79
2026,Brașov,"Școala Gimnazială Nr. 4, Brașov",7.21,7.53,6.9,27
2026,Brașov,"Liceul „Andrei Mureșanu”, Brașov",7.17,7.3,7.04,74
2026,Brașov,"Școala Gimnazială „Mihai Eminescu”, Hărman",7.1,7.46,6.74,22
2026,Brașov,"Liceul Teoretic „George Moroianu”, Săcele",7.07,7.3,6.68,78
2026,Brașov,"Liceul Teoretic „Ioan Pascu”, Codlea",7.07,7.35,6.69,50
2026,Brașov,"Liceul Teoretic „I.C. Drăgușanu”, Victoria",7.06,7.34,6.79,47
2026,Brașov,"Școala Gimnazială Nr. 1, Poiana Mărului",7.05,7.54,6.57,31
2026,Brașov,"Școala Gimnazială „Ovid Densușianu”, Făgăraș",7.01,7.47,6.56,101
2026,Brașov,"Școala Gimnazială Nr. 14 „Sfântul Bartolomeu”, Brașov",6.98,7.4,6.57,78
2026,Brașov,"Școala Gimnazială „Sfinții Brâncoveni”, Sâmbăta de Sus",6.98,7.25,6.72,13
2026,Brașov,"Școala Gimnazială Nr. 16, Brașov",6.96,7.33,6.59,21
2026,Brașov,"Școala Gimnazială Nr. 4 „Frații Popeea”, Săcele",6.94,7.4,6.48,45
2026,Brașov,"Colegiul Tehnic „Mircea Cristea”, Brașov",6.89,6.96,6.82,31
2026,Brașov,Școala Gimnazială Ghimbav,6.86,7.29,6.44,58
2026,Brașov,"Școala Gimnazială Nr. 3 „Pompiliu Dan”, Zărnești",6.85,7.08,6.63,17
2026,Brașov,Liceul cu Program Sportiv Brașov,6.84,6.78,6.91,18
2026,Brașov,"Școala Gimnazială, Moieciu de Sus",6.84,7.35,6.33,5
2026,Brașov,"Liceul Vocational de Arte Plastice „Hans Mattis-Teutsch”, Brașov",6.84,7.09,6.59,35
2026,Brașov,"Liceul „Sextil Pușcariu”, Bran",6.79,6.75,6.83,20
2026,Brașov,"Liceul Teoretic „Zajzoni Rab István”, Săcele",6.76,6.75,5.76,14
2026,Brașov,Școala Gimnazială Prejmer,6.74,7.41,6.07,22
2026,Brașov,"Școala Gimnazială Nr. 15, Brașov",6.72,6.94,6.34,72
2026,Brașov,"Liceul Teoretic „Mitropolit Ioan Metianu”, Zărnești",6.7,6.71,6.7,57
2026,Brașov,"Școala Gimnazială, Dumbrăvița",6.67,6.83,6.51,18
2026,Brașov,"Școala Gimnazială Nr. 31, Brașov",6.61,6.97,6.25,43
2026,Brașov,"Școala Gimnazială, Vulcan",6.6,7.02,6.18,45
2026,Brașov,"Școala Gimnazială Nr. 1 „Gheorghe Crăciun”, Zărnești",6.55,7.02,6.09,46
2026,Brașov,"Colegiul Național „Doamna Stanca”, Făgăraș",6.52,6.89,6.34,50
2026,Brașov,Școala Gimnazială „Regele Mihai I” Bod,6.43,6.67,6.2,21
2026,Brașov,"Liceul Teoretic „Mihail Săulescu”, Predeal",6.29,6.45,6.13,17
2026,Brașov,"Școala Gimnazială, Purcăreni",6.13,6.56,5.71,20
2026,Brașov,"Școala Gimnazială, Hălchiu",6.12,6.33,5.9,45
2026,Brașov,"Școala Gimnazială „Prof. Dr. Ioan Cerghit”, Hârseni",6.08,5.94,6.22,14
2026,Brașov,"Școala Gimnazială, Șercaia",6.07,6.5,5.64,11
2026,Brașov,"Școala Gimnazială, Drăușeni",6.03,5.2,6.09,4
2026,Brașov,"Școala Gimnazială „Gheorghe Șincai”, Șinca Veche",6.02,5.25,6.8,8
2026,Brașov,"Școala Gimnazială „I. C. Drăgușanu”, Drăguș",6.02,6.41,5.63,18
2026,Brașov,"Liceul „Petru Rareș”, Feldioara",5.93,6.21,5.66,32
2026,Brașov,"Școala Gimnazială Nr. 3, Râșnov",5.9,5.92,5.88,45
2026,Brașov,"Școala Gimnazială Nr. 2, Codlea",5.85,6.36,5.35,28
2026,Brașov,"Școala Gimnazială, Hoghiz",5.78,5.33,5.68,22
2026,Brașov,"Școala Gimnazială, Vama Buzăului",5.73,6.32,5.15,28
2026,Brașov,"Colegiul Tehnic Energetic „Remus Răduleț”, Brașov",5.62,5.96,5.28,17
2026,Brașov,Școala Gimnazială Teliu,5.6,5.75,5.25,49
2026,Brașov,"Școala Gimnazială „General Ioan Boeriu”, Recea",5.49,5.5,5.48,18
2026,Brașov,"Liceul Teologic Ortodox „Sf. Constantin Brâncoveanu”, Făgăraș",5.37,5.87,4.87,16
2026,Brașov,"Școala Gimnazială, Homorod",5.33,5.87,4.79,15
2026,Brașov,"Școala Gimnazială „Apáczai Csere János”, Apața",5.3,5.78,4.39,26
2026,Brașov,Școala Gimnazială Vlădeni,5.29,6.01,4.58,4
2026,Brașov,"Școala Gimnazială, Ucea de Jos",5.24,5.53,4.95,16
2026,Brașov,"Școala Gimnazială, Holbav",5.19,5.31,5.07,12
2026,Brașov,Școala Gimnazială Mândra,5.03,5.3,4.77,4
2026,Brașov,"Școala Gimnazială, Rupea",5.0,5.45,4.26,48
2026,Brașov,"Școala Gimnazială Nr. 7, Făgăraș",4.88,4.96,4.8,17
2026,Brașov,"Școala Gimnazială, Cața",4.85,4.27,5.36,16
2026,Brașov,"Școala Gimnazială, Perșani",4.82,3.59,6.05,19
2026,Brașov,"Școala Gimnazială Nr. 2 „Academician Nicolae Zamfir”, Zărnești",4.81,5.24,4.38,22
2026,Brașov,Școala Gimnazială Comăna de Jos,4.73,5.26,4.21,11
2026,Brașov,Școala Gimnazială „Lisa”,4.71,4.54,4.89,8
2026,Brașov,"Școala Gimnazială Nr. 1, Râșnov",4.69,4.54,4.85,8
2026,Brașov,Școala Gimnazială Crihalma,4.53,5.01,4.06,9
2026,Brașov,"Școala Gimnazială „Aron Pumnul”, Cuciulata",4.47,4.72,4.24,23
2026,Brașov,Școala Gimnazială Părău,4.47,4.61,4.33,16
2026,Brașov,Școala Gimnazială Șercăița,4.43,3.33,5.53,6
2026,Brașov,"Școala Gimnazială „Bethlen Samuel”, Racoș",4.4,4.06,3.87,29
2026,Brașov,Școala Gimnazială Măieruș,4.38,4.72,3.93,27
2026,Brașov,"Școala Gimnazială, Satu Nou",4.36,3.65,4.0,3
2026,Brașov,Școala Gimnazială Cincu,4.35,4.45,4.26,15
2026,Brașov,Școala Gimnazială Augustin,4.22,4.72,3.66,25
2026,Brașov,Școala Gimnazială Bărcut,4.16,4.37,3.95,6
2026,Brașov,Școala Gimnazială Tărlungeni,4.12,4.04,3.81,30
2026,Brașov,Școala Gimnazială Voila,4.11,4.52,3.71,9
2026,Brașov,Școala Gimnazială Șoarș,4.1,4.65,3.55,11
2026,Brașov,"Școala Gimnazială Nr. 1, Săcele",4.05,4.16,3.94,21
2026,Brașov,Școala Gimnazială Bunești,4.0,4.26,3.75,17
2026,Brașov,"Școala Gimnazială, Jibert",3.93,4.35,3.52,15
2026,Brașov,Școala Gimnazială Viștea de Jos,3.79,3.83,3.76,8
2026,Brașov,"Școala Gimnazială, Ormeniș",3.61,3.34,3.52,16
2026,Brașov,"Liceul Tehnologic „Victor Jinga”, Săcele",3.49,3.89,3.1,16
2026,Brașov,Școala Gimnazială Zizin,3.35,3.28,3.42,49
2026,Brașov,Școala Gimnazială Dăișoara,3.27,2.78,3.77,7
2026,Brașov,"Școala Gimnazială Nr. 5, Săcele",3.13,3.01,3.25,44
2026,Brașov,"Școala Gimnazială, Crizbav",3.09,3.33,2.85,25
2026,Brașov,Școala Gimnazială Budila,3.07,2.94,3.19,49
2026,Brașov,Școala Gimnazială Ticușu,3.07,2.94,3.2,12
2026,Brașov,"Liceul Tehnologic „Aurel Vijoli”, Făgăraș",3.03,3.19,2.87,13
2026,Brașov,Școala Gimnazială Ungra,2.82,2.73,2.92,13
2026,Brașov,"Școala Gimnazială Nr. 4, Făgăraș",2.55,2.27,2.75,15
2026,Brăila,Colegiul Național „Gheorghe Munteanu Murgoci”,8.94,8.96,8.92,28
2026,Brăila,Colegiul Național „Nicolae Iorga”,8.45,8.32,8.59,29
2026,Brăila,Colegiul Național „Nicolae Bălcescu”,8.24,8.41,8.08,23
2026,Brăila,Școala Gimnazială „Fănuș Neagu”,8.21,8.5,7.92,81
2026,Brăila,Școala Gimnazială „Ion Creangă”,8.2,8.46,7.94,74
2026,Brăila,Colegiul Național Pedagogic „Dumitru Panaitescu Perpessicius”,8.14,8.43,7.85,50
2026,Brăila,Școala Gimnazială „Alexandru Ioan Cuza”,7.79,8.09,7.5,57
2026,Brăila,Școala Gimnazială „Ion Luca Caragiale”,7.74,7.96,7.52,43
2026,Brăila,Școala Gimnazială „Mihu Dragomir”,7.72,7.82,7.63,46
2026,Brăila,Școala Gimnazială „Mihai Eminescu”,7.63,8.03,7.23,96
2026,Brăila,Școala Gimnazială „George Coșbuc”,7.55,7.72,7.39,24
2026,Brăila,Școala Gimnazială „Dr. Luca”,7.45,7.61,7.29,16
2026,Brăila,Colegiul Național „Ana Aslan”,7.44,7.6,7.29,48
2026,Brăila,Școala Gimnazială „Mihai Viteazul”,7.37,7.42,7.32,19
2026,Brăila,"Școala Gimnazială, Jirlău",7.34,7.26,7.18,19
2026,Brăila,"Liceul Tehnologic „Nicolae Titulescu”, Însurăței",7.32,7.62,7.03,11
2026,Brăila,Școala Gimnazială „Vlaicu Vodă”,7.22,7.43,7.02,34
2026,Brăila,Școala Gimnazială „Gemenele”,7.13,7.59,6.67,10
2026,Brăila,Școala Gimnazială „Dimitrie Cantemir”,7.04,7.37,6.71,31
2026,Brăila,Școala Gimnazială „Vasile Alecsandri”,7.01,7.19,6.84,40
2026,Brăila,Școala Gimnazială „Radu Tudoran”,7.01,7.13,6.9,30
2026,Brăila,Școala Gimnazială „Ion Băncilă”,7.01,7.22,6.79,41
2026,Brăila,Școala Gimnazială „Alexandru Vechiu”,6.72,7.09,6.36,17
2026,Brăila,Școala Gimnazială Chiscani,6.7,7.13,6.27,14
2026,Brăila,Școala Gimnazială Tichilești,6.65,6.71,6.6,16
2026,Brăila,Școala Gimnazială Romanu,6.62,6.46,6.46,10
2026,Brăila,Liceul de Arte „Hariclea Darclee”,6.6,7.06,6.15,49
2026,Brăila,Școala Gimnazială „Aurel Vlaicu”,6.59,7.46,5.72,8
2026,Brăila,"Școala Gimnazială Salcia, Tudor",6.52,6.6,6.19,18
2026,Brăila,"Școala Gimnazială „Spiru Haret”, Însurăței",6.51,6.67,6.36,15
2026,Brăila,Școala Gimnazială Unirea,6.51,6.9,6.13,4
2026,Brăila,Școala Gimnazială „Ecaterina Teodoroiu”,6.49,6.71,6.27,28
2026,Brăila,Școala Gimnazială „Mihail Kogălniceanu”,6.48,6.68,6.29,15
2026,Brăila,Școala Gimnazială Movila Miresii,6.45,6.29,6.56,21
2026,Brăila,Liceul Teoretic „George Valsan”,6.38,6.59,6.18,18
2026,Brăila,Școala Gimnazială „General Stan Poetaș”,6.37,6.94,5.81,23
2026,Brăila,Școala Gimnazială Bordei Verde,6.35,7.1,5.6,18
2026,Brăila,Școala Gimnazială „Aleksandr Sergheevici Pușkin”,6.31,6.56,6.07,15
2026,Brăila,Liceul Tehnologic „Nicolae Oncescu”,6.31,6.36,6.26,24
2026,Brăila,Școala Gimnazială „Nicolae Grigore Mărășanu”,6.25,6.79,5.71,19
2026,Brăila,Școala Gimnazială Victoria,6.21,5.95,6.47,15
2026,Brăila,Școala Gimnazială „Sfântul Andrei”,6.2,6.61,5.79,15
2026,Brăila,Școala Gimnazială „Nedelcu Chercea”,6.18,6.33,6.04,14
2026,Brăila,Școala Gimnazială Tătaru,6.17,6.47,5.88,10
2026,Brăila,Școala Gimnazială Bărăganul,6.17,6.09,6.26,14
2026,Brăila,"Școala Gimnazială „Toma Tâmpeanu”, Galbenu",6.17,6.77,5.56,15
2026,Brăila,Școala Gimnazială Râmnicelu,6.12,6.88,5.38,7
2026,Brăila,"Școala Profesională „Anastase Simu”, Cireșu",6.11,6.6,5.62,13
2026,Brăila,Școala Gimnazială Frecăței,6.09,5.39,6.78,18
2026,Brăila,Liceul Teoretic „Constantin Angelescu”,6.06,6.48,5.64,34
2026,Brăila,Școala Gimnazială Baldovinești,5.99,6.23,5.75,11
2026,Brăila,"Școala Gimnazială, Drogu",5.96,6.31,5.62,14
2026,Brăila,Școala Gimnazială Dudești,5.93,5.81,6.06,14
2026,Brăila,Școala Gimnazială Berteștii de Jos,5.92,6.15,5.7,12
2026,Brăila,Școala Gimnazială Traian,5.91,6.85,4.98,11
2026,Brăila,Școala Gimnazială Stăncuța,5.89,6.43,5.35,10
2026,Brăila,Școala Gimnazială „Vasile Băncilă”,5.84,6.8,4.88,12
2026,Brăila,Școala Gimnazială „Cuza Vodă”,5.76,6.29,5.24,14
2026,Brăila,Școala Gimnazială „Costache Grigore Șuțu”,5.75,5.78,5.73,17
2026,Brăila,Liceul cu Program Sportiv,5.74,5.94,5.55,54
2026,Brăila,"Școala Gimnazială „Petre Carp”, Tufești",5.74,6.17,5.32,28
2026,Brăila,Școala Gimnazială Plopu,5.67,6.3,5.04,6
2026,Brăila,Școala Gimnazială „Mihai Bravu”,5.66,5.14,6.19,13
2026,Brăila,Școala Gimnazială Gropeni,5.57,6.31,4.83,18
2026,Brăila,"Școala Gimnazială, Lanurile",5.56,6.11,5.02,10
2026,Brăila,Școala Gimnazială Cazasu,5.39,5.1,5.68,5
2026,Brăila,"Școala Gimnazială, Roșiori",5.37,5.39,5.36,15
2026,Brăila,Școala Gimnazială Surdila-Găiseanca,5.32,5.45,5.2,14
2026,Brăila,Școala Gimnazială Ciocile,5.29,5.46,5.13,17
2026,Brăila,Școala Gimnazială Valea Cânepii,5.28,5.59,4.97,8
2026,Brăila,"Școala Gimnazială, Siliștea",5.25,5.76,4.75,14
2026,Brăila,Școala Gimnazială „Mircea cel Bătrân”,5.18,5.91,4.45,14
2026,Brăila,Școala Gimnazială „Spiru Haret”,5.15,5.28,5.04,14
2026,Brăila,Școala Gimnazială Vădeni,5.1,5.02,5.19,11
2026,Brăila,"Liceul Tehnologic „Matei Basarab”, Măxineni",5.03,5.79,4.26,19
2026,Brăila,Școala Gimnazială Viziru,4.96,5.49,4.44,17
2026,Brăila,Școala Gimnazială „Mihail Sadoveanu”,4.94,5.24,4.4,8
2026,Brăila,Școala Gimnazială Racovița,4.85,4.91,4.79,8
2026,Brăila,Școala Gimnazială „Aurel Horneț”,4.67,4.49,4.84,10
2026,Brăila,Școala Gimnazială Vișani,4.62,4.51,4.74,14
2026,Brăila,Liceul Tehnologic „Anghel Saligny”,4.45,5.04,3.87,17
2026,Brăila,Școala Profesională „Emil Drăgan”,4.2,4.94,3.46,8
2026,Brăila,"Școala Gimnazială, Surdila Greci",4.16,4.1,4.23,6
2026,Brăila,Școala Gimnazială „Anton Pann”,3.97,3.91,4.04,28
2026,București,Colegiul Național „Gheorghe Lazăr”,9.5,9.5,9.51,29
2026,București,Colegiul Național de Informatică „Tudor Vianu”,9.46,9.42,9.51,50
2026,București,Colegiul Național „Grigore Moisil”,9.44,9.42,9.47,55
2026,București,"Școala Gimnazială Metropolitană, Arc",9.38,9.45,9.31,23
2026,București,Colegiul Național „Spiru Haret”,9.37,9.33,9.41,28
2026,București,Colegiul Național „Cantemir Vodă”,9.35,9.46,9.24,29
2026,București,Liceul Internațional Ioanid,9.31,9.39,9.23,42
2026,București,Liceul Teoretic Școala Europeană București,9.28,9.44,9.14,73
2026,București,Colegiul Național „I.L. Caragiale”,9.28,9.32,9.24,26
2026,București,Liceul Teoretic Școala Mea,9.26,9.3,9.21,41
2026,București,Școala Gimnazială SEB,9.22,9.2,9.25,11
2026,București,Liceul Pedagogic „Anastasia Popescu”,9.18,9.19,9.18,51
2026,București,Colegiul Național Bilingv „George Coșbuc”,9.17,9.2,9.14,86
2026,București,Școala Primară „Little Genius”,9.16,9.26,9.06,9
2026,București,"Școala Gimnazială „Helikon”, București",9.12,9.11,9.13,22
2026,București,Școala Gimnazială „Copil Dorit”,9.09,9.03,9.14,9
2026,București,Complexul Educațional Laude-Reut,9.05,9.04,9.07,44
2026,București,Liceul European Bilingv,9.01,9.07,8.97,17
2026,București,Liceul Teoretic „Sfinții Trei Ierarhi”,9.0,9.13,8.87,38
2026,București,Școala Gimnazială „I. G. Duca”,8.99,8.95,9.02,116
2026,București,Colegiul German „Goethe”,8.94,9.0,8.65,129
2026,București,Școala Gimnazială Nr. 79,8.94,9.04,8.85,197
2026,București,Școala Gimnazială „Step By Step”,8.9,8.86,8.95,15
2026,București,Şcoala Gimnazială „Evrika”,8.85,9.04,8.67,19
2026,București,Liceul Teoretic Național,8.83,8.83,8.83,19
2026,București,Școala Gimnazială „Pia Brătianu”,8.77,8.79,8.76,137
2026,București,Liceul Teoretic German „Idees”,8.75,8.77,8.4,26
2026,București,Școala Gimnazială Nr. 49,8.71,8.87,8.55,130
2026,București,Liceul Teoretic „Genesis College”,8.71,8.83,8.59,43
2026,București,Liceul Teoretic „Just 4 Kids”,8.7,8.83,8.58,41
2026,București,Școala Gimnazială Aletheea,8.7,8.93,8.47,29
2026,București,Liceul Teoretic „Nicolae Iorga”,8.63,8.74,8.53,85
2026,București,Școala Gimnazială Nr. 150,8.58,8.76,8.4,107
2026,București,Școala Gimnazială Nr. 97,8.58,8.66,8.49,188
2026,București,Liceul Teoretic Internațional de Informatică București,8.51,8.56,8.46,215
2026,București,Colegiul Național „Elena Cuza”,8.5,8.71,8.29,53
2026,București,Școala Gimnazială Nr. 56,8.49,8.73,8.26,221
2026,București,Liceul Politehnica,8.48,8.68,8.3,13
2026,București,Liceul Româno-Finlandez,8.48,8.57,8.4,70
2026,București,Școala Gimnazială „I. Heliade Rădulescu”,8.46,8.49,8.45,82
2026,București,Școala Gimnazială „Maria Rosetti”,8.46,8.61,8.32,92
2026,București,Liceul Internațional „King George”,8.46,8.95,7.98,47
2026,București,Colegiul Național „Ion Neculce”,8.44,8.68,8.22,54
2026,București,Liceul Teoretic „Jean Monnet”,8.44,8.54,8.35,82
2026,București,Școala Gimnazială Nr. 195,8.44,8.59,8.3,295
2026,București,Colegiul Național „Victor Babeș”,8.43,8.4,8.45,26
2026,București,Școala Gimnazială „Tudor Arghezi”,8.42,8.47,8.37,74
2026,București,Școala Gimnazială Nr. 179,8.41,8.65,8.17,136
2026,București,Școala Gimnazială „Leonardo Da Vinci”,8.36,8.45,8.27,176
2026,București,Școala Gimnazială „Constantin Brâncuși”,8.34,8.45,8.24,189
2026,București,Școala Gimnazială „Elena Văcărescu”,8.3,8.36,8.28,102
2026,București,Școala Gimnazială Nr. 197,8.29,8.33,8.26,168
2026,București,Școala Gimnazială Orizont,8.27,8.39,8.16,125
2026,București,Școala Gimnazială Herăstrău,8.26,8.33,8.19,179
2026,București,Școala Gimnazială Nr. 81,8.25,8.47,8.04,128
2026,București,Școala Gimnazială „Liberă Waldorf”,8.23,8.34,8.13,16
2026,București,Școala Gimnazială „Titu Maiorescu”,8.23,8.4,8.07,125
2026,București,Școala Gimnazială Nr. 280,8.2,8.3,8.11,185
2026,București,Școala Gimnazială „Smart Kids”,8.18,8.06,8.3,5
2026,București,Școala Gimnazială „Sfântul Andrei”,8.18,8.26,8.1,164
2026,București,Școala Gimnazială „Nicolae Titulescu”,8.17,8.3,8.04,89
2026,București,Liceul Teoretic Mihai Ionescu,8.14,8.17,8.12,59
2026,București,Colegiul Național „Școala Centrală”,8.11,8.41,7.81,98
2026,București,Liceul Teoretic „Dante Alighieri”,8.1,8.03,7.91,83
2026,București,Școala Gimnazială Nr. 194,8.1,8.21,7.99,175
2026,București,Liceul Teoretic „Alexandru Vlahuță”,8.09,8.13,8.14,79
2026,București,Școala Gimnazială Nr. 149,8.09,8.24,7.96,112
2026,București,Colegiul Național „Mihai Eminescu”,8.08,8.13,8.04,48
2026,București,Școala Gimnazială „Vasile Alecsandri”,8.08,8.39,7.77,44
2026,București,Școala Gimnazială „Regina Maria”,8.05,8.11,7.99,199
2026,București,Liceul Teoretic „Ion Barbu”,8.03,8.23,7.84,84
2026,București,Liceul Teoretic „Luca”,8.02,8.29,7.76,15
2026,București,Școala Gimnazială Nr. 307,8.02,8.3,7.76,102
2026,București,Școala Gimnazială „Cezar Bolliac”,8.02,8.16,7.88,97
2026,București,Școala Gimnazială „Mărțișor”,8.01,8.28,7.75,48
2026,București,Colegiul Romano-Catolic „Sfântul Iosif”,8.0,8.33,7.69,84
2026,București,Școala Gimnazială Nr. 88,8.0,8.19,7.81,90
2026,București,Școala Gimnazială Nr. 7,7.98,8.0,7.97,95
2026,București,Școala Gimnazială „Iancului”,7.97,8.24,7.71,82
2026,București,Colegiul Economic „Costin C. Kirițescu”,7.96,8.15,7.78,29
2026,București,Școala Gimnazială „Nicolae Labiș”,7.95,8.11,7.8,177
2026,București,Școala Gimnazială Nr. 156,7.94,8.13,7.76,98
2026,București,Liceul Teoretic „Ștefan Odobleja”,7.93,8.02,7.84,108
2026,București,Liceul Teoretic Bilingv „Miguel de Cervantes”,7.92,8.01,7.84,56
2026,București,Școala Gimnazială Nr. 128,7.92,8.03,7.82,49
2026,București,Școala Gimnazială Nr. 117,7.91,8.09,7.73,165
2026,București,Școala Gimnazială „Ana Lugojana”,7.87,8.26,7.48,13
2026,București,Școala Gimnazială „Sf. Nicolae”,7.86,8.16,7.56,78
2026,București,Școala Gimnazială Nr. 59,7.85,8.07,7.65,130
2026,București,Școala Gimnazială Nr. 24,7.84,8.07,7.61,54
2026,București,Școala Gimnazială „Planeta Copiilor”,7.81,7.95,7.68,6
2026,București,Școala Gimnazială „Federico Garcia Lorca”,7.8,8.0,7.61,94
2026,București,Școala Gimnazială Nr. 27,7.76,7.89,7.63,122
2026,București,Școala Gimnazială „Sfântul Calinic de la Cernica”,7.75,8.05,7.46,68
2026,București,Școala Gimnazială Nr. 5,7.74,7.96,7.53,45
2026,București,Școala Gimnazială „Avram Iancu”,7.73,7.82,7.65,97
2026,București,Școala Gimnazială Nr. 113,7.72,7.94,7.51,169
2026,București,Școala Gimnazială „Petre Ghelmez”,7.72,7.9,7.55,72
2026,București,Școala Gimnazială Nr. 80,7.71,7.87,7.56,131
2026,București,Școala Gimnazială Nr. 190,7.69,7.93,7.46,189
2026,București,Școala Gimnazială Nr. 86,7.68,7.87,7.5,48
2026,București,Școala Gimnazială Nr. 200,7.68,7.77,7.6,22
2026,București,Școala Gimnazială Nr. 184,7.67,7.68,7.67,18
2026,București,Liceul Teoretic „Eugen Lovinescu”,7.67,7.94,7.4,86
2026,București,Școala Gimnazială „Zeppelin Schule”,7.67,7.88,7.45,3
2026,București,Școala Gimnazială „Principesa Margareta”,7.66,7.84,7.49,110
2026,București,Școala Gimnazială Nr. 206,7.65,7.87,7.39,107
2026,București,Școala Gimnazială „Geo Bogza”,7.64,7.64,7.65,71
2026,București,Liceul de Arte Plastice „Nicolae Tonitza”,7.64,7.94,7.35,53
2026,București,Liceul Teoretic Bilingv „Ita Wegman”,7.64,7.84,7.44,52
2026,București,Școala Gimnazială Nr. 129,7.63,7.96,7.31,93
2026,București,Școala Gimnazială „Sfinții Constantin și Elena”,7.61,7.62,7.61,78
2026,București,Școala Gimnazială „Regele Mihai I”,7.59,7.68,7.51,52
2026,București,Școala Gimnazială Nr. 82,7.58,7.76,7.41,128
2026,București,Școala Gimnazială Nr. 142,7.58,7.93,7.24,105
2026,București,Școala Gimnazială Nr. 108,7.58,7.83,7.33,52
2026,București,Școala Gimnazială Nr. 20,7.57,7.71,7.43,84
2026,București,Școala Gimnazială Nr. 51,7.56,7.9,7.23,93
2026,București,Liceul Tehnologic „Sf. Antim Ivireanu”,7.55,7.8,7.31,51
2026,București,Școala Gimnazială Nr. 92,7.55,7.71,7.39,37
2026,București,Școala Gimnazială „Ion I.C. Brătianu”,7.52,7.13,7.92,40
2026,București,Școala Gimnazială Nr. 279,7.51,7.73,7.29,92
2026,București,Școala Gimnazială „Adrian Păunescu”,7.5,7.84,7.17,53
2026,București,Liceul Teoretic Waldorf,7.5,7.57,7.43,30
2026,București,Școala Gimnazială Nr. 169,7.47,7.73,7.2,103
2026,București,Școala Gimnazială Nr. 4,7.44,7.61,7.28,60
2026,București,Școala Gimnazială „Petre Ispirescu”,7.44,7.64,7.24,39
2026,București,Școala Gimnazială „George Bacovia”,7.42,7.61,7.23,121
2026,București,Școala Gimnazială Nr. 62,7.42,7.73,7.1,59
2026,București,Școala Gimnazială Nr. 46,7.41,7.81,7.01,93
2026,București,Liceul Teoretic „Marin Preda”,7.4,7.68,7.12,97
2026,București,Școala Gimnazială Nr. 308,7.4,7.6,7.2,49
2026,București,Școala Gimnazială Nr. 189,7.34,7.41,7.28,67
2026,București,Școala Gimnazială „Mircea Sântimbreanu”,7.31,7.53,7.1,136
2026,București,Școala Gimnazială „Liviu Rebreanu”,7.31,7.44,7.18,85
2026,București,Școala Gimnazială Nr. 119,7.29,7.41,7.18,82
2026,București,Școala Gimnazială „Sfinții Voievozi”,7.28,7.55,7.01,53
2026,București,Școala Gimnazială Nr. 178,7.28,7.44,7.13,95
2026,București,Școala Gimnazială Nr. 28,7.28,7.28,7.29,55
2026,București,Școala Gimnazială Nr. 309,7.28,7.55,7.01,67
2026,București,Școala Gimnazială „Luceafărul”,7.25,7.26,7.25,64
2026,București,Școala Gimnazială Nr. 39,7.22,7.28,7.17,160
2026,București,Școala Gimnazială „Sfânta Treime”,7.21,7.31,7.11,65
2026,București,Școala Gimnazială Nr. 133,7.2,7.58,6.83,108
2026,București,Școala Gimnazială Nr. 96,7.18,7.35,7.01,62
2026,București,Școala Gimnazială Nr. 188,7.12,7.32,6.93,49
2026,București,Școala Gimnazială „Eugen Barbu”,7.12,7.23,7.02,47
2026,București,Școala Gimnazială Nr. 67,7.1,7.72,6.48,60
2026,București,Școala Gimnazială Nr. 112,7.1,7.31,6.89,63
2026,București,Școala Gimnazială „Mihai Botez”,7.06,7.27,6.86,52
2026,București,Școala Gimnazială „Ion Dumitriu”,7.06,7.3,6.82,55
2026,București,Școala Gimnazială „George Topârceanu”,7.05,7.13,6.98,51
2026,București,Școala Gimnazială Nr. 66,7.04,7.45,6.64,64
2026,București,Școala Gimnazială „Alexandru Ioan Cuza”,7.04,7.24,6.85,85
2026,București,Școala Gimnazială Nr. 143,7.02,7.33,6.72,54
2026,București,Liceul Greco-Catolic „Timotei Cipariu”,7.01,7.44,6.58,60
2026,București,Școala Gimnazială „Emil Racoviță”,6.99,7.1,6.88,93
2026,București,Liceul de Coregrafie „Floria Capsali”,6.95,7.57,6.33,20
2026,București,Școala Gimnazială „Ferdinand I”,6.94,7.45,6.43,39
2026,București,Școala Gimnazială Nr. 311,6.93,7.15,6.72,72
2026,București,Școala Gimnazială Nr. 131,6.91,7.13,6.7,79
2026,București,Școala Gimnazială Nr. 31,6.88,6.82,6.94,64
2026,București,Școala Gimnazială Nr. 77,6.87,6.79,6.96,47
2026,București,Liceul Teoretic „Dimitrie Bolintineanu”,6.87,7.05,6.69,77
2026,București,Școala Gimnazială Nr. 135,6.86,7.3,6.43,66
2026,București,Liceul Teoretic „Ady Endre”,6.85,6.61,6.38,9
2026,București,Școala Gimnazială „Ionel Teodoreanu”,6.84,7.0,6.7,104
2026,București,Școala Gimnazială Nr. 78,6.79,7.01,6.59,26
2026,București,Liceul cu Program Sportiv „Mircea Eliade”,6.78,6.77,6.79,56
2026,București,Școala Gimnazială Alexandru Costescu,6.77,7.17,6.37,62
2026,București,Școala Gimnazială „Maria Lazăr”,6.75,6.89,6.62,39
2026,București,Colegiul Național de Muzică „George Enescu”,6.7,7.05,6.36,47
2026,București,Școala Gimnazială Nr. 126,6.69,7.0,6.38,39
2026,București,Școala Gimnazială „Șerban-Vodă”,6.68,7.06,6.31,67
2026,București,Școala Gimnazială Nr. 84,6.68,6.88,6.48,73
2026,București,Școala Gimnazială „Sf. Silvestru”,6.67,6.99,6.34,63
2026,București,Școala Gimnazială Nr. 54,6.63,6.94,6.33,61
2026,București,Școala Gimnazială „Grigorie Ghica Voievod”,6.61,7.04,6.14,109
2026,București,Liceul Teoretic „Lucian Blaga”,6.6,6.95,6.26,45
2026,București,Liceul Teoretic „Nichita Stănescu”,6.6,6.94,6.26,52
2026,București,Școala Gimnazială Nr. 32,6.58,7.13,6.04,33
2026,București,Școala Gimnazială Nr. 167,6.54,6.77,6.31,25
2026,București,Colegiul Național „Emil Racoviță”,6.53,6.74,6.33,46
2026,București,Școala Gimnazială Nr. 85,6.52,6.66,6.38,41
2026,București,Școala Gimnazială Nr. 116,6.51,6.82,6.21,52
2026,București,Școala Gimnazială Nr. 162,6.47,6.74,6.19,45
2026,București,Școala Gimnazială Nr. 99,6.46,6.77,6.15,39
2026,București,Școala Gimnazială Nr. 192,6.45,6.65,6.15,50
2026,București,Școala Gimnazială Nr. 165,6.43,6.49,6.39,74
2026,București,Școala Gimnazială Nr. 124,6.4,6.57,6.23,78
2026,București,Școala Gimnazială Nr. 103,6.39,7.14,5.63,22
2026,București,Școala Gimnazială Nr. 40,6.33,6.64,6.03,64
2026,București,Colegiul Tehnic Feroviar „Mihai I”,6.32,6.48,6.16,27
2026,București,Liceul Teoretic Bulgar „Hristo Botev”,6.29,4.87,7.36,15
2026,București,Școala Gimnazială Nr. 47,6.26,6.58,5.94,20
2026,București,Liceul Teoretic „Atlas”,6.23,6.65,5.81,40
2026,București,Școala Gimnazială Nr. 134,6.14,6.63,5.66,10
2026,București,Școala Gimnazială Nr. 144,6.13,6.7,5.56,21
2026,București,Școala Gimnazială Nr. 163,6.09,6.63,5.55,49
2026,București,Școala Gimnazială Nr. 55,6.06,6.45,5.66,62
2026,București,Școala Gimnazială Nr. 41,6.04,6.36,5.74,44
2026,București,Școala Gimnazială Nr. 13,6.04,5.94,6.14,28
2026,București,Școala Gimnazială Nr. 6,6.04,6.35,5.74,14
2026,București,Școala Gimnazială Nr. 181,6.03,6.62,5.45,35
2026,București,Școala Gimnazială „Grigore Tocilescu”,5.96,6.29,5.64,15
2026,București,Școala Gimnazială Nr. 95,5.95,6.05,5.85,34
2026,București,Școala Gimnazială „Maica Domnului”,5.95,6.21,5.69,41
2026,București,Colegiul Național de Arte „Dinu Lipatti”,5.92,6.26,5.59,48
2026,București,Școala Gimnazială Nr. 136,5.89,6.31,5.47,12
2026,București,Școala Gimnazială Nr. 127,5.68,5.82,5.56,62
2026,București,Școala Gimnazială „General Eremia Grigorescu”,5.67,6.18,5.16,63
2026,București,Școala Gimnazială Uruguay,5.64,5.85,5.43,14
2026,București,Școala Gimnazială Nr. 2,5.58,6.05,5.13,38
2026,București,Liceul Teoretic „Decebal”,5.51,5.93,5.08,32
2026,București,Școala Gimnazială „Conil”,5.45,6.08,4.83,5
2026,București,Școala Gimnazială „Rut”,5.37,5.34,5.41,5
2026,București,Școala Gimnazială Nr. 145,5.32,5.5,5.14,17
2026,București,Școala Gimnazială „Ienăchiță Văcărescu”,5.19,5.38,5.01,23
2026,București,Școala Gimnazială Nr. 153,4.98,5.35,4.61,10
2026,București,Școala Gimnazială Nr. 161,4.85,5.1,4.61,16
2026,București,Școala Gimnazială Nr. 168,4.75,4.94,4.56,10
2026,București,Școala Gimnazială Nr. 183,4.74,5.04,4.45,32
2026,București,Școala Gimnazială „George Călinescu”,4.55,5.05,4.07,57
2026,București,Liceul Special Pentru Deficienți de Auz „Sfânta Maria”,4.55,3.86,5.25,11
2026,București,Școala Gimnazială Nr. 125,4.48,5.07,3.8,30
2026,București,Școala Gimnazială „Petrache Poenaru”,4.45,5.11,3.81,30
2026,București,Școala Gimnazială „Barbu Delavrancea”,4.39,4.83,3.97,16
2026,București,Liceul Tehnologic „Sfântul Pantelimon”,4.38,4.39,4.29,17
2026,București,Școala Gimnazială Nr. 25,4.36,4.02,4.7,38
2026,București,Școala Gimnazială Specială pentru Deficienți de Vedere,4.27,5.11,3.44,8
2026,București,Școala Gimnazială nr. 22,4.08,4.84,3.32,8
2026,București,Liceul Tehnologic Special nr. 3,3.18,3.25,3.12,11
2026,Buzău,"Colegiul Național „B. P. Hasdeu”, municipiul Buzău",9.42,9.59,9.25,26
2026,Buzău,"Colegiul Național „Mihai Eminescu”, Municipiul Buzău",8.3,8.71,7.91,27
2026,Buzău,"Colegiul Național Pedagogic „Spiru Haret”, municipiul Buzău",8.1,8.41,7.79,76
2026,Buzău,"Școala Gimnazială „George Emil Palade”, Municipiul Buzău",8.04,8.42,7.66,179
2026,Buzău,"Școala Gimnazială „Căpitan Aviator Mircea T. Bădulescu”, Municipiul Buzău",7.98,8.12,7.84,92
2026,Buzău,"Școala Gimnazială Nr. 11, Municipiul Buzău",7.9,8.28,7.53,217
2026,Buzău,"Colegiul Național „Alexandru Vlahuță”, municipiul Râmnicu Sărat",7.9,8.1,7.7,26
2026,Buzău,"Școala Gimnazială Nr. 7, Municipiul Buzău",7.88,8.32,7.43,121
2026,Buzău,"Școala Gimnazială „Constantin Brâncoveanu”, Municipiul Râmnicu Sărat",7.78,7.96,7.61,70
2026,Buzău,"Școala Gimnazială, Comuna Blăjani",7.41,7.81,7.01,8
2026,Buzău,"Școala Gimnazială, Comuna Odăile",7.4,7.25,7.55,3
2026,Buzău,"Liceul Teoretic „Nicolae Iorga”, Oraș Nehoiu",7.38,7.7,7.07,33
2026,Buzău,"Școala Gimnazială Sat Lipia, Comuna Merei",7.36,7.6,7.12,12
2026,Buzău,"Școala Gimnazială „Ing. Oprișan Iarca”, Comuna Unguriu",7.35,7.84,6.87,11
2026,Buzău,"Școala Gimnazială Sat Modreni, Comuna Valea Salciei",7.34,8.28,6.4,3
2026,Buzău,"Școala Gimnazială „Sfântul Apostol Andrei”, Municipiul Buzău",7.29,7.7,6.89,62
2026,Buzău,"Școala Gimnazială, Comuna Puiești",7.27,7.65,6.9,11
2026,Buzău,"Școala Gimnazială „Constantin Ivănescu”, Comuna Poșta Câlnău",7.21,7.9,6.52,36
2026,Buzău,"Școala Gimnazială „Nicolae Ioan Jilinschi”, Comuna Vernești",7.15,7.67,6.63,25
2026,Buzău,"Școala Gimnazială, Comuna Stâlpu",7.08,7.5,6.67,15
2026,Buzău,"Școala Gimnazială, Comuna Siriu",7.08,7.54,6.63,15
2026,Buzău,"Liceul Tehnologic, comuna Rușețu",7.04,7.43,6.66,20
2026,Buzău,"Liceul Teoretic „Radu Vladescu”, Oraș Pătârlagele",6.92,7.18,6.65,62
2026,Buzău,"Liceul Teoretic „Ștefan cel Mare”, municipiul Râmnicu Sărat",6.91,6.69,7.14,21
2026,Buzău,"Școala Gimnazială, Comuna Pănătău",6.91,7.13,6.69,14
2026,Buzău,"Școala Gimnazială, Comuna Merei",6.88,7.4,6.36,17
2026,Buzău,"Liceul de Arte „Margareta Sterian”, Municipiul Buzău",6.88,7.38,6.38,52
2026,Buzău,"Școala Gimnazială, Sat Brătilești, Comuna Brăești",6.74,6.92,6.57,15
2026,Buzău,"Școala Gimnazială Înv. Clemența Beșchea, Sat Căpățânești, Comuna Mărăcineni",6.7,6.96,6.44,14
2026,Buzău,Liceul Tehnologic Comuna Lopătari,6.7,7.21,6.19,14
2026,Buzău,"Școala Gimnazială „Nicolae Titulescu”, Municipiul Buzău",6.64,7.19,6.1,10
2026,Buzău,"Școala Gimnazială Sat Plaiul Nucului, Comuna Lopătari",6.55,7.03,6.07,8
2026,Buzău,"Școala Gimnazială „Constantin Giurescu”, Comuna Chiojdu",6.54,7.17,5.92,14
2026,Buzău,"Școala Gimnazială Nr. 1, Comuna Padina",6.46,7.23,5.7,12
2026,Buzău,"Liceul Tehnologic „Sf. Mucenic Sava”, Comuna Bercă",6.45,6.62,6.29,43
2026,Buzău,"Școala Gimnazială Sat Pitulicea, Comuna Glodeanu Sărat",6.45,6.62,6.0,15
2026,Buzău,"Școala Gimnazială „Pamfil Georgian”, Comuna Gura Teghii",6.43,6.55,6.32,16
2026,Buzău,"Școala Gimnazială „Vasile Cristoforeanu”, Municipiul Râmnicu Sărat",6.4,6.68,6.13,69
2026,Buzău,"Școala Gimnazială Sat Păltineni, Oraș Nehoiu",6.4,6.79,6.01,16
2026,Buzău,"Școala Gimnazială „Nicolae Efrimescu”, Comuna Săgeata",6.37,7.03,5.72,24
2026,Buzău,"Școala Gimnazială, Sat Căldărăști, Oraș Pogoanele",6.36,7.09,5.64,7
2026,Buzău,"Școala Gimnazială, Comuna Gherăseni",6.34,7.03,5.65,16
2026,Buzău,"Școala Gimnazială „Nicu Constantinescu”, Municipiul Buzău",6.32,6.67,5.97,6
2026,Buzău,"Școala Gimnazială „Episcop Dionisie Romano”, Municipiul Buzău",6.31,6.74,5.89,45
2026,Buzău,"Liceul Special pentru Deficienți de Vedere, Municipiul Buzău",6.3,8.6,4.0,1
2026,Buzău,"Școala Gimnazială, Comuna Mânzălești",6.27,6.71,5.84,18
2026,Buzău,"Școala Gimnazială „Gheorghe Țițeica”, Comuna Cilibia",6.25,6.67,5.84,14
2026,Buzău,"Școala Gimnazială Sat Oreavul, Comuna Valea Râmnicului",6.16,6.33,6.0,12
2026,Buzău,"Școala Gimnazială, Comuna Smeeni",6.07,6.67,5.47,29
2026,Buzău,"Școala Gimnazială, Comuna Vâlcelele",6.05,5.98,6.13,12
2026,Buzău,"Școala Gimnazială Sat Bâsca Rozilei, Oraș Nehoiu",6.03,6.55,5.52,16
2026,Buzău,"Școala Gimnazială „Vasile Voiculescu”, Comuna Pârscov",6.02,6.52,5.53,24
2026,Buzău,"Școala Gimnazială „P.H. Zangopol”, Municipiul Buzău",6.0,6.45,5.55,13
2026,Buzău,Liceul Teoretic Oraș Pogoanele,5.98,6.69,5.28,25
2026,Buzău,"Școala Gimnazială „Ion Creangă”, Municipiul Buzău",5.97,6.26,5.69,38
2026,Buzău,"Școala Gimnazială Prof. Constantin Dincă, Comuna Ulmeni",5.97,6.58,5.38,12
2026,Buzău,"Școala Gimnazială Nr. 6, Municipiul Râmnicu Sărat",5.97,6.24,5.7,38
2026,Buzău,"Școala Gimnazială, Comuna Bălăceanu",5.97,5.87,6.07,11
2026,Buzău,"Școala Gimnazială „Istrate Gheorghe”, sat Limpeziș, comuna Movila Banului",5.91,6.59,4.99,9
2026,Buzău,"Școala Gimnazială „Calcan Ivan”, Comuna Cochirleanca",5.91,5.81,5.72,17
2026,Buzău,"Școala Gimnazială, Comuna Cernătești",5.87,6.18,5.37,18
2026,Buzău,"Școala Gimnazială, Comuna Valea Râmnicului",5.87,5.88,5.86,11
2026,Buzău,"Liceul cu Program Sportiv „Iolanda Balaș Soter”, Municipiul Buzău",5.86,5.91,5.81,44
2026,Buzău,"Școala Gimnazială, Comuna Costești",5.82,6.05,5.49,33
2026,Buzău,"Școala Gimnazială Sat Maxenu, Comuna Țintești",5.8,6.41,5.19,18
2026,Buzău,"Școala Gimnazială, Comuna Gălbinași",5.77,6.4,5.15,32
2026,Buzău,"Școala Gimnazială, Comuna Buda",5.77,6.43,5.11,31
2026,Buzău,"Școala Gimnazială, Sat Stăncești, Comuna Vadu Pașii",5.76,6.56,4.98,12
2026,Buzău,"Școala Gimnazială, Comuna Sărulești",5.74,6.25,5.23,12
2026,Buzău,"Școala Gimnazială, Comuna Săpoca",5.74,6.31,5.16,14
2026,Buzău,"Școala Gimnazială „Tache și Ecaterina Tocilescu”, Comuna Vintilă Vodă",5.73,5.91,5.57,11
2026,Buzău,"Școala Gimnazială, Sat Izvoru Dulce, Comuna Merei",5.73,6.16,5.3,8
2026,Buzău,"Școala Gimnazială, Comuna Măgura",5.72,6.21,5.23,11
2026,Buzău,"Școala Gimnazială, Comuna Scutelnici",5.7,6.56,4.53,8
2026,Buzău,"Școala Gimnazială, Sat Ursoaia, Comuna Viperești",5.69,6.16,5.23,7
2026,Buzău,"Școala Gimnazială, Comuna Pietroasele",5.68,5.99,5.37,19
2026,Buzău,"Școala Gimnazială Sat Scurtești, Comuna Vadu Pașii",5.63,6.48,4.8,13
2026,Buzău,"Școala Gimnazială Sat Bâsca Chiojdului, Comuna Chiojdu",5.63,6.13,5.14,7
2026,Buzău,"Școala Gimnazială, Comuna Glodeanu Sărat",5.61,5.69,5.33,23
2026,Buzău,"Școala Gimnazială Nr. 2, Comuna Padina",5.57,6.21,4.94,13
2026,Buzău,"Școala Gimnazială, Comuna Brădeanu",5.56,6.44,4.68,12
2026,Buzău,"Școala Gimnazială „Gheorghe Munteanu Murgoci”, Comuna Bisoca",5.55,5.87,5.24,12
2026,Buzău,"Școala Gimnazială Sat Amara, Comuna Balta Alba",5.52,5.89,5.15,12
2026,Buzău,"Școala Gimnazială, Comuna Vadu Pașii",5.49,6.01,4.98,28
2026,Buzău,"Liceul Tehnologic „Dimitrie Filipescu”, Municipiul Buzău",5.49,5.49,5.5,15
2026,Buzău,"Școala Gimnazială „Gheorghe Hariton”, Comuna Săhăteni",5.48,5.76,5.21,14
2026,Buzău,"Școala Gimnazială Sat Potoceni, Comuna Mărăcineni",5.47,6.01,4.94,11
2026,Buzău,"Școala Gimnazială, Comuna Glodeanu Siliștea",5.39,5.5,5.29,26
2026,Buzău,"Școala Gimnazială, Comuna Cozieni",5.33,5.83,4.83,9
2026,Buzău,"Școala Gimnazială Sat Gura Dimienii, Comuna Beceni",5.32,5.3,5.34,11
2026,Buzău,"Școala Gimnazială „Dumitru I. Ionescu”, Comuna Calvini",5.3,5.77,4.83,13
2026,Buzău,"Școala Gimnazială, Comuna Cislău",5.26,5.6,4.91,18
2026,Buzău,"Școala Gimnazială, Comuna Podgoria",5.22,5.69,4.75,19
2026,Buzău,"Școala Gimnazială Sat Pogonele, Comuna Țintești",5.19,5.94,4.45,14
2026,Buzău,"Școala Gimnazială „Constantin Popescu”, Sat Fundeni, Comuna Zărnești",5.17,5.6,4.59,23
2026,Buzău,"Școala Gimnazială Sat Nicolești, Comuna Puiești",5.17,4.36,5.61,9
2026,Buzău,"Școala Gimnazială Sat Haleș, Comuna Tisău",5.15,5.84,4.46,28
2026,Buzău,"Școala Gimnazială Nr. 1, Comuna Cătina",5.14,5.46,4.82,22
2026,Buzău,"Școala Gimnazială, Sat Plevna, Comuna Grebănu",5.12,5.46,4.78,14
2026,Buzău,"Școala Gimnazială, Sat Bâscenii de Sus, Comuna Calvini",5.11,5.24,4.98,9
2026,Buzău,"Școala Gimnazială, Comuna Scorțoasa",5.1,5.37,4.83,14
2026,Buzău,"Școala Gimnazială „Ion Roșca”, Comuna Cochirleanca",5.09,5.73,4.46,23
2026,Buzău,"Școala Gimnazială, Comuna Cănești",5.09,5.19,4.99,4
2026,Buzău,"Școala Gimnazială „Mihail Kogălniceanu”, Municipiul Buzău",5.04,5.57,4.5,25
2026,Buzău,"Școala Gimnazială Înv. Nicolae Ispas, Sat Clondiru, Comuna Ulmeni",4.95,5.63,4.27,14
2026,Buzău,"Școala Gimnazială, Sat Udați, Comuna Smeeni",4.93,5.54,4.33,5
2026,Buzău,"Școala Gimnazială, Comuna Mihăilești",4.91,5.76,4.06,14
2026,Buzău,"Școala Gimnazială, Comuna Topliceni",4.91,5.55,4.25,15
2026,Buzău,"Școala Gimnazială, Comuna Breaza",4.9,5.54,4.27,22
2026,Buzău,"Școala Gimnazială Prof. Dr. Ion Anghel, Comuna Luciu",4.83,5.12,4.55,10
2026,Buzău,"Școala Gimnazială, Comuna Amaru",4.81,5.53,4.1,12
2026,Buzău,"Școala Gimnazială „Gheorghe Vernescu”, Municipiul Râmnicu Sărat",4.75,4.89,4.61,32
2026,Buzău,"Școala Gimnazială, Comuna Boldu",4.73,4.94,4.53,21
2026,Buzău,"Liceul Tehnologic „I. A. Rădulescu Pogoneanu”, oraș Pogoanele",4.71,5.34,4.08,11
2026,Buzău,"Școala Gimnazială, Comuna Largu",4.67,4.64,4.71,8
2026,Buzău,"Școala Gimnazială Sat Valea Părului, Comuna Beceni",4.64,4.98,4.31,15
2026,Buzău,"Școala Gimnazială, Comuna Florica",4.63,4.78,4.49,10
2026,Buzău,"Școala Gimnazială, Comuna Ghergheasa",4.59,4.95,4.24,12
2026,Buzău,"Școala Gimnazială, Comuna C.A. Rosetti",4.52,4.82,4.23,14
2026,Buzău,"Școala Gimnazială, Comuna Bozioru",4.5,5.45,3.55,5
2026,Buzău,"Școala Gimnazială, Comuna Năeni",4.44,4.66,4.22,12
2026,Buzău,"Școala Gimnazială, Comuna Racovițeni",4.39,4.48,4.31,9
2026,Buzău,"Școala Gimnazială, Comuna Brăești",4.38,4.68,4.08,9
2026,Buzău,"Școala Gimnazială, Comuna Robeasca",4.34,4.55,4.13,10
2026,Buzău,"Școala Gimnazială Nr. 1, Comuna Râmnicelu",4.33,4.36,4.3,4
2026,Buzău,"Școala Gimnazială, Comuna Movila Banului",4.28,4.81,3.86,7
2026,Buzău,"Școala Gimnazială, Comuna Viperești",4.26,4.43,4.09,31
2026,Buzău,"Școala Gimnazială Sat Scărișoara, Comuna Cislău",4.23,5.04,3.42,7
2026,Buzău,"Școala Gimnazială, Comuna Ziduri",4.0,4.1,3.9,20
2026,Buzău,"Școala Gimnazială Sat Dedulești, Comuna Topliceni",3.83,4.14,3.52,9
2026,Buzău,"Școala Gimnazială Sat Cândești, Comuna Vernești",3.39,3.5,3.24,29
2026,Buzău,"Școala Gimnazială, Comuna Murgești",3.31,3.75,2.88,4
2026,Buzău,"Școala Gimnazială, Comuna Grebănu",3.25,3.26,3.24,8
2026,Buzău,"Școala Gimnazială „Dr. Ilie Pavel”, Municipiul Râmnicu Sărat",2.93,2.42,3.14,30
2026,Buzău,"Școala Gimnazială Nr. 2, Comuna Râmnicelu",2.77,2.65,2.9,5
2026,Buzău,"Școala Gimnazială, Sat Sările, Comuna Bisoca",2.39,2.01,2.3,10
2026,Caraș-Severin,"Colegiul Național „Traian Lalescu”, Reșița",7.99,8.13,7.85,66
2026,Caraș-Severin,Școala Gimnazială Clocotici,7.81,7.58,7.28,3
2026,Caraș-Severin,"Școala Gimnazială „Marius Șandru”, Reșița",7.55,7.65,7.45,38
2026,Caraș-Severin,Școala Gimnazială „Constantin Daicoviciu”,7.41,7.05,7.78,3
2026,Caraș-Severin,Școala Gimnazială Ramna,7.32,7.73,6.92,3
2026,Caraș-Severin,"Școala Gimnazială Nr. 7, Reșița",7.29,7.43,7.16,65
2026,Caraș-Severin,"Colegiul Național „Traian Doda”, Caransebeș",7.03,7.16,6.9,83
2026,Caraș-Severin,"Colegiul Național „C.D. Loga”, Caransebeș",7.0,7.26,6.74,85
2026,Caraș-Severin,"Școala Gimnazială Nr. 9, Reșița",6.88,6.96,6.81,20
2026,Caraș-Severin,Liceul Teologic Baptist Reșița,6.83,7.33,6.34,42
2026,Caraș-Severin,"Liceul Teoretic „General Dragălina”, Oravița",6.62,6.85,6.4,13
2026,Caraș-Severin,"Școala Gimnazială Nr. 8, Reșița",6.61,6.84,6.37,41
2026,Caraș-Severin,Școala Gimnazială Fizeș,6.6,5.55,7.65,1
2026,Caraș-Severin,"Școala Gimnazială „Trandafir Tămaș”, Marga",6.58,7.13,6.04,7
2026,Caraș-Severin,"Școala Gimnazială Nr. 1, Oțelu Roșu",6.57,6.95,6.18,45
2026,Caraș-Severin,"Liceul Tehnologic „Clisura Dunării”, Moldova Nouă",6.54,6.79,6.31,35
2026,Caraș-Severin,Școala Gimnazială Tirol,6.5,7.28,5.73,14
2026,Caraș-Severin,"Școala Gimnazială „Trandafir Cocîrlă”, Turnu Ruieni",6.39,6.94,5.85,7
2026,Caraș-Severin,"Liceul „Hercules”, Băile Herculane",6.35,6.99,5.71,29
2026,Caraș-Severin,"Școala Gimnazială Nr. 3, Oțelu Roșu",6.27,6.39,6.15,48
2026,Caraș-Severin,Școala Gimnazială Vârciorova,6.25,7.33,5.17,8
2026,Caraș-Severin,"Școala Gimnazială „Sfântul Iacob”, Brebu",6.23,6.58,5.88,12
2026,Caraș-Severin,"Școala Gimnazială „Dr. Ion Sîrbu”, Eftimie Murgu",6.19,6.66,5.73,13
2026,Caraș-Severin,"Școala Gimnazială „Traian Lalescu”, Cornea",6.12,6.45,5.8,3
2026,Caraș-Severin,Școala Gimnazială Târnova,6.12,5.9,6.34,8
2026,Caraș-Severin,Școala Gimnazială Bănia,6.1,6.18,6.03,4
2026,Caraș-Severin,"Liceul Teoretic „Tata Oancea”, Bocșa",6.05,6.35,5.75,19
2026,Caraș-Severin,"Școala Gimnazială, Slatina-Timiș",6.04,6.25,5.82,15
2026,Caraș-Severin,Școala Gimnazială Măureni,6.03,5.85,6.21,12
2026,Caraș-Severin,Școala Profesională Berzovia,6.02,6.58,5.47,10
2026,Caraș-Severin,"Școala Gimnazială „Alexandru Moisi”, Moldova Nouă",5.99,6.28,5.7,19
2026,Caraș-Severin,"Școala Gimnazială „Vasile Versavia”, Naidăș",5.98,6.26,5.71,5
2026,Caraș-Severin,Școala Gimnazială Topleț,5.98,5.36,6.62,11
2026,Caraș-Severin,"Școala Gimnazială „Romul Ladea”, Oravița",5.97,6.41,5.52,45
2026,Caraș-Severin,"Liceul de Arte „Sabin Păuța”, Reșița",5.96,6.5,5.42,21
2026,Caraș-Severin,"Colegiul Național „Diaconovici-Tietz”, Reșița",5.9,6.21,6.02,29
2026,Caraș-Severin,Școala Gimnazială Berliște,5.88,6.58,5.19,8
2026,Caraș-Severin,"Liceul Tehnologic „Decebal”, Caransebeș",5.88,6.51,5.26,26
2026,Caraș-Severin,"Școala Gimnazială „Ioan Ciucurel”, Șoșdea",5.81,5.23,6.4,5
2026,Caraș-Severin,"Școala Gimnazială „Petre Sava Băleanu”, Văliug",5.8,6.68,4.93,2
2026,Caraș-Severin,"Școala Gimnazială, Săcu",5.7,5.64,5.75,6
2026,Caraș-Severin,"Școala Gimnazială „Gheorghe Frățilă”, Glimboca",5.69,6.65,4.73,12
2026,Caraș-Severin,"Colegiul Național „Mircea Eliade”, Reșița",5.68,6.01,5.36,48
2026,Caraș-Severin,Școala Gimnazială Dalboșeț,5.62,5.36,5.88,9
2026,Caraș-Severin,"Liceul Teoretic „Eftimie Murgu”, Bozovici",5.62,6.19,5.05,16
2026,Caraș-Severin,"Școala Gimnazială, Armeniș",5.6,6.03,5.17,7
2026,Caraș-Severin,"Școala Gimnazială, Luncavița",5.57,5.69,5.45,5
2026,Caraș-Severin,"Școala Profesională Agricolă, Cornereva",5.49,5.81,5.18,11
2026,Caraș-Severin,Școala Gimnazială Șopotu Nou,5.46,5.72,5.22,6
2026,Caraș-Severin,Școala Gimnazială Măru,5.46,6.14,4.79,7
2026,Caraș-Severin,Școala Gimnazială Fârliug,5.45,5.73,5.17,10
2026,Caraș-Severin,Școala Gimnazială Iablanița,5.44,5.5,5.39,4
2026,Caraș-Severin,"Școala Gimnazială, Berzasca",5.42,5.19,5.64,9
2026,Caraș-Severin,"Școala Gimnazială „Atanasie Cojocaru”, Pojejena",5.37,5.74,5.01,6
2026,Caraș-Severin,"Școala Gimnazială „Gheorghe Guga”, Răcășdia",5.36,5.99,4.73,8
2026,Caraș-Severin,"Școala Gimnazială „Aurel Peia”, Ezeriș",5.2,4.94,5.46,4
2026,Caraș-Severin,"Liceul Tehnologic „Iosif Coriolan Buracu”, Prigor",5.15,5.34,4.96,14
2026,Caraș-Severin,Școala Gimnazială „Verendin”,5.14,5.62,4.68,12
2026,Caraș-Severin,Școala Gimnazială Petroșnița,5.12,4.62,5.62,14
2026,Caraș-Severin,Școala Gimnazială Cornuțel,5.1,5.07,5.13,4
2026,Caraș-Severin,"Școala Gimnazială „Mihai Peia”, Reșița",5.09,5.11,5.09,24
2026,Caraș-Severin,"Liceul Teoretic Bilingv Româno-Croat, Carașova",5.07,5.57,4.67,6
2026,Caraș-Severin,"Liceul „Mathias Hammer”, Anina",5.06,5.13,5.0,18
2026,Caraș-Severin,"Școala Gimnazială, Lupac",5.05,5.63,4.48,2
2026,Caraș-Severin,Școala Gimnazială Zăvoi,5.02,5.72,4.34,9
2026,Caraș-Severin,"Școala Gimnazială „Pavel Bordan”, Grădinari",5.02,5.04,5.01,9
2026,Caraș-Severin,"Școala Gimnazială Nr. 5, Reșița",5.0,6.45,3.57,4
2026,Caraș-Severin,Școala Gimnazială Borlova,4.93,5.37,4.5,5
2026,Caraș-Severin,Școala Gimnazială Copăcele,4.89,5.15,4.63,2
2026,Caraș-Severin,"Școala Gimnazială Rusca, Teregova",4.85,5.36,4.34,4
2026,Caraș-Severin,Școala Gimnazială Vrani,4.84,4.59,4.63,8
2026,Caraș-Severin,Școala Gimnazială Băuțar,4.84,5.47,4.22,11
2026,Caraș-Severin,Școala Gimnazială Cărbunari,4.79,5.6,3.98,4
2026,Caraș-Severin,"Școala Gimnazială „Petru Oallde”, Forotic",4.78,5.1,4.45,13
2026,Caraș-Severin,Școala Gimnazială Ciudanovița,4.74,5.38,4.1,2
2026,Caraș-Severin,"Școala Gimnazială Nr. 2, Steierdorf",4.73,5.28,4.18,14
2026,Caraș-Severin,"Școala Gimnazială, Dognecea",4.68,4.76,4.6,15
2026,Caraș-Severin,Școala Gimnazială Vermeș,4.65,5.14,4.17,9
2026,Caraș-Severin,Școala Gimnazială Coronini,4.6,4.0,5.21,10
2026,Caraș-Severin,Școala Gimnazială Gruni,4.57,4.56,4.59,5
2026,Caraș-Severin,"Școala Gimnazială Nr. 1, Bocșa",4.55,4.78,4.33,41
2026,Caraș-Severin,Școala Gimnazială „Padina Matei”,4.55,4.93,4.17,3
2026,Caraș-Severin,"Școala Gimnazială Nr. 3, Oravița",4.54,4.86,4.23,6
2026,Caraș-Severin,"Liceul Tehnologic „Nicolae Stoica de Hațeg”, Mehadia",4.51,4.89,4.05,22
2026,Caraș-Severin,"Școala Gimnazială „Sf. Sava”, Socol",4.5,3.71,5.31,10
2026,Caraș-Severin,Școala Gimnazială Sichevița,4.48,4.56,4.4,7
2026,Caraș-Severin,"Școala Gimnazială „Mihai Novac”, Sasca Montană",4.46,4.63,4.29,11
2026,Caraș-Severin,"Liceul Tehnologic „Sf. Dimitrie”, Teregova",4.45,4.94,3.97,15
2026,Caraș-Severin,Școala Gimnazială Cuptoare,4.43,5.14,3.72,5
2026,Caraș-Severin,"Școala Gimnazială, Ciclova Română",4.4,4.09,4.71,8
2026,Caraș-Severin,"Liceul Tehnologic „Dacia”, Caransebeș",4.37,4.71,4.03,8
2026,Caraș-Severin,"Școala Gimnazială „Iuliu Birou”, Ticvaniu Mare",4.29,4.46,4.12,12
2026,Caraș-Severin,Școala Gimnazială Goruia,4.27,4.99,3.55,5
2026,Caraș-Severin,Școala Gimnazială Mehadica,4.08,4.09,4.07,8
2026,Caraș-Severin,Școala Gimnazială Zăgujeni,3.97,4.21,3.74,5
2026,Caraș-Severin,"Școala Gimnazială, Lăpușnicu Mare",3.95,4.15,3.75,4
2026,Caraș-Severin,"Școala Gimnazială, Poiana",3.91,3.03,4.8,7
2026,Caraș-Severin,"Școala Gimnazială, Domașnea",3.9,4.68,3.12,5
2026,Caraș-Severin,Școala Gimnazială Gârnic,3.55,2.6,4.5,2
2026,Caraș-Severin,Școala Gimnazială Maciova,3.53,3.88,3.18,4
2026,Caraș-Severin,Centrul Școlar de Educație Incluzivă „Aurora” Reșița,3.45,3.03,3.88,2
2026,Caraș-Severin,"Școala Gimnazială Nr. 2, Bocșa",3.36,3.21,3.52,19
2026,Caraș-Severin,Școala Gimnazială Obreja,3.26,3.41,3.01,19
2026,Caraș-Severin,"Școala Gimnazială, Ocna de Fier",3.15,3.8,2.5,2
2026,Caraș-Severin,"Școala Gimnazială „J.A. Komensky”, Sfânta Elena",3.12,3.2,3.03,3
2026,Caraș-Severin,"Școala Gimnazială „Ștefan Velovan”, Rusca Montană",2.94,2.64,3.25,5
2026,Cluj,"Liceul Montessori, Cluj-Napoca",9.51,9.57,9.47,4
2026,Cluj,Școala Gimnazială Montessori „Atlas” Cluj-Napoca,9.24,9.1,9.39,5
2026,Cluj,"Liceul Teoretic „ELF”, Cluj-Napoca",9.09,9.09,9.08,77
2026,Cluj,"Colegiul Național „Emil Racoviță”, Cluj-Napoca",8.95,8.86,9.04,70
2026,Cluj,"Școala Gimnazială „Ioan Bob”, Cluj-Napoca",8.76,8.96,8.57,136
2026,Cluj,"Liceul Unitarian „János Zsigmond”, Cluj-Napoca",8.74,8.52,8.34,56
2026,Cluj,"Școala Gimnazială Internațională Spectrum, Cluj-Napoca",8.66,8.39,8.94,19
2026,Cluj,"Școala Gimnazială Reformată „Talentum”, Cluj-Napoca",8.58,8.19,8.11,14
2026,Cluj,"Liceul Teoretic „Avram Iancu”, Cluj-Napoca",8.56,8.68,8.45,108
2026,Cluj,"Liceul Teoretic „Nicolae Bălcescu”, Cluj-Napoca",8.53,8.63,8.44,118
2026,Cluj,"Colegiul Național „Gheorghe Șincai”, Cluj-Napoca",8.52,8.67,8.38,75
2026,Cluj,"Colegiul Ortodox Mitropolitul „Nicolae Colan”, Cluj-Napoca",8.5,8.61,8.4,90
2026,Cluj,"Liceul Teoretic Creștin „Pro Deo”, Cluj-Napoca",8.49,8.69,8.29,50
2026,Cluj,"Școala Gimnazială Gheorghieni, Com. Feleacu",8.46,8.44,7.91,5
2026,Cluj,"Colegiul Național „George Coșbuc”, Cluj-Napoca",8.42,8.54,8.07,94
2026,Cluj,"Transylvania College, The Cambridge International School in Cluj",8.36,8.3,8.43,19
2026,Cluj,"Liceul Teoretic „Petru Maior”, Gherla",8.34,8.48,8.21,31
2026,Cluj,"Școala Gimnazială „Nicolae Titulescu”, Cluj-Napoca",8.34,8.49,8.07,92
2026,Cluj,"Colegiul Național „Andrei Mureșanu”, Dej",8.31,8.4,8.24,29
2026,Cluj,"Colegiul Național Pedagogic „Gheorghe Lazăr”, Cluj-Napoca",8.31,8.31,8.31,53
2026,Cluj,"Liceul Teoretic „Báthory István”, Cluj-Napoca",8.23,8.04,7.71,82
2026,Cluj,"Școala Gimnazială „Iuliu Hațieganu”, Cluj-Napoca",8.18,8.17,8.2,118
2026,Cluj,"Liceul Teoretic „Lucian Blaga”, Cluj-Napoca",8.14,8.35,7.94,80
2026,Cluj,"Liceul Teoretic „Onisifor Ghibu”, Cluj-Napoca",8.11,8.21,7.93,212
2026,Cluj,"Colegiul Național „Mihai Viteazul”, Turda",8.11,8.37,7.85,25
2026,Cluj,"Liceul Teoretic „Apáczai Csere János”, Cluj-Napoca",8.01,8.37,7.02,27
2026,Cluj,"Școala Gimnazială „Ion Creangă”, Cluj-Napoca",7.99,8.22,7.77,140
2026,Cluj,"Liceul de Informatică „Tiberiu Popoviciu”, Cluj-Napoca",7.99,8.04,7.95,162
2026,Cluj,"Școala Gimnazială „Constantin Brâncuși”, Cluj-Napoca",7.98,8.07,7.89,73
2026,Cluj,"Colegiul Național „George Barițiu”, Cluj-Napoca",7.92,8.07,7.77,50
2026,Cluj,"Liceul Teologic Baptist „Emanuel”, Cluj-Napoca",7.88,7.86,7.91,28
2026,Cluj,Liceul Waldorf Cluj-Napoca,7.78,7.48,7.67,45
2026,Cluj,"Liceul de Coregrafie și Artă Dramatică „Octavian Stroia”, Cluj-Napoca",7.75,7.67,7.82,19
2026,Cluj,"Școala Gimnazială „Octavian Goga”, Ciucea, Com. Ciucea",7.74,7.62,7.86,8
2026,Cluj,"Școala Gimnazială Săcuieu, Com. Săcuieu",7.73,8.2,7.27,4
2026,Cluj,"Liceul Teologic Reformat, Cluj-Napoca",7.71,7.44,7.18,28
2026,Cluj,"Liceul Greco-Catolic „Inochentie Micu”, Cluj-Napoca",7.68,7.66,7.71,22
2026,Cluj,"Liceul Teoretic „Mihai Eminescu”, Cluj-Napoca",7.67,7.94,7.42,52
2026,Cluj,"Școala Gimnazială „Ion Agârbiceanu”, Cluj-Napoca",7.65,7.7,7.61,173
2026,Cluj,"Școala Gimnazială „Horea”, Cluj-Napoca",7.63,7.9,7.37,54
2026,Cluj,"Școala Gimnazială „Kos Karoly”, Izvoru Crișului, Com. Izvoru Crișului",7.56,6.93,7.25,10
2026,Cluj,"Școala Gimnazială „Avram Iancu”, Câmpia Turzii",7.56,7.68,7.35,53
2026,Cluj,"Școala Gimnazială „Avram Iancu”, Beliș, Com. Beliș",7.54,7.39,7.71,10
2026,Cluj,"Școala Gimnazială Livada, Com. Iclod",7.54,7.27,7.82,3
2026,Cluj,"Școala Gimnazială „Avram Iancu”, Dej",7.45,7.8,7.11,125
2026,Cluj,"Școala Gimnazială „Liviu Rebreanu”, Cluj-Napoca",7.45,7.64,7.27,106
2026,Cluj,"Școala Gimnazială Unguraș, Com. Unguraș",7.43,6.53,6.87,9
2026,Cluj,"Liceul Tehnologic „Vlădeasa”, Huedin",7.4,7.47,7.03,53
2026,Cluj,"Liceul Teoretic „Jósika Miklós”, Turda",7.4,7.25,6.7,24
2026,Cluj,"Colegiul de Muzică „Sigismund Toduță”, Cluj-Napoca",7.4,7.53,6.8,51
2026,Cluj,"Școala Gimnazială „Ioan Opriș”, Turda",7.33,7.69,6.99,84
2026,Cluj,"Școala Gimnazială „Teodor Murășanu”, Turda",7.31,7.84,6.79,44
2026,Cluj,"Școala Gimnazială „Emil Isac”, Cluj-Napoca",7.28,7.47,7.09,61
2026,Cluj,"Școala Gimnazială „Octavian Goga”, Cluj-Napoca",7.27,7.17,7.16,70
2026,Cluj,"Școala Gimnazială Măguri Răcătău, Com. Măguri Răcătău",7.15,6.95,7.36,13
2026,Cluj,"Liceul Teoretic „Ana Ipătescu”, Gherla",7.06,7.31,6.81,86
2026,Cluj,"Școala Gimnazială „Horea, Cloșca și Crișan”, Turda",7.02,7.53,6.52,43
2026,Cluj,"Școala Profesională „Ady Endre”, Sâncraiu, Com. Sâncraiu",6.98,6.02,6.52,20
2026,Cluj,"Liceul Teoretic „Pavel Dan”, Câmpia Turzii",6.96,7.35,6.58,62
2026,Cluj,"Școala Gimnazială „Mihai Eminescu”, Dej",6.95,7.31,6.6,62
2026,Cluj,"Școala Gimnazială Viișoara, Com. Viișoara",6.93,7.04,6.47,28
2026,Cluj,"Liceul Teoretic „Brassai Samuel”, Cluj-Napoca",6.92,7.17,5.61,18
2026,Cluj,"Școala Gimnazială „Mihai Viteazul”, Câmpia Turzii",6.91,7.65,6.19,48
2026,Cluj,"Școala Gimnazială Nr. 1, Gherla",6.91,7.09,6.73,61
2026,Cluj,"Școala Gimnazială „Alexandru Vaida Voevod”, Cluj-Napoca",6.89,7.21,6.58,77
2026,Cluj,"Școala Gimnazială „George Barițiu”, Jucu de Sus, Com. Jucu",6.89,7.2,6.59,14
2026,Cluj,"Școala Gimnazială „Ioan Bujor”, Petreștii de Jos, Com. Petreștii de Jos",6.85,7.0,6.7,5
2026,Cluj,"Școala Gimnazială Sic, Com. Sic",6.83,6.21,5.95,14
2026,Cluj,"Școala Gimnazială „Pelaghia Roșu”, Mărișel, Com. Mărișel",6.82,6.84,6.8,12
2026,Cluj,"Școala Gimnazială „Mihai Vodă”, Mihai Viteazu, Com. Mihai Viteazu",6.77,7.39,6.15,34
2026,Cluj,"Școala Gimnazială „Ștefan Pascu”, Apahida, Com. Apahida",6.75,7.08,6.42,59
2026,Cluj,"Școala Gimnazială Iara, Com. Iara",6.74,7.28,6.21,9
2026,Cluj,"Liceul de Arte Vizuale „Romulus Ladea”, Cluj-Napoca",6.74,7.22,6.26,30
2026,Cluj,"Școala Gimnazială Someșu Rece, Com. Gilău",6.72,6.87,6.57,9
2026,Cluj,"Liceul Teoretic „Eugen Pora”, Cluj-Napoca",6.72,6.91,6.53,69
2026,Cluj,"Școala Gimnazială „Andrei Șaguna”, Turda",6.71,7.0,6.43,26
2026,Cluj,"Școala Gimnazială „Borbély József”, Săvădisla, Com. Săvădisla",6.7,6.19,5.76,7
2026,Cluj,"Liceul Teoretic „Gelu Voievod”, Gilău",6.69,6.43,6.9,57
2026,Cluj,Școala Gimnazială „George Coșbuc” Dej,6.68,7.18,6.17,55
2026,Cluj,"Școala Gimnazială Câțcău, Com. Câțcău",6.61,6.46,6.76,16
2026,Cluj,"Liceul Teoretic „Kemény Zsigmond”, Gherla",6.56,6.6,5.42,19
2026,Cluj,"Școala Gimnazială „Simion Balint”, Copăceni, Com. Săndulești",6.53,6.9,6.17,11
2026,Cluj,"Școala Gimnazială „Aurel Munteanu”, Valea Drăganului, Com. Poieni",6.46,6.57,6.35,12
2026,Cluj,"Școala Gimnazială Căianu, Com. Căianu",6.43,7.04,5.82,12
2026,Cluj,"Școala Gimnazială Așchileu Mare, Com. Așchileu",6.42,6.85,5.99,4
2026,Cluj,"Școala Gimnazială „Gheorghe Șincai”, Florești, Com. Florești",6.41,6.64,6.19,46
2026,Cluj,"Liceul Teoretic „Dumitru Tăuțan”, Florești",6.41,6.62,6.2,90
2026,Cluj,"Școala Gimnazială Borșa, Com. Borșa",6.36,6.38,5.98,10
2026,Cluj,"Liceul Teoretic „Alexandru Papiu Ilarian”, Dej",6.35,6.79,5.92,50
2026,Cluj,"Școala Gimnazială Căpușu Mare, Com. Căpușu Mare",6.33,6.48,6.03,17
2026,Cluj,"Școala Gimnazială Țaga, Com. Țaga",6.33,6.71,5.95,4
2026,Cluj,"Școala Gimnazială „Luna de Sus”, Com. Florești",6.27,6.45,5.92,31
2026,Cluj,"Școala Gimnazială „Constantin Brâncoveanu”, Baciu, Com. Baciu",6.25,6.55,5.97,22
2026,Cluj,"Școala Gimnazială Pădureni, Com. Tritenii de Jos",6.25,5.73,6.78,2
2026,Cluj,"Școala Gimnazială Ploscoș, Com. Ploscoș",6.23,6.8,5.66,4
2026,Cluj,"Școala Gimnazială Cășeiu, Com. Cășeiu",6.21,5.8,6.63,8
2026,Cluj,"Școala Gimnazială „Muntele Rece”, Com. Măguri Răcătău",6.17,5.71,6.64,6
2026,Cluj,"Școala Gimnazială Chiuiești, Com. Chiuiești",6.14,6.64,5.64,29
2026,Cluj,"Școala Gimnazială Rugășești, Com. Cășeiu",6.13,5.46,6.81,12
2026,Cluj,"Școala Gimnazială „Pavel Dan”, Tritenii de Jos, Com. Tritenii de Jos",6.13,6.56,5.7,16
2026,Cluj,"Școala Gimnazială Moldovenești, Com. Moldovenești",6.1,6.04,5.28,17
2026,Cluj,"Școala Gimnazială Aghireșu, Com. Aghireșu",6.07,6.34,5.81,6
2026,Cluj,"Liceul Teoretic „Octavian Goga”, Huedin",6.07,6.33,5.81,16
2026,Cluj,"Școala Gimnazială Cămărașu, Com. Cămărașu",6.06,6.58,5.55,4
2026,Cluj,"Școala Gimnazială Cătina, Com. Cătina",6.05,7.01,5.09,11
2026,Cluj,"Școala Gimnazială „Avram Iancu”, Turda",6.03,6.35,5.72,29
2026,Cluj,"Școala Gimnazială Cutca, Com. Sânmartin",6.0,5.89,6.11,4
2026,Cluj,"Școala Gimnazială Chinteni, Com. Chinteni",5.99,5.89,6.09,4
2026,Cluj,"Școala Gimnazială Finișel, Com. Săvădisla",5.97,6.03,5.91,6
2026,Cluj,"Școala Gimnazială Sânnicoara, Com. Apahida",5.94,6.26,5.62,19
2026,Cluj,"Școala Gimnazială Iclod, Com. Iclod",5.93,6.28,5.58,10
2026,Cluj,"Școala Gimnazială Ciurila, Com. Ciurila",5.85,6.21,5.49,7
2026,Cluj,"Școala Gimnazială Râșca, Com. Râșca",5.8,6.01,5.6,5
2026,Cluj,"Școala Gimnazială Răchițele, Com. Mărgău",5.8,6.36,5.25,6
2026,Cluj,"Școala Gimnazială Geaca, Com. Geaca",5.77,5.69,5.86,8
2026,Cluj,"Școala Gimnazială „Liviu Dan Mociu”, Com. Mociu",5.76,6.34,5.19,10
2026,Cluj,"Școala Gimnazială „Alexandru Bohațiel”, Vultureni, Com. Vultureni",5.71,5.73,5.7,9
2026,Cluj,"Școala Gimnazială Cuzdrioara, Com. Cuzdrioara",5.7,5.92,5.48,7
2026,Cluj,Liceul cu Program Sportiv Cluj-Napoca,5.7,5.9,5.5,62
2026,Cluj,"Școala Gimnazială Nireș, Com. Mica",5.66,5.78,5.55,17
2026,Cluj,"Școala Gimnazială Boian, Com. Ceanu Mare",5.65,6.29,5.01,9
2026,Cluj,"Școala Gimnazială „Tamas Gyula”, Mera, Com. Baciu",5.65,6.37,5.02,5
2026,Cluj,"Școala Gimnazială Mintiu Gherlii, Com. Mintiu Gherlii",5.64,6.37,4.91,15
2026,Cluj,"Școala Gimnazială Specială Pentru Deficienți de Auz „Kozmutza Flora”, Cluj-Napoca",5.56,4.71,5.0,14
2026,Cluj,"Școala Gimnazială „Nicolae Iorga”, Cluj-Napoca",5.56,5.74,5.38,6
2026,Cluj,"Școala Gimnazială „Gelu Românul”, Dăbâca, Com. Dăbâca",5.38,5.78,4.98,9
2026,Cluj,"Școala Gimnazială Frata, Com. Frata",5.38,5.36,5.4,18
2026,Cluj,"Școala Gimnazială Mănăstireni, Com. Mănăstireni",5.37,5.46,5.29,5
2026,Cluj,"Școala Gimnazială „Mircea Luca”, Băișoara, Com. Băișoara",5.35,5.91,4.81,7
2026,Cluj,"Liceul Special pentru Deficienți de Vedere, Cluj-Napoca",5.35,6.12,4.57,11
2026,Cluj,"Liceul Tehnologic Special pentru Deficienți de Auz, Cluj-Napoca",5.33,4.93,5.73,5
2026,Cluj,"Școala Gimnazială Poieni, Com. Poieni",5.32,5.6,4.74,13
2026,Cluj,"Școala Profesională Bonțida, Com. Bonțida",5.21,5.6,4.83,28
2026,Cluj,"Școala Gimnazială Negreni, Com. Negreni",5.19,5.52,4.86,7
2026,Cluj,"Centrul Școlar Pentru Educație Incluzivă „Miron Ionescu”, Cluj-Napoca",5.07,5.5,4.65,2
2026,Cluj,"Școala Gimnazială Valea Ierii, Com. Valea Ierii",5.01,6.45,3.58,2
2026,Cluj,"Școala Gimnazială Tureni, Com. Tureni",5.0,5.31,4.69,14
2026,Cluj,"Școala Gimnazială Călărași, Com. Călărași",4.95,5.75,4.16,13
2026,Cluj,"Școala Gimnazială „Lia Manoliu”, Cornești, Com. Cornești",4.95,5.73,4.17,7
2026,Cluj,"Școala Gimnazială Batin, Com. Unguraș",4.88,5.77,4.0,5
2026,Cluj,"Școala Gimnazială Gârbău, Com. Gârbău",4.86,5.33,4.4,2
2026,Cluj,"Școala Gimnazială Buza, Com. Buza",4.81,5.0,4.58,5
2026,Cluj,"Școala Gimnazială Palatca, Com. Palatca",4.81,5.0,4.62,3
2026,Cluj,"Școala Gimnazială „Vaida Cămăraș”, Com. Căianu",4.8,2.7,4.9,1
2026,Cluj,"Școala Gimnazială „Iuliu Hațieganu”, Panticeu, Com. Panticeu",4.79,5.13,4.46,8
2026,Cluj,"Școala Gimnazială Aluniș, Com. Aluniș",4.76,5.09,4.44,9
2026,Cluj,"Școala Gimnazială Vad, Com. Vad",4.72,5.25,4.2,12
2026,Cluj,"Școala Gimnazială „Ioan Alexandru”, Sânpaul, Com. Sânpaul",4.72,5.04,4.4,19
2026,Cluj,"Școala Gimnazială Aghireșu - Fabrici, Com. Aghireșu",4.66,4.89,4.35,21
2026,Cluj,"Școala Gimnazială Rogojel, Com. Săcuieu",4.62,5.75,3.5,1
2026,Cluj,"Școala Gimnazială Ceanu Mare, Com. Ceanu Mare",4.61,4.65,4.24,16
2026,Cluj,"Școala Gimnazială Suceagu, Com. Baciu",4.6,4.38,4.83,5
2026,Cluj,"Școala Gimnazială „Ștefan Micle”, Feleacu, Com. Feleacu",4.52,5.15,3.9,2
2026,Cluj,"Școala Gimnazială Cojocna, Com. Cojocna",4.5,4.9,4.1,15
2026,Cluj,"Școala Profesională Specială „Samus”, Cluj-Napoca",4.4,3.45,5.35,1
2026,Cluj,"Școala Gimnazială „Alexandru Vaida Voevod”, Bobâlna, Com. Bobâlna",4.32,4.85,3.8,8
2026,Cluj,"Școala Gimnazială Călățele, Com. Călățele",4.3,4.92,3.7,3
2026,Cluj,"Școala Gimnazială Suatu, Com. Suatu",3.98,4.11,3.69,8
2026,Cluj,"Școala Gimnazială „Traian Gărduș”, Luncani, Com. Luna",3.94,4.47,3.41,10
2026,Cluj,"Școala Gimnazială Luna, Com. Luna",3.92,4.49,3.35,4
2026,Cluj,"Școala Gimnazială „Traian Dârjan”, Cluj-Napoca",3.82,3.68,3.54,20
2026,Cluj,"Școala Gimnazială Cara, Com. Cojocna",3.49,3.24,3.75,7
2026,Cluj,Centrul Școlar Pentru Educație Incluzivă Cluj-Napoca,3.28,3.07,3.5,3
2026,Cluj,"Școala Profesională, Poiana Turda",2.84,2.68,3.0,20
2026,Constanța,"Colegiul Național „Mircea cel Bătrân”, Constanța",9.35,9.33,9.37,84
2026,Constanța,"Liceul Teoretic „Ovidius”, Constanța",9.15,9.25,9.06,77
2026,Constanța,"Liceul Teoretic „Traian”, Constanța",9.11,9.08,9.14,54
2026,Constanța,"Colegiul Național „Mihai Eminescu”, Constanța",8.7,8.71,8.7,26
2026,Constanța,"Liceul Teoretic „George Călinescu”, Constanța",8.43,8.51,8.35,31
2026,Constanța,"Liceul Teoretic „Decebal”, Constanța",8.42,8.4,8.45,52
2026,Constanța,"Școala Gimnazială „Spectrum”, Constanța",8.39,8.36,8.43,63
2026,Constanța,"Școala Gimnazială „Petre Ispirescu”, Constanța",8.37,8.71,8.04,14
2026,Constanța,"Școala Gimnazială Nr. 29 „Mihai Viteazul”, Constanța",8.25,8.17,8.33,96
2026,Constanța,Școala Gimnazială „School Of London” Constanța,8.17,8.29,8.05,16
2026,Constanța,"Școala Gimnazială Nr. 24 „Ion Jalea”, Constanța",8.07,8.19,7.97,140
2026,Constanța,"Școala Gimnazială Nr. 30 „Gheorghe Țițeica”, Constanța",8.07,8.19,7.95,148
2026,Constanța,"Școala Gimnazială Nr. 39 „Nicolae Tonitza”, Constanța",8.05,8.15,7.96,144
2026,Constanța,"Colegiul Național Pedagogic „Constantin Brătescu”, Constanța",8.01,8.19,7.84,58
2026,Constanța,"Școala Gimnazială Nr. 7 „Remus Opreanu”, Constanța",7.93,8.03,7.83,114
2026,Constanța,"Liceul Teoretic „Educational Center”, Constanța",7.88,8.07,7.69,24
2026,Constanța,"Școala Gimnazială Nr. 28 „Dan Barbilian”, Constanța",7.86,8.12,7.59,76
2026,Constanța,"Școala Gimnazială Nr. 37, Constanța",7.82,8.09,7.55,110
2026,Constanța,"Liceul Teoretic „Carmen Sylva”, Eforie",7.8,7.86,7.74,24
2026,Constanța,"Școala Gimnazială Nr. 43 „Ferdinand”, Constanța",7.71,7.96,7.47,44
2026,Constanța,"Școala „Sfinții Martiri Brâncoveni”, Constanța",7.6,7.76,7.44,11
2026,Constanța,"Școala Gimnazială „Ion Creangă”, Albești",7.59,7.53,7.03,6
2026,Constanța,"Școala Gimnazială Nr. 3 „Ciprian Porumbescu”, Constanța",7.56,7.95,7.19,47
2026,Constanța,"Școala Gimnazială „Gala Galaction”, Mangalia",7.55,7.81,7.3,68
2026,Constanța,"Școala Gimnazială Nr. 1, Eforie Nord",7.51,7.7,7.33,47
2026,Constanța,"Școala Gimnazială Nr. 18 „Jean Bart”, Constanța",7.48,7.41,7.55,50
2026,Constanța,"Liceul Teoretic „Callatis”, Mangalia",7.37,7.65,7.09,69
2026,Constanța,"Școala Gimnazială „S.A. Esenin”, Ghindărești",7.36,7.77,6.96,13
2026,Constanța,"Școala Gimnazială Nr. 23 „Constantin Brâncoveanu”, Constanța",7.3,7.34,7.27,64
2026,Constanța,"Școala Gimnazială Nr. 3, Mangalia",7.25,7.46,7.03,75
2026,Constanța,"Școala Gimnazială „Lucian Grigorescu”, Medgidia",7.15,7.34,6.97,86
2026,Constanța,"Liceul Teoretic „Lucian Blaga”, Constanța",7.14,7.38,6.91,90
2026,Constanța,"Școala Gimnazială Nr. 38 „Dimitrie Cantemir”, Constanța",7.11,7.27,6.95,97
2026,Constanța,"Școala Gimnazială Nr. 12 „B.P. Hașdeu”, Constanța",7.11,7.22,7.0,95
2026,Constanța,"Școala Gimnazială „George Enescu”, Năvodari",7.06,7.35,6.78,124
2026,Constanța,"Școala Gimnazială Nr. 16 „Marin Ionescu Dobrogianu”, Constanța",7.05,7.22,6.89,76
2026,Constanța,"Școala Gimnazială „Constantin Brâncuși”, Medgidia",7.01,7.22,6.81,61
2026,Constanța,"Colegiul Național de Arte „Regina Maria”, Constanța",6.96,7.48,6.44,89
2026,Constanța,"Liceul Teoretic „Ioan Cotovu”, Hârșova",6.92,7.71,6.14,26
2026,Constanța,"Școala Gimnazială „Mircea Eliade”, Cernavodă",6.9,7.0,6.8,47
2026,Constanța,"Liceul Teoretic „Anghel Saligny”, Cernavodă",6.87,6.92,6.83,42
2026,Constanța,"Școala Gimnazială „Adrian V. Rădulescu”, Murfatlar",6.81,6.88,6.73,38
2026,Constanța,Liceul Teoretic Murfatlar,6.75,6.77,6.73,36
2026,Constanța,"Școala Gimnazială „Grigore Moisil”, Năvodari",6.69,6.95,6.44,96
2026,Constanța,"Școala Gimnazială Nr. 1, Hârșova",6.69,6.69,6.68,30
2026,Constanța,"Școala Gimnazială „Tudor Arghezi”, Năvodari",6.68,7.14,6.23,66
2026,Constanța,"Școala Gimnazială Nr. 2, Cernavodă",6.61,6.91,6.33,14
2026,Constanța,"Liceul Tehnologic „Nicolae Dumitrescu”, Cumpăna",6.6,6.84,6.37,110
2026,Constanța,"Școala Gimnazială Nr. 33 „Anghel Saligny”, Constanța",6.57,7.01,6.13,36
2026,Constanța,"Liceul Teoretic „Emil Racoviță”, Techirghiol",6.56,6.72,6.42,61
2026,Constanța,"Școala Gimnazială Nr. 17 „Ion Minulescu”, Constanța",6.53,6.59,6.48,31
2026,Constanța,"Școala Gimnazială Nr. 40 „Aurel Vlaicu”, Constanța",6.51,6.92,6.1,54
2026,Constanța,"Școala Gimnazială Nr. 8, Constanța",6.49,6.83,6.16,75
2026,Constanța,"Școala Gimnazială Nr. 10 „Mihail Koiciu”, Constanța",6.4,6.41,6.22,24
2026,Constanța,"Școala Gimnazială Nr. 1, Valu lui Traian",6.39,6.49,6.28,102
2026,Constanța,"Școala Gimnazială „Viceamiral Ioan Murgescu”, Valu Lui Traian",6.37,6.81,5.94,44
2026,Constanța,"Școala Gimnazială „George Coșbuc”, 23 August",6.36,6.55,6.18,30
2026,Constanța,"Școala Gimnazială „Wilhelm Moldovan”, Constanța",6.33,7.05,5.61,4
2026,Constanța,"Școala Gimnazială Nr. 22 „I.C. Brătianu”, Constanța",6.3,6.53,6.08,27
2026,Constanța,"Școala Gimnazială „Gheorghe Lazăr”, Corbu",6.3,6.76,5.85,40
2026,Constanța,"Liceul Tehnologic „Mihai Viteazul”, Mihai Viteazu",6.29,6.97,5.61,14
2026,Constanța,"Liceul Teoretic „Mihail Kogălniceanu”, Mihail Kogălniceanu",6.27,6.7,5.84,61
2026,Constanța,"Școala Gimnazială „Ion Borcea”, Agigea",6.25,6.59,5.91,34
2026,Constanța,"Școala Gimnazială Nr. 2 „Poet Ovidiu”, Ovidiu",6.24,6.36,6.12,49
2026,Constanța,"Școala Gimnazială „I.L. Caragiale”, Medgidia",6.23,6.63,5.84,57
2026,Constanța,"Școala Gimnazială Nr. 1, Grădina",6.2,7.43,4.98,2
2026,Constanța,Liceul Tehnologic „I.C. Brătianu” Nicolae Bălcescu,6.19,6.3,6.08,29
2026,Constanța,"Școala Gimnazială Nr. 2, 2 Mai",6.16,6.3,6.03,21
2026,Constanța,"Școala Gimnazială Nr. 1, Tuzla",6.14,6.49,5.79,56
2026,Constanța,"Școala Gimnazială Nr. 1, Lumina",6.12,6.44,5.81,91
2026,Constanța,"Școala Gimnazială Nr. 1, Cotu Văii",6.09,6.61,5.57,9
2026,Constanța,"Școala Gimnazială „Sfântul Andrei”, Mangalia",6.04,6.52,5.57,35
2026,Constanța,"Școala Gimnazială Nr. 1, Limanu",6.02,6.4,5.65,12
2026,Constanța,"Școala Gimnazială Nr. 1, Cernavodă",5.97,6.08,5.87,19
2026,Constanța,"Școala Gimnazială Nr. 1, Poarta Albă",5.88,6.29,5.48,42
2026,Constanța,"Școala Gimnazială Nr. 1, Peștera",5.87,6.26,5.49,19
2026,Constanța,"Școala Gimnazială „Mihai Eminescu”, Costinești",5.87,6.17,5.57,22
2026,Constanța,Liceul Cobadin,5.86,6.13,5.6,71
2026,Constanța,Liceul Tehnologic Crucea,5.84,6.01,5.67,13
2026,Constanța,"Școala Gimnazială Nr. 1, Dorobanțu",5.73,5.81,5.66,19
2026,Constanța,"Școala Gimnazială Nr. 1, Horia",5.71,6.24,5.19,6
2026,Constanța,"Școala Gimnazială „Iuliu Valaori”, Nisipari",5.71,5.71,5.7,19
2026,Constanța,"Școala Gimnazială „Nicolae Iorga”, Moșneni",5.71,6.04,5.38,20
2026,Constanța,"Școala Gimnazială „Cristea Caraman”, Cogealac",5.67,6.19,5.15,50
2026,Constanța,"Școala Gimnazială Nr. 1, Târgușor",5.64,5.74,5.55,11
2026,Constanța,"Școala Profesională, Ciobanu",5.64,6.05,5.23,25
2026,Constanța,"Școala Gimnazială Nr. 1, Siminoc",5.62,6.34,4.89,8
2026,Constanța,"Școala Gimnazială Nr. 2, Movilița",5.6,6.19,5.02,14
2026,Constanța,"Liceul Tehnologic „Ion Podaru”, Ovidiu",5.58,5.83,5.33,31
2026,Constanța,"Școala Gimnazială Nr. 2, Ciocârlia de Sus",5.51,6.15,4.88,13
2026,Constanța,Liceul Tehnologic Independența,5.44,5.74,5.13,19
2026,Constanța,Școala Gimnazială Nr. 2 „General Scărișoreanu”,5.42,5.64,5.21,13
2026,Constanța,Liceul Tehnologic Topraisar,5.4,5.95,4.85,30
2026,Constanța,"Școala Gimnazială Nr. 1, Fântânele",5.39,5.82,4.96,13
2026,Constanța,"Școala Gimnazială Nr. 1, Biruința",5.36,6.01,4.72,14
2026,Constanța,"Școala Gimnazială „Emil Gârleanu”, Bărăganu",5.34,6.22,4.46,23
2026,Constanța,"Școala Gimnazială Nr. 1, Chirnogeni",5.29,5.5,5.09,16
2026,Constanța,"Școala Gimnazială „Anastasia”, Constanța",5.29,5.88,4.7,4
2026,Constanța,Liceul Tehnologic Băneasa,5.28,5.44,4.96,18
2026,Constanța,"Liceul cu Program Sportiv „Nicolae Rotaru”, Constanța",5.28,5.69,4.87,45
2026,Constanța,"Școala Gimnazială Nr. 1, Ciocârlia",5.26,5.86,4.66,16
2026,Constanța,"Școala Gimnazială Nr. 1, Topalu",5.21,5.25,5.17,14
2026,Constanța,"Școala Gimnazială „Nicolae Maraloi”, Sărăiu",5.21,6.26,4.16,11
2026,Constanța,Liceul Teoretic Negru Vodă,5.18,5.72,4.65,39
2026,Constanța,"Școala Gimnazială Nr. 1, Vulturu",5.16,5.93,4.39,5
2026,Constanța,"Liceul „Regele Carol I”, Ostrov",5.15,5.65,4.66,18
2026,Constanța,"Școala Gimnazială Nr. 1, Comana",5.09,5.65,4.54,17
2026,Constanța,"Școala Gimnazială Nr. 1 „Pericle Martinescu”, Viișoara",5.07,5.61,4.54,15
2026,Constanța,"Școala Gimnazială „Adrian Ghencea”, Săcele",5.06,5.45,4.68,20
2026,Constanța,"Școala Gimnazială Nr. 1, Mircea Vodă",5.04,5.15,4.94,15
2026,Constanța,"Școala Gimnazială Nr. 2, Satu Nou",5.0,5.58,4.41,29
2026,Constanța,"Școala Gimnazială Nr. 1, Râșova",4.98,5.43,4.54,34
2026,Constanța,"Școala Gimnazială Nr. 1, Istria",4.82,5.71,3.94,12
2026,Constanța,"Liceul Tehnologic „Nicolae Istrățoiu”, Deleni",4.8,5.07,4.53,20
2026,Constanța,"Școala Gimnazială Nr. 1, Seimeni",4.78,5.03,4.54,22
2026,Constanța,"Școala Gimnazială Nr. 6 „Nicolae Titulescu”, Constanța",4.72,4.95,4.49,27
2026,Constanța,"Școala Gimnazială Nr. 1, Amzacea",4.7,5.45,3.97,14
2026,Constanța,"Școala Gimnazială Nr. 14, Constanța",4.64,5.07,4.09,13
2026,Constanța,"Școala Gimnazială Nr. 1, Saligny",4.63,4.7,4.56,17
2026,Constanța,"Școala Gimnazială Nr. 1, Siliștea",4.62,4.88,4.36,16
2026,Constanța,"Școala Gimnazială Nr. 1, Sinoie",4.61,5.11,4.12,12
2026,Constanța,"Școala Gimnazială „Dumitru Gavrilescu”, Gârliciu",4.56,4.75,4.38,12
2026,Constanța,"Școala Gimnazială Nr. 2, Oituz",4.56,4.83,4.3,10
2026,Constanța,"Școala Gimnazială Nr. 1, Mangalia",4.56,4.57,4.55,25
2026,Constanța,"Școala Gimnazială „Dan Spătaru”, Aliman",4.56,4.84,4.28,22
2026,Constanța,"Școala Gimnazială Nr. 2, Nuntași",4.55,4.8,4.3,2
2026,Constanța,"Școala Gimnazială Nr. 1 „Contraamiral Petrică Stoica”, Pecineaga",4.55,4.89,4.21,25
2026,Constanța,"Școala Gimnazială „Ion Ghica”, Tortoman",4.47,4.6,4.18,12
2026,Constanța,"Școala Gimnazială „Nichita Stănescu”, Mereni",4.45,5.06,3.84,19
2026,Constanța,"Școala Gimnazială Nr. 1, Ion Corvin",4.44,4.34,4.54,18
2026,Constanța,"Școala Gimnazială „Dimitrie Știubei”, Constanța",4.38,4.64,4.13,15
2026,Constanța,"Școala Gimnazială Nr. 1, Piatra",4.27,4.74,3.8,12
2026,Constanța,"Școala Gimnazială Nr. 2, Plopeni",4.25,4.32,4.19,13
2026,Constanța,"Școala Gimnazială Nr. 1, Cuza Vodă",4.17,4.59,3.71,35
2026,Constanța,"Școala Gimnazială „Marin Sorescu”, Constanța",4.16,4.26,4.06,13
2026,Constanța,"Școala Gimnazială Nr. 1, Castelu",4.14,4.01,4.28,15
2026,Constanța,"Școala Gimnazială „Marin Voinea”, Cerchezu",4.13,4.45,3.82,16
2026,Constanța,"Școala Profesională „Jean Dinu”, Adamclisi",4.05,4.4,3.71,26
2026,Constanța,"Școala Gimnazială „Ioan Atanasiu”, Lipnița",3.95,4.29,3.62,17
2026,Constanța,"Școala Gimnazială Nr. 1, Pantelimon",3.86,4.4,3.33,16
2026,Constanța,"Școala Gimnazială „Mircea Dragomirescu”, Medgidia",3.71,3.61,3.65,10
2026,Constanța,"Școala Gimnazială Nr. 2, Almalău",3.64,3.85,3.43,7
2026,Constanța,"Școala Gimnazială Nr. 1, Galița",3.41,3.71,3.11,8
2026,Constanța,"Școala Gimnazială Nr. 31, Constanța",3.38,3.41,3.4,20
2026,Constanța,"Școala Gimnazială „Spiru Haret”, Medgidia",3.3,3.42,3.19,17
2026,Constanța,"Colegiul Național „Kemal Atatürk”, Medgidia",3.3,3.26,3.34,12
2026,Constanța,"Școala Gimnazială Nr. 1, Dumbrăveni",3.25,3.59,2.91,4
2026,Constanța,"Școala Gimnazială „Mihail Sadoveanu”, Medgidia",3.03,2.96,2.93,15
2026,Constanța,"Școala Gimnazială Nr. 1, Oltina",2.89,2.79,3.0,13
2026,Constanța,"Școala Profesională „Radu Prișcu”, Dobromir",2.81,2.3,3.22,21
2026,Constanța,"Școala Gimnazială Nr. 1, Făurei",2.3,1.87,2.5,7
2026,Constanța,"Școala Gimnazială Nr. 1, Văleni",2.17,2.1,2.25,11
2026,Covasna,"Școala Gimnazială „Avram Iancu”, Covasna",7.99,8.0,7.97,13
2026,Covasna,"Colegiul Național „Mihai Viteazul”, Sfântu Gheorghe",7.72,7.98,7.46,51
2026,Covasna,"Colegiul Național „Nagy Mózes”, Târgu Secuiesc",7.59,6.3,7.6,39
2026,Covasna,"Școala Gimnazială „Opra Benedek”, Valea Seacă",7.47,6.54,5.96,7
2026,Covasna,"Colegiul Național „Székely Mikó”, Sfântu Gheorghe",7.41,6.8,6.72,62
2026,Covasna,"Liceul Teoretic „Mikes Kelemen”, Sfântu Gheorghe",7.41,6.29,7.14,80
2026,Covasna,"Școala Gimnazială „Váradi József”, Sfântu Gheorghe",7.38,6.59,7.05,117
2026,Covasna,"Școala Gimnazială „Nicolae Russu”, Sita Buzăului",7.31,8.07,6.56,24
2026,Covasna,"Școala Gimnazială „Molnár Józsiás”, Târgu Secuiesc",7.28,6.46,6.6,48
2026,Covasna,Liceul Teologic Reformat Sfântu Gheorghe,7.18,6.08,6.94,26
2026,Covasna,"Școala Gimnazială „Mihail Sadoveanu”, Întorsura Buzăului",7.16,7.4,6.92,83
2026,Covasna,"Liceul „Kőrösi Csoma Sándor”, Covasna",7.15,6.66,6.92,37
2026,Covasna,"Școala Gimnazială „Petőfi Sándor”, Târgu Secuiesc",6.99,6.27,6.18,34
2026,Covasna,"Școala Gimnazială Nr. 3, Sita Buzăului",6.92,7.52,6.32,10
2026,Covasna,"Școala Gimnazială „Nicolae Colan”, Sfântu Gheorghe",6.77,6.04,5.99,45
2026,Covasna,Școala Gimnazială Filia,6.71,5.7,6.09,19
2026,Covasna,"Școala Gimnazială, Lădăuți",6.71,7.41,6.02,5
2026,Covasna,Școala Gimnazială „Gheorghe Zaharia Brădet”,6.7,7.51,5.9,9
2026,Covasna,"Școala Gimnazială „Andrei Șaguna”, Barcani",6.7,7.52,5.88,22
2026,Covasna,"Școala Gimnazială „Kun Kocsárd”, Ojdula",6.65,5.44,6.21,13
2026,Covasna,"Școala Gimnazială „Trefán Leonárd”, Poian",6.59,5.65,5.76,9
2026,Covasna,"Școala Gimnazială, Dobârlău",6.4,6.13,6.67,22
2026,Covasna,"Școala Gimnazială „Konsza Samu”, Bățanii Mari",6.39,4.99,5.83,11
2026,Covasna,"Școala Gimnazială „Bem József”, Lemnia",6.29,5.12,5.97,9
2026,Covasna,"Școala Gimnazială „Dr. Gelei József”, Arcuș",6.24,4.91,5.73,15
2026,Covasna,"Școala Gimnazială „Végh Antal”, Cernat",6.16,4.9,5.48,13
2026,Covasna,Școala Gimnazială Păpăuți,6.15,6.2,5.6,12
2026,Covasna,"Liceul de Arte „Plugor Sándor”, Sfântu Gheorghe",6.13,5.39,5.57,49
2026,Covasna,Școala Gimnazială Zăbrătău,6.12,6.64,5.6,13
2026,Covasna,"Școala Gimnazială „Horn Dávid”, Comandău",6.1,5.21,5.55,4
2026,Covasna,"Școala Gimnazială „Turóczi Mózes”, Târgu Secuiesc",6.08,5.15,5.35,37
2026,Covasna,"Școala Gimnazială „Darkó Jenő”, Dalnic",6.02,4.01,5.69,4
2026,Covasna,"Școala Gimnazială „Apor István”, Sânzieni",5.99,4.63,5.37,11
2026,Covasna,"Școala Gimnazială „Kelemen Didák”, Mereni",5.97,4.63,6.41,8
2026,Covasna,"Școala Gimnazială „Comenius”, Brețcu",5.93,5.17,5.38,16
2026,Covasna,"Școala Gimnazială „Bod Péter”, Cernat",5.87,4.77,5.37,6
2026,Covasna,"Școala Gimnazială „Czetz János”, Ghidfalău",5.85,3.95,5.49,4
2026,Covasna,"Școala Gimnazială „Jancsó Benedek”, Ghelința",5.71,4.68,4.53,32
2026,Covasna,"Școala Gimnazială „Benkő József”, Brăduț",5.7,4.01,5.62,11
2026,Covasna,"Școala Gimnazială „Borbáth Károly”, Vârghiș",5.69,4.26,5.47,9
2026,Covasna,"Școala Gimnazială „Kicsi Antal”, Turia",5.68,4.22,5.08,17
2026,Covasna,"Școala Gimnazială „Gaál Mózes”, Baraolt",5.66,4.45,5.18,52
2026,Covasna,"Școala Gimnazială „Antos János”, Reci",5.54,4.3,4.94,10
2026,Covasna,"Școala Gimnazială „Bibó József”, Brateș",5.37,3.93,5.27,10
2026,Covasna,Școala Gimnazială Mărtineni,5.27,4.35,4.38,3
2026,Covasna,"Școala Gimnazială „Mikes Ármin”, Bixad",5.24,4.43,4.18,11
2026,Covasna,"Școala Gimnazială „Nagy Mózes”, Estelnic",5.18,4.28,4.02,13
2026,Covasna,"Școala Gimnazială „Kriza János”, Aita Mare",5.17,4.31,3.95,12
2026,Covasna,"Școala Gimnazială „Mihai Eminescu”, Valea Mare",5.16,5.86,4.47,14
2026,Covasna,"Școala Gimnazială „Thury Gergely”, Tamașfalău",5.09,2.92,5.15,7
2026,Covasna,"Școala Gimnazială „Tatrangi Sándor”, Ozun",5.04,4.21,3.92,19
2026,Covasna,"Școala Gimnazială „Ajtai Abod Mihály”, Aita Seacă",5.03,3.97,4.13,3
2026,Covasna,"Școala Gimnazială „Henter Károly”, Bodoc",4.98,3.1,4.49,12
2026,Covasna,"Școala Gimnazială „Kovács Ferenc”, Petriceni",4.93,3.35,4.1,5
2026,Covasna,"Școala Gimnazială „Tőkés József”, Malnaș",4.92,2.78,4.07,3
2026,Covasna,"Școala Gimnazială „Mikes Kelemen”, Zagon",4.77,4.19,4.02,19
2026,Covasna,"Școala Gimnazială Nr. 1, Zăbala",4.77,4.36,4.21,29
2026,Covasna,"Școala Gimnazială „László Lukács”, Ilieni",4.64,3.95,3.48,4
2026,Covasna,"Școala Gimnazială „Fejér Ákos”, Micfalău",4.52,3.45,4.12,18
2026,Covasna,"Școala Gimnazială „Bölöni Farkas Sándor”, Belin",4.42,4.11,4.25,29
2026,Covasna,"Școala Gimnazială „Gödri Ferenc”, Sfântu Gheorghe",4.27,3.55,3.69,12
2026,Covasna,"Școala Gimnazială „Ady Endre”, Sfântu Gheorghe",4.14,3.06,3.77,23
2026,Covasna,"Școala Gimnazială „Romulus Cioflec”, Araci",4.07,4.27,3.65,27
2026,Covasna,"Școala Gimnazială „Orbán Balázs”, Moacșa",3.74,2.68,2.88,7
2026,Covasna,"Școala Gimnazială „Gábor Áron”, Chichiș",3.66,4.03,2.0,2
2026,Covasna,"Școala Gimnazială „Bartha Károly”, Boroșneu Mare",3.46,2.24,3.23,15
2026,Covasna,"Școala Gimnazială „Bálint Gábor”, Catalina",3.3,1.98,3.75,4
2026,Covasna,Școala Gimnazială Hăghig,3.27,3.58,2.78,11
2026,Covasna,Școala Gimnazială Vâlcele,3.03,3.21,2.77,19
2026,Covasna,"Școala Gimnazială „Máthé János”, Herculian",2.99,2.27,2.95,13
2026,Covasna,"Școala Gimnazială Specială, Sfântu Gheorghe",2.93,2.22,2.61,11
2026,Covasna,"Școala Gimnazială „Kálnoky Ludmilla”, Valea Crișului",2.93,1.91,3.02,11
2026,Covasna,Școala Gimnazială Doboșeni,2.92,2.7,2.93,20
2026,Covasna,"Școala Gimnazială „Néri Szent Fülöp”, Sfântu Gheorghe",2.48,1.83,3.0,15
2026,Călărași,"Colegiul Național „Neagoe Basarab”, Oltenița",7.99,8.28,7.71,26
2026,Călărași,"Școala Gimnazială „Constantin George Călinescu”, Grădiștea",7.83,8.13,7.53,6
2026,Călărași,"Liceul Teoretic „Mihai Eminescu”, Călărași",7.82,8.12,7.54,55
2026,Călărași,"Școala Gimnazială „Mihai Viteazul”, Călărași",7.63,7.91,7.36,64
2026,Călărași,"Școala Gimnazială Nr. 1, Lehliu-Gara",7.48,8.08,6.88,28
2026,Călărași,"Școala Gimnazială „Nicolae Titulescu”, Călărași",7.26,7.49,7.05,90
2026,Călărași,"Școala Gimnazială Nr. 1, Dor Marunt Sat",6.97,7.5,6.45,15
2026,Călărași,"Școala Gimnazială „Carol I”, Călărași",6.93,7.49,6.37,45
2026,Călărași,"Școala Gimnazială „Dragoș Marin”, Ștefan cel Mare",6.82,7.03,6.63,40
2026,Călărași,"Școala Gimnazială „Mircea Eliade”, Oltenița",6.72,7.23,6.22,16
2026,Călărași,"Școala Gimnazială „Tudor Vladimirescu”, Călărași",6.71,7.18,6.23,32
2026,Călărași,"Școala Gimnazială Nr. 2, Borcea",6.68,7.35,6.02,26
2026,Călărași,"Liceul Tehnologic nr. 1, Fundulea",6.61,7.08,6.13,27
2026,Călărași,"Școala Gimnazială „Constantin Brâncoveanu”, Călărași",6.6,7.5,5.7,14
2026,Călărași,"Școala Gimnazială „Matei Basarab”, Mânăstirea",6.56,7.06,6.07,26
2026,Călărași,"Școala Gimnazială Nr. 3, Borcea",6.53,6.96,6.11,8
2026,Călărași,Liceul Tehnologic nr. 1 Borcea,6.5,6.61,6.39,14
2026,Călărași,"Școala Gimnazială „Mircea Vodă”, Călărași",6.44,6.55,6.33,34
2026,Călărași,"Școala Gimnazială Nr. 1, Ștefan Vodă",6.35,6.52,6.19,11
2026,Călărași,Colegiul Economic Călărași,6.26,6.72,5.8,29
2026,Călărași,"Școala Gimnazială Nr. 1, Drajna",6.25,6.15,6.25,15
2026,Călărași,"Școala Gimnazială „Spiru Haret”, Oltenița",6.19,6.77,5.62,29
2026,Călărași,"Școala Gimnazială Nr. 1, Ciocănești",6.17,7.17,5.17,16
2026,Călărași,"Școala Gimnazială Nr. 1, Radu Vodă",6.14,6.28,6.0,21
2026,Călărași,"Școala Gimnazială Nr. 1, Dragalina",6.11,6.82,5.41,41
2026,Călărași,"Școala Gimnazială „Nicolae Petrescu”, Crivăț",6.07,6.44,5.7,9
2026,Călărași,"Școala Gimnazială Nr. 1, Jegalia",6.02,6.18,5.59,23
2026,Călărași,"Școala Gimnazială Nr. 3, Chirnogi",6.02,5.93,6.11,19
2026,Călărași,"Școala Gimnazială „Alexandru Vlahuță”, Oltenița",5.99,6.63,5.36,25
2026,Călărași,"Școala Gimnazială Nr. 1, Vlad Țepeș",5.96,6.53,5.4,14
2026,Călărași,"Școala Gimnazială Nr. 1, Nana",5.96,6.4,5.53,10
2026,Călărași,Școala Gimnazială Nr. 1 „Cuza Vodă”,5.93,6.48,5.4,10
2026,Călărași,"Școala Gimnazială Nr. 2, Dor Marunt Gara",5.92,6.11,5.73,7
2026,Călărași,"Școala Gimnazială „George Valsan”, Independenta",5.9,6.52,5.28,17
2026,Călărași,"Școala Gimnazială Nr. 1, Luica",5.89,6.51,5.27,15
2026,Călărași,"Școala Gimnazială Nr. 2, Mitreni",5.86,6.1,5.63,14
2026,Călărași,"Școala Gimnazială Nr. 1, Modelu",5.86,6.79,4.93,7
2026,Călărași,"Școala Gimnazială Nr. 1, Unirea",5.82,6.08,5.57,12
2026,Călărași,"Liceul „Danubius”, Călărași",5.8,6.43,5.17,11
2026,Călărași,"Școala Gimnazială Nr. 1, Nicolae Bălcescu",5.71,6.15,5.27,10
2026,Călărași,"Școala Gimnazială „Iancu Rosetti”, Roșeti",5.71,6.23,5.19,50
2026,Călărași,"Școala Gimnazială Nr. 1, Dalga Gara",5.69,5.56,5.82,8
2026,Călărași,"Școala Gimnazială „Dimitrie Ion Ghica”, Radovanu",5.47,5.73,5.21,20
2026,Călărași,"Școala Gimnazială Nr. 1, Chiselet",5.44,5.25,5.63,32
2026,Călărași,Școala Gimnazială „Ion Popescu” Gurbănești,5.44,6.38,4.5,5
2026,Călărași,Școala Gimnazială Nr. 1 „Dragoș Vodă”,5.37,5.6,5.14,17
2026,Călărași,"Școala Gimnazială „Prof. Univ. Dr. Adrian V. Rădulescu”, Dorobanțu",5.36,5.66,5.05,20
2026,Călărași,Școala Gimnazială Nr. 2 „Alexandru Odobescu”,5.3,5.96,4.65,12
2026,Călărași,"Școala Gimnazială Nr. 1, Tămădău Mare",5.27,5.83,4.71,16
2026,Călărași,"Școala Gimnazială Nr. 1, Frumușani",5.25,5.21,5.3,34
2026,Călărași,"Școala Gimnazială Nr. 1, Belciugatele",5.22,5.02,5.42,20
2026,Călărași,"Școala Gimnazială Nr. 1, Rasa",5.17,6.12,4.22,6
2026,Călărași,"Școala Gimnazială Nr. 1, Dichiseni",5.12,5.81,4.44,9
2026,Călărași,Școala Gimnazială Nr. 1 „Nicolae Bălcescu” (Preasna),5.11,5.82,4.42,13
2026,Călărași,"Școala Gimnazială Nr. 2, Modelu",5.11,5.55,4.67,20
2026,Călărași,"Școala Gimnazială Nr. 1, Frăsinet",5.08,5.75,4.42,15
2026,Călărași,"Școala Gimnazială Nr. 1, Perișoru",5.05,5.51,4.64,19
2026,Călărași,"Școala Gimnazială Nr. 1, Lehliu",5.02,5.66,4.38,12
2026,Călărași,"Școala Gimnazială Prof. Lucian Pavel, Oltenița",5.02,5.27,4.77,11
2026,Călărași,"Școala Gimnazială Nr. 1, Chirnogi",5.0,4.92,5.07,16
2026,Călărași,"Școala Gimnazială Nr. 1, Răzvani",4.98,4.58,5.35,22
2026,Călărași,"Școala Gimnazială Nr. 1, Cascioarele",4.97,5.54,4.4,9
2026,Călărași,"Școala Gimnazială „Mircea Nedelciu”, Fundulea",4.88,4.81,4.96,26
2026,Călărași,"Școala Gimnazială Nr. 2, Progresu",4.82,5.51,4.13,8
2026,Călărași,"Școala Gimnazială Nr. 2, Stancea",4.81,5.09,4.54,15
2026,Călărași,"Școala Gimnazială Nr. 1, Ulmu",4.81,4.9,4.73,4
2026,Călărași,"Școala Gimnazială Nr. 1, Valea Roșie",4.78,4.6,4.96,13
2026,Călărași,"Școala Gimnazială Nr. 1, Sărulești Gara",4.78,5.02,4.54,13
2026,Călărași,"Școala Gimnazială Nr. 1, Sohatu",4.69,5.05,4.11,14
2026,Călărași,"Școala Gimnazială „Alexandru D. Ghica”, Oltenița",4.65,4.79,4.5,26
2026,Călărași,"Școala Gimnazială Nr. 1, Curcani",4.63,4.87,4.35,31
2026,Călărași,"Școala Gimnazială „Grigore Moisil”, Ulmeni",4.63,4.69,4.56,24
2026,Călărași,"Școala Gimnazială „Constantin Teodorescu”, Soldanu",4.62,4.75,4.46,17
2026,Călărași,"Școala Gimnazială Nr. 1, Ileana",4.59,4.7,4.38,13
2026,Călărași,"Școala Gimnazială „Constantin Brâncoveanu”, Văsălati",4.53,4.67,4.4,34
2026,Călărași,"Școala Gimnazială Nr. 1, Plătărești",4.44,4.86,4.02,42
2026,Călărași,"Școala Gimnazială „Florenta Albu”, Vălcelele",4.3,4.84,3.76,10
2026,Călărași,"Școala Gimnazială Nr. 1, Gălbinași",4.18,4.41,3.97,44
2026,Călărași,"Școala Gimnazială Nr. 1, Fundeni",3.96,4.28,3.63,33
2026,Călărași,"Școala Gimnazială Nr. 1, Aprozi",3.93,4.06,3.8,10
2026,Călărași,"Școala Gimnazială Nr. 1, Valea Argovei",3.92,4.13,3.65,21
2026,Călărași,"Școala Gimnazială Nr. 1, Gostilele",3.85,3.61,4.0,11
2026,Călărași,"Școala Gimnazială „Gheorghe Manu”, Budești",3.85,3.9,3.81,47
2026,Călărași,"Școala Gimnazială Nr. 1, Spântov",3.84,3.61,4.01,16
2026,Călărași,"Școala Gimnazială Nr. 7, Călărași",3.77,4.38,3.17,3
2026,Călărași,"Școala Gimnazială Nr. 2, Artari",3.56,3.33,3.7,7
2026,Dolj,Școala Româno-Britanică Craiova,9.32,9.51,9.14,22
2026,Dolj,"Școala Gimnazială Terraveda, Craiova",8.94,8.84,9.04,14
2026,Dolj,"Școala Gimnazială „Mircea Eliade”, Craiova",8.7,8.83,8.58,167
2026,Dolj,"Școala Gimnazială „Traian”, Craiova",8.57,8.75,8.39,139
2026,Dolj,"Colegiul Național „Frații Buzești”, Craiova",8.54,8.68,8.41,166
2026,Dolj,"Școala Gimnazială „Gheorghe Titeica”, Craiova",8.41,8.68,8.13,129
2026,Dolj,"Colegiul Național „Elena Cuza”, Craiova",8.22,8.45,7.99,75
2026,Dolj,"Colegiul Național „Carol I”, Craiova",8.18,8.43,7.92,119
2026,Dolj,"Colegiul Național Pedagogic „Ștefan Velovan”, Craiova",8.17,8.26,8.08,112
2026,Dolj,"Școala Gimnazială „Sf. Dumitru”, Craiova",8.0,8.2,7.81,103
2026,Dolj,"Liceul Teoretic „Independența”, Calafat",7.99,8.16,7.83,50
2026,Dolj,"Școala Gimnazială „Nicolae Bălcescu”, Craiova",7.81,8.14,7.48,95
2026,Dolj,Liceul Teoretic Amarăștii de Jos,7.81,7.8,7.82,19
2026,Dolj,"Școala Gimnazială „Nicolae Romanescu”, Craiova",7.77,7.99,7.56,95
2026,Dolj,"Școala Gimnazială „Alexandru Macedonski”, Craiova",7.61,7.94,7.28,130
2026,Dolj,"Școala Gimnazială Nr. 5, Av. P. Ivanovici, Băilești",7.61,8.04,7.18,37
2026,Dolj,"Școala Gimnazială „Sf. Gheorghe”, Craiova",7.6,7.66,7.55,86
2026,Dolj,Școala Gimnazială Sărata,7.57,7.91,7.23,12
2026,Dolj,"Liceul Teoretic „Henri Coandă”, Craiova",7.53,7.76,7.3,56
2026,Dolj,Școala Gimnazială Tuglui,7.51,7.45,7.57,18
2026,Dolj,"Școala Gimnazială „Mihai Viteazul”, Craiova",7.49,7.66,7.33,123
2026,Dolj,"Liceul Teoretic „Tudor Arghezi”, Craiova",7.49,7.58,7.32,84
2026,Dolj,"Școala Gimnazială „Marin Sorescu”, Bulzești",7.41,7.99,6.84,4
2026,Dolj,"Liceul Teoretic „Constantin Brâncoveanu”, Dăbuleni",7.37,7.22,7.3,24
2026,Dolj,"Școala Gimnazială „Constantin Gheorghita”, Podari",7.34,7.9,6.79,23
2026,Dolj,"Școala Gimnazială Nr. 3, Băilești",7.25,6.86,7.65,15
2026,Dolj,Școala Gimnazială Murgăși,7.25,7.44,7.06,9
2026,Dolj,"Colegiul Național „Nicolae Titulescu”, Craiova",7.24,7.3,7.17,23
2026,Dolj,"Școala Gimnazială Particulară Ethos, Craiova",7.22,7.6,6.85,31
2026,Dolj,"Școala Gimnazială Nr. 1, Dăbuleni",7.19,7.29,7.09,28
2026,Dolj,"Școala Gimnazială „Mihai Eminescu”, Craiova",7.19,7.37,7.0,37
2026,Dolj,"Școala Gimnazială Decebal, Craiova",7.15,7.46,6.86,42
2026,Dolj,"Școala Gimnazială „Ion Pachia Tatomirescu”, Tatomirești",7.06,6.83,7.3,3
2026,Dolj,Școala Gimnazială Prapor,6.99,7.02,6.96,11
2026,Dolj,"Școala Gimnazială „Eliza Opran”, Isalnița",6.99,6.72,6.97,20
2026,Dolj,Liceul Teologic Adventist Craiova,6.97,7.27,6.68,17
2026,Dolj,"Școala Gimnazială, Filiași",6.93,7.34,6.53,97
2026,Dolj,Liceul Energetic Craiova,6.86,6.92,6.81,27
2026,Dolj,"Liceul „Matei Basarab”, Craiova",6.81,6.94,6.69,20
2026,Dolj,Liceul Teoretic Bechet,6.77,6.35,7.05,15
2026,Dolj,"Liceul Tehnologic „Horia Vintilă”, Segarcea",6.71,7.07,6.36,36
2026,Dolj,Școala Gimnazială Afumați,6.61,6.69,6.52,17
2026,Dolj,Scoala Gimnaziala Bratovoesti,6.53,5.79,7.21,21
2026,Dolj,"Școala Gimnazială „Elena Farago”, Craiova",6.43,6.78,6.08,64
2026,Dolj,"Școala Gimnazială Nr. 3, Dăbuleni",6.42,6.29,6.35,20
2026,Dolj,"Școala Gimnazială „Gheorghe Brăescu”, Calafat",6.42,6.71,6.14,21
2026,Dolj,Școala Gimnazială Negoiesti,6.35,6.88,5.83,11
2026,Dolj,Școala Gimnazială Fratoștița,6.22,5.84,6.43,18
2026,Dolj,"Școala Gimnazială „Ion Tuculescu”, Craiova",6.2,6.82,5.58,25
2026,Dolj,Școala Gimnazială Brăloștița,6.18,6.25,6.12,23
2026,Dolj,Școala Gimnazială „Lesile”,6.16,5.86,6.46,24
2026,Dolj,Școala Gimnazială Silistea Crucii,6.16,6.42,5.9,9
2026,Dolj,Școala Gimnazială Pielești,6.15,6.51,5.79,24
2026,Dolj,Școala Gimnazială Orodel,6.14,6.34,5.95,20
2026,Dolj,"Școala Gimnazială Damian, Sadova",6.14,6.26,6.01,8
2026,Dolj,"Liceul cu Program Sportiv „Petrache Triscu”, Craiova",6.11,6.03,6.09,46
2026,Dolj,Școala Gimnazială Dobrotești,6.09,5.59,6.6,11
2026,Dolj,Școala Gimnazială Ghidici,6.08,6.75,5.41,7
2026,Dolj,Școala Gimnazială Fărcaș,6.06,6.36,5.76,18
2026,Dolj,Școala Gimnazială Negoi,6.01,6.13,5.89,7
2026,Dolj,"Școala Gimnazială „Ilie Martin”, Brabova",5.98,7.67,4.3,3
2026,Dolj,Liceul de Industrie Alimentară Craiova,5.98,6.13,5.83,13
2026,Dolj,"Școala Gimnazială „Gheorghe Bibescu”, Craiova",5.98,6.49,5.47,40
2026,Dolj,Școala Gimnazială Cotofenii din Dos,5.98,6.42,5.54,13
2026,Dolj,Școala Gimnazială Cioroiași,5.96,5.62,6.31,7
2026,Dolj,Școala Gimnazială Vârvoru de Jos,5.94,6.19,5.69,15
2026,Dolj,Școala Gimnazială Giubega,5.93,6.6,5.26,5
2026,Dolj,Școala Gimnazială Valea Lui Patru,5.92,5.62,6.23,13
2026,Dolj,Școala Profesională Daneti,5.92,6.3,5.53,15
2026,Dolj,"Școala Gimnazială „Nica Barbu Locusteanu”, Leu",5.91,6.13,5.7,14
2026,Dolj,"Școala Gimnazială, Călărași",5.91,5.65,6.17,20
2026,Dolj,"Școala Gimnazială „Ion Creangă”, Craiova",5.84,6.0,5.69,23
2026,Dolj,Școala Gimnazială Bucovat,5.84,6.04,5.37,20
2026,Dolj,"Liceul de Arte „Marin Sorescu”, Craiova",5.83,6.27,5.4,51
2026,Dolj,Școala Gimnazială Piscu Vechi,5.8,5.99,5.61,20
2026,Dolj,Școala Gimnazială Terpezița,5.8,6.19,5.41,5
2026,Dolj,"Școala Gimnazială Nr. 2, Poiana Mare",5.78,6.45,5.1,17
2026,Dolj,"Școala Gimnazială Nr. 38, Craiova",5.77,5.7,5.84,22
2026,Dolj,Școala Gimnazială Malu Mare,5.7,6.96,4.44,12
2026,Dolj,Școala Gimnazială Breasta,5.67,5.71,5.64,28
2026,Dolj,Școala Gimnazială Apele Vii,5.66,6.14,5.19,14
2026,Dolj,"Școala Gimnazială, Goiești",5.66,6.17,5.16,9
2026,Dolj,"Școala Gimnazială „Alecsandru Nicolaid”, Mischii",5.65,5.77,5.54,7
2026,Dolj,"Școala Gimnazială „Nicolae Caras”, Ciupercenii Noi",5.65,5.71,5.54,30
2026,Dolj,"Liceul Teoretic „Adrian Păunescu”, Bârca",5.65,6.08,5.21,17
2026,Dolj,"Școala Gimnazială „Carol al II-lea”, Diosti",5.65,6.2,5.1,2
2026,Dolj,Școala Gimnazială Piscu Nou,5.62,6.2,5.04,12
2026,Dolj,"Liceul Tehnologic „Constantin Ianculescu”, Carcea",5.61,5.76,5.47,14
2026,Dolj,Școala Gimnazială Sadova,5.49,5.66,5.24,30
2026,Dolj,Școala Gimnazială Desa,5.47,6.26,4.69,32
2026,Dolj,Școala Gimnazială Cerat,5.47,4.61,6.03,18
2026,Dolj,Școala Gimnazială Teslui,5.46,5.43,5.51,12
2026,Dolj,"Școala Gimnazială Nr. 1, Mărșani",5.45,6.15,4.76,27
2026,Dolj,Școala Gimnazială Tândăra,5.45,6.48,4.43,6
2026,Dolj,Școala Gimnazială Unirea,5.43,5.5,5.36,24
2026,Dolj,Școala Gimnazială Ciocănești,5.42,6.25,4.6,1
2026,Dolj,Școala Gimnazială Radomir,5.41,5.62,5.2,6
2026,Dolj,Școala Gimnazială Dragotești,5.4,5.0,5.81,14
2026,Dolj,Școala Gimnazială Talpaș,5.37,6.05,4.7,6
2026,Dolj,"Școala Gimnazială „Inv. M. Georgescu”, Celaru",5.37,5.65,5.08,23
2026,Dolj,Școala Gimnazială Ghercești,5.36,5.78,4.93,4
2026,Dolj,"Școala Gimnazială Nr. 2, Băilești",5.35,5.55,5.16,11
2026,Dolj,"Școala Gimnazială „Ion Gh. Pleșa”, Almaj",5.33,5.76,4.91,7
2026,Dolj,Școala Gimnazială Gighera,5.26,5.28,5.24,20
2026,Dolj,"Școala Gimnazială „Amza Pellea”, Băilești",5.25,5.87,4.63,14
2026,Dolj,Școala Gimnazială Plenița,5.21,5.82,4.6,23
2026,Dolj,Școala Gimnazială Cosoveni,5.18,5.2,5.17,20
2026,Dolj,Școala Gimnazială Balta,5.16,5.47,4.85,10
2026,Dolj,Școala Gimnazială Caraula,5.13,5.19,5.08,15
2026,Dolj,Școala Gimnazială Măceșu de Jos,5.13,5.73,4.53,3
2026,Dolj,Școala Gimnazială Sălcuța,5.11,5.86,4.37,8
2026,Dolj,Școala Gimnazială Valea Fântânilor,5.1,4.36,5.54,12
2026,Dolj,Școala Gimnazială Teasc,5.08,5.28,4.89,10
2026,Dolj,"Școala Gimnazială „Lascar Catargiu”, Craiova",5.05,4.77,5.07,11
2026,Dolj,Școala Gimnazială Rojiște,5.01,5.11,4.91,15
2026,Dolj,"Școala Gimnazială „Constantin Gerota”, Calafat",5.01,5.33,4.69,12
2026,Dolj,Școala Gimnazială Ostroveni,5.01,4.86,4.94,20
2026,Dolj,"Liceul Tehnologic „Alexandru Macedonski”, Melinești",5.0,5.51,4.5,15
2026,Dolj,"Școala Profesională „Constantin Argetoianu”, Argetoaia",5.0,5.18,4.82,26
2026,Dolj,"Școala Profesională, Valea Stânciului",4.99,5.01,4.99,15
2026,Dolj,Școala Gimnazială Gangiova,4.97,5.64,4.31,11
2026,Dolj,Școala Gimnazială Zănoaga,4.97,5.58,4.36,6
2026,Dolj,"Școala Gimnazială „Petrache Poenaru”, Brădești",4.95,5.26,4.65,24
2026,Dolj,Școala Gimnazială Izvoare,4.95,5.66,4.24,11
2026,Dolj,"Școala Gimnazială Nr. 1, Motatei",4.95,5.24,4.66,46
2026,Dolj,Școala Gimnazială Ghindeni,4.94,4.73,5.16,5
2026,Dolj,"Școala Gimnazială „Gh. Jienescu”, Rast",4.9,5.11,4.7,20
2026,Dolj,Școala Gimnazială Galicea Mare,4.88,4.78,4.9,33
2026,Dolj,"Școala Gimnazială Nr. 1, Poiana Mare",4.83,5.11,4.55,16
2026,Dolj,Școala Gimnazială Cotofenii din Fata,4.81,4.93,4.7,8
2026,Dolj,Școala Gimnazială Predești,4.76,4.92,4.38,13
2026,Dolj,"Școala Gimnazială „Nicolae Gh. Popescu”, Intorsura",4.74,4.51,4.97,8
2026,Dolj,"Școala Gimnazială „Ștefan Ispas”, Maglavit",4.73,5.08,4.39,26
2026,Dolj,Școala Gimnazială Salcia,4.73,5.13,4.34,4
2026,Dolj,Școala Gimnazială Drănic,4.72,4.44,5.0,13
2026,Dolj,Școala Gimnazială Carpen,4.7,5.16,4.24,6
2026,Dolj,"Liceul Teoretic „Gh. Vasilichi”, Cetate",4.69,5.3,4.1,26
2026,Dolj,"Școala Gimnazială „Ilie Murgulescu”, Vela",4.69,3.68,5.71,7
2026,Dolj,"Școala Gimnazială „Sf. Dumitru”, Măceșu de Sus",4.69,4.54,4.84,4
2026,Dolj,Școala Gimnazială Belot,4.66,4.69,4.63,11
2026,Dolj,"Școala Gimnazială „Petre Manarcescu”, Lipovu",4.54,5.18,3.91,11
2026,Dolj,Școala Gimnazială Calopăr,4.52,4.5,4.55,15
2026,Dolj,Școala Gimnazială Giurgița,4.52,4.35,4.48,19
2026,Dolj,Școala Gimnazială Gubaucea,4.51,3.68,5.33,4
2026,Dolj,"Școala Gimnazială Opsichie Cazacu, Seaca de Pădure",4.44,5.33,3.55,5
2026,Dolj,Școala Gimnazială Castranova,4.42,4.78,4.07,18
2026,Dolj,Școala Gimnazială Puturi,4.41,4.4,4.43,9
2026,Dolj,Școala Gimnazială Radovan,4.4,4.35,4.45,6
2026,Dolj,Școala Gimnazială Horezu-Poenari,4.38,4.32,4.45,9
2026,Dolj,"Școala Gimnazială „Barbu Ionescu”, Urzicuța",4.35,4.08,4.47,15
2026,Dolj,"Școala Gimnazială „Tudor Segarceanu”, Goicea",4.34,4.5,4.05,18
2026,Dolj,Liceul Tehnologic Auto Craiova,4.31,4.29,4.33,18
2026,Dolj,Școala Gimnazială Piscu Sadovei,4.3,4.35,4.27,3
2026,Dolj,Școala Gimnazială Brăniște-Dăneți,4.3,4.6,4.01,12
2026,Dolj,Școala Gimnazială Vartop,4.26,4.36,4.17,16
2026,Dolj,"Școala Gimnazială Nr. 3, Poiana Mare",4.26,4.46,3.99,11
2026,Dolj,"Școala Gimnazială Nr. 25, Facai-Craiova",4.16,5.33,3.0,2
2026,Dolj,Școala Gimnazială Carna,4.08,4.44,3.72,14
2026,Dolj,Școala Gimnazială „Verbita”,4.04,3.9,4.19,10
2026,Dolj,Școala Gimnazială Robăneștii de Jos,4.03,4.15,3.91,8
2026,Dolj,"Școala Gimnazială, Secu",4.02,4.68,3.37,8
2026,Dolj,Școala Gimnazială Cleanov,3.97,4.1,3.85,10
2026,Dolj,Școala Gimnazială Catane,3.97,4.77,3.17,4
2026,Dolj,"Școala Gimnazială „Petrache Cernătescu”, Cernătești",3.96,3.86,4.06,10
2026,Dolj,Școala Gimnazială Dobrești,3.92,4.03,3.81,15
2026,Dolj,"Școala Gimnazială „Henri Coandă”, Perișor",3.9,3.86,3.95,6
2026,Dolj,Școala Gimnazială Amarăștii de Sus,3.8,3.95,3.63,13
2026,Dolj,Școala Gimnazială Gogosu,3.75,4.5,3.0,1
2026,Dolj,Școala Gimnazială Grecești,3.73,4.06,3.39,11
2026,Dolj,Școala Gimnazială Galiciuica,3.7,4.21,3.19,4
2026,Dolj,Școala Gimnazială Plesoi,3.69,3.41,3.98,21
2026,Dolj,Școala Gimnazială Bistreț,3.61,3.9,3.33,20
2026,Dolj,Școala Gimnazială Segarcea,3.53,3.0,4.05,11
2026,Dolj,"Școala Gimnazială „Eufrosina Popescu”, Botoșești-Paia",3.42,3.85,3.0,1
2026,Dolj,"Liceul Tehnologic „Dimitrie Filisanu”, Filiași",3.1,2.97,3.23,10
2026,Dolj,Liceul Tehnologic de Transporturi Auto Craiova,3.09,2.98,3.2,13
2026,Dolj,"Școala Gimnazială „Anton Pann”, Craiova",3.01,3.07,3.01,49
2026,Dolj,"Școala Gimnazială Nr. 1, Băilești",2.86,2.83,2.89,8
2026,Dolj,"Liceul Tehnologic Special „Pelendava”, Craiova",2.05,1.98,2.13,5
2026,Dolj,Școala Gimnazială Ocolna,2.0,1.78,2.25,36
2026,Dâmbovița,"Colegiul Național „Constantin Carabella”, Târgoviște",9.02,9.05,9.01,28
2026,Dâmbovița,"Colegiul Național „Ienăchiță Văcărescu”, Târgoviște",8.82,8.82,8.82,29
2026,Dâmbovița,"Colegiul Național Pedagogic „Constantin Cantacuzino”, Târgoviște",8.7,8.93,8.48,57
2026,Dâmbovița,"Școala Gimnazială „Coresi”, Târgoviște",8.02,8.25,7.81,105
2026,Dâmbovița,"Școala Gimnazială Nr. 4 „Elena Donici Cantacuzino”, Pucioasa",7.98,8.2,7.77,72
2026,Dâmbovița,"Colegiul Național „Nicolae Titulescu”, Pucioasa",7.84,8.2,7.49,23
2026,Dâmbovița,Școala Gimnazială „Ioan Alexandru Brătescu Voinești” Târgoviște,7.82,7.79,7.78,99
2026,Dâmbovița,"Colegiul Național „Vladimir Streinu”, Găești",7.77,8.32,7.23,28
2026,Dâmbovița,"Școala Gimnazială „Șerban Cioculescu”, Găești",7.71,8.0,7.44,82
2026,Dâmbovița,"Școala Gimnazială „Matei Basarab”, Târgoviște",7.69,7.79,7.6,83
2026,Dâmbovița,Școala Gimnazială Perșinari,7.58,8.08,7.08,15
2026,Dâmbovița,"Colegiul Național „Ion Luca Caragiale”, Moreni",7.51,7.58,7.44,20
2026,Dâmbovița,"Școala Gimnazială „Vasile Cîrlova”, Târgoviște",7.5,7.56,7.45,64
2026,Dâmbovița,"Școala Gimnazială „Mihai Viteazul”, Târgoviște",7.45,7.74,7.17,118
2026,Dâmbovița,"Școala Gimnazială „Adânca Gura”, Ocniței",7.31,7.66,6.97,13
2026,Dâmbovița,Școala Gimnazială Vârfuri,7.2,7.76,6.65,20
2026,Dâmbovița,"Școala Gimnazială „Mihai Viteazul”, Pucioasa",7.14,7.57,6.72,56
2026,Dâmbovița,"Liceul de Arte „Bălașa Doamna”, Târgoviște",7.09,7.41,6.77,40
2026,Dâmbovița,"Școala Gimnazială, Lucieni",7.05,7.43,6.68,16
2026,Dâmbovița,"Școala Gimnazială „Sf. Nicolae”, Pietroșița",7.04,6.99,7.1,18
2026,Dâmbovița,"Școala Gimnazială „Pictor Nicolae Grigorescu”, Titu",7.02,7.26,6.79,70
2026,Dâmbovița,"Școala Gimnazială „Constantin Secăreanu”, Runcu",6.99,7.12,6.88,20
2026,Dâmbovița,"Liceul Teoretic „Iancu C. Vissarion”, Titu",6.9,7.08,6.73,24
2026,Dâmbovița,"Școala Gimnazială „Cazaci”, Nucet",6.87,7.63,6.1,13
2026,Dâmbovița,"Școala Gimnazială Cătunu, Cornești",6.86,7.29,6.43,5
2026,Dâmbovița,"Școala Gimnazială, Ocnița",6.85,7.54,6.15,15
2026,Dâmbovița,"Școala Gimnazială, Pietrari",6.82,6.97,6.68,11
2026,Dâmbovița,"Liceul Tehnologic „Udrea Băleanu”, Băleni",6.81,7.07,6.55,66
2026,Dâmbovița,Școala Gimnazială „Malu cu Flori”,6.78,6.92,6.64,13
2026,Dâmbovița,"Școala Gimnazială „Iancu Văcărescu”, Văcărești",6.75,7.4,6.11,15
2026,Dâmbovița,"Școala Gimnazială Frasinu, Cornești",6.73,6.53,6.92,15
2026,Dâmbovița,Școala Gimnazială Buciumeni,6.72,6.69,6.76,17
2026,Dâmbovița,"Școala Gimnazială „Matei Gr. Vlădeanu”, Cândești-Vale",6.72,6.99,6.45,17
2026,Dâmbovița,"Școala Gimnazială „Iosif Gabrea”, Văleni Dâmbovița",6.69,6.59,6.8,14
2026,Dâmbovița,"Școala Gimnazială „Panait Georgescu”, Dobra",6.63,7.23,6.04,18
2026,Dâmbovița,"Școala Gimnazială „Diaconu Coresi”, Fieni",6.6,6.81,6.39,38
2026,Dâmbovița,"Școala Gimnazială „Ion Ciorănescu”, Moroeni",6.58,7.34,5.82,19
2026,Dâmbovița,"Școala Gimnazială Bâldana, Tărtășești",6.56,6.39,6.74,12
2026,Dâmbovița,"Școala Gimnazială Nr. 2 „Picior de Munte”, Boboci Dragodana",6.54,6.65,6.43,23
2026,Dâmbovița,Școala Gimnazială Râu Alb de Jos,6.51,6.57,6.45,6
2026,Dâmbovița,"Școala Gimnazială Nr. 2, Lungulețu",6.44,7.46,5.43,12
2026,Dâmbovița,"Școala Gimnazială Nr. 1, Moreni",6.44,6.6,6.29,47
2026,Dâmbovița,"Școala Gimnazială, Gura Suții",6.42,6.61,6.24,38
2026,Dâmbovița,"Școala Gimnazială, Raciu",6.36,6.64,6.09,10
2026,Dâmbovița,Școala Gimnazială Răzvad,6.34,6.44,6.24,18
2026,Dâmbovița,"Școala Gimnazială, Vulcana Pandele",6.34,6.97,5.72,19
2026,Dâmbovița,"Școala Gimnazială, Slobozia Moară",6.28,6.83,5.73,15
2026,Dâmbovița,"Școala Gimnazială „Tudor Vladimirescu”, Târgoviște",6.27,6.59,5.95,51
2026,Dâmbovița,Școala Gimnazială Mănești,6.19,6.56,5.83,19
2026,Dâmbovița,"Școala Gimnazială Scheiu de Jos, Ludești",6.12,7.11,5.15,9
2026,Dâmbovița,"Școala Gimnazială „Grigore Gheorghe”, Dârza Crevedia",6.12,6.44,5.81,20
2026,Dâmbovița,"Școala Gimnazială „Buică Ionescu”, Glodeni",6.1,6.61,5.6,23
2026,Dâmbovița,Școala Gimnazială Nucet,6.09,6.45,5.74,11
2026,Dâmbovița,"Școala Gimnazială „Grigore Rădulescu”, Bezdead",6.08,6.52,5.64,17
2026,Dâmbovița,"Școala Gimnazială Lazuri, Comișani",6.07,6.21,5.94,10
2026,Dâmbovița,"Școala Gimnazială, Bilciurești",6.04,6.74,5.35,11
2026,Dâmbovița,"Școala Gimnazială Căpșuna, Cobia",6.0,6.48,5.52,16
2026,Dâmbovița,"Școala Gimnazială Petrești, Corbii Mari",5.96,6.03,5.9,16
2026,Dâmbovița,"Școala Gimnazială, Gura Bărbulețului",5.95,6.14,5.76,17
2026,Dâmbovița,"Școala Gimnazială, Produlești",5.94,6.64,5.25,18
2026,Dâmbovița,"Școala Gimnazială „Stan Ștefan”, Vlădeni",5.92,6.14,5.7,15
2026,Dâmbovița,Școala Gimnazială Nr.4 „Mihai Eminescu” Moreni,5.88,6.46,5.32,41
2026,Dâmbovița,Școala Gimnazială Ciocănești,5.85,6.53,5.18,27
2026,Dâmbovița,"Școala Gimnazială „Radu cel Mare”, Târgoviște",5.83,6.33,5.34,27
2026,Dâmbovița,"Școala Gimnazială Urziceanca, Ciocănești",5.82,6.02,5.63,11
2026,Dâmbovița,"Școala Gimnazială „Spiru Haret”, Braniștea",5.8,6.04,5.57,17
2026,Dâmbovița,"Școala Gimnazială „Vlad Țepeș”, Vulcana de Sus, Vulcana Băi",5.8,5.88,5.73,15
2026,Dâmbovița,"Școala Gimnazială, Odobești",5.8,5.83,5.78,28
2026,Dâmbovița,Școala Gimnazială Finta,5.78,6.11,5.45,12
2026,Dâmbovița,"Școala Gimnazială Nr. 3, Doicești",5.76,6.63,4.89,33
2026,Dâmbovița,"Școala Gimnazială „Iulian Rusu”, Mărcești Dobra",5.75,6.31,5.2,8
2026,Dâmbovița,"Școala Gimnazială „Prof. Paul Bănică”, Târgoviște",5.7,6.4,5.01,45
2026,Dâmbovița,Școala Gimnazială Tărtășești,5.69,6.09,5.29,24
2026,Dâmbovița,Școala Gimnazială Răcari,5.68,6.31,4.97,35
2026,Dâmbovița,"Școala Gimnazială „Dr. Mioara Mincu”, Conțești",5.64,6.14,5.14,16
2026,Dâmbovița,"Școala Gimnazială „Nicolae Vlad”, Pucheni",5.64,6.19,5.09,15
2026,Dâmbovița,Școala Gimnazială Șelaru,5.64,6.05,5.23,14
2026,Dâmbovița,"Școala Gimnazială „Prof. Ilie Popescu”, Șotânga",5.6,5.8,5.3,40
2026,Dâmbovița,Școala Gimnazială Dărmănești,5.59,6.03,5.16,22
2026,Dâmbovița,"Școala Gimnazială Nr. 3, Moreni",5.56,6.08,5.05,21
2026,Dâmbovița,"Școala Gimnazială Gheboaia, Finta",5.56,6.28,4.85,15
2026,Dâmbovița,Școala Gimnazială Tătărani,5.56,6.02,5.1,11
2026,Dâmbovița,"Școala Gimnazială „Dora Dalles”, Bucșani",5.55,6.15,4.95,29
2026,Dâmbovița,"Școala Gimnazială „Valea Voievozilor”, Răzvad",5.53,6.06,5.02,12
2026,Dâmbovița,Liceul Tehnologic de Petrol Moreni,5.47,4.69,6.32,15
2026,Dâmbovița,"Școala Gimnazială Nr. 1 „Ghirdoveni”, I. L. Caragiale",5.46,5.95,4.97,23
2026,Dâmbovița,Școala Gimnazială Răscăeți,5.45,5.11,5.5,10
2026,Dâmbovița,"Școala Gimnazială „Radu cel Mare”, Găești",5.45,5.71,5.15,55
2026,Dâmbovița,"Liceul Teoretic „Mihai Viteazul”, Vișina",5.44,5.95,4.94,28
2026,Dâmbovița,"Seminarul Teologic Ortodox „Sf. Ioan Gură de Aur”, Târgoviște",5.41,5.98,4.84,17
2026,Dâmbovița,"Școala Gimnazială Telești, Ludești",5.41,6.5,4.24,11
2026,Dâmbovița,"Școala Gimnazială Jugureni, Uliești",5.4,5.76,5.04,11
2026,Dâmbovița,"Școala Gimnazială Ghinești, Sălcioara",5.39,5.69,5.09,13
2026,Dâmbovița,"Școala Gimnazială Fierbinți, Șelaru",5.38,5.47,5.15,13
2026,Dâmbovița,"Școala Gimnazială Crovu, Odobești",5.38,5.89,4.87,15
2026,Dâmbovița,"Școala Gimnazială Gherghești, Petrești",5.37,5.5,5.26,12
2026,Dâmbovița,Școala Gimnazială Uliești,5.36,5.86,4.87,22
2026,Dâmbovița,"Școala Gimnazială, Cornești",5.33,5.19,5.49,11
2026,Dâmbovița,"Școala Gimnazială, Gura Ocniței",5.33,5.73,4.93,7
2026,Dâmbovița,"Școala Gimnazială Râncaciov, Dragomirești",5.31,5.75,4.86,15
2026,Dâmbovița,"Școala Gimnazială Nr. 1, Poiana",5.29,5.43,5.15,22
2026,Dâmbovița,Școala Gimnazială Aninoasa,5.25,5.73,4.78,16
2026,Dâmbovița,"Școala Gimnazială, Cricov Valea Lungă",5.22,5.34,5.1,14
2026,Dâmbovița,"Școala Gimnazială, Gura Foii",5.2,5.83,4.58,6
2026,Dâmbovița,"Școala Gimnazială Glod, Moroeni",5.19,5.8,4.58,14
2026,Dâmbovița,Școala Gimnazială Mogoșani,5.16,4.72,5.59,17
2026,Dâmbovița,"Școala Gimnazială Nr. 1, Hulubești",5.15,5.34,4.96,17
2026,Dâmbovița,"Școala Gimnazială „Mareșal Constantin Prezan”, Butimanu",5.15,5.54,4.76,23
2026,Dâmbovița,"Școala Gimnazială Grozăvești, Corbii Mari",5.14,5.27,3.9,13
2026,Dâmbovița,"Școala Gimnazială, Dragomirești",5.11,5.5,4.73,17
2026,Dâmbovița,"Școala Gimnazială „Brezoaia”, Brezoaele",5.08,5.32,4.85,21
2026,Dâmbovița,"Școala Gimnazială Pitaru, Potlogi",5.08,5.29,4.88,17
2026,Dâmbovița,Liceul Tehnologic de Transporturi Auto Târgoviște,5.07,5.42,4.73,9
2026,Dâmbovița,"Școala Gimnazială Serdanu, Lungulețu",5.05,5.43,4.67,15
2026,Dâmbovița,"Școala Gimnazială Ciocănari, Niculești",5.04,5.71,4.37,11
2026,Dâmbovița,"Școala Gimnazială „Ion Constantinescu”, Viișoara Ulmi",5.02,5.18,4.88,12
2026,Dâmbovița,Școala Gimnazială Voinești,4.99,5.6,4.38,35
2026,Dâmbovița,Școala Gimnazială Brănești,4.97,5.33,4.62,11
2026,Dâmbovița,Școala Gimnazială Ulmi,4.95,5.23,4.68,12
2026,Dâmbovița,Școala Gimnazială Valea Mare,4.95,4.79,5.11,11
2026,Dâmbovița,"Școala Gimnazială, Cojasca",4.94,3.64,6.25,72
2026,Dâmbovița,"Școala Gimnazială Nr. 1, Ungureni, Corbii Mari",4.93,5.66,4.2,26
2026,Dâmbovița,Școala Gimnazială Dragodana,4.89,5.12,4.66,12
2026,Dâmbovița,"Școala Gimnazială Decindeni, Dragomirești",4.88,5.35,4.42,21
2026,Dâmbovița,Școala Gimnazială Costești Vale,4.88,5.17,4.6,21
2026,Dâmbovița,"Școala Gimnazială Ghergani, Răcari",4.88,5.21,4.55,13
2026,Dâmbovița,"Școala Gimnazială, Comișani",4.87,4.89,4.86,16
2026,Dâmbovița,Liceul Tehnologic Nucet,4.86,5.13,4.6,20
2026,Dâmbovița,Școala Gimnazială Potlogi,4.82,5.19,4.45,16
2026,Dâmbovița,"Școala Gimnazială Drăgăești, Ungureni, Mănești",4.78,5.08,4.48,12
2026,Dâmbovița,"Școala Gimnazială, Crevedia",4.73,4.65,4.82,34
2026,Dâmbovița,Școala Gimnazială Petrești,4.7,4.58,4.82,13
2026,Dâmbovița,"Școala Gimnazială Poroinica, Mătăsaru",4.69,4.63,4.55,15
2026,Dâmbovița,"Școala Gimnazială Nr. 2, Titu Târg",4.64,4.83,4.29,28
2026,Dâmbovița,"Școala Gimnazială, Morteni",4.63,4.22,5.04,17
2026,Dâmbovița,"Școala Gimnazială „Grigore Alexandrescu”, Târgoviște",4.62,4.83,4.2,44
2026,Dâmbovița,Școala Gimnazială Vișinești,4.55,4.1,5.0,4
2026,Dâmbovița,Școala Gimnazială Mătăsaru,4.52,5.2,3.85,13
2026,Dâmbovița,Școala Gimnazială Niculești,4.52,4.66,4.38,32
2026,Dâmbovița,"Școala Gimnazială Hăbeni, Bucșani",4.5,4.95,4.02,14
2026,Dâmbovița,"Școala Gimnazială Drăgăești Pământeni, Mănești",4.48,5.34,3.64,20
2026,Dâmbovița,"Școala Gimnazială „Smaranda Gheorghiu”, Târgoviște",4.46,4.44,4.48,17
2026,Dâmbovița,"Școala Gimnazială Căprioru, Tătărani",4.38,5.16,3.41,8
2026,Dâmbovița,Școala Profesională Corbii Mari,4.34,4.54,4.13,19
2026,Dâmbovița,Școala Gimnazială Cornățelu,4.3,4.08,4.53,8
2026,Dâmbovița,"Școala Gimnazială Bălteni, Conțești",4.1,4.29,3.91,24
2026,Dâmbovița,Liceul Tehnologic Cojasca,4.02,2.77,5.28,10
2026,Dâmbovița,"Școala Gimnazială „Colacu”, Răcari",4.01,4.16,3.66,14
2026,Dâmbovița,Școala Gimnazială Iedera de Jos,3.96,4.19,3.5,12
2026,Dâmbovița,"Școala Gimnazială „Smaranda Dumitru Roman”, Vizurești, Ciocănești",3.93,3.91,3.97,8
2026,Dâmbovița,"Școala Gimnazială Nr. 1, Lungulețu",3.84,3.8,3.88,14
2026,Dâmbovița,"Școala Gimnazială Pătroaia Vale, Crângurile",3.81,3.78,3.84,16
2026,Dâmbovița,Școala Gimnazială Nr. 1 „I. L. Caragiale”,3.19,3.21,2.97,21
2026,Dâmbovița,"Școala Gimnazială Românești, Potlogi",3.14,3.18,3.0,48
2026,Dâmbovița,"Școala Gimnazială Bădulești, Crângurile",3.05,3.0,3.11,12
2026,Galați,"Colegiul Național „Vasile Alecsandri”, localitatea Galați",9.27,9.39,9.15,46
2026,Galați,"Colegiul Național „Costache Negri”, Localitatea Galați",8.57,8.8,8.35,46
2026,Galați,"Școala Gimnazială Nr. 29, Localitatea Galați",8.57,8.57,8.56,111
2026,Galați,"Scoala Gimnaziala Nr.28, Localitatea Galati",8.55,8.68,8.41,89
2026,Galați,"Colegiul Național „Mihail Kogălniceanu”, Localitatea Galați",8.52,8.72,8.31,28
2026,Galați,"Liceul Teoretic „Emil Racoviță”, localitatea Galați",8.48,8.64,8.34,21
2026,Galați,"Colegiul Național „Spiru Haret”, Localitatea Tecuci",8.46,8.56,8.37,31
2026,Galați,"Colegiul Național „Alexandru Ioan Cuza”, localitatea Galați",8.37,8.5,8.24,53
2026,Galați,"Școala Gimnazială „Mihail Sadoveanu”, Localitatea Galați",8.34,8.44,8.25,111
2026,Galați,"Liceul Teoretic „Dunărea”, localitatea Galați",8.2,8.62,7.8,19
2026,Galați,"Scoala Gimnaziala Stefan cel Mare, Localitatea Galati",8.18,8.41,7.96,80
2026,Galați,"Școala Gimnazială Adventistă, Comuna Matca",8.12,8.51,7.74,15
2026,Galați,"Scoala Gimnaziala Nr.25, Localitatea Galati",8.11,8.5,7.71,36
2026,Galați,"Colegiul Național „Calistrat Hogaș”, Localitatea Tecuci",8.06,8.36,7.77,17
2026,Galați,"Scoala Gimnaziala Miron Costin, Localitatea Galati",8.05,8.41,7.7,95
2026,Galați,"Scoala Gimnaziala Dimitrie Sturdza, Localitatea Tecuci",8.01,8.33,7.69,77
2026,Galați,"Școala Gimnazială Româno-Britanică, Localitatea Galați",8.0,8.7,7.3,3
2026,Galați,"Scoala Gimnaziala Nr.7, Localitatea Galati",7.8,8.09,7.51,59
2026,Galați,"Școala Gimnazială „Dimitrie Cantemir”, Comuna Matca",7.79,7.71,7.89,29
2026,Galați,"Scoala Gimnaziala Iorgu Iordan, Localitatea Tecuci",7.71,7.78,7.64,68
2026,Galați,"Seminarul Teologic Ortodox „Sf. Andrei”, Localitatea Galați",7.69,7.97,7.41,33
2026,Galați,"Scoala Gimnaziala Elena Doamna, Localitatea Tecuci",7.53,7.85,7.22,39
2026,Galați,"Scoala Gimnaziala Nr.9, Localitatea Galati",7.46,7.86,7.06,21
2026,Galați,"Școala Gimnazială „Sf. Stelian”, Sat Umbrărești Deal, Comuna Umbrărești",7.33,7.7,6.95,18
2026,Galați,"Școala Gimnazială Nr. 1, Comuna Liesti",7.32,7.49,7.15,26
2026,Galați,"Școala Gimnazială Nr. 1, Comuna Independența",7.31,7.55,7.08,13
2026,Galați,"Scoala Gimnaziala Dan Barbilian, Localitatea Galati",7.31,7.33,7.29,61
2026,Galați,"Scoala Gimnaziala Nr.3, Localitatea Galati",7.3,7.19,7.43,23
2026,Galați,"Liceul Teoretic „Mircea Eliade”, localitatea Galați",7.28,7.56,6.87,38
2026,Galați,"Liceul Tehnologic „Costache Conachi”, comuna Pechea",7.24,7.7,6.78,24
2026,Galați,"Școala Gimnazială Nr. 2, Comuna Barcea",7.22,7.45,7.0,18
2026,Galați,"Școala Gimnazială „Negoită Dănăilă”, Sat Bucești, Comuna Ivesti",7.2,7.52,6.89,28
2026,Galați,"Școala Gimnazială „Sfântul Grigorie Teologul”, Localitatea Galați",7.18,7.37,7.0,37
2026,Galați,"Școala Gimnazială Prof. Emil Panaitescu, Comuna Cudalbi",7.17,7.36,6.98,33
2026,Galați,"Școala Gimnazială Nr. 1, Sat Sivita, Comuna Tulucești",7.12,7.63,6.61,13
2026,Galați,"Liceul Tehnologic nr. 1, comuna Cudalbi",7.07,7.38,6.77,14
2026,Galați,"Scoala Gimnaziala Nr.17, Localitatea Galati",7.01,7.14,6.89,37
2026,Galați,"Scoala Gimnaziala Nr.22, Localitatea Galati",7.0,7.23,6.78,55
2026,Galați,"Scoala Gimnaziala Stefan Octavian Iosif, Localitatea Tecuci",6.95,7.08,6.81,23
2026,Galați,"Școala Gimnazială „Sfinții Împărați”, Localitatea Galați",6.94,7.56,6.32,27
2026,Galați,"Școala Gimnazială „Gheorghe Poalelungi”, Comuna Mastacani",6.94,7.28,6.61,10
2026,Galați,"Școala Gimnazială „Lascar Catargiu”, Comuna Schela",6.92,7.28,6.56,19
2026,Galați,"Liceul de Arte „Dimitrie Cuclin”, localitatea Galați",6.87,7.03,6.72,45
2026,Galați,"Școala Gimnazială „Sf. Trei Ierarhi”, Sat Hanu Conachi, Comuna Fundeni",6.86,7.31,6.42,20
2026,Galați,"Școala Gimnazială Nr. 1, Sat Malu Alb, Comuna Drăgănești",6.86,7.11,6.62,15
2026,Galați,"Școala Gimnazială „Unirea”, Comuna Braniștea",6.86,7.12,6.6,17
2026,Galați,"Scoala Gimnaziala Nr.33, Localitatea Galati",6.85,7.41,6.29,46
2026,Galați,"Școala Gimnazială „Ștefan Istrate”, comuna Fârțănești",6.81,6.87,6.76,10
2026,Galați,"Școala Gimnazială „Gheorghe Munteanu”, Localitatea Galați",6.78,6.86,6.71,24
2026,Galați,"Școala Gimnazială „Vasile Seicaru”, Comuna Oancea",6.77,6.95,6.6,1
2026,Galați,"Școala Gimnazială Nr. 3, Comuna Liesti",6.73,7.04,6.43,10
2026,Galați,"Școala Gimnazială „Sfântul Nicolae”, Comuna Liesti",6.65,6.81,6.48,18
2026,Galați,"Școala Gimnazială Nr.1, Sat Fântânele, Comuna Scânteiești",6.59,7.28,5.91,23
2026,Galați,"Scoala Gimnaziala Nr.10, Localitatea Galati",6.59,6.94,6.23,24
2026,Galați,"Liceul Tehnologic „Tudor Vladimirescu”, Comuna Tudor Vladimirescu",6.59,6.62,6.4,30
2026,Galați,"Școala Gimnazială Nr. 1, Sat Maciseni, Comuna Corni",6.57,6.38,6.77,11
2026,Galați,"Școala Gimnazială „Sfântul Nicolae”, Comuna Vânători",6.55,6.71,6.39,33
2026,Galați,"Școala Gimnazială „Sfântul Gheorghe”, Comuna Cuca",6.54,6.78,6.31,10
2026,Galați,"Școala Gimnazială „Sfânta Cuvioasă Parascheva”, Comuna Smârdan",6.53,6.97,6.09,20
2026,Galați,"Scoala Gimnaziala Nr.26, Localitatea Galati",6.49,7.15,5.84,35
2026,Galați,"Școala Gimnazială „Grigore Moisil”, Localitatea Galați",6.46,7.03,5.9,39
2026,Galați,"Școala Gimnazială „Alexandru Moruzi”, Comuna Pechea",6.46,6.81,6.11,15
2026,Galați,"Școala Gimnazială „Grigore Hagiu”, Oraș Tg. Bujor",6.45,6.53,6.37,18
2026,Galați,"Școala Gimnazială Nr. 1, Comuna Matca",6.44,6.61,6.27,59
2026,Galați,"Scoala Gimnaziala Nr.5, Localitatea Galati",6.43,6.62,6.25,31
2026,Galați,"Școala Gimnazială Nr. 1, Sat Furcenii Noi, Comuna Cosmești",6.42,6.38,6.46,19
2026,Galați,"Școala Gimnazială „Gheorghe și Maria Tasca”, Comuna Balabanesti",6.38,7.04,5.72,17
2026,Galați,"Scoala Gimnaziala Iulia Hasdeu, Localitatea Galati",6.37,6.82,5.91,16
2026,Galați,"Școala Gimnazială Nr. 1, Comuna Varlezi",6.36,6.83,5.89,8
2026,Galați,"Scoala Gimnaziala Nr.16, Localitatea Galati",6.35,6.79,5.91,7
2026,Galați,"Școala Gimnazială Nr. 1, Comuna Slobozia Conachi",6.33,6.86,5.8,23
2026,Galați,"Școala Gimnazială „Doamna Nica”, Comuna Valea Marului",6.33,6.59,6.07,32
2026,Galați,"Școala Gimnazială Nr. 2, Comuna Independența",6.29,6.9,5.68,12
2026,Galați,"Școala Gimnazială „Dumitru Căpraru”, comuna Grivița",6.25,6.55,5.96,14
2026,Galați,"Liceul Tehnologic „Eremia Grigorescu”, oraș Tg. Bujor",6.25,6.71,5.78,14
2026,Galați,"Școala Gimnazială Nr. 1, Comuna Rediu",6.22,7.25,5.19,9
2026,Galați,"Școala Gimnazială „Ion Creangă”, Sat Talpigi, Comuna Ghidigeni",6.22,5.63,6.69,16
2026,Galați,"Școala Gimnazială „Stroe S. Belloescu”, Sat Plesa, Comuna Beresti-Meria",6.19,7.5,4.88,10
2026,Galați,"Școala Gimnazială „General Dumitru Dămăceanu”, Comuna Coșmești",6.13,6.12,6.14,14
2026,Galați,"Scoala Gimnaziala Anghel Rugina, Localitatea Tecuci",6.12,6.51,5.64,43
2026,Galați,"Școala Gimnazială Nr. 2, Sat Chiraftei, Comuna Măstăcani",6.1,6.51,5.71,9
2026,Galați,"Școala Gimnazială Nr. 1, Comuna Dragușeni",6.09,7.02,5.16,13
2026,Galați,"Liceul cu Program Sportiv, Localitatea Galați",6.08,6.41,5.75,34
2026,Galați,"Școala Gimnazială „Petru Rareș”, Comuna Frumușita",6.07,6.13,6.01,22
2026,Galați,"Școala Gimnazială Nr. 3, Comuna Pechea",6.04,6.61,5.48,8
2026,Galați,"Școala Gimnazială Nr. 1, Comuna Drăgănești",6.02,6.43,5.61,13
2026,Galați,"Scoala Gimnaziala Nr.18, Localitatea Galati",5.99,6.48,5.5,52
2026,Galați,"Școala Gimnazială „Elena Doamna”, Comuna Cuza Vodă",5.98,6.12,5.84,21
2026,Galați,"Școala Gimnazială „Tudor Pamfile”, Comuna Tepu",5.97,7.09,4.86,5
2026,Galați,"Școala Gimnazială Nr. 1, Comuna Tulucești",5.97,6.46,5.48,26
2026,Galați,"Școala Gimnazială „Mihail și Gavril”, Sat Mihail Kogălniceanu, Comuna Smârdan",5.91,6.4,5.42,18
2026,Galați,"Școala Gimnazială „Dimitrie Luchian”, Comuna Piscu",5.89,6.41,5.38,22
2026,Galați,"Școala Gimnazială Nr. 1, Comuna Bălășești",5.89,5.69,6.09,15
2026,Galați,"Școala Gimnazială Nr. 1, Sat Fundeanu, Comuna Dragușeni",5.88,6.33,5.44,10
2026,Galați,"Școala Gimnazială Nr. 1, Comuna Namoloasa",5.82,6.47,5.18,6
2026,Galați,"Școala Gimnazială „Sfântul Ierarh Nicolae”, Comuna Vladesti",5.82,5.54,6.11,12
2026,Galați,"Școala Gimnazială Nr. 1, Comuna Sendreni",5.82,6.66,4.98,22
2026,Galați,"Școala Gimnazială Nr. 1, Comuna Barcea",5.82,6.47,5.17,19
2026,Galați,"Școala Gimnazială Nr. 1, Comuna Munteni",5.8,5.84,5.77,19
2026,Galați,"Școala Gimnazială „Constantin Gh. Marinescu”, Localitatea Galați",5.79,5.88,5.7,39
2026,Galați,"Școala Gimnazială Nr. 1, Comuna Corod",5.79,6.03,5.55,21
2026,Galați,"Școala Gimnazială Nr. 1, Comuna Frumușita",5.75,5.72,5.8,13
2026,Galați,"Școala Gimnazială „Gabriel Drăgan”, Comuna Nicorești",5.72,6.38,5.08,14
2026,Galați,"Școala Gimnazială „Alexei Mateevici”, Comuna Movileni",5.69,6.05,5.33,12
2026,Galați,"Școala Gimnazială Nr.1, Sat Umbrărești, Comuna Umbrărești",5.66,5.84,5.52,18
2026,Galați,"Școala Gimnazială „Ludovic Cosma”, Localitatea Galați",5.63,6.91,4.36,7
2026,Galați,"Școala Gimnazială Nr. 1, Comuna Suhurlui",5.62,5.61,5.63,4
2026,Galați,"Scoala Gimnaziala Nr.20, Localitatea Galati",5.6,6.13,4.78,8
2026,Galați,"Școala Gimnazială Nr. 1, Comuna Foltesti",5.59,5.85,5.34,12
2026,Galați,"Școala Gimnazială „Florea Julea”, Comuna Negrilești",5.58,5.89,5.28,14
2026,Galați,"Școala Gimnazială „George Ivașcu”, Comuna Certești",5.55,5.65,5.45,22
2026,Galați,"Școala Gimnazială Nr. 1, Sat Ungureni, Comuna Munteni",5.53,5.55,5.51,13
2026,Galați,"Școala Gimnazială „Maria Grecu”, Sat Odaia Manolache, Comuna Vânători",5.52,5.84,5.2,15
2026,Galați,"Școala Gimnazială Nr. 1, Comuna Băneasa",5.51,6.64,4.4,10
2026,Galați,"Școala Gimnazială Nr. 1, Comuna Băleni",5.5,5.7,5.31,5
2026,Galați,"Școala Gimnazială „Ionică Lungulescu”, Sat Viile, Comuna Fârțănești",5.49,6.4,4.59,4
2026,Galați,"Școala Gimnazială Nr. 1, Sat Berheci, Comuna Gohor",5.49,5.46,5.28,16
2026,Galați,"Școala Gimnazială Nr. 1, Comuna Rădești",5.43,5.87,4.99,11
2026,Galați,"Școala Gimnazială „Ion Ovidenie”, Comuna Fârțănești",5.38,6.14,4.63,7
2026,Galați,"Școala Gimnazială Nr. 1, Comuna Ghidigeni",5.33,5.09,5.57,24
2026,Galați,"Școala Gimnazială „Mihai Viteazul”, Localitatea Galați",5.33,5.47,5.18,16
2026,Galați,"Școala Gimnazială „Ene Patriciu”, Comuna Smulti",5.26,6.05,4.47,3
2026,Galați,"Școala Gimnazială Nr. 1, Sat Blanzi, Comuna Corod",5.25,5.37,4.99,26
2026,Galați,"Liceul Tehnologic „Paul Bujor”, oraș Beresti",5.24,5.33,5.15,29
2026,Galați,"Școala Gimnazială Nr. 1, Comuna Poiana",5.16,5.71,4.62,11
2026,Galați,"Scoala Gimnaziala Nr.24, Localitatea Galati",5.14,5.21,5.08,6
2026,Galați,"Școala Gimnazială „Elena Negri”, Comuna Costache Negri",5.11,4.95,5.16,23
2026,Galați,"Școala Gimnazială „Vasile Burlui”, Comuna Suceveni",5.11,5.25,4.97,13
2026,Galați,"Școala Gimnazială Nr. 1, Comuna Priponesti",5.07,5.09,5.05,16
2026,Galați,"Școala Gimnazială Nr. 1, Sat Coasta Lupei, Comuna Nicorești",5.04,5.55,4.54,7
2026,Galați,"Școala Gimnazială Nr. 1, Comuna Cavadinesti",5.03,5.8,4.27,24
2026,Galați,"Școala Gimnazială Nr. 1, Sat Bucești, Comuna Ivesti",5.03,5.28,4.79,18
2026,Galați,"Școala Gimnazială „Ștefan cel Mare”, Comuna Piscu",4.96,5.65,4.28,15
2026,Galați,"Școala Gimnazială Nr. 4, Comuna Pechea",4.84,5.17,4.51,12
2026,Galați,"Scoala Gimnaziala „Nicolae Bălcescu”, Localitatea Tecuci",4.82,5.2,4.44,7
2026,Galați,"Școala Gimnazială Nr. 1, Sat Adam, Comuna Dragușeni",4.76,5.6,3.93,13
2026,Galați,"Școala Gimnazială „Natalia Negru”, Comuna Buciumeni",4.47,5.09,3.85,8
2026,Galați,"Școala Gimnazială Nr. 1, Comuna Brahașești",4.28,4.5,3.91,18
2026,Galați,"Școala Gimnazială Nr. 1, Sat Slivna, Comuna Beresti-Meria",4.15,4.2,4.1,5
2026,Galați,"Școala Gimnazială Nr. 2, Comuna Liesti",4.08,3.28,4.76,9
2026,Galați,"Școala Gimnazială Nr. 1, Comuna Jorăști",4.04,4.32,3.72,23
2026,Galați,"Școala Profesională Specială „Emil Gârleanu”, Localitatea Galați",3.71,3.16,4.26,11
2026,Galați,"Școala Gimnazială Specială „Constantin Pufan”, Localitatea Galați",3.41,2.88,3.94,7
2026,Galați,"Scoala Gimnaziala Elena Cuza, Localitatea Galati",3.33,3.5,3.16,5
2026,Galați,"Școala Gimnazială „Victor Ion Popa”, Comuna Ivesti",3.24,2.99,3.5,8
2026,Galați,"Scoala Gimnaziala Gheorghe Petrascu, Localitatea Tecuci",3.19,3.54,2.93,12
2026,Galați,"Scoala Gimnaziala Ion Petrovici, Localitatea Tecuci",3.16,2.98,3.36,9
2026,Galați,"Școala Profesională „Hortensia Papadat Bengescu”, comuna Ivesti",3.16,3.34,2.98,14
2026,Galați,"Școala Gimnazială Nr. 1, Sat Toflea, Comuna Brahașești",2.99,2.72,3.27,6
2026,Giurgiu,"Școala Gimnazială Nr. 1, Oinacu",7.83,8.2,7.47,11
2026,Giurgiu,"Colegiul Național „Ion Maiorescu”, Giurgiu",7.64,7.81,7.48,57
2026,Giurgiu,"Școala Gimnazială Nr. 1, Adunații Copăceni",7.64,7.52,7.77,19
2026,Giurgiu,"Liceul Tehnologic „Tiu Dumitrescu”, Mihăilești",7.48,7.21,7.75,47
2026,Giurgiu,"Școala Gimnazială Nr. 2, Dărăști Vlașca",7.4,7.09,7.72,5
2026,Giurgiu,"Școala Gimnazială Nr. 3, Palanca",7.3,7.07,7.53,25
2026,Giurgiu,"Școala Gimnazială „Sfinții Martiri Brâncoveni”, Giurgiu",7.19,7.45,6.94,55
2026,Giurgiu,"Școala Gimnazială Nr. 1, Cosoba",7.17,7.03,7.32,27
2026,Giurgiu,"Școala Gimnazială Nr. 2, Căscioarele",7.15,6.58,7.72,12
2026,Giurgiu,"Școala Gimnazială Nr. 2, Milcovățu",7.14,7.32,6.97,7
2026,Giurgiu,"Școala Gimnazială Nr. 5, Giurgiu",7.1,7.37,6.83,7
2026,Giurgiu,"Școala Gimnazială Nr. 7, Giurgiu",6.99,6.88,7.12,44
2026,Giurgiu,"Școala Gimnazială Nr. 1, Vărăști",6.95,6.87,7.03,19
2026,Giurgiu,"Școala Gimnazială Nr. 1, Bolintin-Vale",6.92,7.03,6.81,48
2026,Giurgiu,"Școala Gimnazială „Mihai Eminescu”, Giurgiu",6.89,7.04,6.73,50
2026,Giurgiu,"Școala Gimnazială Nr. 1, Buturugeni",6.85,7.31,6.39,16
2026,Giurgiu,"Școala Gimnazială „Academician Marin Voiculescu”, Giurgiu",6.82,7.09,6.56,127
2026,Giurgiu,"Școala Gimnazială Nr. 1, Greaca",6.79,7.31,6.28,4
2026,Giurgiu,"Școala Gimnazială Nr. 1, Călugăreni",6.74,7.02,6.46,8
2026,Giurgiu,Școala Gimnazială Nr.2 Izvoru,6.7,6.84,6.56,11
2026,Giurgiu,"Școala Gimnazială Nr. 1, Găiseni",6.68,6.15,7.23,36
2026,Giurgiu,"Școala Gimnazială Nr. 3, Letca Veche",6.65,6.89,6.42,7
2026,Giurgiu,"Școala Gimnazială „Mircea cel Bătrân”, Giurgiu",6.62,6.87,6.38,26
2026,Giurgiu,"Școala Gimnazială Nr. 3, Comana",6.6,7.03,6.19,8
2026,Giurgiu,"Liceul „Udriște Năsturel”, Hotarele",6.58,7.17,5.99,24
2026,Giurgiu,"Școala Gimnazială Nr. 1, Popești",6.57,5.98,7.17,11
2026,Giurgiu,"Școala Gimnazială „Nichifor Crainic”, Bulbucata",6.56,6.48,6.65,15
2026,Giurgiu,"Școala Gimnazială Nr. 1, Mârșa",6.53,6.89,6.17,16
2026,Giurgiu,"Școala Gimnazială „Dumitru Pătrașcu”, Crevedia Mică",6.44,6.63,6.26,9
2026,Giurgiu,"Școala Gimnazială „Marin M. Țiculescu”, Băneasa",6.36,6.85,5.87,14
2026,Giurgiu,Școala Gimnazială Prof. „Dinu Nicolae Vlașin”,6.35,6.46,6.25,10
2026,Giurgiu,"Școala Gimnazială Nr. 3, Vânătorii Mari",6.34,5.74,6.76,11
2026,Giurgiu,"Școala Gimnazială „Sfântul Nectarie”, Ogrezeni",6.33,6.53,6.14,21
2026,Giurgiu,"Școala Gimnazială „Remus Begnescu”, Pietrele",6.32,6.46,6.19,13
2026,Giurgiu,"Școala Gimnazială Nr. 2, Stoenești",6.32,6.58,6.06,20
2026,Giurgiu,"Școala Gimnazială Nr. 2, Bâcu",6.31,6.81,5.8,18
2026,Giurgiu,"Școala Gimnazială Nr. 1, Malu Spart",6.3,6.02,6.58,35
2026,Giurgiu,"Școala Gimnazială „Nicolae Crevedia”, Crevedia Mare",6.29,6.67,5.91,23
2026,Giurgiu,Școala Gimnazială „Dumitru Constantin Mihai Bravu”,6.27,5.37,7.18,20
2026,Giurgiu,"Școala Gimnazială „Sfântul Gheorghe”, Giurgiu",6.23,6.42,6.05,38
2026,Giurgiu,"Școala Gimnazială Nr. 1, Prundu",6.22,6.12,6.32,14
2026,Giurgiu,"Școala Gimnazială Nr. 2, Cartojani",6.21,6.59,5.84,18
2026,Giurgiu,"Școala Gimnazială Nr. 1, Grădinari",6.16,6.35,5.98,33
2026,Giurgiu,"Școala Gimnazială „Ioan Badilă”, Malu",6.14,5.91,6.36,4
2026,Giurgiu,"Școala Gimnazială Nr. 1, Valea Dragului",6.13,5.97,6.17,32
2026,Giurgiu,"Școala Gimnazială Nr. 2, Dobreni",6.1,5.73,6.47,12
2026,Giurgiu,"Școala Gimnazială Nr. 2, Cîmpurelu",6.09,6.76,5.42,8
2026,Giurgiu,"Școala Gimnazială Nr. 1, Florești",6.08,6.07,6.09,26
2026,Giurgiu,"Școala Gimnazială Nr. 1, Singureni",6.07,6.49,5.65,15
2026,Giurgiu,"Școala Gimnazială Nr. 2, Remuș",6.07,6.5,5.63,6
2026,Giurgiu,"Școala Gimnazială „Aurel Solacolu”, Ogrezeni",6.05,6.0,6.11,25
2026,Giurgiu,"Școala Gimnazială Nr. 1, Frătești",6.02,6.07,5.98,6
2026,Giurgiu,"Școala Gimnazială Nr. 1, Vânătorii Mici",6.0,6.54,5.47,9
2026,Giurgiu,"Școala Gimnazială Nr. 1, Letca Nouă",6.0,6.0,6.0,7
2026,Giurgiu,"Școala Gimnazială Nr. 2, Hulubești",5.98,7.16,4.81,5
2026,Giurgiu,"Școala Gimnazială Nr. 1, Poenari",5.94,6.3,5.57,35
2026,Giurgiu,"Școala Gimnazială Nr. 1, Iepurești",5.93,6.04,5.83,16
2026,Giurgiu,"Școala Gimnazială Nr. 4, Zădăriciu",5.91,6.06,5.76,8
2026,Giurgiu,"Școala Gimnazială „Nicolae Lahovary”, Trestieni",5.9,6.42,5.38,32
2026,Giurgiu,"Școala Gimnazială „Elina Basarab”, Herăști",5.9,6.05,5.75,13
2026,Giurgiu,"Școala Gimnazială Nr. 1, Joița",5.87,6.03,5.72,19
2026,Giurgiu,"Școala Gimnazială Nr. 1, Roata de Jos",5.77,5.94,5.6,14
2026,Giurgiu,"Școala Gimnazială Nr. 1, Daia",5.73,6.46,5.02,10
2026,Giurgiu,"Școala Gimnazială Nr. 1, Colibași",5.67,6.29,5.05,16
2026,Giurgiu,"Școala Gimnazială „Banu Băleanu”, Bolintin-Deal",5.64,6.11,5.1,33
2026,Giurgiu,"Școala Gimnazială Nr. 1, Stoenești",5.55,6.01,5.1,6
2026,Giurgiu,"Școala Gimnazială „Petre Adameșteanu”, Toporu",5.55,6.25,4.85,5
2026,Giurgiu,"Școala Gimnazială Nr. 2, Pădureni",5.54,5.88,5.2,12
2026,Giurgiu,"Școala Gimnazială Nr. 1, Săbăreni",5.51,5.8,5.23,21
2026,Giurgiu,"Școala Gimnazială Nr. 2, Grădiștea",5.51,5.92,5.09,8
2026,Giurgiu,"Școala Gimnazială „Marin Gh. Popescu”, Gogoșari",5.5,5.65,4.81,9
2026,Giurgiu,"Școala Gimnazială Nr. 1, Gostinari",5.46,5.72,5.2,16
2026,Giurgiu,"Școala Gimnazială Nr. 1, Slobozia",5.16,5.23,5.1,9
2026,Giurgiu,Școala Gimnazială Nr. 2 „Mihai Vodă”,5.11,5.8,4.43,13
2026,Giurgiu,"Școala Gimnazială „Apostol Arsache”, Vedea",5.1,5.65,4.49,18
2026,Giurgiu,"Școala Gimnazială Nr. 2, Vadu Lat",5.04,5.47,4.37,6
2026,Giurgiu,"Școala Gimnazială „Drăghici Davila”, Găujani",5.0,5.35,4.65,9
2026,Giurgiu,"Școala Gimnazială Nr. 1, Putineiu",4.99,4.86,4.92,11
2026,Giurgiu,"Școala Gimnazială Nr. 1, Stănești",4.98,5.36,4.61,8
2026,Giurgiu,"Școala Gimnazială „Anghel Mareș”, Gostinu",4.92,5.84,3.99,11
2026,Giurgiu,"Școala Gimnazială Nr. 1, Vlad Țepeș",4.87,5.05,4.69,4
2026,Giurgiu,"Școala Gimnazială Nr. 1, Bucșani",4.85,5.04,4.66,24
2026,Giurgiu,"Școala Gimnazială Nr. 1, Izvoarele",4.8,5.24,4.36,14
2026,Giurgiu,"Școala Gimnazială „Savin Popescu”, Giurgiu",4.68,5.08,4.29,9
2026,Giurgiu,"Școala Gimnazială „Stolnicul Constantin Cantacuzino”, Isvoarele",4.64,5.85,3.43,6
2026,Giurgiu,"Școala Gimnazială Nr. 2, Naipu",4.55,5.09,4.0,17
2026,Giurgiu,"Școala Gimnazială Nr. 1, Cucuruzu",4.48,5.21,3.75,9
2026,Giurgiu,"Școala Gimnazială „Constantin Stăncescu”, Răsuceni",4.44,4.92,3.96,5
2026,Giurgiu,"Școala Gimnazială Nr. 1, Ghimpați",4.3,4.56,3.97,29
2026,Giurgiu,Liceul Tehnologic Clejani,3.9,4.03,3.79,26
2026,Giurgiu,"Școala Gimnazială Nr. 3, Giurgiu",3.78,3.81,3.76,15
2026,Giurgiu,"Școala Gimnazială Nr. 2, Podu Doamnei",3.7,3.88,3.45,31
2026,Gorj,"Colegiul Național „Tudor Vladimirescu”, Târgu Jiu",8.6,8.71,8.48,70
2026,Gorj,"Școala Gimnazială „Alexandru Ștefulescu”, Târgu Jiu",8.55,8.59,8.5,156
2026,Gorj,"Colegiul Național „Ecaterina Teodoroiu”, Târgu Jiu",8.47,8.66,8.28,23
2026,Gorj,"Școala Gimnazială „Constantin Săvoiu”, Târgu Jiu",8.22,8.18,8.27,135
2026,Gorj,"Școala Gimnazială „Sfântul Nicolae”, Târgu Jiu",8.19,8.2,8.19,108
2026,Gorj,"Școala Gimnazială „Constantin Brâncuși”, Târgu Jiu",8.12,8.29,7.95,57
2026,Gorj,"Colegiul Național „Spiru Haret”, Târgu Jiu",8.05,8.19,7.92,92
2026,Gorj,"Școala Gimnazială „Ion Popescu Voitești”, Voitești Vale, Bălănești",7.91,8.23,7.58,3
2026,Gorj,"Școala Gimnazială „Gheorghe Tătărescu”, Târgu Jiu",7.74,7.73,7.76,73
2026,Gorj,"Școala Gimnazială „Ion Grigoroiu”, Lelești",7.35,7.31,6.91,7
2026,Gorj,"Școala Gimnazială, Drăguțești",7.28,7.47,7.09,16
2026,Gorj,"Școala Gimnazială Nr. 1 „G. Uscătescu”, Târgu Cărbunești",7.26,7.12,7.41,60
2026,Gorj,Școala Gimnazială Săcelu,7.13,7.28,6.99,8
2026,Gorj,"Școala Gimnazială Nr. 1, Motru",7.12,7.41,6.84,101
2026,Gorj,"Colegiul Național „George Coșbuc”, Motru",7.12,7.4,6.85,27
2026,Gorj,Școala Gimnazială Arcani,7.1,6.58,7.63,9
2026,Gorj,"Școala Gimnazială „Nicolae Costescu”, Bolboși",7.09,7.4,6.79,12
2026,Gorj,"Școala Gimnazială Nr. 1, Polovragi",7.06,7.38,6.74,17
2026,Gorj,"Școala Gimnazială „Pompiliu Marcea”, Târgu Jiu",7.04,7.1,7.0,31
2026,Gorj,"Școala Gimnazială Nr. 1, Poiana, Turburea",7.03,7.49,6.57,16
2026,Gorj,Școala Gimnazială Novaci,6.96,7.49,6.44,40
2026,Gorj,"Școala Gimnazială „Ion Popescu”, Bărbătești",6.94,7.0,6.88,10
2026,Gorj,"Școala Gimnazială Nr. 1, Urdari",6.92,7.05,6.79,14
2026,Gorj,"Liceul de Arte „Constantin Brăiloiu”, Târgu Jiu",6.86,6.57,7.16,25
2026,Gorj,Liceul Teologic Târgu Jiu,6.86,6.92,6.8,22
2026,Gorj,"Școala Gimnazială Cornești, Bălești",6.85,6.5,7.2,19
2026,Gorj,"Școala Gimnazială Groșerea, Aninoasa",6.79,7.4,6.18,12
2026,Gorj,Liceul Tehnologic Turburea,6.76,6.88,6.66,12
2026,Gorj,"Școala Gimnazială Nr. 1, Bumbești-Jiu",6.75,6.79,6.72,61
2026,Gorj,"Școala Gimnazială Nr. 1, Rovinari",6.74,6.6,6.81,52
2026,Gorj,"Școala Gimnazială „Ion Vîlceanu”, Drăgotești",6.71,6.98,6.46,10
2026,Gorj,"Școala Gimnazială, Slivilești",6.65,6.83,6.48,14
2026,Gorj,"Școala Gimnazială „Antonie Mogoș Ceauru”, Bălești",6.53,5.94,7.13,15
2026,Gorj,Școala Gimnazială Crușeț,6.52,6.66,6.38,23
2026,Gorj,Școala Gimnazială Căpreni,6.46,6.37,6.57,12
2026,Gorj,"Școala Gimnazială, Bumbești-Pițic",6.43,6.62,6.24,13
2026,Gorj,"Școala Gimnazială Cărpiniș, Crasna",6.41,6.31,6.52,19
2026,Gorj,"Școala Gimnazială Negreni, Comuna Licurici",6.41,5.84,6.99,7
2026,Gorj,"Liceul Tehnologic Roșia Jiu, Fărcașești",6.38,6.59,6.16,11
2026,Gorj,Liceul cu Program Sportiv Târgu Jiu,6.37,6.18,6.56,43
2026,Gorj,"Școala Gimnazială Prof. Nicolae Caranda, Glogova",6.37,6.45,6.28,12
2026,Gorj,"Școala Gimnazială Nr. 1 Peșteana Jiu, Bâlteni",6.35,7.07,5.62,17
2026,Gorj,Liceul Tehnologic Turceni,6.28,7.19,5.38,46
2026,Gorj,"Școala Gimnazială „Cornelius Radu”, Rădinești, Dănciulești",6.26,6.65,5.87,10
2026,Gorj,"Școala Gimnazială Nr. 2, Motru",6.24,6.28,6.21,18
2026,Gorj,"Școala Gimnazială „Ecaterina Teodoroiu”, Târgu Jiu",6.24,6.37,6.11,23
2026,Gorj,"Școala Gimnazială Nr. 1, Văgiulești",6.22,5.79,6.65,7
2026,Gorj,Școala Gimnazială Mușetești,6.17,6.33,6.02,11
2026,Gorj,"Școala Gimnazială „Voievod Litovoi”, Târgu Jiu",6.17,5.47,6.88,23
2026,Gorj,"Școala Gimnazială Budieni, Scoarța",6.14,7.14,5.14,9
2026,Gorj,"Școala Gimnazială Nr. 1, Țicleni",6.05,6.45,5.66,19
2026,Gorj,"Școala Gimnazială Nr. 1, Peștișani",6.05,6.17,5.92,33
2026,Gorj,"Școala Gimnazială „Victor Popescu”, Valea cu Apă, Fărcășești",6.04,6.56,5.52,17
2026,Gorj,"Școala Gimnazială Nr. 1 Florești, Tânțăreni",6.02,6.32,5.73,21
2026,Gorj,Liceul Mătăsari,6.01,6.02,6.0,31
2026,Gorj,"Școala Gimnazială Nr. 1, Dănești",5.99,6.44,5.56,11
2026,Gorj,"Școala Gimnazială „Motru-Sec”, Padeș",5.97,6.12,5.82,13
2026,Gorj,"Școala Gimnazială Raci, Negomir",5.96,6.24,5.68,12
2026,Gorj,"Școala Gimnazială Nr. 1, Albeni",5.94,5.55,6.34,14
2026,Gorj,"Școala Gimnazială „Tudor Vladimirescu”, Andreești, Vladimir",5.94,6.06,5.83,11
2026,Gorj,Școala Gimnazială Padeș,5.91,6.22,5.62,13
2026,Gorj,"Liceul Tehnologic „General Constantin Șandru”, Bâlta, Runcu",5.91,5.95,5.88,19
2026,Gorj,Școala Gimnazială Câlnic,5.9,5.98,5.83,13
2026,Gorj,Școala Gimnazială Hurezani,5.88,6.23,5.53,15
2026,Gorj,Școala Gimnazială Samarinești,5.84,5.37,6.32,12
2026,Gorj,Școala Gimnazială Prigoria,5.82,5.43,6.23,23
2026,Gorj,"Școala Gimnazială Nr. 1, Telești",5.82,5.86,5.78,11
2026,Gorj,Liceul Tehnologic Roșia de Amaradia,5.79,5.6,5.98,25
2026,Gorj,"Școala Gimnazială Lihulești, Berlești",5.74,5.81,5.68,12
2026,Gorj,"Școala Gimnazială „Grigore Geamănu”, Turcinești",5.73,5.53,5.93,9
2026,Gorj,Școala Gimnazială Ciuperceni,5.73,6.79,4.67,5
2026,Gorj,"Școala Gimnazială Sâmbotin, Schela",5.67,5.98,5.37,5
2026,Gorj,"Școala Gimnazială, Alimpești",5.66,6.53,4.79,13
2026,Gorj,"Școala Gimnazială „Poiana-Seciuri”, Bustuchin",5.62,5.1,5.55,11
2026,Gorj,"Școala Gimnazială „Nicolae Tomovici-Plopșor”, Plopșoru",5.59,5.55,5.63,12
2026,Gorj,"Școala Gimnazială Piscuri, Plopșoru",5.55,5.2,5.91,8
2026,Gorj,Liceul Tehnologic Baia de Fier,5.54,5.14,5.65,11
2026,Gorj,Liceul Tehnologic Bâlteni,5.52,5.71,5.33,22
2026,Gorj,Școala Gimnazială Stănești,5.46,5.56,5.36,12
2026,Gorj,"Școala Gimnazială Nr. 3, Rovinari",5.41,5.79,5.03,18
2026,Gorj,"Școala Gimnazială Nr. 1, Negomir",5.39,5.61,5.18,9
2026,Gorj,"Școala Gimnazială „Aurel Teodorescu”, Stejari",5.39,5.69,5.09,12
2026,Gorj,Liceul Tehnologic Bustuchin,5.26,5.62,4.91,15
2026,Gorj,"Școala Gimnazială „Capu Dealului”, Brănești",5.26,5.51,5.02,22
2026,Gorj,"Școala Gimnazială Pociovaliștea, Novaci",5.23,5.5,4.95,13
2026,Gorj,Școala Gimnazială Borăscu,5.22,5.83,4.62,18
2026,Gorj,"Școala Gimnazială Bălcești, Bengești-Ciocadia",5.21,5.34,4.73,10
2026,Gorj,"Școala Gimnazială, Jupânești",5.2,5.25,5.17,10
2026,Gorj,Școala Gimnazială Ionești,5.06,5.63,4.49,14
2026,Gorj,Școala Gimnazială Aninoasa,4.99,4.98,5.0,8
2026,Gorj,"Școala Gimnazială, Târgu Logrești",4.94,5.22,4.66,11
2026,Gorj,Liceul Tehnologic Stoina,4.92,5.16,4.68,13
2026,Gorj,"Școala Gimnazială Nr.1 Valea, Bolboși",4.9,5.36,4.45,11
2026,Gorj,"Școala Gimnazială Pocruia, Tismana",4.86,5.13,4.61,9
2026,Gorj,Școala Gimnazială Săulești,4.78,5.09,4.47,13
2026,Gorj,Școala Gimnazială Scoarța,4.75,5.29,4.21,12
2026,Gorj,"Școala Gimnazială „Mazilu Vipie Gheorghe”, Valea Mănăstirii, Cătunele",4.66,4.29,5.03,8
2026,Gorj,"Școala Gimnazială Izvoarele, Plopșoru",4.65,4.39,4.91,13
2026,Gorj,"Școala Gimnazială Cernădia, Baia de Fier",4.55,4.75,4.36,9
2026,Gorj,Școala Gimnazială „Nicolae Mischie” Godinești,4.45,4.57,4.34,11
2026,Gorj,Școala Gimnazială Țânțăreni,4.37,4.36,4.39,9
2026,Gorj,Liceul Tehnologic Tismana,4.23,4.51,3.96,17
2026,Gorj,"Școala Gimnazială Nr. 7, Târgu Jiu",4.03,3.78,4.29,11
2026,Gorj,"Centrul Școlar Pentru Educație Incluzivă, Târgu Jiu",1.91,1.73,2.1,5
2026,Harghita,"Liceul Teologic Romano-Catolic „Segítő Mária”, Miercurea Ciuc",8.3,7.75,7.94,27
2026,Harghita,"Liceul Teoretic „Tamási Áron”, Odorheiu Secuiesc",8.17,7.46,7.88,30
2026,Harghita,"Școala Gimnazială „Kányádi Sándor”, Porumbenii Mari",7.84,6.47,8.05,12
2026,Harghita,"Școala Gimnazială „Petőfi Sándor”, Miercurea Ciuc",7.75,7.15,7.25,72
2026,Harghita,"Liceul Pedagogic „Benedek Elek”, Odorheiu Secuiesc",7.62,6.93,7.03,28
2026,Harghita,Școala Gimnazială Fântâna Brazilor,7.51,6.05,7.1,1
2026,Harghita,"Școala Gimnazială „Orbán Balázs”, Odorheiu Secuiesc",7.5,7.0,6.63,54
2026,Harghita,"Școala Gimnazială „Kriza János”, Căpâlnița",7.45,6.27,7.58,16
2026,Harghita,"Școala Gimnazială „Imets Fülöp Jákó”, Tușnad",7.42,6.88,6.94,10
2026,Harghita,"Școala Gimnazială Waldorf, Miercurea Ciuc",7.41,6.67,6.82,19
2026,Harghita,"Colegiul Național „Octavian Goga”, Miercurea Ciuc",7.38,7.57,7.19,33
2026,Harghita,"Colegiul Reformat „Báczkamadarasi Kis Gergely”, Odorheiu Secuiesc",7.32,6.09,7.17,57
2026,Harghita,"Liceul Teoretic „Sfântu Nicolae”, Gheorgheni",7.32,7.78,6.87,18
2026,Harghita,"Școala Gimnazială „Petőfi Sándor”, Cristuru Secuiesc",7.29,6.48,6.72,38
2026,Harghita,"Școala Gimnazială „Nagy Imre”, Miercurea Ciuc",7.23,6.39,6.75,111
2026,Harghita,"Școala Gimnazială „Bethlen Gábor”, Odorheiu Secuiesc",7.16,5.89,6.65,60
2026,Harghita,"Școala Gimnazială „Márton Áron”, Sândominic",7.12,5.65,7.06,46
2026,Harghita,"Școala Gimnazială „Kiss Ferenc”, Mădăraș",7.1,6.12,6.66,21
2026,Harghita,"Școala Gimnazială „Fogarasy Mihály”, Gheorgheni",7.1,6.07,6.92,60
2026,Harghita,"Liceul de Arte „Nagy István”, Miercurea Ciuc",7.04,6.06,6.33,45
2026,Harghita,"Școala Gimnazială „Fráter György”, Remetea",7.03,6.27,6.14,35
2026,Harghita,"Liceul de Arte „Dr. Palló Imre”, Odorheiu Secuiesc",7.01,5.38,7.1,47
2026,Harghita,"Liceul Teoretic „Dr. P. Boros Fortunat”, Zetea",6.99,5.95,6.45,41
2026,Harghita,"Școala Gimnazială „Vaskertes”, Gheorgheni",6.99,5.82,6.82,44
2026,Harghita,"Școala Gimnazială „Áprily Lajos”, Praid",6.96,6.09,6.44,23
2026,Harghita,"Școala Gimnazială „József Attila” -2, Miercurea Ciuc",6.95,6.07,6.17,60
2026,Harghita,"Școala Gimnazială „Petőfi Sándor”, Dealu",6.88,5.94,6.32,29
2026,Harghita,"Școala Gimnazială „József Attila”, Vărșag",6.87,5.76,6.38,4
2026,Harghita,"Școala Gimnazială „Dr. P. Benedek Fidél”, Bisericani",6.86,5.54,6.54,21
2026,Harghita,"Școala Gimnazială „Tamási Áron”, Lupeni",6.8,5.98,5.7,24
2026,Harghita,"Școala Gimnazială „László Gyula”, Sânpaul",6.79,6.07,6.61,12
2026,Harghita,"Școala Gimnazială „Bálint Vilmos”, Tomești",6.73,6.19,5.65,15
2026,Harghita,"Școala Gimnazială „Gál Sándor”, Ciucsângeorgiu",6.7,5.89,5.64,13
2026,Harghita,"Școala Gimnazială „Nagy István”, Misentea",6.7,5.61,6.25,14
2026,Harghita,"Școala Gimnazială „Siklódi Lőrinc”, Ditrău",6.69,5.46,6.47,21
2026,Harghita,"Școala Gimnazială „Sfântu Ilie”, Toplița",6.68,6.28,7.09,26
2026,Harghita,"Școala Gimnazială „Körösi Csoma Sándor”, Vărșag",6.68,5.5,5.9,13
2026,Harghita,"Școala Gimnazială „Dávid Ferenc”, Merești",6.68,5.89,6.04,10
2026,Harghita,"Școala Gimnazială „Liviu Rebreanu”, Miercurea Ciuc",6.67,7.07,6.28,33
2026,Harghita,"Școala Gimnazială „Mártonffi János”, Vlăhița",6.67,6.04,5.79,33
2026,Harghita,"Liceul Teologic Unitarian „Berde Mózes”, Cristuru Secuiesc",6.62,5.56,6.15,26
2026,Harghita,"Școala Gimnazială „Móra Ferenc”, Odorheiu Secuiesc",6.59,5.07,6.4,47
2026,Harghita,"Școala Gimnazială „Endes József”, Sânsimion",6.57,5.75,6.04,24
2026,Harghita,"Școala Gimnazială „Arany János”, Mihăileni",6.54,5.17,6.64,20
2026,Harghita,"Școala Gimnazială „Elekes Vencel”, Suseni",6.53,5.34,6.09,29
2026,Harghita,"Liceul Teoretic „O.C. Tăslăuanu”, Toplița",6.51,6.69,6.33,28
2026,Harghita,"Școala Gimnazială „Márton Áron”, Brădești",6.49,5.31,5.93,9
2026,Harghita,"Liceul Teoretic „Kemény János”, Toplița",6.48,6.89,5.63,10
2026,Harghita,"Școala Gimnazială „Márton Ferenc”, Păuleni-Ciuc",6.43,5.88,5.61,8
2026,Harghita,"Școala Gimnazială „Tamási Áron”, Vlăhița",6.42,5.13,5.77,31
2026,Harghita,"Școala Gimnazială „Cserei Mihály”, Racu",6.4,5.48,5.49,8
2026,Harghita,"Liceul Tehnologic „Petőfi Sándor”, Dănești",6.4,5.41,5.54,14
2026,Harghita,"Școala Gimnazială „Jókai Mór”, Sub Cetate",6.39,5.0,5.81,5
2026,Harghita,"Liceul Tehnologic „Sövér Elek”, Joseni",6.38,5.0,6.28,50
2026,Harghita,"Școala Gimnazială „O.C. Tăslăuanu”, Bilbor",6.35,6.45,6.26,15
2026,Harghita,"Școala Gimnazială „Geo Bogza”, Bălan",6.35,6.51,6.19,17
2026,Harghita,"Școala Gimnazială „Mártonffy György”, Cârța",6.34,4.82,6.22,24
2026,Harghita,"Școala Gimnazială „Szent István”, Sâncrai",6.33,5.62,5.48,15
2026,Harghita,Liceul Tehnologic Corund,6.33,5.53,5.58,54
2026,Harghita,"Școala Gimnazială „Sükösd Ferenc”, Ocna de Jos",6.32,5.41,5.28,13
2026,Harghita,"Școala Gimnazială „Domokos Pál Péter”, Lunca de Sus",6.28,5.33,5.66,19
2026,Harghita,"Școala Gimnazială „Székely Mózes”, Lueta",6.28,5.32,5.43,27
2026,Harghita,"Școala Gimnazială „Zöld Péter”, Siculeni",6.26,4.99,5.76,17
2026,Harghita,"Liceul Teoretic „Orbán Balázs”, Cristuru Secuiesc",6.26,5.14,5.43,17
2026,Harghita,"Școala Gimnazială, Corbu",6.18,6.21,6.16,26
2026,Harghita,"Școala Gimnazială, Tulgheș",6.17,6.76,5.59,23
2026,Harghita,"Școala Gimnazială „Gálfi Sándor”, Cobătești",6.16,5.08,5.77,14
2026,Harghita,"Școala Gimnazială „Köllő Miklós”, Ciumani",6.12,5.09,5.62,40
2026,Harghita,"Școala Gimnazială „Fülöp Áron”, Feliceni",6.1,5.31,5.09,28
2026,Harghita,"Școala Gimnazială „Jókai Mór”, Băile Tușnad",6.09,5.62,5.02,10
2026,Harghita,"Școala Gimnazială „Kájoni János”, Ciceu",6.08,4.71,5.66,19
2026,Harghita,"Școala Gimnazială „Román Viktor”, Mărtiniș",6.08,4.76,5.64,8
2026,Harghita,"Școala Gimnazială „Nyirő József”, Satu Mare",6.07,5.15,5.73,14
2026,Harghita,"Școala Gimnazială, Armășeni",6.07,4.83,4.94,10
2026,Harghita,"Școala Gimnazială, Mugeni",6.04,5.08,5.24,13
2026,Harghita,Școala Gimnazială Toplița-Călimănel,6.02,5.64,6.41,13
2026,Harghita,"Școala Gimnazială „Bethlen Gábor”, Lăzarea",5.97,4.58,5.46,18
2026,Harghita,"Liceul „Marin Preda”, Odorheiu Secuiesc",5.92,6.26,5.58,16
2026,Harghita,"Liceul Tehnologic „Tivai Nagy Imre”, Sânmartin",5.88,4.8,5.14,19
2026,Harghita,"Școala Gimnazială „Székely Mózes”, Ocna de Sus",5.86,4.85,5.21,8
2026,Harghita,"Liceul Tehnologic „Zimmethausen”, Borsec",5.84,5.5,4.78,18
2026,Harghita,"Școala Gimnazială „Teodor Chindea”, Voșlăbeni",5.82,5.91,5.26,9
2026,Harghita,"Școala Gimnazială „Miron Cristea”, Toplița",5.8,6.07,5.55,21
2026,Harghita,"Școala Gimnazială „Dr. Lukács Mihály”, Plăieșii de Jos",5.74,4.61,5.06,8
2026,Harghita,"Liceul Teologic Romano-Catolic „Szent Erzsébet”, Lunca de Sus",5.7,4.64,5.02,21
2026,Harghita,"Școala Gimnazială „Arany János”, Sântimbru",5.63,4.09,5.15,18
2026,Harghita,Școala Gimnazială Livezi,5.61,6.59,4.64,5
2026,Harghita,"Școala Gimnazială „Majláth Gusztáv Károly”, Lunca de Jos",5.61,3.7,5.4,33
2026,Harghita,"Școala Gimnazială „Marosi Gergely”, Șimonești",5.57,4.68,5.21,8
2026,Harghita,"Școala Gimnazială „Dr. Csiby Andor”, Ditrău",5.53,3.53,5.36,14
2026,Harghita,"Școala Gimnazială „Kós Károly”, Gheorgheni",5.51,4.46,4.35,13
2026,Harghita,"Școala Gimnazială Nr. 1, Bălan",5.37,4.56,4.59,11
2026,Harghita,Școala Gimnazială Valea Rece,5.34,3.56,5.67,20
2026,Harghita,"Școala Gimnazială „Nyirő József”, Frumoasa",5.27,3.94,4.65,19
2026,Harghita,"Școala Gimnazială „Toró Tibor”, Ulieș",5.25,3.88,4.77,9
2026,Harghita,"Școala Gimnazială „Balás Jenő”, Remetea Ciutac",5.24,3.86,5.1,10
2026,Harghita,"Școala Gimnazială „Sfântu Andrei”, Sărmaș",5.13,5.33,4.74,17
2026,Harghita,"Școala Gimnazială „Jósika Miklós”, Atid",5.06,3.28,4.23,9
2026,Harghita,"Școala Gimnazială „Tompa László”, Odorheiu Secuiesc",4.79,2.74,4.46,19
2026,Harghita,Școala Gimnazială Nicolești,4.72,3.71,4.4,9
2026,Harghita,"Școala Gimnazială „Bem József”, Secuieni",4.7,3.13,4.09,10
2026,Harghita,"Școala Gimnazială „János Zsigmond”, Dârjiu",4.69,3.07,4.38,5
2026,Harghita,"Școala Gimnazială „Kelemen Imre”, Ocland",4.64,3.03,3.98,7
2026,Harghita,"Școala Gimnazială „Dr. Boga Alajos”, Cozmeni",4.64,2.57,4.29,13
2026,Harghita,"Liceul „Miron Cristea”, Subcetate",4.59,5.22,3.97,18
2026,Harghita,"Școala Gimnazială „Erőss Zsolt”, Jolotca",4.52,2.86,4.33,11
2026,Harghita,"Școala Gimnazială „Dumitru Gafton”, Gălăuțaș",4.37,5.23,3.51,13
2026,Harghita,Școala Gimnazială „Márton Ferenc Bancu”,4.24,2.86,4.14,9
2026,Harghita,"Școala Gimnazială, Valea Lui Pavel",4.14,2.98,3.78,3
2026,Harghita,Școala Gimnazială Crișeni,4.09,2.57,3.55,7
2026,Harghita,"Școala Gimnazială „Tuzson János”, Cășinu Nou",4.06,2.45,3.8,9
2026,Harghita,"Școala Gimnazială „Benedek Elek”, Avrămești",4.0,3.13,3.94,6
2026,Harghita,"Școala Gimnazială „Pécsi Simon”, Eliseni",3.72,3.04,3.26,7
2026,Harghita,"Școala Gimnazială „Tarisznyás Márton”, Valea Strâmbă",3.64,2.43,3.55,3
2026,Harghita,"Școala Gimnazială „Augusztinovics Pál”, Șoimușu Mic",3.61,2.84,3.26,4
2026,Harghita,Școala Gimnazială „Benedek Elek” Filiași,3.45,1.6,4.05,1
2026,Harghita,"Școala Gimnazială „Makkai András”, Rugănești",3.27,2.44,2.63,11
2026,Harghita,Școala Gimnazială Săcel,3.21,3.04,3.38,6
2026,Harghita,Școala Gimnazială Cinod,3.06,1.7,2.95,6
2026,Harghita,"Școala Gimnazială „Móra Ferenc”, Goagiu",3.01,1.78,3.51,6
2026,Harghita,"Școala Gimnazială „Xántus János”, Miercurea Ciuc",2.8,1.76,3.12,17
2026,Harghita,"Școala Gimnazială, Plăieșii de Sus",2.62,1.55,2.5,7
2026,Harghita,"Școala Gimnazială „Tompa László”, Budvár, Odorheiu Secuiesc",2.36,1.9,2.5,1
2026,Harghita,"Școala Gimnazială „Fabrica de Cărămidă”, Gheorgheni",2.26,1.5,2.75,4
2026,Hunedoara,Școala Gimnazială Răchitova,8.2,8.8,7.6,1
2026,Hunedoara,"Colegiul Național „Aurel Vlaicu”, Orăștie",8.06,8.15,7.97,31
2026,Hunedoara,"Colegiul Național „Decebal”, Deva",7.83,7.99,7.68,81
2026,Hunedoara,"Colegiul Național Pedagogic „Regina Maria”, Deva",7.65,7.85,7.44,109
2026,Hunedoara,"Școala Gimnazială, Râu de Mori",7.63,8.33,6.93,11
2026,Hunedoara,Școala Gimnazială Gurasada,7.6,8.05,7.15,1
2026,Hunedoara,"Școala Gimnazială „Andrei Șaguna”, Deva",7.43,7.71,7.16,113
2026,Hunedoara,"Școala Gimnazială „Ion Gheorghe Duca”, Petroșani",7.33,7.5,7.16,73
2026,Hunedoara,"Colegiul Național „Iancu de Hunedoara”, Hunedoara",7.2,7.32,7.09,42
2026,Hunedoara,Colegiul Național „Traian Lalescu” Hunedoara,7.01,6.91,7.04,58
2026,Hunedoara,Școala Gimnazială Șoimuș,6.94,7.66,6.23,13
2026,Hunedoara,"Școala Gimnazială „Hadrian Daicoviciu”, Orăștioara de Sus",6.93,7.77,6.1,11
2026,Hunedoara,"Școala Gimnazială „Aron Densusianu”, Hațeg",6.92,7.0,6.84,37
2026,Hunedoara,"Liceul cu Program Sportiv „Cetate”, Deva",6.85,7.03,6.68,28
2026,Hunedoara,"Școala Gimnazială „Mircea Sântimbreanu”, Brad",6.83,7.37,6.3,44
2026,Hunedoara,"Colegiul Economic „Emanuil Gojdu”, Hunedoara",6.82,7.11,6.54,53
2026,Hunedoara,"Școala Gimnazială, Luncoiu de Jos",6.8,7.3,6.3,3
2026,Hunedoara,"Școala Gimnazială Nr. 7, Hunedoara",6.8,7.1,6.51,23
2026,Hunedoara,"Școala Gimnazială Nr. 5, Vulcan",6.77,7.36,6.18,48
2026,Hunedoara,"Școala Gimnazială, Densuș",6.76,6.48,7.04,8
2026,Hunedoara,"Școala Gimnazială „Avram Stanca”, Petroșani",6.73,7.1,6.37,72
2026,Hunedoara,"Liceul de Arte „Sigismund Toduță”, Deva",6.7,7.37,6.03,40
2026,Hunedoara,"Școala Gimnazială „Constantin Daicoviciu”, Beriu",6.67,7.21,6.14,14
2026,Hunedoara,Școala Gimnazială Băița,6.65,6.84,6.46,16
2026,Hunedoara,Școala Gimnazială Boșorod,6.64,7.42,5.87,7
2026,Hunedoara,"Școala Gimnazială „Horea, Cloșca și Crișan”, Brad",6.6,7.34,5.86,29
2026,Hunedoara,Școala Gimnazială Călan,6.56,7.04,6.08,59
2026,Hunedoara,"Școala Gimnazială „Ion Buteanu”, Buceș",6.55,6.79,6.31,9
2026,Hunedoara,"Liceul Teoretic „I. C. Brătianu”, Hațeg",6.53,6.89,6.18,21
2026,Hunedoara,"Liceul Tehnologic Energetic „Dragomir Hurmuzescu”, Deva",6.45,6.64,6.27,56
2026,Hunedoara,"Școala Gimnazială „Dominic Stanca”, Orăștie",6.45,6.83,6.07,54
2026,Hunedoara,"Școala Gimnazială „Dr. Aurel Vlad”, Orăștie",6.43,6.64,6.22,66
2026,Hunedoara,"Școala Gimnazială „Ovid Densușianu”, Hațeg",6.41,6.64,6.19,41
2026,Hunedoara,Școala Gimnazială Visca,6.4,6.98,5.83,2
2026,Hunedoara,"Școala Gimnazială „Ion Desideriu Sîrbu”, Petrila",6.39,6.62,6.17,52
2026,Hunedoara,"Colegiul Tehnic „Transilvania”, Deva",6.34,6.75,5.93,36
2026,Hunedoara,"Liceul Teoretic „Téglás Gábor”, Deva",6.25,6.82,5.25,17
2026,Hunedoara,"Școala Gimnazială Nr. 2, Hunedoara",6.22,6.77,5.62,56
2026,Hunedoara,"Școala Gimnazială, Sălașu de Sus",6.21,6.69,5.74,9
2026,Hunedoara,"Școala Gimnazială Nr. 6, Hunedoara",6.18,6.34,6.02,32
2026,Hunedoara,"Liceul Tehnologic „Retezat”, Uricani",6.1,6.36,5.85,22
2026,Hunedoara,Școala Gimnazială Sîntămăria-Orlea,6.1,6.56,5.64,14
2026,Hunedoara,Școala Gimnazială Băcia,6.09,6.18,6.0,10
2026,Hunedoara,"Școala Gimnazială „Carmen Sylva”, Petroșani",6.08,6.52,5.65,31
2026,Hunedoara,"Școala Gimnazială, Bretea Română",6.07,7.14,5.0,9
2026,Hunedoara,Școala Gimnazială Bănița,6.04,6.09,6.0,6
2026,Hunedoara,"Școala Gimnazială, Lunca Cernii de Jos",6.0,5.46,6.54,4
2026,Hunedoara,"Școala Gimnazială Nr. 5, Petrila",6.0,6.47,5.54,27
2026,Hunedoara,Școala Gimnazială Dobra,5.98,6.03,5.94,30
2026,Hunedoara,"Școala Gimnazială, Teliucu Inferior",5.95,6.49,5.41,7
2026,Hunedoara,"Școala Gimnazială Nr. 7, Petroșani",5.94,6.51,5.37,25
2026,Hunedoara,Școala Gimnazială Vața de Jos,5.93,6.3,5.56,19
2026,Hunedoara,"Școala Gimnazială Nr. 4, Vulcan",5.91,6.12,5.71,36
2026,Hunedoara,"Școala Gimnazială Nr. 2, Lupeni",5.86,6.09,5.64,48
2026,Hunedoara,"Liceul Tehnologic „Mihai Viteazu”, Vulcan",5.8,5.88,5.73,12
2026,Hunedoara,"Liceul Prof. „Bora Tit Liviu”, Baru",5.69,5.7,5.49,21
2026,Hunedoara,"Liceul Tehnologic Agricol „Alexandru Borza”, Geoagiu",5.65,5.86,5.37,32
2026,Hunedoara,"Colegiul Tehnic „Constantin Brâncuși”, Petrila",5.49,6.03,4.95,35
2026,Hunedoara,"Școala Gimnazială „Preot Iosif Comșa”, Ribița",5.47,5.73,5.21,5
2026,Hunedoara,"Școala Gimnazială, Ohaba",5.43,5.55,5.3,13
2026,Hunedoara,"Școala Gimnazială Nr. 2, Petroșani",5.42,5.56,5.29,4
2026,Hunedoara,"Școala Gimnazială „Sigismund Toduță”, Simeria",5.4,5.57,5.19,71
2026,Hunedoara,"Școala Gimnazială Nr. 1, Lupeni",5.36,6.01,4.72,18
2026,Hunedoara,"Școala Gimnazială, Certeju de Sus",5.36,5.61,5.11,10
2026,Hunedoara,"Școala Gimnazială „Avram Iancu”, Baia de Criș",5.28,5.69,4.87,6
2026,Hunedoara,"Școala Gimnazială „Sabin Oprean”, Bucureșci",5.26,5.3,5.23,6
2026,Hunedoara,Școala Gimnazială Pui,5.25,5.6,4.91,18
2026,Hunedoara,"Liceul Tehnologic „Crișan”, Crișcior",5.2,5.72,4.69,18
2026,Hunedoara,"Școala Gimnazială Nr. 3, Lupeni",5.09,5.58,4.54,55
2026,Hunedoara,Școala Gimnazială „Zam”,5.09,5.36,4.81,11
2026,Hunedoara,Școala Gimnazială Vălișoara,5.05,6.27,3.83,9
2026,Hunedoara,Școala Gimnazială Vețel,5.04,5.12,4.97,9
2026,Hunedoara,"Școala Gimnazială, Romos",4.98,5.19,4.77,21
2026,Hunedoara,"Școala Gimnazială Nr. 6, Vulcan",4.89,5.47,4.32,25
2026,Hunedoara,"Liceul Teoretic „Silviu Dragomir”, Ilia",4.81,5.15,4.48,26
2026,Hunedoara,"Școala Gimnazială, Ghelari",4.71,4.64,4.79,9
2026,Hunedoara,"Școala Gimnazială Nr. 2, Uricani",4.7,4.97,4.43,33
2026,Hunedoara,Școala Gimnazială Hărău,4.68,4.4,4.98,12
2026,Hunedoara,"Școala Gimnazială, Rapoltu Mare",4.53,4.75,4.31,10
2026,Hunedoara,"Școala Gimnazială „Sfânta Varvara”, Aninoasa",4.34,4.67,4.01,18
2026,Hunedoara,"Școala Gimnazială „Nicolae Țic”, Brănișca",4.2,4.32,4.08,3
2026,Hunedoara,"Școala Gimnazială Nr. 1, Hunedoara",4.12,4.21,4.03,28
2026,Hunedoara,Școala Gimnazială Sarmizegetusa,3.18,3.1,3.25,3
2026,Ialomița,"Colegiul Național „Mihai Viteazul”, Slobozia",8.11,8.34,7.88,27
2026,Ialomița,"Liceul Teoretic „Carol I”, Fetești",7.99,8.3,7.68,25
2026,Ialomița,"Școala Gimnazială „Sf. Andrei”, Slobozia",7.9,8.15,7.65,92
2026,Ialomița,"Școala Gimnazială Nr. 3, Slobozia",7.52,7.76,7.29,97
2026,Ialomița,"Colegiul Național „Grigore Moisil”, Urziceni",7.42,8.04,6.8,17
2026,Ialomița,"Liceul de Arte „Ionel Perlea”, Slobozia",7.2,7.5,6.9,84
2026,Ialomița,"Școala Gimnazială „Ion Heliade Rădulescu”, Urziceni",7.11,7.17,7.06,86
2026,Ialomița,"Școala Gimnazială „George Vâlsan”, Amara",7.05,7.48,6.63,35
2026,Ialomița,"Școala Gimnazială „Alexandru Odobescu”, Urziceni",6.99,7.35,6.64,48
2026,Ialomița,"Școala Gimnazială, Perieți",6.98,8.06,5.9,19
2026,Ialomița,Școala Gimnazială Platonești,6.98,6.79,7.18,12
2026,Ialomița,"Școala Gimnazială „Sfântul Ierarh Nicolae”, Bucu",6.83,7.39,6.28,10
2026,Ialomița,"Școala Gimnazială „Aurel Vlaicu”, Fetești",6.75,7.22,6.28,84
2026,Ialomița,"Școala Gimnazială „Apostol D. Culea”, Sudiți",6.69,6.64,6.75,13
2026,Ialomița,"Liceul Teoretic „Paul Georgescu”, Tăndărei",6.61,6.95,6.28,26
2026,Ialomița,Școala Gimnazială Dridu,6.59,6.91,6.28,19
2026,Ialomița,Școala Profesională „Areta Teodorescu” Grivița,6.5,7.95,5.05,12
2026,Ialomița,"Liceul Pedagogic „Matei Basarab”, Slobozia",6.48,6.79,6.18,48
2026,Ialomița,Școala Gimnazială Dimitrie Cantemir Fetesti-Șc.Gimnazială Aurel Vlaicu Fetești,6.47,6.88,6.07,21
2026,Ialomița,"Școala Gimnazială, Săveni",6.4,6.86,5.95,18
2026,Ialomița,"Școala Gimnazială „Ionel Perlea”, Ograda",6.32,7.01,5.64,16
2026,Ialomița,Școala Gimnazială Gârbovi,6.24,6.44,6.04,22
2026,Ialomița,"Școala Gimnazială, Coșereni",6.22,6.86,5.59,22
2026,Ialomița,"Școala Profesională, Traian",6.07,6.49,5.65,17
2026,Ialomița,Școala Gimnazială Manasia,6.05,6.53,5.56,19
2026,Ialomița,Școala Gimnazială „Gheorghe Doja”,6.05,6.32,5.77,15
2026,Ialomița,Școala Gimnazială Adâncata,6.03,6.67,5.38,11
2026,Ialomița,"Școala Gimnazială „Căpitan Aviator Constantin M. Cantacuzino”, Jilavele",6.01,6.87,5.17,14
2026,Ialomița,"Școala Gimnazială „Arhanghelii Mihail și Gavriil”, Munteni-Buzău",5.89,6.24,5.54,33
2026,Ialomița,Școala Gimnazială Făcăeni,5.85,6.26,5.44,27
2026,Ialomița,Școala Gimnazială Maltezi,5.84,6.56,5.12,11
2026,Ialomița,Școala Gimnazială Ciochina,5.8,6.52,5.08,11
2026,Ialomița,Liceul Tehnologic Fierbinți-Târg,5.79,6.39,5.2,40
2026,Ialomița,Școala Profesională Reviga,5.74,6.19,5.29,15
2026,Ialomița,Școala Gimnazială Sinești,5.73,6.4,5.06,10
2026,Ialomița,Școala Gimnazială Miloșești,5.72,6.64,4.81,16
2026,Ialomița,"Școala Gimnazială „Maica Domnului”, Roșiori",5.59,5.98,5.21,18
2026,Ialomița,"Școala Gimnazială „Constantin Ștefan”, Albești",5.54,5.66,5.42,11
2026,Ialomița,"Școala Gimnazială „Spiru Haret”, Țăndărei",5.51,6.25,4.76,14
2026,Ialomița,"Școala Gimnazială, Colelia",5.47,5.53,5.41,8
2026,Ialomița,"Școala Profesională „Profesor Ioan Man”, Ion Roată",5.44,6.0,4.89,14
2026,Ialomița,Școala Gimnazială Radu Vodă Fetești-Șc.Gimnazială Mihai Viteazul Fetești,5.33,5.32,5.34,9
2026,Ialomița,Școala Gimnazială Scânteia,5.27,5.68,4.86,32
2026,Ialomița,Școala Gimnazială „Arhimandrit Teofil Balaciu”,5.27,6.23,4.31,8
2026,Ialomița,"Școala Gimnazială, Movilița",5.18,5.27,5.1,19
2026,Ialomița,"Liceul Tehnologic „Anghel Saligny”, Fetești",5.16,6.04,4.29,11
2026,Ialomița,Școala Gimnazială Mihail Kogălniceanu,5.15,5.16,5.15,13
2026,Ialomița,Școala Gimnazială „Gheorghe Lazăr”,5.1,5.62,4.59,15
2026,Ialomița,Școala Gimnazială Bordușani,5.07,5.26,4.85,31
2026,Ialomița,"Școala Gimnazială „Alexandru Rădulescu”, Mărculești",5.04,5.88,4.21,11
2026,Ialomița,Școala Gimnazială Valea Măcrișului,5.02,5.98,4.07,10
2026,Ialomița,"Școala Gimnazială „Constantin Gurgu” Nr.2, Luciu - Șc. Gim. Nr.1, Gura Ialomiței",5.0,5.8,4.2,19
2026,Ialomița,Școala Gimnazială Ciulnița,4.99,5.0,4.98,17
2026,Ialomița,"Școala Gimnazială „Gheorghe Lazăr”, Slobozia-Lic.Teh.Înalțarea Domnului Slob.",4.94,5.04,4.84,11
2026,Ialomița,Școala Gimnazială Valea Ciorii,4.86,5.42,4.32,15
2026,Ialomița,Școala Gimnazială Grindu,4.84,5.26,4.43,16
2026,Ialomița,"Școala Gimnazială „Alexandru Aldea Voievod”, Alexeni",4.83,4.87,4.79,12
2026,Ialomița,Școala Gimnazială „Ferdinand I Movilă”,4.82,5.73,3.93,5
2026,Ialomița,Școala Gimnazială Vlădeni,4.78,4.96,4.61,12
2026,Ialomița,"Școala Gimnazială „Ștefan Copoiu”, Andrășești",4.74,5.26,4.21,11
2026,Ialomița,"Școala Gimnazială „Roman Ialomițeanul”, Axintele",4.7,4.99,4.4,19
2026,Ialomița,"Școala Gimnazială „Bora-Lic.de Arte”, Slobozia",4.69,4.61,4.77,12
2026,Ialomița,Școala Gimnazială Borănești,4.68,4.97,4.29,30
2026,Ialomița,Școala Gimnazială Bărcănești,4.68,5.27,4.11,22
2026,Ialomița,"Școala Gimnazială, Căzănești",4.68,4.95,4.4,16
2026,Ialomița,"Școala Gimnazială Malu Roșu, Lic. Teh. Armășești",4.66,4.91,4.42,13
2026,Ialomița,Școala Gimnazială Cocora,4.62,5.23,4.01,13
2026,Ialomița,"Școala Gimnazială, Malu",4.57,5.19,3.97,15
2026,Ialomița,Școala Gimnazială Rădulești,4.51,4.52,4.5,10
2026,Ialomița,Liceul Tehnologic de Industrie Alimentară Fetești,4.29,5.11,3.48,17
2026,Ialomița,"Școala Gimnazială, Cosâmbești",4.14,4.25,4.03,9
2026,Ialomița,"Școala Gimnazială „Mihai Viteazul”, Fetești",4.13,4.52,3.74,20
2026,Ialomița,Școala Gimnazială Sălcioara,4.08,3.94,4.22,18
2026,Ialomița,"Școala Gimnazială, Sărățeni",4.01,4.33,3.69,10
2026,Ialomița,"Școala Gimnazială Nr. 5 Slobozia-Lic.Teh. „Înălțarea Domnului”, Slob.",3.78,4.03,3.53,7
2026,Ialomița,"Școala Gimnazială, Giurgeni",3.75,3.77,3.74,9
2026,Ialomița,Școala Gimnazială Cegani-Șc.Gim.Bordușani,3.67,3.66,3.46,12
2026,Ialomița,Școala Gimnazială Bărbulești,3.37,3.64,3.07,10
2026,Ialomița,Școala Gimnazială Nr.4 Fetești-Șc.Gimnazială „Mihai Viteazul” Fetești,2.36,2.33,2.4,7
2026,Iași,"Colegiul Național „Emil Racoviță”, Iași",9.31,9.29,9.33,107
2026,Iași,"Colegiul Național, Iași",9.22,9.27,9.17,128
2026,Iași,"Colegiul Național „Vasile Alecsandri”, Iași",9.03,9.1,8.96,74
2026,Iași,"Școala Gimnazială Euroed, Iași",8.98,8.91,9.06,24
2026,Iași,"Liceul Teoretic de Informatică „Grigore Moisil”, Iași",8.97,8.95,9.0,85
2026,Iași,"Colegiul Național „Costache Negruzzi”, Iași",8.96,8.91,9.01,142
2026,Iași,"Colegiul „Richard Wurmbrand”, Iași",8.82,8.78,8.87,48
2026,Iași,"Liceul Teoretic Paradis, Iași",8.8,8.86,8.74,21
2026,Iași,"Liceul Universității „Alexandru Ioan Cuza” din Iași, Iași",8.78,8.77,8.8,21
2026,Iași,"Liceul Teoretic „Dimitrie Cantemir”, Iași",8.69,8.71,8.68,58
2026,Iași,"Colegiul Național „Ștefan cel Mare”, Hârlău",8.62,8.76,8.49,28
2026,Iași,"Colegiul Național „Mihai Eminescu”, Iași",8.55,8.66,8.45,93
2026,Iași,"Școala Gimnazială Internațională Spectrum, Iași",8.44,8.37,8.51,13
2026,Iași,"Liceul Teoretic „Varlaam Mitropolitul”, Iași",8.39,8.58,8.2,38
2026,Iași,"Colegiul Național „Garabet Ibrăileanu”, Iași",8.34,8.39,8.29,53
2026,Iași,"Colegiul Național „Mihail Sadoveanu”, Pașcani",8.19,8.5,7.88,52
2026,Iași,"Școala Gimnazială „Ștefan Bârsănescu”, Iași",8.17,8.24,8.11,121
2026,Iași,"Școala Gimnazială „Ion Creangă”, Iași",8.01,7.99,8.02,81
2026,Iași,"Liceul Teoretic „Miron Costin”, Iași",7.95,7.99,7.91,80
2026,Iași,"Școala Gimnazială „Titu Maiorescu”, Iași",7.95,8.11,7.78,152
2026,Iași,"Liceul Teoretic „Alexandru Ioan Cuza”, Iași",7.91,7.95,7.86,47
2026,Iași,"Școala Gimnazială „Bogdan Petriceicu Hașdeu”, Iași",7.85,8.12,7.6,114
2026,Iași,"Școala Gimnazială „Alexandru cel Bun”, Iași",7.79,7.78,7.79,106
2026,Iași,"Școala Gimnazială „Ion Simionescu”, Iași",7.77,8.01,7.52,86
2026,Iași,"Liceul „Ion Neculce”, Târgu Frumos",7.7,7.71,7.7,20
2026,Iași,"Școala Gimnazială „Gheorghe I. Brătianu”, Iași",7.65,7.94,7.36,74
2026,Iași,"Școala Gimnazială „Nicolae Iorga”, Iași",7.64,7.91,7.39,88
2026,Iași,"Liceul Teoretic Waldorf, Iași",7.62,7.59,7.66,52
2026,Iași,"Colegiul Național Pedagogic „Vasile Lupu”, Iași",7.62,7.83,7.41,47
2026,Iași,"Școala Gimnazială „Dimitrie A. Sturdza”, Iași",7.59,7.64,7.56,56
2026,Iași,"Liceul „Profesor Mihai Dumitriu”, Valea Lupului",7.49,7.67,7.31,44
2026,Iași,"Școala Gimnazială „D. D. Pătrășcanu”, Tomești",7.48,7.56,7.4,58
2026,Iași,"Școala Gimnazială, Măxuț",7.46,7.11,7.81,7
2026,Iași,"Colegiul Național de Artă „Octav Băncilă”, Iași",7.42,7.81,7.03,115
2026,Iași,"Școala Gimnazială „George Coșbuc”, Iași",7.41,7.82,7.0,40
2026,Iași,"Școala Gimnazială „Otilia Cazimir”, Iași",7.39,7.41,7.38,113
2026,Iași,"Liceul Teoretic „Miron Costin”, Pașcani",7.38,7.68,7.09,80
2026,Iași,"Școala Gimnazială Ruși, Belcești",7.35,7.8,6.91,12
2026,Iași,"Școala Gimnazială, Osoi",7.28,7.27,7.29,15
2026,Iași,"Liceul Teoretic „Comandor Alexandru Cătuneanu”, Lunca Cetățuii",7.25,7.58,6.93,37
2026,Iași,"Școala Gimnazială, Soci",7.21,7.06,7.31,14
2026,Iași,"Școala Gimnazială „Ion Ghica”, Iași",7.19,7.39,7.0,71
2026,Iași,"Școala Gimnazială „Vasile Conta”, Iași",7.18,7.18,7.17,95
2026,Iași,"Școala Gimnazială „Elena Cuza”, Iași",7.15,7.14,7.15,50
2026,Iași,"Școala Profesională, Stolniceni-Prăjescu",7.13,7.38,6.89,8
2026,Iași,"Liceul Teoretic „Eviss”, Valea Adâncă",7.1,7.04,7.18,7
2026,Iași,"Liceul Tehnologic Economic „Nicolae Iorga”, Pașcani",7.03,6.91,7.14,38
2026,Iași,"Școala Gimnazială, Bivolari",7.0,7.11,6.9,17
2026,Iași,"Școala Gimnazială „Axinte Uricariul”, Scânteia",7.0,7.59,6.41,18
2026,Iași,"Școala Gimnazială Nr. 1, Bârlești",6.99,7.36,6.63,9
2026,Iași,"Școala Gimnazială, Ciohorăni",6.98,6.87,7.09,11
2026,Iași,"Liceul Tehnologic „Mihai Busuioc”, Pașcani",6.98,7.51,6.45,15
2026,Iași,"Școala Gimnazială „Costache Antoniu”, Țigănași",6.96,7.17,6.77,13
2026,Iași,"Școala Gimnazială, Cozmești",6.96,7.24,6.68,6
2026,Iași,"Școala Gimnazială „Carmen Sylva”, Iași",6.9,7.14,6.67,10
2026,Iași,"Școala Gimnazială, Heci",6.87,7.21,6.54,23
2026,Iași,"Școala Gimnazială, Ciurea",6.81,7.54,6.08,17
2026,Iași,"Școala Gimnazială, Lețcani",6.77,6.84,6.7,33
2026,Iași,"Școala Gimnazială „George Călinescu”, Iași",6.76,7.18,6.34,52
2026,Iași,"Școala Gimnazială, Valea Oilor",6.7,6.32,7.1,3
2026,Iași,"Școala Gimnazială „Alecu Russo”, Iași",6.7,7.05,6.35,39
2026,Iași,"Școala Gimnazială, Mânzătești",6.69,6.93,6.46,5
2026,Iași,"Școala Gimnazială, Șerbești",6.68,7.62,5.75,7
2026,Iași,"Școala Gimnazială „Garabet Ibrăileanu”, Târgu Frumos",6.66,7.05,6.29,64
2026,Iași,"Școala Gimnazială „Iordache Cantacuzino”, Pașcani",6.66,7.04,6.29,65
2026,Iași,"Școala Gimnazială „Ion Creangă”, Târgu Frumos",6.63,6.94,6.32,60
2026,Iași,"Școala Gimnazială, Muncelu de Sus",6.62,6.72,6.53,13
2026,Iași,"Școala Gimnazială, Ciortești",6.6,7.1,6.1,4
2026,Iași,"Școala Gimnazială, Cârniceni",6.59,6.4,6.8,12
2026,Iași,"Liceul Tehnologic „Victor Mihăilescu Craiu”, Belcești",6.57,7.27,5.87,36
2026,Iași,"Școala Gimnazială, Covasna",6.56,6.96,6.16,17
2026,Iași,"Școala Profesională „Ionel Teodoreanu”, Victoria",6.54,6.99,6.1,25
2026,Iași,"Școala Gimnazială, Fărcășeni",6.53,6.93,6.14,8
2026,Iași,"Școala Gimnazială „Ștefan cel Mare”, Dancu",6.53,6.77,6.3,35
2026,Iași,"Școala Gimnazială „Ionel Teodoreanu”, Iași",6.52,6.66,6.37,36
2026,Iași,"Școala Gimnazială, Iugani",6.51,6.77,6.27,17
2026,Iași,"Școala Gimnazială Nr. 1, Comarna",6.5,6.83,6.17,20
2026,Iași,"Școala Gimnazială, Prisăcani",6.46,6.62,6.3,27
2026,Iași,"Școala Gimnazială, Țuțora",6.45,6.71,6.2,12
2026,Iași,"Școala Gimnazială „Petru Rareș”, Hârlău",6.43,6.45,6.4,79
2026,Iași,"Școala Gimnazială, Vânători - Com. Popricani",6.41,6.71,6.12,22
2026,Iași,"Școala Gimnazială, Poiana",6.4,6.39,6.41,9
2026,Iași,"Școala Gimnazială „Aron Vodă”, Aroneanu",6.39,6.94,5.84,17
2026,Iași,"Școala Gimnazială, Bălțați",6.38,6.77,5.99,19
2026,Iași,"Școala Gimnazială, Butea",6.37,6.21,6.54,24
2026,Iași,"Școala Gimnazială, Conțești",6.37,6.8,5.94,11
2026,Iași,"Școala Gimnazială, Bârnova",6.29,6.38,6.2,13
2026,Iași,"Școala Gimnazială, Cristești - Com. Cristești",6.28,6.59,5.97,20
2026,Iași,"Școala Gimnazială, Lunca",6.26,6.27,6.25,15
2026,Iași,"Școala Gimnazială, Boureni",6.24,6.19,6.3,9
2026,Iași,"Școala Gimnazială, Dorobanț",6.22,6.43,6.02,18
2026,Iași,"Școala Gimnazială, Rediu - Com. Rediu",6.21,6.68,5.53,18
2026,Iași,"Școala Gimnazială, Coropceni",6.2,6.98,5.43,10
2026,Iași,"Școala Gimnazială, Horlești",6.19,7.21,5.17,23
2026,Iași,"Școala Gimnazială, Liteni",6.19,6.56,5.83,15
2026,Iași,"Școala Gimnazială, Balș",6.17,6.56,5.79,13
2026,Iași,"Colegiul Tehnic „Ion Holban”, Iași",6.15,6.15,6.15,1
2026,Iași,"Școala Gimnazială, Boroșești",6.15,6.51,5.79,4
2026,Iași,"Școala Gimnazială „Dimitrie Sturdza”, Popești",6.14,6.86,5.43,25
2026,Iași,"Școala Gimnazială, Mădârjac",6.14,6.74,5.55,8
2026,Iași,"Școala Gimnazială „Cezar Petrescu”, Hodora",6.14,7.03,5.27,9
2026,Iași,"Școala Gimnazială „Mihai Codreanu”, Iași",6.12,6.41,5.83,16
2026,Iași,"Școala Profesională „Ștefan cel Mare”, Cotnari",6.11,6.56,5.66,4
2026,Iași,"Școala Gimnazială, Heleșteni",6.1,6.71,5.51,9
2026,Iași,"Școala Gimnazială, Rădeni",6.09,6.59,5.6,15
2026,Iași,"Școala Profesională, Lespezi",6.08,6.7,5.46,8
2026,Iași,"Școala Gimnazială „Colonel Constantin Langa”, Miroslava",6.07,6.2,5.95,56
2026,Iași,"Liceul Teoretic „Bogdan Vodă”, Hălăucești",6.07,6.53,5.62,44
2026,Iași,"Școala Profesională, Fântânele",6.03,6.09,5.98,27
2026,Iași,"Școala Gimnazială „Petru Anghel”, Probota",6.03,7.25,4.81,4
2026,Iași,"Școala Gimnazială, Moțca",6.01,5.99,6.04,49
2026,Iași,"Școala Gimnazială „Constantin Erbiceanu”, Erbiceni",6.0,6.1,5.9,22
2026,Iași,"Școala Gimnazială, Dumești",5.97,6.11,5.83,17
2026,Iași,"Școala Gimnazială, Sârca",5.96,6.33,5.6,9
2026,Iași,"Școala Gimnazială Nr. 1, Todirești",5.94,6.61,5.28,53
2026,Iași,"Școala Gimnazială, Popricani",5.94,6.18,5.71,26
2026,Iași,"Școala Gimnazială, Cârjoaia",5.94,6.76,5.12,16
2026,Iași,"Școala Gimnazială „Veniamin Costachi”, Sinești",5.93,6.66,5.21,17
2026,Iași,"Școala Gimnazială „Alexandru Vlahuță”, Iași",5.93,6.32,5.53,27
2026,Iași,"Școala Gimnazială, Poieni",5.92,6.39,5.45,15
2026,Iași,"Școala Gimnazială „Constantin Palade”, Totoești",5.9,6.16,5.64,10
2026,Iași,"Școala Gimnazială, Oboroceni",5.9,6.42,5.38,14
2026,Iași,"Școala Gimnazială, Bădeni",5.88,6.78,4.99,13
2026,Iași,"Școala Profesională, Tătăruși",5.88,5.87,5.89,23
2026,Iași,"Școala Gimnazială, Chicerea",5.87,6.21,5.53,17
2026,Iași,"Școala Gimnazială, Bosia",5.86,6.26,5.46,9
2026,Iași,"Școala Gimnazială „Ștefan cel Mare și Sfânt”, Dobrovăț",5.83,6.34,5.33,11
2026,Iași,"Școala Gimnazială, Bodești",5.82,6.41,5.23,9
2026,Iași,"Școala Gimnazială, Stornești",5.82,6.47,5.17,10
2026,Iași,"Școala Gimnazială, Hărmăneștii Vechi",5.81,6.26,5.36,20
2026,Iași,"Școala Gimnazială, Roșu",5.8,6.48,5.12,5
2026,Iași,"Școala Gimnazială „Ioanid Romanescu”, Voinești",5.79,6.33,5.25,32
2026,Iași,"Liceul Teoretic „Lascar Rosetti”, Răducăneni",5.79,6.71,4.88,34
2026,Iași,"Școala Gimnazială „Nicolae Iorga”, Buhalnița",5.77,5.89,5.66,16
2026,Iași,"Școala Gimnazială, Strunga",5.76,6.32,5.22,6
2026,Iași,"Școala Profesională, Brăești",5.74,6.61,4.88,12
2026,Iași,"Școala Gimnazială, Drăgușeni",5.73,6.29,5.18,10
2026,Iași,"Școala Gimnazială, Budăi",5.72,6.13,5.32,13
2026,Iași,"Școala Gimnazială, Scobinți",5.71,6.06,5.37,21
2026,Iași,"Școala Gimnazială, Sirețel",5.71,6.24,5.19,25
2026,Iași,"Școala Gimnazială, Oțeleni",5.71,5.58,5.83,20
2026,Iași,"Școala Gimnazială, Deleni",5.69,5.96,5.43,31
2026,Iași,"Liceul Special „Moldova”, Târgu Frumos",5.68,6.4,4.97,3
2026,Iași,"Școala Gimnazială, Hărpășești",5.67,5.91,5.44,10
2026,Iași,"Școala Gimnazială, Buznea",5.67,6.57,4.77,12
2026,Iași,"Școala Gimnazială, Gura Bohotin",5.67,6.25,5.09,13
2026,Iași,"Școala Profesională „Nicolae Bălăuță”, Șcheia",5.64,5.59,5.69,12
2026,Iași,"Școala Gimnazială, Topile",5.64,5.51,5.77,19
2026,Iași,"Școala Gimnazială „Ion Creangă”, Gâștești",5.64,5.9,5.31,23
2026,Iași,"Școala Gimnazială, Grajduri",5.64,6.33,4.94,13
2026,Iași,"Liceul cu Program Sportiv, Iași",5.63,6.06,5.2,54
2026,Iași,"Școala Gimnazială, Larga Jijia",5.6,6.07,5.14,23
2026,Iași,"Școala Gimnazială „Al. I. Cuza”, Podu Iloaiei",5.58,5.95,5.16,71
2026,Iași,"Școala Gimnazială, Mihail Kogălniceanu",5.57,6.43,4.72,19
2026,Iași,"Școala Gimnazială, Păușești",5.56,6.18,4.95,10
2026,Iași,"Școala Gimnazială „Grigore Sturdza”, Perieni",5.55,5.94,5.16,14
2026,Iași,"Școala Gimnazială, Chișcăreni",5.55,5.9,5.2,16
2026,Iași,"Școala Gimnazială „Miron Barnovschi”, Uricani",5.54,5.68,5.4,12
2026,Iași,"Școala Profesională, Coarnele Caprei",5.52,5.2,5.85,12
2026,Iași,"Școala Gimnazială „Ioanid Romanescu”, Românești",5.51,6.17,4.85,13
2026,Iași,"Școala Gimnazială „Veronica Micle”, Iași",5.5,5.79,5.21,30
2026,Iași,"Școala Gimnazială, Bâcu",5.48,5.79,5.17,5
2026,Iași,"Școala Gimnazială, Dumbrăvița",5.47,6.1,4.85,13
2026,Iași,"Școala Gimnazială, Sticlăria",5.46,5.69,5.23,15
2026,Iași,"Liceul Tehnologic „Petre P. Carp”, Țibanesti",5.45,6.21,4.7,38
2026,Iași,"Școala Gimnazială „Isaia Teodorescu”, Cogeasca",5.45,5.61,5.29,8
2026,Iași,"Școala Gimnazială, Feredeni",5.42,6.41,4.44,7
2026,Iași,"Școala Gimnazială „Iacob Negruzzi”, Trifești",5.42,5.78,5.05,13
2026,Iași,"Școala Gimnazială Nr. 1, Bohotin",5.39,6.26,4.53,14
2026,Iași,"Școala Gimnazială, Buda",5.39,5.83,4.96,10
2026,Iași,"Școala Gimnazială, Runcu",5.38,5.44,5.33,19
2026,Iași,"Școala Gimnazială „Gheorghe Ciobanu”, Andrieșeni",5.37,5.69,5.06,25
2026,Iași,"Școala Gimnazială, Hârtoape",5.37,5.52,5.22,11
2026,Iași,"Școala Profesională, Focuri",5.36,5.15,5.47,25
2026,Iași,"Școala Gimnazială „Ion Haulică”, Ipatele",5.35,6.12,4.59,5
2026,Iași,"Liceul Tehnologic, Vladeni",5.35,5.54,5.16,16
2026,Iași,"Școala Gimnazială, Costuleni",5.31,5.71,4.92,21
2026,Iași,"Școala Gimnazială, Dumbrava",5.3,5.79,4.81,9
2026,Iași,"Școala Gimnazială „Olga Sturdza”, Holboca",5.29,5.67,4.92,19
2026,Iași,"Școala Gimnazială Nr. 2, Focuri",5.28,5.64,4.91,20
2026,Iași,"Școala Gimnazială, Șcheia",5.25,5.67,4.83,25
2026,Iași,"Școala Gimnazială, Satu Nou",5.22,5.6,4.84,23
2026,Iași,"Școala Profesională, Plugari",5.22,5.37,5.07,21
2026,Iași,"Școala Gimnazială, Verșeni",5.2,5.47,4.94,15
2026,Iași,"Școala Profesională, Dagâța",5.19,5.67,4.72,24
2026,Iași,"Școala Gimnazială, Răchiteni",5.19,5.26,5.13,12
2026,Iași,"Școala Gimnazială „Constantin Teodorescu”, Războieni",5.19,5.88,4.5,13
2026,Iași,"Școala Gimnazială, Moșna",5.16,5.5,4.82,24
2026,Iași,"Școala Gimnazială „Petru Poni”, Cucuteni",5.14,5.7,4.58,8
2026,Iași,"Școala Profesională de Industrie Alimentară, Țibana",5.1,5.35,4.86,13
2026,Iași,"Școala Gimnazială Nr. 1, Icușeni",5.1,5.04,5.16,4
2026,Iași,"Școala Gimnazială, Săveni",5.08,5.32,4.85,16
2026,Iași,"Școala Gimnazială, Hălceni",5.05,5.47,4.65,14
2026,Iași,"Școala Gimnazială „Dimitrie Anghel”, Cornești",5.04,5.38,4.71,8
2026,Iași,"Școala Gimnazială, Glodenii Gândului",5.03,5.2,4.86,29
2026,Iași,"Școala Gimnazială, Golăiești",5.02,5.43,4.61,30
2026,Iași,"Școala Gimnazială, Pietrosu",5.01,5.6,4.43,14
2026,Iași,"Școala Gimnazială, Podolenii de Sus",5.0,5.41,4.58,16
2026,Iași,"Școala Profesională, Cozmești",4.97,5.09,4.87,13
2026,Iași,"Școala Gimnazială Nr. 1, Costești",4.97,5.47,4.47,14
2026,Iași,"Școala Gimnazială, Hermeziu",4.93,5.63,4.24,19
2026,Iași,"Școala Gimnazială, Vânători - Com. Vânători",4.93,5.81,4.05,15
2026,Iași,"Școala Gimnazială, Goruni",4.92,5.86,4.0,16
2026,Iași,"Școala Gimnazială, Pârcovaci",4.86,4.76,4.91,37
2026,Iași,"Școala Gimnazială, Gorban",4.85,5.36,4.33,8
2026,Iași,"Școala Gimnazială, Mânăstirea",4.83,5.43,4.23,16
2026,Iași,"Școala Gimnazială, Tansa",4.78,5.33,4.23,10
2026,Iași,"Școala Gimnazială F.E.G., Iași",4.77,4.88,4.65,7
2026,Iași,"Școala Gimnazială, Grozești",4.76,5.31,4.2,7
2026,Iași,"Școala Gimnazială „Alexandru Ioan Cuza”, Ruginoasa",4.75,5.0,4.39,24
2026,Iași,"Școala Gimnazială, Șipote",4.74,4.86,4.62,16
2026,Iași,"Școala Gimnazială, Cristești",4.68,4.98,4.39,14
2026,Iași,"Școala Gimnazială, Slobozia",4.66,5.06,4.27,26
2026,Iași,"Școala Gimnazială, Valea Seacă",4.66,4.93,4.39,10
2026,Iași,"Școala Gimnazială „Grigore Ureche”, Ceplenița",4.6,4.77,4.43,13
2026,Iași,"Școala Profesională, Gropnița",4.5,5.22,3.78,12
2026,Iași,"Școala Gimnazială, Suhuleț",4.49,4.42,4.57,10
2026,Iași,"Liceul Tehnologic de Electronică și Telecomunicații „Gheorghe Mârzescu”, Iași",4.43,4.73,4.13,19
2026,Iași,"Școala Gimnazială, Crivești",4.39,4.71,4.08,17
2026,Iași,"Școala Gimnazială „Ion Neculce”, Iași",4.38,4.61,4.16,15
2026,Iași,"Școala Profesională, Mogoșești",4.31,4.51,4.13,46
2026,Iași,"Școala Gimnazială, Urșița",4.26,4.69,3.85,11
2026,Iași,"Școala Gimnazială, Borșa",4.25,4.38,4.12,15
2026,Iași,"Școala Gimnazială, Rediu, Com. Ruginoasa",4.24,4.73,3.76,16
2026,Iași,"Școala Profesională Nr. 41, Iași",4.24,4.37,4.25,5
2026,Iași,"Școala Gimnazială, Brădicești",4.14,4.25,4.03,15
2026,Iași,"Școala Gimnazială, Gârbești",4.11,4.45,3.78,31
2026,Iași,"Școala Gimnazială, Humosu",4.06,4.29,3.84,15
2026,Iași,"Școala Gimnazială, Borosoaia",4.03,4.02,4.05,16
2026,Iași,"Școala Gimnazială, Mironeasa",4.03,4.22,3.84,51
2026,Iași,"Școala Gimnazială, Zmeu",3.94,3.81,4.08,15
2026,Iași,"Școala Gimnazială, Hadâmbu",3.87,4.06,3.7,14
2026,Iași,"Școala Gimnazială, Dolhești",3.84,3.9,3.78,14
2026,Iași,"Școala Gimnazială, Alexeni",3.78,4.08,3.48,9
2026,Iași,"Școala Gimnazială Nr. 1, Domnița",3.75,3.6,3.72,10
2026,Iași,"Școala Gimnazială Specială „Constantin Păunescu”, Iași",3.05,3.6,2.5,1
2026,Iași,"Școala Gimnazială, Goești",3.03,3.35,2.72,16
2026,Iași,"Școala Gimnazială, Crucea",2.85,2.77,2.97,39
2026,Ilfov,"Școala Gimnazială „Pro Ingenio”, Bragadiru",9.22,9.28,9.17,16
2026,Ilfov,"Școala Gimnazială „Mark Twain International School”, Voluntari",9.04,9.32,8.77,20
2026,Ilfov,"Liceul Bilingv „Olga Gudynn”, Voluntari",8.75,8.81,8.69,37
2026,Ilfov,Liceul Teoretic „Kids Club Militari” Roșu-Chiajna,8.73,8.84,8.63,14
2026,Ilfov,"Școala Gimnazială „Hermann Oberth”, Voluntari",8.58,8.43,8.38,21
2026,Ilfov,"Școala Gimnazială Discovery, Voluntari",8.41,8.44,8.39,14
2026,Ilfov,"Liceul Teoretic „Little London”, Voluntari",8.05,8.05,8.04,27
2026,Ilfov,Școala Gimnazială „Micul Lord” Bragadiru,7.8,8.14,7.46,5
2026,Ilfov,"Școala Gimnazială „Explore 100”, Mogoșoaia",7.79,7.5,8.08,3
2026,Ilfov,"Școala Gimnazială Nr. 1, Buftea",7.74,7.93,7.55,114
2026,Ilfov,"Școala Gimnazială Nr. 3, Voluntari",7.69,7.67,7.71,59
2026,Ilfov,"Liceul Teoretic „Ioan Petruș”, Otopeni",7.62,7.74,7.5,257
2026,Ilfov,"Școala Gimnazială „Mihai Eminescu”, Ghermănești - Snagov",7.61,7.69,7.53,28
2026,Ilfov,"Liceul „Maarif - International School Of Bucharest”, Voluntari",7.56,7.6,7.53,10
2026,Ilfov,"Școala Gimnazială Nr. 2, Voluntari",7.29,7.49,7.1,36
2026,Ilfov,Școala Gimnazială Nr.2 Chitila,7.29,7.3,7.29,54
2026,Ilfov,"Școala Gimnazială „Ioan Bădescu”, Popești Leordeni",7.22,7.3,7.14,94
2026,Ilfov,"Școala Gimnazială Nr. 1, Berceni",7.17,7.63,6.73,95
2026,Ilfov,"Liceul Teoretic „Horia Hulubei”, Măgurele",7.14,7.24,7.03,127
2026,Ilfov,"Liceul cu Program Sportiv „Helmut Duckadam”, Clinceni",7.1,7.47,6.74,86
2026,Ilfov,"Școala Gimnazială Nr. 2, Buftea",7.09,7.19,6.93,66
2026,Ilfov,"Școala Gimnazială Nr. 1, Afumați",7.06,7.1,7.01,61
2026,Ilfov,"Școala Gimnazială Nr. 1, Corbeanca",7.05,7.25,6.86,37
2026,Ilfov,"Școala Gimnazială Nr. 1, Tunari",6.96,6.54,7.38,36
2026,Ilfov,"Școala Gimnazială Nr. 1, Ciorogârla",6.92,7.46,6.39,45
2026,Ilfov,"Școala Gimnazială Nr. 1, Bragadiru",6.9,7.23,6.57,126
2026,Ilfov,"Școala Gimnazială Nr. 3, Buftea",6.88,7.41,6.36,7
2026,Ilfov,"Liceul Teoretic „Radu Popescu”, Popești-Leordeni",6.76,7.03,6.49,69
2026,Ilfov,"Școala Gimnazială „Anton Pann”, Voluntari",6.73,6.96,6.5,232
2026,Ilfov,"Liceul Teoretic „Traian Lalescu”, Brănești",6.71,6.93,6.5,71
2026,Ilfov,"Școala Gimnazială Nr. 2, Fundeni - Dobroești",6.67,6.87,6.47,35
2026,Ilfov,"Școala Gimnazială „Alexandru Odobescu”, Chiajna",6.63,6.95,6.3,58
2026,Ilfov,"Școala Gimnazială Nr. 3, Popești Leordeni",6.62,7.18,6.06,9
2026,Ilfov,"Școala Gimnazială Nr. 1, Cernica",6.59,6.83,6.34,24
2026,Ilfov,"Școala Gimnazială Nr. 1, Dărăști",6.58,6.4,6.76,14
2026,Ilfov,Școala Gimnazială „Petru Rareș” Chiajna,6.55,6.8,6.3,72
2026,Ilfov,"Școala Gimnazială Nr. 1, Cornetu",6.52,6.76,6.28,51
2026,Ilfov,"Școala Gimnazială Nr. 1, Balotești",6.5,7.01,5.99,68
2026,Ilfov,"Școala Gimnazială Prof. „Ion Vișoiu”, Chitila",6.49,6.36,6.56,79
2026,Ilfov,"Școala Gimnazială Nr. 1, Dragomirești Vale",6.47,6.32,6.63,17
2026,Ilfov,"Școala Gimnazială Nr. 1, Ciolpani",6.42,6.88,5.97,36
2026,Ilfov,"Școala Gimnazială Nr. 1, Copăceni",6.42,6.98,5.87,23
2026,Ilfov,"Școala Gimnazială Nr. 1, Moara Vlăsiei",6.4,7.08,5.72,16
2026,Ilfov,"Școala Gimnazială „Gheorghe Corneliu”, Domnești",6.35,6.51,6.2,68
2026,Ilfov,"Școala Gimnazială Nr. 2, Cățelu - Glina",6.35,6.33,6.37,11
2026,Ilfov,"Școala Gimnazială Nr. 1, Brănești",6.33,6.57,6.11,48
2026,Ilfov,"Școala Gimnazială Nr. 2, Moara Vlăsiei",6.31,6.78,5.72,27
2026,Ilfov,"Școala Gimnazială Nr. 3, Siliștea Snagovului - Gruiu",6.23,6.62,5.83,14
2026,Ilfov,"Școala Gimnazială Nr. 1, Grădiștea",6.21,6.49,5.94,35
2026,Ilfov,"Școala Gimnazială „Constantin Băicoianu”, Tâncăbești - Snagov",6.18,6.28,6.07,16
2026,Ilfov,"Liceul Tehnologic „Doamna Chiajna”, Roșu - Chiajna",6.15,6.22,6.07,44
2026,Ilfov,"Școala Gimnazială Nr. 1, Gruiu",6.11,6.5,5.72,20
2026,Ilfov,Școala Gimnazială Prof. „Ion Ioniță” Buriaș - Periș,6.09,6.01,6.18,14
2026,Ilfov,"Școala Gimnazială Nr. 2, Dragomirești Deal - Dragomirești Vale",6.01,6.03,5.99,21
2026,Ilfov,"Liceul Teoretic „Alexandru Rosetti”, Vidra",5.98,6.02,5.94,20
2026,Ilfov,"Școala Gimnazială Nr. 2, Crețești - Vidra",5.95,6.72,5.19,12
2026,Ilfov,"Liceul Teoretic „Mihail Kogălniceanu”, Snagov",5.95,6.18,5.72,23
2026,Ilfov,"Școala Gimnazială Nr. 1, Dascălu",5.94,5.89,5.98,32
2026,Ilfov,"Școala Gimnazială Nr. 2, Periș",5.87,6.12,5.62,26
2026,Ilfov,"Școala Gimnazială Nr. 1, 1 Decembrie",5.86,6.3,5.44,57
2026,Ilfov,"Școala Gimnazială Nr. 1, Pantelimon",5.75,6.21,5.26,138
2026,Ilfov,"Școala Gimnazială Nr. 1, Petrăchioaia",5.66,5.57,5.76,35
2026,Ilfov,"Școala Gimnazială Nr. 4, Buftea",5.59,5.81,5.38,9
2026,Ilfov,Liceul Teoretic nr. 1 Periș,5.58,5.42,5.75,41
2026,Ilfov,"Școala Internațională „Clas”, Ciofliceni - Snagov",5.56,5.98,5.13,3
2026,Ilfov,"Școala Gimnazială Nr. 1, Glina",5.46,5.53,5.28,28
2026,Ilfov,"Școala Gimnazială Nr. 3, Bălăceanca-Cernica",5.22,5.58,4.83,29
2026,Ilfov,"Școala Gimnazială Nr. 2, Lipia - Gruiu",5.13,6.12,4.14,15
2026,Ilfov,"Școala Gimnazială Nr. 2, Tamași - Corbeanca",5.06,5.33,4.8,13
2026,Ilfov,"Școala Gimnazială Nr. 2, Dârvari-Ciorogârla",5.03,5.36,4.71,15
2026,Ilfov,"Școala Gimnazială Nr. 1, Mogoșoaia",5.02,5.45,4.6,40
2026,Ilfov,"Școala Gimnazială Nr. 1, Jilava",5.02,5.15,4.88,31
2026,Ilfov,"Școala Gimnazială Nr. 1, Dobroești",4.99,5.27,4.7,24
2026,Ilfov,"Școala Gimnazială Nr. 1, Găneasa",4.81,5.13,4.5,9
2026,Ilfov,"Liceul Penitenciar, Jilava",4.76,4.29,4.15,7
2026,Ilfov,"Școala Gimnazială Nr. 3, Șindrilița - Găneasa",4.72,5.28,4.18,11
2026,Ilfov,"Școala Gimnazială Nr. 2, Piteasca - Găneasa",4.64,4.88,4.41,8
2026,Ilfov,"Școala Gimnazială Nr. 3, Sintești - Vidra",4.61,4.61,4.62,9
2026,Ilfov,"Școala Gimnazială Nr. 1, Nuci",4.55,4.69,4.42,18
2026,Ilfov,"Școala Gimnazială Nr. 1, Ștefăneștii de Jos",4.06,4.23,3.9,52
2026,Ilfov,"Școala Gimnazială Nr. 3, Bobești - Glina",4.05,3.66,4.44,7
2026,Ilfov,"Școala Gimnazială Nr. 2, Jilava",4.02,4.42,3.62,18
2026,Ilfov,Școala Gimnazială Nr. 2 „Tânganu - Cernica”,3.59,3.51,3.57,24
2026,Maramureș,"Colegiul Național „Gheorghe Șincai”, Baia Mare",9.03,9.04,9.02,60
2026,Maramureș,"Colegiul Național „Vasile Lucăciu”, Baia Mare",8.97,9.0,8.94,58
2026,Maramureș,"Colegiul Național „Dragoș Vodă”, Sighetu Marmației",8.59,8.8,8.39,30
2026,Maramureș,Liceul Internațional Baia Mare,8.39,8.43,8.36,19
2026,Maramureș,Școala Gimnazială Pribilești,8.13,8.7,7.55,2
2026,Maramureș,"Școala Gimnazială „Lucian Blaga”, Baia Mare",7.91,8.22,7.61,123
2026,Maramureș,"Școala Gimnazială „Nicolae Iorga”, Baia Mare",7.77,7.9,7.55,92
2026,Maramureș,"Școala Gimnazială „George Coșbuc”, Sighetu Marmatiei",7.69,7.91,7.48,86
2026,Maramureș,"Școala Gimnazială „Dimitrie Cantemir”, Baia Mare",7.67,7.95,7.39,101
2026,Maramureș,Liceul Tehnologic de Transporturi Auto Baia Sprie,7.56,7.78,7.23,30
2026,Maramureș,"Școala Gimnazială „Avram Iancu”, Baia Mare",7.56,7.93,7.19,37
2026,Maramureș,"Colegiul Național Pedagogic „Regele Ferdinand”, Sighetu Marmației",7.54,7.68,7.41,58
2026,Maramureș,"Școala Gimnazială „Nichita Stănescu”, Baia Mare",7.52,7.58,7.46,44
2026,Maramureș,"Școala Gimnazială „George Coșbuc”, Baia Mare",7.48,7.64,7.32,68
2026,Maramureș,Școala Gimnazială Gardani,7.39,8.28,6.49,10
2026,Maramureș,"Liceul Teoretic „Németh László”, Baia Mare",7.37,7.34,6.42,25
2026,Maramureș,Școala Gimnazială Rus,7.31,7.8,6.83,11
2026,Maramureș,Colegiul de Arte Baia Mare,7.3,7.6,7.01,70
2026,Maramureș,Școala Gimnazială Sălsig,7.28,7.44,7.12,9
2026,Maramureș,Școala Gimnazială Săcel,7.28,7.69,6.87,16
2026,Maramureș,"Liceul Tehnologic „Alexandru Filipascu”, Petrova",7.25,7.78,6.72,15
2026,Maramureș,Liceul Teologic Penticostal Baia Mare,7.23,7.41,7.05,16
2026,Maramureș,"Școala Gimnazială „Alexandru Ioan Cuza”, Baia Mare",7.12,7.49,6.75,45
2026,Maramureș,"Școala Gimnazială „Dr. Teodor Mihali”, Boiu Mare",7.12,8.4,5.85,2
2026,Maramureș,"Liceul Teoretic „Petru Rareș”, Târgu Lăpuș",7.1,7.27,6.94,39
2026,Maramureș,"Liceul Tehnologic Agricol „Alexiu Berinde”, Seini",7.09,7.18,7.01,39
2026,Maramureș,Liceul Borșa,7.06,7.53,6.61,28
2026,Maramureș,"Liceul Tehnologic „Traian Vuia”, Tăuții-Măgherăuș",7.05,7.45,6.65,28
2026,Maramureș,"Liceul Teoretic „Leowey Klara”, Sighetu Marmației",7.01,7.1,6.18,15
2026,Maramureș,"Școala Gimnazială „Laurențiu Ulici”, Rona de Jos",6.97,6.89,7.06,4
2026,Maramureș,"Școala Gimnazială Nr. 7, Viseu de Sus",6.97,7.64,6.3,64
2026,Maramureș,"Școala Gimnazială „Augustin Buzura”, Copalnic-Mănăștur",6.95,7.6,6.31,12
2026,Maramureș,Liceul „Ep. Dr. Alexandru Rusu” Baia Mare,6.94,7.4,6.49,23
2026,Maramureș,"Școala Gimnazială, Desesti",6.89,7.13,6.66,19
2026,Maramureș,"Școala Gimnazială Nr. 1, Moisei",6.87,7.12,6.62,24
2026,Maramureș,"Școala Gimnazială, Baia Sprie",6.76,7.09,6.44,34
2026,Maramureș,"Școala Gimnazială „Gheorghe Lupan”, Grosi",6.72,6.76,6.69,8
2026,Maramureș,"Școala Gimnazială „Mihai Eminescu”, Săliștea de Sus",6.65,6.69,6.62,19
2026,Maramureș,"Școala Gimnazială Nr. 18, Baia Mare",6.65,6.93,6.38,29
2026,Maramureș,"Școala Gimnazială „Alexandru Ivasiuc”, Baia Mare",6.63,6.85,6.42,46
2026,Maramureș,Școala Gimnazială „Mihai Eminescu” Săcălășeni,6.61,7.23,6.01,18
2026,Maramureș,"Școala Gimnazială „Mihail Sadoveanu”, Baia Mare",6.55,7.49,5.62,17
2026,Maramureș,Școala Gimnazială Cernesti,6.53,6.69,6.38,6
2026,Maramureș,"Școala Gimnazială „Constantin Dipse”, Surdești",6.53,6.51,6.55,14
2026,Maramureș,Școala Gimnazială Băița de Sub Codru,6.51,7.08,5.96,13
2026,Maramureș,"Școala Gimnazială Nr. 13, Baia Mare",6.51,7.35,5.67,10
2026,Maramureș,Școala Gimnazială Botiza,6.49,7.04,5.94,18
2026,Maramureș,"Școala Profesională, Farcașa",6.47,6.83,6.11,36
2026,Maramureș,"Școala Gimnazială „Vasile Lucaciu”, Sisești",6.46,6.82,6.11,21
2026,Maramureș,"Școala Gimnazială Dr. Victor Babeș, Baia Mare",6.46,7.03,5.9,36
2026,Maramureș,"Școala Gimnazială „Octavian Goga”, Baia Mare",6.44,6.88,6.01,27
2026,Maramureș,"Școala Gimnazială „Liviu Rebreanu”, Dragomirești",6.44,6.74,6.13,18
2026,Maramureș,"Școala Gimnazială „Dragoș Vodă”, Moisei",6.43,6.75,6.11,39
2026,Maramureș,"Școala Gimnazială „Mihai Viteazu”, Valea Chioarului",6.42,7.05,5.78,7
2026,Maramureș,Școala Gimnazială Sieu,6.4,6.46,6.34,21
2026,Maramureș,Școala Gimnazială Băsești,6.4,6.65,6.15,5
2026,Maramureș,Școala Gimnazială Berbești,6.34,6.59,6.09,17
2026,Maramureș,Școala Gimnazială Vadu Izei,6.33,6.71,5.95,15
2026,Maramureș,"Școala Gimnazială Nr. 2, Seini",6.32,4.46,5.58,8
2026,Maramureș,Școala Gimnazială Ieud,6.32,6.76,5.88,18
2026,Maramureș,Liceul Tehnologic Ocna Șugatag,6.29,6.57,6.02,22
2026,Maramureș,Școala Gimnazială Ciocotis,6.25,6.47,6.02,11
2026,Maramureș,"Școala Profesională, Rozavlea",6.24,6.54,5.95,14
2026,Maramureș,Școala Gimnazială Preluca Veche,6.24,6.55,5.93,2
2026,Maramureș,"Școala Gimnazială „Dr. Ioan Mihalyi de Apsa”, Sighetu Marmatiei",6.23,6.43,6.03,63
2026,Maramureș,"Școala Gimnazială Nr. 2, Sighetu Marmatiei",6.23,6.79,5.67,34
2026,Maramureș,Școala Gimnazială Budești,6.23,6.39,6.07,23
2026,Maramureș,"Școala Gimnazială „Ben Corlaciu”, Groșii Țibleșului",6.2,6.58,5.83,16
2026,Maramureș,"Școala Gimnazială, Bârsana",6.17,6.51,5.83,21
2026,Maramureș,Școala Gimnazială Valea Viseului,6.11,5.76,4.69,12
2026,Maramureș,"Liceul Tehnologic „Grigore C. Moisil”, Târgu Lăpuș",6.1,6.69,5.51,43
2026,Maramureș,Școala Gimnazială Bistra,6.09,5.83,5.23,8
2026,Maramureș,"Liceul Teoretic „Ioan Buteanu”, Șomcuta Mare",6.06,6.23,5.89,51
2026,Maramureș,"Școala Gimnazială „Tiberiu Utan”, Văleni",6.05,6.41,5.71,10
2026,Maramureș,Școala Gimnazială „Ioan Buteanu” Sighetu Marmației,6.04,6.51,5.57,17
2026,Maramureș,"Școala Gimnazială, Lunca la Tisa",6.04,6.15,5.93,2
2026,Maramureș,"Școala Gimnazială „Vasile Alecsandri”, Baia Mare",6.02,6.61,5.44,27
2026,Maramureș,Școala Gimnazială Sat Sugatag,6.02,5.87,6.16,13
2026,Maramureș,"Școala Gimnazială „Ion Luca Caragiale”, Baia Mare",6.01,6.39,5.64,11
2026,Maramureș,Școala Gimnazială Rona de Sus,5.99,6.17,5.54,26
2026,Maramureș,Școala Gimnazială Satulung,5.92,6.76,5.07,16
2026,Maramureș,Școala Gimnazială „Bogdan Vodă”,5.89,6.05,5.74,10
2026,Maramureș,Școala Gimnazială Remeti,5.89,6.8,4.98,17
2026,Maramureș,"Școala Gimnazială „Kos Karoly”, Arduzel",5.89,5.52,5.59,6
2026,Maramureș,Școala Gimnazială Oncești,5.87,6.33,5.41,10
2026,Maramureș,"Școala Gimnazială „Simion Bărnuțiu”, Baia Mare",5.86,5.94,5.79,21
2026,Maramureș,"Școala Profesională, Dumbrăvița",5.85,6.47,5.25,12
2026,Maramureș,"Școala Gimnazială, Asuaju de Sus",5.85,6.44,5.26,8
2026,Maramureș,Școala Gimnazială Poienile Izei,5.85,6.38,5.33,2
2026,Maramureș,"Școala Gimnazială Nr. 1, Strâmțura",5.8,5.81,5.78,12
2026,Maramureș,Școala Gimnazială Mireșu Mare,5.77,6.07,5.49,36
2026,Maramureș,"Școala Gimnazială, Viseu de Jos",5.75,5.92,5.57,26
2026,Maramureș,"Școala Gimnazială Nr. 1, Sighetu Marmatiei",5.73,5.87,5.59,8
2026,Maramureș,"Școala Gimnazială, Recea",5.73,6.28,5.18,24
2026,Maramureș,"Liceul Pedagogic „Taras Șevcenko”, Sighetu Marmației",5.68,2.91,5.25,5
2026,Maramureș,"Școala Gimnazială „Regina Elisabeta”, Băiuț",5.68,6.43,4.93,8
2026,Maramureș,Școala Gimnazială „Codru Buteșii”,5.66,5.42,5.9,4
2026,Maramureș,"Școala Gimnazială Nr. 2, Bârsana",5.65,6.34,4.97,7
2026,Maramureș,Școala Gimnazială Sărăsău,5.58,6.37,4.8,10
2026,Maramureș,"Școala Gimnazială Nr. 9, Borsa",5.58,6.09,5.07,71
2026,Maramureș,"Școala Gimnazială „Dr. Gheorghe Tite”, Săpânța",5.55,6.2,4.9,19
2026,Maramureș,"Colegiul Economic „Pintea Viteazul”, Căvnic",5.53,5.74,5.33,26
2026,Maramureș,"Școala Gimnazială „Ioan Slavici”, Tăuții de Sus",5.47,5.33,5.48,11
2026,Maramureș,Școala Profesională Ruscova,5.46,5.74,4.95,37
2026,Maramureș,"Școala Gimnazială Nr. 4, Borsa",5.44,5.66,5.22,24
2026,Maramureș,"Școala Gimnazială „Mihai Olos”, Ariniș",5.39,6.23,4.56,6
2026,Maramureș,"Școala Gimnazială, Lăpuș",5.37,5.73,5.02,22
2026,Maramureș,Liceul cu Program Sportiv Baia Mare,5.37,5.82,4.93,44
2026,Maramureș,Școala Gimnazială Ardusat,5.37,5.82,4.91,10
2026,Maramureș,"Școala Profesională, Repedea",5.28,5.65,4.92,12
2026,Maramureș,Școala Gimnazială Cupseni,5.24,6.06,4.41,7
2026,Maramureș,"Școala Gimnazială, Crăciunești",5.21,5.04,5.38,19
2026,Maramureș,"Școala Gimnazială „Florea Mureșanu”, Suciu de Sus",5.19,5.63,4.75,21
2026,Maramureș,"Școala Gimnazială Nr. 1, Leordina",5.16,5.14,4.75,11
2026,Maramureș,Școala Gimnazială Câmpulung la Tisa,5.16,5.47,4.41,15
2026,Maramureș,"Școala Profesională Româno-Germană, Vișeu de Sus",5.14,5.85,4.51,26
2026,Maramureș,"Școala Gimnazială Nr. 6, Borsa",5.14,5.34,4.94,10
2026,Maramureș,"Școala Gimnazială Nr. 2, Repedea",5.11,5.46,4.77,20
2026,Maramureș,Școala Gimnazială Faurești,5.11,5.85,4.37,3
2026,Maramureș,Școala Gimnazială Oarta de Sus,5.09,5.62,4.58,8
2026,Maramureș,"Școala Gimnazială Nr. 5, Sighetu Marmatiei",5.05,5.92,4.19,10
2026,Maramureș,"Școala Gimnazială „Nicolae Steinhardt”, Rohia",5.03,5.15,4.92,13
2026,Maramureș,Școala Gimnazială Trestia,5.02,5.14,4.9,9
2026,Maramureș,"Școala Gimnazială „Vasile Ghetie”, Berinta",5.02,5.93,4.11,4
2026,Maramureș,Școala Profesională Poienile de Sub Munte,4.97,5.19,4.76,45
2026,Maramureș,Școala Gimnazială Remetea Chioarului,4.92,5.64,4.21,7
2026,Maramureș,"Liceul Tehnologic „Dr. Florian Ulmeanu”, Ulmeni",4.86,5.11,4.61,28
2026,Maramureș,Școala Gimnazială Vima Mica,4.84,5.53,4.16,8
2026,Maramureș,"Școala Gimnazială Nr. 2, Poienile de Sub Munte",4.81,5.57,4.04,11
2026,Maramureș,Școala Gimnazială Breb,4.8,5.42,4.18,5
2026,Maramureș,"Școala Gimnazială Nr. 8, Borsa",4.72,5.33,4.12,22
2026,Maramureș,Școala Gimnazială Cicârlău,4.68,5.34,4.02,17
2026,Maramureș,"Școala Gimnazială Nr. 7, Borsa",4.67,5.23,4.12,21
2026,Maramureș,"Școala Gimnazială Nr. 4, Poienile de Sub Munte",4.64,4.69,4.6,27
2026,Maramureș,Școala Gimnazială Crasna Viseului,4.61,4.82,4.41,15
2026,Maramureș,Școala Gimnazială Bicaz,4.38,3.68,5.08,6
2026,Maramureș,"Școala Gimnazială „Nicolae Bălcescu”, Baia Mare",4.29,4.68,3.92,13
2026,Maramureș,Școala Gimnazială Preluca Nouă,4.13,4.07,4.2,3
2026,Maramureș,"Școala Profesională Nr. 4, Viseu de Sus",4.06,4.37,3.72,18
2026,Maramureș,"Școala Gimnazială „Petőfi Sándor”, Colțău",3.73,3.3,3.84,10
2026,Maramureș,"Școala Gimnazială Nr. 3, Poienile de Sub Munte",3.72,3.05,3.54,10
2026,Maramureș,"Școala Gimnazială Maidan-Crasna, Viseului",3.66,2.93,4.38,4
2026,Maramureș,"Școala Gimnazială „Petre Dulfu”, Baia Mare",3.47,3.29,3.39,22
2026,Maramureș,Școala Gimnazială Coroieni,2.86,2.43,3.0,8
2026,Maramureș,Scoala Gimnaziala Finteusu Mic,2.85,2.76,2.9,16
2026,Maramureș,Școala Gimnazială „Vasile Morar” Chelința,2.61,2.5,2.75,24
2026,Maramureș,"Școala Gimnazială Nr. 2, Șomcuta Mare",2.55,2.3,2.76,16
2026,Mehedinți,Colegiul Național „Traian”,8.85,9.05,8.66,58
2026,Mehedinți,Colegiul Național „Gheorghe Țițeica”,8.37,8.69,8.05,65
2026,Mehedinți,Școala Gimnazială Mărășești,7.64,8.13,7.15,15
2026,Mehedinți,Colegiul Național Pedagogic „Ștefan Odobleja”,7.32,7.61,7.04,82
2026,Mehedinți,"Școala Gimnazială „Theodor Costescu”, Drobeta Turnu Severin",7.3,7.94,6.67,56
2026,Mehedinți,"Școala Gimnazială Nr. 14, Drobeta Turnu Severin",7.08,7.23,6.93,57
2026,Mehedinți,"Școala Gimnazială „Petre Sergescu”, Drobeta Turnu Severin",6.99,6.91,7.08,45
2026,Mehedinți,"Școala Gimnazială „Alice Voinescu”, Drobeta Turnu Severin",6.98,7.32,6.64,35
2026,Mehedinți,"Școala Gimnazială Nr. 6, Drobeta Turnu Severin",6.89,7.08,6.71,95
2026,Mehedinți,Școala Gimnazială Eșelnița,6.74,7.52,5.97,17
2026,Mehedinți,"Școala Gimnazială „Petru Dumitriu”, Orșova",6.71,6.96,6.3,24
2026,Mehedinți,Școala Gimnazială Stângaceaua,6.71,7.48,5.95,2
2026,Mehedinți,Școala Gimnazială Șimian,6.42,7.12,5.73,30
2026,Mehedinți,Colegiul Tehnologic „Constantin Brâncoveanu”,6.39,6.53,6.26,40
2026,Mehedinți,Liceul de Arte „I. St. Paulian”,6.38,6.83,5.93,55
2026,Mehedinți,"Școala Gimnazială Nr. 15, Drobeta Turnu Severin",6.37,6.81,5.94,55
2026,Mehedinți,"Școala Gimnazială „Constantin Negreanu”, Drobeta Turnu Severin",6.32,6.66,5.99,23
2026,Mehedinți,"Școala Gimnazială „Mihai Viteazul”, Strehaia",6.25,6.93,5.58,35
2026,Mehedinți,Liceul Teoretic „Dr. Victor Gomoiu”,6.08,6.75,5.42,21
2026,Mehedinți,"Școala Gimnazială, Isverna",6.08,7.09,5.07,8
2026,Mehedinți,Școala Gimnazială Malovăț,6.01,6.51,5.51,11
2026,Mehedinți,Școala Gimnazială Greci,5.94,7.41,4.48,5
2026,Mehedinți,Școala Gimnazială Prunișor,5.89,6.42,5.37,11
2026,Mehedinți,Liceul Teoretic Cujmir,5.63,6.38,4.89,10
2026,Mehedinți,Școala Gimnazială Gârla Mare,5.62,5.98,5.28,5
2026,Mehedinți,"Școala Gimnazială „Regele Mihai I”, Drobeta Turnu Severin",5.61,6.13,5.1,23
2026,Mehedinți,Școala Gimnazială Bâcleș,5.57,5.9,5.25,10
2026,Mehedinți,"Școala Gimnazială, Bistrița",5.56,6.15,4.98,3
2026,Mehedinți,"Școala Gimnazială „Constantin Trușcă”, Pătulele",5.54,6.11,4.99,29
2026,Mehedinți,Școala Gimnazială Broșteni,5.53,5.71,5.35,7
2026,Mehedinți,"Școala Gimnazială „Dumitru Bodin”, Comanda",5.53,5.7,5.36,11
2026,Mehedinți,"Școala Gimnazială „Pamfil Șeicaru”, Orșova",5.52,5.89,5.16,46
2026,Mehedinți,"Școala Gimnazială „Dr. Alexandru M. Popescu”, Ponoarele",5.51,5.74,5.28,14
2026,Mehedinți,Școala Gimnazială Podeni,5.49,5.88,5.1,3
2026,Mehedinți,"Școala Gimnazială, Cerneți",5.48,5.66,5.31,20
2026,Mehedinți,"Școala Gimnazială, Svinița",5.45,6.17,4.73,3
2026,Mehedinți,Școala Gimnazială Bala,5.41,5.79,5.04,20
2026,Mehedinți,"Școala Gimnazială, Husnicioara",5.39,5.42,5.38,8
2026,Mehedinți,Școala Gimnazială „Crainici”,5.39,5.65,5.13,3
2026,Mehedinți,Școala Gimnazială Jidoștița,5.37,6.34,4.41,10
2026,Mehedinți,"Școala Gimnazială Nr. 5, Drobeta Turnu Severin",5.36,5.81,4.92,16
2026,Mehedinți,Liceul Teoretic „Gheorghe Ionescu Șișești”,5.3,6.11,4.49,15
2026,Mehedinți,"Școala Gimnazială Nr. 3, Drobeta Turnu Severin",5.28,5.98,4.58,23
2026,Mehedinți,"Școala Gimnazială, Devesel",5.23,6.0,4.46,11
2026,Mehedinți,Liceul Tehnologic „Matei Basarab”,5.14,5.44,4.85,14
2026,Mehedinți,Școala Gimnazială Vânju Mare,5.09,5.7,4.5,19
2026,Mehedinți,Școala Gimnazială Dârvari,5.06,5.72,4.4,8
2026,Mehedinți,"Școala Gimnazială „Gheorghe Enescu”, Tâmna",5.06,6.09,4.03,11
2026,Mehedinți,"Școala Gimnazială, Corcova",5.01,5.28,4.76,12
2026,Mehedinți,"Școala Gimnazială „Dimitrie Grecescu”, Drobeta Turnu Severin",4.95,5.42,4.33,20
2026,Mehedinți,"Școala Gimnazială „Dumitru Crașoveanu”, Izvoru Bârzii",4.91,5.47,4.35,7
2026,Mehedinți,Liceul Teoretic „Șerban Cioculescu”,4.84,4.78,4.9,13
2026,Mehedinți,"Școala Gimnazială „Constantin Rădulescu”, Motru Butoiești",4.83,4.99,4.68,8
2026,Mehedinți,Școala Gimnazială Gogoșu,4.79,5.64,3.95,19
2026,Mehedinți,Școala Gimnazială Bâlvănești,4.77,5.11,4.43,4
2026,Mehedinți,Școala Gimnazială Cireșu,4.74,5.29,4.19,6
2026,Mehedinți,"Școala Gimnazială, Obârșia de Câmp",4.73,5.62,3.84,7
2026,Mehedinți,Școala Gimnazială Breznița-Ocol,4.71,5.4,4.03,18
2026,Mehedinți,Școala Gimnazială Vânjuleț,4.71,4.95,4.47,8
2026,Mehedinți,Școala Gimnazială Dumbrava de Jos,4.7,5.14,4.27,11
2026,Mehedinți,Școala Gimnazială Noapteșa,4.68,4.49,4.87,6
2026,Mehedinți,"Școala Profesională, Corlățel",4.66,5.71,3.6,14
2026,Mehedinți,Școala Gimnazială Grozești,4.64,5.03,4.25,11
2026,Mehedinți,Școala Gimnazială Ilovăț,4.49,4.79,4.19,9
2026,Mehedinți,Școala Gimnazială Burila Mare,4.49,4.85,4.12,13
2026,Mehedinți,Școala Gimnazială Braniștea,4.43,4.57,4.29,18
2026,Mehedinți,Școala Gimnazială Jiana,4.3,5.06,3.55,6
2026,Mehedinți,Școala Gimnazială Breznița-Motru,4.28,4.73,3.82,6
2026,Mehedinți,Școala Gimnazială Căzănești,4.25,4.17,4.34,18
2026,Mehedinți,Școala Gimnazială Florești,4.24,4.71,3.78,8
2026,Mehedinți,Școala Gimnazială Dănceu,4.23,4.71,3.74,7
2026,Mehedinți,"Școala Gimnazială, Livezile",4.21,4.66,3.78,10
2026,Mehedinți,Școala Gimnazială Balta,4.2,4.93,3.48,5
2026,Mehedinți,Școala Gimnazială Ilovița,4.2,4.24,4.17,8
2026,Mehedinți,Școala Gimnazială Oprișor,4.19,5.01,3.38,12
2026,Mehedinți,"Școala Gimnazială, Punghina",4.17,4.37,3.97,10
2026,Mehedinți,Școala Gimnazială Gruia,4.14,4.89,3.34,24
2026,Mehedinți,Școala Gimnazială Jirov,4.11,4.59,3.64,10
2026,Mehedinți,"Școala Gimnazială, Salcia",4.11,4.54,3.64,14
2026,Mehedinți,Școala Gimnazială Bălăcița,4.07,4.12,4.03,6
2026,Mehedinți,Școala Gimnazială Pristol,4.06,3.78,4.33,3
2026,Mehedinți,Școala Gimnazială Rogova,4.04,4.58,3.5,8
2026,Mehedinți,Școala Gimnazială Gemeni,3.94,4.19,3.69,13
2026,Mehedinți,Școala Gimnazială Vrata,3.93,4.41,3.45,9
2026,Mehedinți,"Școala Gimnazială, Obârșia Cloșani",3.88,4.5,3.25,2
2026,Mehedinți,"Școala Gimnazială, Hinova",3.67,3.97,3.37,4
2026,Mehedinți,Școala Gimnazială Vânători,3.59,3.32,3.86,9
2026,Mehedinți,Școala Gimnazială Voloiac,3.56,3.7,3.42,14
2026,Mehedinți,Școala Gimnazială Jiana Veche,3.53,3.86,3.21,8
2026,Mehedinți,Școala Gimnazială Aurora,3.39,3.14,3.23,11
2026,Mehedinți,Școala Gimnazială Șovarna,3.28,3.4,3.17,3
2026,Mehedinți,"Școala Gimnazială „Preda Buzescu”, Vlădaia",3.26,3.28,3.25,10
2026,Mehedinți,Școala Gimnazială Izvorălu,2.75,2.75,2.75,5
2026,Mureș,"Colegiul Național „Alexandru Papiu Ilarian”, Târgu Mureș",8.78,8.83,8.73,57
2026,Mureș,"Liceul Teoretic „Bolyai Farkas”, Târgu Mureș",8.71,8.22,8.53,55
2026,Mureș,"Școala Gimnazială „Omega”, Târgu Mureș",8.59,8.58,8.61,23
2026,Mureș,"Liceul Vocational Reformat, Târgu Mureș",8.53,8.36,7.99,27
2026,Mureș,Liceul Romano-Catolic Târgu Mureș,8.28,7.78,7.78,28
2026,Mureș,"Școala Gimnazială Europa, Târgu Mureș",8.16,8.04,8.15,81
2026,Mureș,"Colegiul Național „Unirea”, Târgu Mureș",8.1,8.03,8.17,25
2026,Mureș,"Școala Gimnazială Dacia, Târgu Mureș",8.09,8.31,7.71,62
2026,Mureș,"Școala Gimnazială „Dr. Bernady Gyorgy”, Târgu Mureș",7.98,7.76,7.67,95
2026,Mureș,"Școala Gimnazială „Romulus Guga”, Târgu Mureș",7.89,7.91,7.58,74
2026,Mureș,"Școala Gimnazială „Tudor Vladimirescu”, Târgu Mureș",7.75,7.49,7.66,80
2026,Mureș,"Școala Gimnazială „Tholdalagi Mihály”, Corunca",7.59,6.75,6.88,8
2026,Mureș,"Școala Gimnazială „Mirona”, Reghin",7.59,7.67,7.51,24
2026,Mureș,"Școala Gimnazială Nr. 7, Târgu Mureș",7.58,7.79,7.1,41
2026,Mureș,"Liceul Teoretic „Joseph Haltrich”, Sighișoara",7.55,7.7,6.89,61
2026,Mureș,"Școala Gimnazială „Liviu Rebreanu”, Târgu Mureș",7.54,7.54,7.14,140
2026,Mureș,"Școala Gimnazială „Mihai Viteazul”, Târgu Mureș",7.45,7.4,7.22,75
2026,Mureș,"Școala Gimnazială „George Coșbuc”, Târgu Mureș",7.44,7.33,7.29,48
2026,Mureș,"Școala Gimnazială „Friedrich Schiller”, Târgu Mureș",7.39,7.34,6.74,56
2026,Mureș,"Colegiul Național de Artă, Târgu Mureș",7.36,7.01,6.98,88
2026,Mureș,"Școala Gimnazială Nr. 2, Sovata",7.36,6.31,7.27,22
2026,Mureș,"Școala Gimnazială „Alexandru Ceușianu”, Reghin",7.36,7.37,7.09,106
2026,Mureș,"Școala Gimnazială „Alexandru Ioan Cuza”, Târgu Mureș",7.21,7.17,6.88,101
2026,Mureș,"Școala Gimnazială „Augustin Maior”, Reghin",7.04,7.35,6.74,55
2026,Mureș,"Școala Gimnazială, Sâncraiu de Mureș",7.02,6.83,6.69,30
2026,Mureș,"Școala Gimnazială „S. Illyes Lajos”, Sovata",6.99,6.29,6.23,40
2026,Mureș,"Liceul Teoretic „Samuil Micu”, Sărmașu",6.92,7.47,6.19,14
2026,Mureș,"Școala Gimnazială, Albești",6.92,7.51,6.33,8
2026,Mureș,"Școala Gimnazială „Avram Iancu”, Târnăveni",6.83,7.25,6.42,56
2026,Mureș,"Școala Gimnazială „Kádár Márton”, Pănet",6.82,5.55,6.75,22
2026,Mureș,"Liceul cu Program Sportiv „Szasz Adalbert”, Târgu Mureș",6.8,6.7,6.03,39
2026,Mureș,"Școala Gimnazială „Nicolae Bălcescu”, Târgu Mureș",6.78,6.61,6.26,79
2026,Mureș,Școala Gimnazială Pădureni,6.78,6.05,5.74,8
2026,Mureș,"Școala Gimnazială „Zaharia Boiu”, Sighișoara",6.77,7.51,6.04,22
2026,Mureș,"Școala Gimnazială „Kiss Gergely”, Păsăreni",6.71,6.54,5.33,11
2026,Mureș,"Școala Gimnazială „Ioan Vladuțiu”, Luduș",6.71,7.31,6.12,68
2026,Mureș,"Școala Gimnazială „Victor Jinga”, Sighișoara",6.71,7.22,6.2,29
2026,Mureș,"Școala Gimnazială, Periș",6.69,5.8,6.19,21
2026,Mureș,"Școala Gimnazială „Aurel Moșora”, Sighișoara",6.65,6.99,6.01,48
2026,Mureș,"Școala Gimnazială Nr. 1, Crăciunești",6.55,5.28,6.1,9
2026,Mureș,Școala Gimnazială Fântânele,6.53,5.6,6.1,23
2026,Mureș,"Școala Gimnazială „Dr. Vasile Pop”, Cipăieni",6.52,7.08,5.97,4
2026,Mureș,"Școala Gimnazială „Emil Drăgan”, Ungheni",6.49,6.92,6.08,36
2026,Mureș,"Școala Gimnazială „Sfântul Gheorghe”, Sângeorgiu de Mureș",6.46,5.7,6.44,23
2026,Mureș,Școala Gimnazială Vărgata,6.44,5.25,6.08,13
2026,Mureș,Școala Gimnazială Cristești,6.43,6.57,5.83,27
2026,Mureș,Școala Gimnazială Șeulia de Mureș,6.42,7.06,5.79,4
2026,Mureș,"Școala Gimnazială, Răstolița",6.35,6.36,6.36,14
2026,Mureș,"Școala Gimnazială „Traian”, Târnăveni",6.35,6.68,5.88,81
2026,Mureș,"Școala Gimnazială „Nicolae Iorga”, Sighișoara",6.33,7.36,5.31,10
2026,Mureș,"Școala Gimnazială „Fogarasi Samuel”, Gănești",6.27,6.49,5.09,25
2026,Mureș,"Școala Gimnazială „Florea Bogdan”, Reghin",6.27,6.57,5.97,51
2026,Mureș,"Școala Gimnazială „Matyus István”, Chibed",6.17,4.53,6.26,18
2026,Mureș,Școala Gimnazială Ibanești,6.17,6.89,5.45,15
2026,Mureș,Școala Gimnazială Sântioana de Mureș,6.17,5.48,5.13,12
2026,Mureș,Școala Gimnazială Măgherani,6.16,5.6,5.38,2
2026,Mureș,"Liceul Teoretic „Dr. Lind”, Câmpenița",6.16,5.56,6.38,14
2026,Mureș,Școala Gimnazială Dâmbău,6.13,7.12,5.05,5
2026,Mureș,"Școala Gimnazială Nr. 1, Luduș",6.13,6.59,5.03,46
2026,Mureș,"Școala Gimnazială „Dosa Daniel”, Valea Izvoarelor",6.09,5.87,4.9,12
2026,Mureș,Școala Gimnazială „Mătrici”,6.09,4.66,4.92,7
2026,Mureș,"Școala Gimnazială, Nazna",6.06,6.16,5.97,14
2026,Mureș,"Colegiul „Petru Maior”, Reghin",6.05,6.3,5.44,36
2026,Mureș,"Școala Gimnazială „Palko Attila”, Aluniș",6.0,5.62,5.11,24
2026,Mureș,"Școala Gimnazială „Dr. Nyulas Ferenc”, Eremitu",5.98,4.99,5.27,15
2026,Mureș,"Școala Gimnazială „Radu Popa”, Sighișoara",5.97,6.49,5.47,29
2026,Mureș,Școala Gimnazială Fărăgău,5.97,6.24,5.71,4
2026,Mureș,Școala Gimnazială Neaua,5.94,4.63,5.65,13
2026,Mureș,"Școala Gimnazială, Sânger",5.94,6.73,5.15,10
2026,Mureș,"Școala Gimnazială „Ion Chinezu”, Sântana de Mureș",5.88,6.13,5.08,20
2026,Mureș,"Liceul Teoretic „Andrei Bârseanu”, Târnăveni",5.88,6.59,5.18,15
2026,Mureș,"Școala Gimnazială „Serafim Duicu”, Târgu Mureș",5.87,5.9,5.53,29
2026,Mureș,"Școala Gimnazială „Samuel József”, Chendu",5.87,4.89,4.7,12
2026,Mureș,"Școala Gimnazială, Iernut",5.81,6.04,5.55,60
2026,Mureș,Școala Gimnazială Ibanești-Pădure,5.81,5.98,5.63,22
2026,Mureș,Școala Gimnazială Tăureni,5.79,5.88,5.7,3
2026,Mureș,"Școala Gimnazială, Ideciu de Jos",5.78,6.6,4.97,10
2026,Mureș,Școala Gimnazială Gurghiu,5.77,6.13,5.42,21
2026,Mureș,Școala Gimnazială Cornești-Crăciunești,5.71,4.56,5.08,10
2026,Mureș,"Școala Gimnazială „Petres Kálmán”, Sâmbriaș",5.69,4.17,5.13,5
2026,Mureș,"Școala Gimnazială, Suseni",5.69,6.19,5.19,10
2026,Mureș,Școala Gimnazială Acățari,5.67,4.48,5.54,18
2026,Mureș,Școala Gimnazială Bărboși,5.66,6.3,5.03,3
2026,Mureș,"Școala Gimnazială „Deák Farkas”, Miercurea Nirajului",5.62,4.19,5.34,22
2026,Mureș,Școala Gimnazială Vătava,5.58,5.83,5.34,10
2026,Mureș,"Școala Gimnazială „Vasile Oprea”, Sânmărtinu de Câmpie",5.58,5.75,5.43,4
2026,Mureș,Școala Gimnazială „Șardu Nirajului”,5.58,5.66,5.51,8
2026,Mureș,"Școala Gimnazială, Crăiești",5.58,6.93,4.23,3
2026,Mureș,Școala Gimnazială Ațintiș,5.56,5.4,5.72,5
2026,Mureș,"Școala Gimnazială, Zau de Câmpie",5.44,6.0,4.87,26
2026,Mureș,Școala Gimnazială Glăjărie,5.43,4.51,5.09,15
2026,Mureș,Școala Gimnazială Valea Largă,5.37,5.46,5.29,18
2026,Mureș,Școala Gimnazială Ivănești,5.32,4.65,6.0,5
2026,Mureș,"Școala Gimnazială „Apafi Mihaly”, Ernei",5.31,3.89,4.75,19
2026,Mureș,"Școala Gimnazială, Breaza",5.29,5.73,4.86,5
2026,Mureș,Școala Gimnazială Toaca,5.25,5.68,4.83,19
2026,Mureș,"Școala Gimnazială, Lunca Bradului",5.17,5.54,4.81,6
2026,Mureș,"Școala Gimnazială „Sfântul Petru”, Sânpetru de Câmpie",5.16,5.63,4.69,19
2026,Mureș,Școala Gimnazială „Papiu Ilarian”,5.16,4.8,5.01,12
2026,Mureș,"Școala Gimnazială „Cornel Regman”, Daneș",5.15,4.74,5.38,12
2026,Mureș,Școala Gimnazială Beica de Jos,5.14,3.77,6.41,13
2026,Mureș,"Școala Gimnazială „Adorjáni Károly”, Glodeni",5.14,4.54,4.59,21
2026,Mureș,"Școala Gimnazială „Szentiváni Mihály”, Gălești",5.12,3.33,5.96,14
2026,Mureș,Școala Gimnazială Călușeri,5.1,4.1,4.02,4
2026,Mureș,"Liceul Tehnologic „Sfântul Gheorghe”, Sângeorgiu de Pădure",5.08,4.75,4.38,46
2026,Mureș,Școala Gimnazială Hăranglab,5.08,4.5,4.39,5
2026,Mureș,"Școala Gimnazială, Adămuș",5.08,5.22,4.94,18
2026,Mureș,"Școala Profesională „Gheorghe Șincai”, Râciu",5.06,4.93,5.21,10
2026,Mureș,Școala Gimnazială „Șincai”,5.03,4.79,4.71,12
2026,Mureș,"Liceul Tehnologic „Vasile Netea”, Deda",4.96,5.4,4.52,23
2026,Mureș,"Școala Gimnazială „Rákosi Lajos”, Gheorghe Doja",4.94,3.25,5.09,11
2026,Mureș,"Școala Gimnazială „Petru Maior”, Căpușu de Câmpie",4.91,5.33,4.5,15
2026,Mureș,Școala Gimnazială Zagăr,4.87,4.85,4.9,8
2026,Mureș,"Școala Gimnazială, Lunca",4.87,5.51,4.23,4
2026,Mureș,"Școala Gimnazială, Călimănești",4.86,2.53,4.63,8
2026,Mureș,Școala Gimnazială Dedrad,4.82,5.37,4.29,11
2026,Mureș,"Școala Gimnazială „Torok János”, Bălăușeri",4.8,4.42,3.69,7
2026,Mureș,Școala Gimnazială Tirimia,4.8,5.7,3.9,3
2026,Mureș,"Școala Gimnazială „Teleki Samuel”, Dumbrăvioara",4.8,3.5,3.82,14
2026,Mureș,"Școala Gimnazială, Chețani",4.76,5.54,3.99,15
2026,Mureș,"Școala Gimnazială „Miron Neagu”, Sighișoara",4.75,5.03,4.48,4
2026,Mureș,Școala Gimnazială Șăulia,4.74,4.97,4.5,31
2026,Mureș,"Școala Gimnazială „Teleki Domokos”, Gornești",4.73,4.13,4.31,17
2026,Mureș,"Școala Gimnazială „Kemeny János”, Brâncovenești",4.67,4.31,4.08,18
2026,Mureș,"Școala Gimnazială „Vasile Pop Grebenișu”, de Câmpie",4.67,5.05,4.29,21
2026,Mureș,"Școala Gimnazială „Pataky Agótha”, Mădăraș",4.66,3.83,3.66,9
2026,Mureș,"Școala Gimnazială, Stânceni",4.61,5.35,3.88,5
2026,Mureș,Școala Gimnazială Cuci,4.55,4.61,4.5,10
2026,Mureș,Școala Gimnazială Băla,4.55,4.95,4.15,2
2026,Mureș,Școala Gimnazială Batoș,4.54,4.94,4.14,9
2026,Mureș,"Școala Gimnazială „Soli Deo Gloria”, Vaideiu",4.5,5.55,3.46,6
2026,Mureș,"Școala Gimnazială „Iuliu Grama”, Chiheru de Jos",4.5,5.03,3.96,12
2026,Mureș,Școala Gimnazială Hădăreni,4.46,5.43,3.5,2
2026,Mureș,"Școala Gimnazială „Bordi András”, Idrifaia",4.46,3.62,4.0,15
2026,Mureș,Școala Gimnazială „Trei Sate”,4.37,3.51,3.79,7
2026,Mureș,"Școala Gimnazială, Hodac",4.36,4.16,4.42,22
2026,Mureș,Școala Gimnazială Solovastru,4.35,4.13,4.58,9
2026,Mureș,"Școala Gimnazială, Petelea",4.33,3.65,4.96,22
2026,Mureș,"Școala Gimnazială „Ion Dacian”, Saschiz",4.32,4.92,3.72,9
2026,Mureș,Școala Gimnazială Cozma,4.3,4.63,3.98,5
2026,Mureș,Școala Gimnazială Coroisânmărtin,4.3,4.3,4.06,6
2026,Mureș,Școala Gimnazială Sânpaul,4.26,4.63,3.88,8
2026,Mureș,Școala Gimnazială Vețca,4.25,2.0,4.05,4
2026,Mureș,Școala Gimnazială Viișoara,4.24,4.58,3.9,7
2026,Mureș,Școala Gimnazială Mărculeni,4.22,2.03,4.8,3
2026,Mureș,"Școala Gimnazială, Chirileu",4.18,4.43,3.94,14
2026,Mureș,Școala Gimnazială Ulieș,4.17,4.85,3.5,2
2026,Mureș,"Școala Gimnazială, Bahnea",4.15,4.05,4.04,13
2026,Mureș,"Școala Gimnazială „Benedek Elek”, Livezeni",4.14,2.13,5.4,9
2026,Mureș,"Școala Gimnazială, Miheșu de Câmpie",4.11,4.4,3.82,12
2026,Mureș,Școala Gimnazială Boiu,4.09,4.24,3.95,8
2026,Mureș,"Școala Gimnazială, Bogata",4.06,4.41,3.72,6
2026,Mureș,Școala Gimnazială Deaj,4.05,3.56,4.45,15
2026,Mureș,"Școala Gimnazială „Vasile Moldovan”, Târnăveni",3.98,4.62,3.35,3
2026,Mureș,Școala Gimnazială Pogăceaua,3.96,4.24,3.67,16
2026,Mureș,Școala Gimnazială Băgaciu,3.93,4.08,3.77,23
2026,Mureș,Școala Gimnazială Vidrașău,3.91,4.15,3.49,10
2026,Mureș,Școala Gimnazială Voivodeni,3.82,3.88,3.6,8
2026,Mureș,"Școala Gimnazială, Ceuașu de Câmpie",3.79,3.55,3.42,14
2026,Mureș,Școala Gimnazială Sântioana,3.72,4.0,3.44,9
2026,Mureș,"Școala Gimnazială „Înv. Stroiescu Ioan”, Criș",3.71,4.43,3.0,2
2026,Mureș,Școala Gimnazială Băița,3.71,3.91,3.51,7
2026,Mureș,"Școala Gimnazială „Sf. Nicolae”, Laslău Mare",3.66,3.8,3.52,3
2026,Mureș,Școala Gimnazială Gogan,3.65,3.87,3.44,6
2026,Mureș,"Școala Gimnazială „Belle József”, Ceuaș",3.6,3.31,3.21,12
2026,Mureș,Școala Profesională Band,3.57,3.7,3.04,32
2026,Mureș,"Școala Gimnazială „Wesselenyi Miklos”, Ghindari",3.54,1.86,3.4,10
2026,Mureș,Școala Gimnazială Ozd,3.53,1.9,3.55,1
2026,Mureș,Școala Gimnazială Balda,3.53,3.8,3.25,2
2026,Mureș,Școala Gimnazială Țigmandru,3.5,4.51,2.5,5
2026,Mureș,"Școala Gimnazială, Apold",3.48,3.51,3.22,8
2026,Mureș,"Școala Gimnazială „Nicolae Gheorghe”, Reghin",3.46,3.79,2.82,11
2026,Mureș,Școala Gimnazială Ogra,3.45,3.45,3.39,15
2026,Mureș,"Școala Gimnazială „Petre N. Popescu”, Vânători",3.43,3.61,3.26,13
2026,Mureș,Școala Gimnazială Șaeș,3.42,3.62,3.21,8
2026,Mureș,Școala Gimnazială Nadeș,3.41,3.59,3.23,8
2026,Mureș,"Școala Gimnazială Nr. 3, Târnăveni",3.39,3.41,3.37,8
2026,Mureș,"Școala Gimnazială, Sărățeni",3.38,3.09,3.04,5
2026,Mureș,Școala Gimnazială Sărmășel Gară,3.37,3.58,3.17,7
2026,Mureș,"Școala Gimnazială „Dănila Stupar”, Rușii-Munți",3.34,3.54,3.15,8
2026,Mureș,Școala Gimnazială Senereuș,3.19,3.63,2.77,7
2026,Mureș,Școala Gimnazială Bichiș,3.05,4.55,1.55,1
2026,Mureș,Școala Gimnazială Berghia,3.04,3.09,3.0,4
2026,Mureș,"Școala Gimnazială, Ormeniș",2.99,3.24,2.75,4
2026,Mureș,"Școala Gimnazială, Seleuș",2.98,2.69,3.29,10
2026,Mureș,Școala Gimnazială Idiciu,2.66,3.2,2.13,5
2026,Mureș,"Școala Gimnazială „Vasile Săbădean”, Voiniceni",2.64,2.28,3.0,5
2026,Mureș,Școala Gimnazială Szabedi Laslo Săbed,2.53,1.1,2.5,1
2026,Mureș,Școala Gimnazială Tonciu,2.31,2.09,2.67,10
2026,Neamț,"Colegiul Național „Petru Rareș”, municipiul Piatra-Neamț",9.03,8.95,9.11,32
2026,Neamț,"Colegiul Național „Calistrat Hogaș”, municipiul Piatra-Neamț",8.71,8.8,8.63,29
2026,Neamț,"Colegiul Național de Informatică, municipiul Piatra-Neamț",8.62,8.71,8.55,65
2026,Neamț,"Colegiul Național „Roman Vodă”, municipiul Roman",8.56,8.8,8.33,62
2026,Neamț,"Colegiul Tehnic „Ion Creangă”, oraș Târgu Neamț",8.25,8.3,8.21,31
2026,Neamț,"Școala Gimnazială „Domnească”, Oraș Târgu Neamț",8.25,8.45,8.05,55
2026,Neamț,"Școala Gimnazială „I. Gervescu”, Comuna Săvinești",8.16,8.4,7.93,13
2026,Neamț,"Școala Gimnazială Nr. 3, Municipiul Piatra-Neamț",8.13,8.19,8.08,80
2026,Neamț,"Școala Gimnazială Nr. 2, Municipiul Piatra-Neamț",7.92,8.08,7.76,136
2026,Neamț,"Școala Gimnazială „Elena Cuza”, Municipiul Piatra-Neamț",7.92,8.14,7.7,79
2026,Neamț,"Colegiul Tehnologic „Spiru Haret”, municipiul Piatra-Neamț",7.65,7.84,7.46,49
2026,Neamț,"Școala Gimnazială Dumbrava, Comuna Timișești",7.53,7.83,7.24,16
2026,Neamț,"Școala Gimnazială, Comuna Bălțătești",7.42,7.67,7.17,24
2026,Neamț,"Școala Gimnazială „Alexandru Ioan Cuza”, Municipiul Roman",7.41,7.49,7.33,100
2026,Neamț,"Școala Gimnazială Nr. 5, Municipiul Piatra-Neamț",7.39,7.48,7.31,65
2026,Neamț,"Colegiul Național „Ștefan cel Mare”, oraș Târgu Neamț",7.38,7.7,7.06,55
2026,Neamț,"Liceul „Vasile Conta”, oraș Târgu Neamț",7.28,7.63,6.93,62
2026,Neamț,"Școala Gimnazială „Vasile Alecsandri”, Municipiul Roman",7.28,7.65,6.91,108
2026,Neamț,"Școala Gimnazială „Daniela Cuciuc”, Municipiul Piatra-Neamț",7.18,7.47,6.91,30
2026,Neamț,"Școala Gimnazială Nr. 1, Comuna Zănești",7.13,7.28,6.98,20
2026,Neamț,"Școala Profesională, comuna Petricani",7.01,7.58,6.45,9
2026,Neamț,"Școala Gimnazială Nr. 8, Municipiul Piatra-Neamț",7.0,7.26,6.75,38
2026,Neamț,"Școala Gimnazială „Carmen Sylva”, Comuna Horia",6.97,7.21,6.73,15
2026,Neamț,"Școala Gimnazială Valea Seacă, Comuna Bălțătești",6.92,7.48,6.37,10
2026,Neamț,"Școala Gimnazială „Regina Maria”, Oraș Bicaz",6.76,7.05,6.48,41
2026,Neamț,"Școala Gimnazială „Nicu Albu”, Municipiul Piatra-Neamț",6.75,7.27,6.23,30
2026,Neamț,"Școala Gimnazială Nr. 1, Comuna Bicazu Ardelean",6.74,6.74,6.75,25
2026,Neamț,"Școala Gimnazială Nr. 2, Comuna Zănești",6.69,6.45,6.93,6
2026,Neamț,"Școala Gimnazială Nr. 1, Comuna Bicaz-Chei",6.67,6.37,6.96,14
2026,Neamț,"Școala Gimnazială „Nicolae Grigorescu”, Comuna Agapia",6.65,6.87,6.45,30
2026,Neamț,"Școala Gimnazială, Comuna Moldoveni",6.63,6.72,6.54,10
2026,Neamț,"Școala Profesională Adjudeni, comuna Tămășeni",6.6,6.89,6.32,45
2026,Neamț,"Școala Gimnazială, Comuna Gâdinți",6.59,7.18,6.0,13
2026,Neamț,"Școala Gimnazială „Mihai Eminescu”, Municipiul Roman",6.58,6.97,6.21,37
2026,Neamț,"Liceul „Gh. Ruset Roznovanu”, Oraș Roznov",6.56,6.88,6.25,58
2026,Neamț,"Școala Gimnazială „Dumitru Almaș”, Comuna Negrești",6.54,6.8,6.29,10
2026,Neamț,"Școala Gimnazială „Alexandru Podoleanu”, Comuna Podoleni",6.54,6.66,6.41,40
2026,Neamț,"Școala Gimnazială „Grigore Ungureanu”, Comuna Ceahlău",6.5,7.04,5.97,14
2026,Neamț,"Școala Gimnazială Slobozia, Oraș Roznov",6.44,6.95,5.94,14
2026,Neamț,"Școala Gimnazială Luminiș, Comuna Piatra Șoimului",6.43,6.96,5.91,15
2026,Neamț,"Școala Gimnazială Stejaru, Comuna Pângărați",6.43,6.89,5.97,18
2026,Neamț,"Școala Gimnazială, Comuna Costișa",6.42,7.0,5.84,14
2026,Neamț,"Școala Gimnazială Vaduri, Comuna Alexandru cel Bun",6.41,6.78,6.04,27
2026,Neamț,"Școala Gimnazială „Antonie Mureșianu”, Comuna Bira",6.4,6.73,6.08,4
2026,Neamț,"Școala Gimnazială Nr. 1, Sat Pildești, Comuna Cordun",6.39,6.62,6.16,43
2026,Neamț,"Liceul „Mihail Sadoveanu”, comuna Borca",6.39,6.49,6.29,36
2026,Neamț,"Școala Gimnazială „Ștefan cel Mare”, Sat Mastacăn, Comuna Borlești",6.33,6.62,6.06,20
2026,Neamț,"Școala Gimnazială „Ioan Grigore Teodorescu”, Sat Ruseni, Comuna Borlești",6.33,6.6,6.07,20
2026,Neamț,"Școala Gimnazială „Petru Vodă”, Comuna Poiana Teiului",6.33,6.48,6.18,17
2026,Neamț,"Școala Gimnazială „Roman Mușat”, Municipiul Roman",6.32,6.62,6.02,23
2026,Neamț,"Liceul de Arte „Victor Brauner”, Municipiul Piatra-Neamț",6.25,6.67,5.84,40
2026,Neamț,"Școala Gimnazială, Comuna Hangu",6.23,6.51,5.95,16
2026,Neamț,"Școala Gimnazială, Comuna Gherăești",6.22,6.23,6.21,45
2026,Neamț,"Școala Gimnazială „Iulia Hălăucescu”, Comuna Tarcău",6.21,6.41,6.01,18
2026,Neamț,"Școala Gimnazială „I. I. Mironescu”, Comuna Tazlău",6.2,6.64,5.77,10
2026,Neamț,"Școala Gimnazială, Comuna Piatra Șoimului",6.2,6.63,5.78,20
2026,Neamț,"Școala Gimnazială, Comuna Dămuc",6.18,6.4,5.95,18
2026,Neamț,"Școala Gimnazială Nr. 1, Comuna Răucești",6.16,6.59,5.74,14
2026,Neamț,"Școala Gimnazială Nr. 1, Sat Boboiești, Comuna Pipirig",6.16,6.44,5.89,4
2026,Neamț,"Școala Gimnazială, Comuna Icușești",6.14,6.69,5.6,9
2026,Neamț,"Școala Gimnazială, Comuna Tămășeni",6.12,6.57,5.67,29
2026,Neamț,"Școala Gimnazială Barticești, Comuna Botești",6.11,6.54,5.69,15
2026,Neamț,"Școala Gimnazială „Iustin Pirvu”, Comuna Poiana Teiului",6.06,6.21,5.92,20
2026,Neamț,"Școala Gimnazială, Comuna Păstrăveni",6.05,6.74,5.38,13
2026,Neamț,"Școala Gimnazială, Comuna Poienari",6.05,6.32,5.79,11
2026,Neamț,"Școala Gimnazială, Comuna Grumăzești",6.05,6.19,5.92,24
2026,Neamț,"Școala Gimnazială „Ieremia Irimescu”, Comuna Brusturi",6.04,6.48,5.59,24
2026,Neamț,"Școala de Artă „Sergiu Celibidache”, Municipiul Roman",6.03,6.64,5.41,26
2026,Neamț,"Liceul Tehnologic „Ion Creangă”, comuna Pipirig",6.02,6.33,5.73,42
2026,Neamț,"Școala Gimnazială, Comuna Drăgănești",6.0,6.43,5.58,12
2026,Neamț,"Școala Gimnazială Bălușești, Comuna Icușești",6.0,6.22,5.78,31
2026,Neamț,"Școala Gimnazială „Dr. Emanuiel Rigler”, Comuna Ștefan cel Mare",5.98,6.23,5.73,20
2026,Neamț,"Școala Gimnazială Magazia, Comuna Crăcăoani",5.94,5.8,6.07,13
2026,Neamț,"Școala Gimnazială Nr. 3, Sat Cut, Comuna Dumbrava Roșie",5.93,6.13,5.74,16
2026,Neamț,"Școala Gimnazială Nr. 1, Comuna Dochia",5.93,6.33,5.53,8
2026,Neamț,"Școala Gimnazială, Comuna Bodești",5.91,6.11,5.71,18
2026,Neamț,"Școala Gimnazială, Comuna Urecheni",5.89,6.3,5.49,23
2026,Neamț,"Școala Gimnazială, Comuna Borlești",5.86,6.04,5.69,19
2026,Neamț,"Școala Gimnazială Nr. 11, Municipiul Piatra-Neamț",5.84,5.96,5.73,11
2026,Neamț,"Școala Gimnazială Prof. „Gheorghe Dumitreasa”, Comuna Girov",5.82,6.47,5.17,22
2026,Neamț,"Școala Gimnazială, Comuna Bozieni",5.81,5.85,5.78,17
2026,Neamț,"Școala Gimnazială „Vasile Mitru”, Comuna Tașca",5.74,5.79,5.7,17
2026,Neamț,"Școala Gimnazială Nr. 1, Sat Siliștea, Comuna Români",5.73,5.45,6.02,19
2026,Neamț,"Școala Gimnazială, Comuna Rediu",5.71,6.16,5.27,33
2026,Neamț,"Școala Gimnazială „Ioan Luca”, Comuna Farcașa",5.71,5.58,5.84,18
2026,Neamț,"Școala Gimnazială „Gheorghe Pătrașcu”, Sat Buruienești, Comuna Doljești",5.7,6.11,5.29,19
2026,Neamț,"Școala Gimnazială „Constantin Virgil Gheorghiu”, Comuna Războieni",5.69,6.66,4.72,10
2026,Neamț,"Liceul Teologic Ortodox „Sfinții Împărați Constantin și Elena”, Municipiul Piatra-Neamț",5.65,5.95,5.35,17
2026,Neamț,"Școala Gimnazială Nr. 1, Comuna Făurei",5.64,5.72,5.55,13
2026,Neamț,"Liceul Particular nr. 1, Sat Bistrița, Comuna Alexandru cel Bun",5.62,6.02,5.22,16
2026,Neamț,"Școala Gimnazială „Vlad Dănulescu”, Comuna Pâncești",5.61,5.74,5.49,16
2026,Neamț,"Școala Gimnazială, Comuna Secuieni",5.61,5.5,5.73,14
2026,Neamț,"Școala Gimnazială, Comuna Ion Creangă",5.6,5.98,5.23,33
2026,Neamț,"Școala Gimnazială „Constantin Panțiru”, Comuna Grințieș",5.6,5.66,5.55,17
2026,Neamț,"Școala Gimnazială „Nicolae Buleu”, Comuna Mărgineni",5.6,5.71,5.49,16
2026,Neamț,"Școala Gimnazială Nr. 2, Sat Târpești, Comuna Petricani",5.58,5.84,5.32,18
2026,Neamț,"Școala Gimnazială, Comuna Sagna",5.56,5.66,5.46,31
2026,Neamț,"Școala Gimnazială „Episcop Melchisedec Stefănescu”, Comuna Gârcina",5.54,5.68,5.41,25
2026,Neamț,"Liceul Teoretic „Vasile Alecsandri”, comuna Săbăoani",5.54,5.89,5.2,57
2026,Neamț,"Școala Gimnazială, Comuna Bârgăuani",5.54,6.65,4.43,13
2026,Neamț,"Școala Gimnazială Nr. 3, Sat Ivaneș, Comuna Bicaz-Chei",5.49,5.66,5.33,12
2026,Neamț,"Școala Gimnazială, Comuna Tupilați",5.49,5.55,5.43,20
2026,Neamț,"Școala Gimnazială, Comuna Cândești",5.48,5.89,5.07,18
2026,Neamț,"Liceul Tehnologic „Arhimandrit Chiriac Nicolau”, Comuna Vânători-Neamț",5.45,5.53,5.38,47
2026,Neamț,"Școala Gimnazială, Comuna Timișești",5.44,5.75,5.14,12
2026,Neamț,"Școala Gimnazială Nr. 1, Comuna Dumbrava Roșie",5.41,5.71,5.13,26
2026,Neamț,"Școala Gimnazială Nr. 1, Sat Rădeni, Comuna Păstrăveni",5.39,5.91,4.88,19
2026,Neamț,"Școala Gimnazială „Pluton”, Comuna Pipirig",5.3,5.4,5.21,10
2026,Neamț,"Școala Gimnazială „Calistrat Hogaș”, Municipiul Roman",5.3,5.55,5.05,35
2026,Neamț,"Școala Gimnazială „Otilia Cazimir”, Sat Cotu Vameș, Comuna Horia",5.27,6.06,4.48,11
2026,Neamț,"Școala Gimnazială, Comuna Boghicea",5.25,5.84,4.65,21
2026,Neamț,"Școala Gimnazială Nr. 1, Comuna Săvinești",5.24,6.05,4.43,7
2026,Neamț,"Școala Gimnazială, Comuna Doljești",5.21,5.8,4.63,15
2026,Neamț,"Școala Gimnazială, Comuna Trifești",5.19,5.3,5.09,18
2026,Neamț,"Școala Gimnazială Chilii, Comuna Valea Ursului",5.12,5.8,4.45,16
2026,Neamț,"Școala Gimnazială Nr. 2, Comuna Piatra Șoimului",5.12,5.21,5.03,9
2026,Neamț,"Școala Gimnazială, Comuna Bahna",5.11,5.16,5.06,17
2026,Neamț,"Școala Gimnazială, Comuna Dulcești",5.04,5.53,4.57,6
2026,Neamț,"Școala Gimnazială „Miron Costin”, Comuna Trifești",5.03,5.43,4.65,16
2026,Neamț,"Școala Gimnazială „Pr. Gheorghe Săndulescu”, Comuna Dragomirești",5.02,5.29,4.75,11
2026,Neamț,"Centrul Școlar Pentru Educație Incluzivă, Oraș Târgu Neamț",4.99,4.88,5.1,2
2026,Neamț,"Liceul Tehnologic Nișiporești, comuna Botești",4.89,5.12,4.67,13
2026,Neamț,"Liceul cu Program Sportiv, municipiul Piatra-Neamț",4.89,5.12,4.66,14
2026,Neamț,"Școala Gimnazială „Aurel Dumitrașcu”, Sat Sabasa, Comuna Borca",4.84,4.42,4.85,9
2026,Neamț,"Școala Gimnazială „Gheorghe Săvinescu”, Comuna Crăcăoani",4.82,4.68,4.96,17
2026,Neamț,"Școala Gimnazială „Ion Creangă”, Oraș Târgu Neamț",4.8,5.3,4.3,12
2026,Neamț,"Școala Gimnazială „Carol I”, Municipiul Roman",4.76,5.05,4.47,15
2026,Neamț,"Școala Gimnazială „Vasile Conta”, Comuna Ghindăoani",4.75,3.97,5.53,5
2026,Neamț,"Liceul cu Program Sportiv, municipiul Roman",4.74,5.06,4.43,42
2026,Neamț,"Școala Gimnazială Nr. 3, Comuna Țibucani",4.71,5.21,4.08,24
2026,Neamț,"Școala Gimnazială Stânca, Comuna Pipirig",4.66,4.85,4.48,19
2026,Neamț,"Școala Gimnazială Nr. 1, Sat Țolici, Comuna Petricani",4.64,4.85,4.43,23
2026,Neamț,"Școala Gimnazială Prof. „Mihai Emilian Mancaș”, Comuna Dobreni",4.61,4.91,4.3,4
2026,Neamț,"Școala Gimnazială „Gheorghe Nicolau”, Comuna Români",4.58,4.44,4.72,12
2026,Neamț,"Școala Profesională, Comuna Valea Ursului",4.55,4.69,4.36,31
2026,Neamț,"Școala Gimnazială „Nicolae Apostol”, Comuna Ruginoasa",4.51,5.23,3.78,6
2026,Neamț,"Școala Profesională Oglinzi, comuna Răucești",4.5,4.52,4.43,37
2026,Neamț,"Școala Gimnazială, Comuna Stănița",4.46,4.86,4.07,13
2026,Neamț,"Școala Gimnazială, Comuna Oniceni",4.26,4.49,4.04,20
2026,Neamț,"Școala Gimnazială Izvoare, Comuna Bahna",4.24,4.19,4.29,13
2026,Neamț,"Școala Gimnazială Solca, Comuna Oniceni",3.85,4.2,3.51,22
2026,Neamț,"Centrul Școlar Pentru Educație Incluzivă, Municipiul Roman",3.71,3.72,3.72,7
2026,Neamț,"Școala Gimnazială, Comuna Văleni",3.54,4.08,3.01,11
2026,Neamț,"Școala Gimnazială „Costache Negri”, Municipiul Roman",2.93,2.84,3.02,13
2026,Neamț,"Liceul Tehnologic „Dimitrie Leonida”, municipiul Piatra-Neamț",2.93,3.06,2.8,16
2026,Neamț,"Școala Gimnazială Nr. 7, Municipiul Piatra-Neamț",2.76,2.52,3.0,3
2026,Olt,"Colegiul Național „Ion Minulescu”, Slatina",8.24,8.48,8.01,111
2026,Olt,"Școala Gimnazială „Mihail Drumeș”, Balș",8.0,8.38,7.62,36
2026,Olt,"Școala Gimnazială „Eugen Ionescu”, Slatina",7.94,8.21,7.68,53
2026,Olt,"Școala Gimnazială „Gheorghe Magheru”, Caracal",7.79,8.01,7.59,61
2026,Olt,"Colegiul Național „Radu Greceanu”, Slatina",7.76,7.86,7.66,25
2026,Olt,Școala Gimnazială Alimanesti,7.75,8.24,7.27,11
2026,Olt,"Școala Gimnazială „George Poboran”, Slatina",7.67,8.02,7.34,63
2026,Olt,"Școala Gimnazială „Nicolae Iorga”, Slatina",7.65,7.81,7.5,50
2026,Olt,"Școala Gimnazială Nr. 2, Caracal",7.5,7.58,7.43,64
2026,Olt,"Școala Gimnazială „Vlaicu Vodă”, Slatina",7.48,7.77,7.19,48
2026,Olt,"Școala Gimnazială, Izbiceni",7.47,7.98,6.97,16
2026,Olt,"Liceul Teoretic „Nicolae Titulescu”, Slatina",7.44,7.85,7.03,82
2026,Olt,"Liceul Tehnologic „Ion Popescu-Cilieni”, Cilieni",7.4,7.7,7.11,19
2026,Olt,"Școala Gimnazială „Constantin Brâncoveanu”, Slatina",7.39,7.53,7.26,70
2026,Olt,"Școala Gimnazială Nr. 3, Slatina",7.39,7.91,6.86,64
2026,Olt,"Liceul Teoretic „Petre Pandrea”, Bălș",7.3,7.69,6.92,52
2026,Olt,Liceul cu Program Sportiv Slatina,7.11,7.17,7.05,71
2026,Olt,"Școala Gimnazială, Studina",7.04,7.38,6.7,15
2026,Olt,"Școala Gimnazială „Nicolae Marineanu”, Cezieni",6.92,6.61,7.22,9
2026,Olt,"Liceul Teoretic „Alexandru Ioan Cuza”, Corabia",6.86,7.46,6.27,22
2026,Olt,"Școala Gimnazială „Nicolae Titulescu”, Caracal",6.84,7.2,6.49,55
2026,Olt,"Școala Gimnazială „Nicolae Coculescu”, Scornicești",6.84,7.08,6.6,42
2026,Olt,"Școala Gimnazială „Ștefan Protopopescu”, Slatina",6.77,7.37,6.17,20
2026,Olt,Liceul Tehnologic Crâmpoia,6.73,6.9,6.56,14
2026,Olt,Școala Gimnazială Cârlogani,6.7,7.47,5.94,11
2026,Olt,"Școala Gimnazială „Ion I. Graure”, Bălteni",6.6,7.19,6.02,14
2026,Olt,Școala Gimnazială Gârcov,6.57,7.22,5.93,7
2026,Olt,Școala Gimnazială Traian,6.5,6.44,6.57,18
2026,Olt,"Școala Gimnazială „Voievod Brâncoveanu”, Brâncoveni",6.44,6.68,6.2,18
2026,Olt,Școala Gimnazială Vișina,6.39,7.03,5.77,16
2026,Olt,"Școala Gimnazială „Decebal”, Dobrețu",6.39,7.28,5.51,4
2026,Olt,"Școala Gimnazială „Ada Umbra”, Ianca",6.35,6.57,6.14,17
2026,Olt,"Școala Gimnazială „Leonida Marineanu”, Tia Mare",6.32,6.62,6.03,11
2026,Olt,"Școala Gimnazială, Perieți",6.32,7.06,5.58,12
2026,Olt,Școala Gimnazială Bucinișu,6.31,6.87,5.76,11
2026,Olt,Școala Gimnazială Dobrun,6.3,6.08,6.53,11
2026,Olt,Liceul Tehnologic Tufeni,6.28,6.71,5.85,7
2026,Olt,Școala Gimnazială Mihăești,6.24,7.02,5.47,5
2026,Olt,Școala Gimnazială Redea,6.24,5.92,6.57,12
2026,Olt,Școala Gimnazială „Nicolae Titulescu”,6.21,6.98,5.44,6
2026,Olt,Liceul Tehnologic nr. 1 Bălș,6.2,6.74,5.66,27
2026,Olt,Școala Gimnazială Mărunței,6.19,6.38,6.0,11
2026,Olt,Școala Gimnazială Stoenești,6.17,6.57,5.76,11
2026,Olt,"Liceul Teoretic „Ion Gh. Roșca”, Osica de Sus",6.11,6.68,5.56,18
2026,Olt,Școala Gimnazială Rusănești,6.09,6.6,5.59,19
2026,Olt,Școala Gimnazială Călui,6.08,6.15,6.02,7
2026,Olt,Liceul Tehnologic Văleni,5.98,6.71,5.26,10
2026,Olt,"Școala Gimnazială „Virgil Mazilescu”, Corabia",5.97,6.08,5.87,28
2026,Olt,"Liceul Tehnologic „Tănase Constantin”, Izvoarele",5.94,6.26,5.63,10
2026,Olt,"Școala Gimnazială, Deveselu",5.92,6.7,5.15,18
2026,Olt,Școala Gimnazială Rotunda,5.91,6.72,5.12,13
2026,Olt,Școala Gimnazială Piatra,5.88,6.15,5.61,12
2026,Olt,Școala Gimnazială Bacea,5.88,6.35,5.4,17
2026,Olt,Școala Gimnazială Stoboraști,5.85,6.18,5.53,6
2026,Olt,Școala Gimnazială Dobroteasa,5.81,5.81,5.81,10
2026,Olt,Școala Gimnazială Vâlcele,5.79,6.16,5.43,10
2026,Olt,Școala Gimnazială Vulpeni,5.77,5.7,5.84,15
2026,Olt,Liceul Tehnologic Iancu Jianu,5.72,5.89,5.56,21
2026,Olt,"Școala Gimnazială Nr. 3, Caracal",5.7,6.02,5.38,13
2026,Olt,"Liceul Teoretic „Tudor Vladimirescu”, Drăgănești-Olt",5.68,5.88,5.5,55
2026,Olt,"Școala Gimnazială, Scărișoara",5.66,6.0,5.32,34
2026,Olt,Școala Gimnazială Teslui,5.65,5.64,5.66,5
2026,Olt,Școala Gimnazială Strejeștii de Jos,5.64,6.09,5.0,22
2026,Olt,Liceul Tehnologic Vitomirești,5.64,5.62,5.67,20
2026,Olt,Școala Gimnazială Vădăstrița,5.64,6.14,5.14,26
2026,Olt,Școala Gimnazială Oporelu,5.64,6.14,5.14,4
2026,Olt,"Școala Gimnazială „Pan M. Vizirescu”, Braneț",5.63,5.55,5.72,13
2026,Olt,Școala Gimnazială Ghimpețeni,5.62,5.47,5.77,8
2026,Olt,"Liceul Teoretic „Ioniță Asan”, Caracal",5.61,6.01,5.22,26
2026,Olt,"Școala Gimnazială „Mihai Viteazul”, Băbiciu",5.61,5.84,5.38,12
2026,Olt,"Școala Gimnazială, Obîrșia",5.57,6.41,4.53,16
2026,Olt,Școala Gimnazială Curtișoara,5.57,5.96,5.19,19
2026,Olt,Școala Gimnazială Dăneasa,5.57,5.9,5.24,15
2026,Olt,"Liceul „Ștefan Diaconescu”, Potcoava",5.55,5.82,5.3,42
2026,Olt,Școala Gimnazială Alunișu,5.55,7.08,4.03,2
2026,Olt,"Școala Gimnazială „Florian Dițuleasa”, Vitănești",5.53,5.45,5.61,12
2026,Olt,"Școala Gimnazială „Dumitru Buzdun”, Corabia",5.53,5.9,5.16,14
2026,Olt,Școala Gimnazială Morunglav,5.47,6.38,4.56,7
2026,Olt,"Școala Gimnazială, Osica de Jos",5.41,5.8,5.02,12
2026,Olt,Școala Gimnazială Leotești,5.4,6.2,4.61,17
2026,Olt,Școala Gimnazială Reșca,5.39,5.9,4.88,10
2026,Olt,Școala Gimnazială Drănovățu,5.36,5.62,5.11,9
2026,Olt,"Școala Gimnazială, Radomirești",5.32,5.48,5.16,14
2026,Olt,Școala Gimnazială Fălcoiu,5.3,5.7,4.91,11
2026,Olt,Școala Gimnazială Fărcașele,5.22,5.48,4.97,18
2026,Olt,Școala Gimnazială „Ștefan cel Mare”,5.21,5.97,4.46,9
2026,Olt,Școala Gimnazială Oboga,5.12,5.41,4.83,10
2026,Olt,Școala Gimnazială Vlădila,5.09,5.7,4.48,13
2026,Olt,Școala Gimnazială Baldovinești,5.07,5.43,4.72,3
2026,Olt,"Școala Gimnazială „Aviator Alexandru Șerbănescu”, Colonești",5.07,5.3,4.84,10
2026,Olt,Școala Gimnazială Grojdibodu,5.06,5.65,4.47,13
2026,Olt,Școala Gimnazială Icoana,5.04,5.63,4.45,16
2026,Olt,Școala Gimnazială Pleșoiu,5.03,5.43,4.63,12
2026,Olt,"Școala Gimnazială, Drăghiceni",4.98,5.25,4.71,4
2026,Olt,"Școala Gimnazială, Orlea",4.98,5.36,4.6,6
2026,Olt,"Școala Gimnazială, Brebeni",4.97,5.13,4.8,12
2026,Olt,Școala Gimnazială Fărcașu de Jos,4.93,5.14,4.38,20
2026,Olt,"Școala Gimnazială „Dumitru Popovici”, Șerbănești",4.92,4.96,4.89,19
2026,Olt,Școala Gimnazială Găvănești,4.91,5.28,4.56,11
2026,Olt,Școala Gimnazială Pârșcoveni,4.9,5.44,4.37,7
2026,Olt,"Școala Gimnazială „Mihai Eminescu”, Corabia",4.88,5.14,4.62,9
2026,Olt,Școala Primară Catanele,4.84,5.56,4.13,8
2026,Olt,Liceul Tehnologic Piatra-Olt,4.81,5.15,4.48,21
2026,Olt,Școala Gimnazială Brastavățu,4.76,5.1,4.42,26
2026,Olt,Școala Gimnazială Poganu,4.75,4.96,4.55,16
2026,Olt,Școala Gimnazială Valea Mare,4.74,5.36,4.12,12
2026,Olt,Școala Gimnazială Poboru,4.72,5.27,4.18,17
2026,Olt,Școala Gimnazială Cungrea,4.7,5.12,4.28,5
2026,Olt,Școala Gimnazială Seaca,4.64,5.25,4.04,8
2026,Olt,"Școala Gimnazială „Ion Popescu Negreni”, Negreni",4.64,4.86,4.43,9
2026,Olt,"Școala Gimnazială, Sprâncenata",4.63,5.13,4.14,16
2026,Olt,"Școala Gimnazială „Neda Marinescu”, Grădinile",4.61,5.09,4.14,8
2026,Olt,"Școala Gimnazială, Ipotești",4.56,5.12,4.01,6
2026,Olt,Școala Gimnazială Optași-Măgura,4.54,5.01,4.08,5
2026,Olt,"Școala Gimnazială Comani, Drăgănești-Olt",4.54,4.64,4.44,9
2026,Olt,"Școala Gimnazială „Gheorghe Popescu”, Mărgineni, Slobozia",4.51,4.92,4.1,16
2026,Olt,"Școala Gimnazială, Corbu",4.48,5.21,3.75,11
2026,Olt,"Școala Gimnazială „Ion Conea”, Coteana",4.47,4.66,4.28,11
2026,Olt,Școala Gimnazială Făgețelu,4.35,4.29,4.41,4
2026,Olt,Școala Gimnazială Mărgăritești,4.34,4.54,4.15,22
2026,Olt,"Școala Gimnazială, Gura Padinii",4.33,5.04,3.64,7
2026,Olt,"Școala Gimnazială, Dobrosloveni",4.31,4.56,4.06,11
2026,Olt,"Școala Gimnazială, Urzica",4.3,4.74,3.86,12
2026,Olt,"Școala Gimnazială, Osica de Sus",4.3,4.31,4.3,10
2026,Olt,"Școala Gimnazială Nr. 1, Slatina",4.28,4.54,4.02,29
2026,Olt,"Școala Gimnazială, Slătioara",4.21,5.06,3.35,5
2026,Olt,Școala Gimnazială Giuvărăști,4.16,4.02,4.31,10
2026,Olt,Școala Gimnazială Grădinari,4.08,4.9,3.25,13
2026,Olt,Școala Gimnazială Gostavățu,3.99,4.39,3.6,11
2026,Olt,Liceul Tehnologic Drăgănești-Olt,3.99,3.55,3.23,10
2026,Olt,Școala Gimnazială Tătulești,3.97,4.45,3.5,4
2026,Olt,Școala Gimnazială „Milcovu din Deal”,3.83,3.46,4.2,5
2026,Olt,Școala Gimnazială Stoicănești,3.81,4.38,3.25,12
2026,Olt,Școala Gimnazială Vulturești,3.64,3.97,3.32,8
2026,Olt,Școala Gimnazială Bărăști de Vede,3.63,3.73,3.54,4
2026,Olt,"Școala Gimnazială Nr. 1, Caracal",3.07,2.56,3.53,10
2026,Olt,"Școala Gimnazială, Leleasca",2.87,2.9,2.83,3
2026,Olt,Școala Gimnazială Vădastra,2.85,2.2,3.5,2
2026,Olt,"Liceul Tehnologic „Constantin Filipescu”, Caracal",2.76,2.09,3.42,17
2026,Prahova,"Colegiul Național „Mihai Viteazul”, Municipiul Ploiești",8.96,9.16,8.77,82
2026,Prahova,"Colegiul Național „Nichita Stănescu”, Municipiul Ploiești",8.94,9.19,8.69,59
2026,Prahova,"Colegiul Național „Alexandru Ioan Cuza”, Municipiul Ploiești",8.84,8.96,8.73,60
2026,Prahova,"Școala Gimnazială „Angels”, Comuna Păulești",8.66,8.92,8.4,12
2026,Prahova,"Colegiul Național „Ion Luca Caragiale”, Municipiul Ploiești",8.59,8.72,8.47,85
2026,Prahova,"Colegiul Național „Nicolae Iorga”, Orașul Vălenii de Munte",8.45,8.45,8.46,30
2026,Prahova,"Colegiul Național „Nicolae Grigorescu”, municipiul Câmpina",8.23,8.32,8.15,50
2026,Prahova,"Școala Gimnazială, Comuna Talea",8.12,8.48,7.78,4
2026,Prahova,"Școala Gimnazială Internațională „Spectrum”, Municipiul Ploiești",8.04,8.05,8.04,17
2026,Prahova,"Liceul Tehnologic „Constantin Cantacuzino”, Orașul Băicoi",8.03,8.6,7.46,39
2026,Prahova,"Școala Gimnazială „I.A. Bassarabescu”, Municipiul Ploiești",8.02,8.35,7.7,114
2026,Prahova,"Școala Gimnazială „Grigore Moisil”, Municipiul Ploiești",8.01,8.21,7.81,109
2026,Prahova,"Colegiul Național Pedagogic „Regina Maria”, Municipiul Ploiești",8.0,8.24,7.77,88
2026,Prahova,"Școala Gimnazială „Dumitru Hera”, Sat Bătești, Comuna Brazi",7.87,8.06,7.69,26
2026,Prahova,"Școala Gimnazială Centrală, Municipiul Câmpina",7.81,7.94,7.69,81
2026,Prahova,"Școala Gimnazială, Comuna Tinosu",7.75,8.21,7.3,10
2026,Prahova,"Școala Gimnazială „Sfântul Vasile”, Municipiul Ploiești",7.75,7.98,7.52,120
2026,Prahova,"Școala Gimnazială, Sat Tătărani, Comuna Bărcănești",7.7,7.98,7.43,14
2026,Prahova,"Școala Gimnazială „Excelsis”, Municipiul Ploiești",7.69,8.16,7.23,10
2026,Prahova,"Școala Gimnazială Nr. 1, Orașul Mizil",7.68,7.99,7.38,53
2026,Prahova,"Școala Gimnazială „Traian Săvulescu”, Comuna Izvoarele",7.68,8.42,6.96,10
2026,Prahova,"Școala Gimnazială, Comuna Cocorăștii Mislii",7.61,8.17,7.05,15
2026,Prahova,"Școala Gimnazială „B.P. Hașdeu”, Municipiul Câmpina",7.6,7.75,7.45,68
2026,Prahova,"Școala Gimnazială „Radu Tudoran”, Comuna Blejoi",7.59,7.83,7.34,22
2026,Prahova,"Școala Gimnazială „George Emil Palade”, Municipiul Ploiești",7.57,7.84,7.31,90
2026,Prahova,"Școala Gimnazială „Profesor Nicolae Simache”, Municipiul Ploiești",7.54,7.73,7.36,79
2026,Prahova,"Colegiul de Artă „Carmen Sylva”, Municipiul Ploiești",7.52,7.99,7.06,62
2026,Prahova,"Școala Gimnazială Prof. „Dinu Mihail Dan”, Sat Magula, Comuna Tomșani",7.51,7.58,7.46,21
2026,Prahova,"Școala Gimnazială, Comuna Lapoș",7.48,7.68,7.28,7
2026,Prahova,"Școala Gimnazială, Comuna Ștefești",7.47,7.93,7.02,10
2026,Prahova,"Școala Gimnazială „Sfânta Vineri”, Municipiul Ploiești",7.46,7.63,7.3,99
2026,Prahova,"Liceul Teoretic „Grigore Tocilescu”, Orașul Mizil",7.46,7.76,7.16,21
2026,Prahova,"Școala Gimnazială „Henri Mathias Berthelot”, Municipiul Ploiești",7.45,7.8,7.1,85
2026,Prahova,"Școala Gimnazială „Platon Mocanu”, Sat Drajna de Jos, Comuna Drajna",7.43,7.56,7.31,24
2026,Prahova,"Liceul Teoretic „Aurel Vlaicu”, Orașul Breaza",7.43,7.76,7.09,70
2026,Prahova,"Școala Gimnazială „Ioan Duhovnicul”, Comuna Bănești",7.42,7.79,7.06,19
2026,Prahova,"Școala Gimnazială, Sat Dârvari, Comuna Valea Călugărească",7.41,7.92,6.92,19
2026,Prahova,"Școala Gimnazială „George Enescu”, Orașul Sinaia",7.4,7.53,7.29,60
2026,Prahova,"Liceul Teoretic, Orașul Azuga",7.39,7.44,7.35,20
2026,Prahova,"Școala Gimnazială „George Coșbuc”, Municipiul Ploiești",7.37,7.56,7.19,53
2026,Prahova,"Școala Gimnazială, Comuna Gura Vitioarei",7.37,7.52,7.22,20
2026,Prahova,"Școala Gimnazială, Comuna Gornet",7.37,7.54,7.2,16
2026,Prahova,"Școala Gimnazială „Gheorghe Costescu”, Comuna Aluniș",7.36,7.81,6.93,20
2026,Prahova,"Școala Gimnazială „Alexandru Ioan Cuza”, Sat Potigrafu, Comuna Gorgota",7.35,7.77,6.93,16
2026,Prahova,"Școala Gimnazială Liliești, Orașul Băicoi",7.31,7.67,6.96,34
2026,Prahova,"Școala Gimnazială, Comuna Măgurele",7.3,7.68,6.92,15
2026,Prahova,"Școala Gimnazială „Mihai Viteazul”, Orașul Boldești-Scăeni",7.29,7.85,6.73,49
2026,Prahova,"Liceul Tehnologic „Ion C. Brătianu”, Comuna Bărcănești",7.28,7.86,6.7,16
2026,Prahova,"Școala Gimnazială, Sat Slon, Comuna Cerașu",7.27,7.72,6.81,19
2026,Prahova,"Școala Gimnazială, Comuna Măgureni",7.25,7.34,7.16,30
2026,Prahova,"Școala Gimnazială, Sat Ploieștiori, Comuna Blejoi",7.24,7.5,6.97,27
2026,Prahova,"Liceul Teoretic „Șerban Vodă”, orașul Slănic",7.23,7.5,6.96,38
2026,Prahova,"Școala Gimnazială „Andrei Rădulescu”, Comuna Chiojdeanca",7.23,7.89,6.58,10
2026,Prahova,"Școala Gimnazială, Sat Ostrovu, Comuna Aluniș",7.2,7.26,7.16,8
2026,Prahova,"Liceul Teoretic „Brâncoveanu Vodă”, Orașul Urlați",7.19,7.57,6.82,67
2026,Prahova,"Școala Gimnazială „Nicolae Iorga”, Municipiul Ploiești",7.19,7.68,6.7,70
2026,Prahova,"Liceul „Simion Stolnicu”, Orașul Comarnic",7.15,7.27,7.05,20
2026,Prahova,"Școala Gimnazială, Comuna Gornet-Cricov",7.14,7.78,6.5,9
2026,Prahova,"Școala Gimnazială „Învățător Radu Ion”, Sat Vadu Părului, Comuna Albești-Paleologu",7.12,7.53,6.73,12
2026,Prahova,"Școala Gimnazială „Nicolae Bălcescu”, Municipiul Ploiești",7.11,7.29,6.94,67
2026,Prahova,"Colegiul „Ferdinand I”, Comuna Măneciu",7.09,7.34,6.85,36
2026,Prahova,"Școala Gimnazială „Ienăchiță Văcărescu”, Municipiul Ploiești",7.09,7.26,6.91,29
2026,Prahova,"Școala Gimnazială „Moise Vasilescu”, Sat Olteni, Comuna Teișani",7.07,7.47,6.68,6
2026,Prahova,"Școala Gimnazială, Sat Brătășanca, Comuna Filipeștii de Târg",7.07,7.52,6.61,19
2026,Prahova,"Școala Gimnazială, Comuna Târgșoru Vechi",7.04,7.52,6.57,18
2026,Prahova,"Școala Gimnazială, Comuna Apostolache",7.02,7.18,6.87,13
2026,Prahova,"Școala Gimnazială, Sat Schiulești, Comuna Izvoarele",7.0,7.23,6.78,8
2026,Prahova,"Școala Gimnazială, Sat Nedelea, Comuna Ariceștii Rahtivani",6.99,7.25,6.74,31
2026,Prahova,"Școala Gimnazială „Ion Câmpineanu”, Municipiul Câmpina",6.99,7.02,6.96,52
2026,Prahova,"Școala Gimnazială „Mihai Eminescu”, Municipiul Ploiești",6.97,7.62,6.33,38
2026,Prahova,"Liceul Teoretic, comuna Filipeștii de Pădure",6.95,7.29,6.62,55
2026,Prahova,"Școala Gimnazială „Elena Doamna”, Municipiul Ploiești",6.95,7.33,6.57,34
2026,Prahova,"Școala Gimnazială, Comuna Poienarii Burchii",6.95,7.78,6.12,10
2026,Prahova,"Școala Gimnazială, Comuna Cerașu",6.94,6.96,6.92,10
2026,Prahova,"Școala Gimnazială „Regina Maria”, Comuna Măneciu",6.94,7.2,6.68,34
2026,Prahova,"Școala Gimnazială „Nicolae Titulescu”, Municipiul Ploiești",6.91,7.45,6.38,23
2026,Prahova,"Școala Gimnazială, Comuna Vărbilău",6.91,7.88,5.95,26
2026,Prahova,"Școala Gimnazială, Sat Cătina, Comuna Florești",6.84,7.24,6.46,18
2026,Prahova,"Școala Gimnazială Nr. 2, Orașul Comarnic",6.84,6.84,6.61,10
2026,Prahova,"Școala Gimnazială „Dumitru Brezeanu”, Comuna Teișani",6.83,7.59,6.07,10
2026,Prahova,"Școala Gimnazială „Nestor Urechia”, Orașul Bușteni",6.82,7.23,6.42,29
2026,Prahova,"Școala Gimnazială „Toma T. Socolescu”, Comuna Păulești",6.79,6.8,6.79,23
2026,Prahova,"Școala Gimnazială, Sat Ologeni, Comuna Poienarii Burchii",6.77,7.1,6.43,15
2026,Prahova,"Școala Gimnazială „Profesor Cristea Stănescu”, Comuna Cornu",6.74,6.96,6.52,13
2026,Prahova,"Școala Gimnazială, Sat Lacu Turcului, Comuna Balta Doamnei",6.71,7.22,6.22,24
2026,Prahova,"Școala Profesională, Comuna Starchiojd",6.69,6.85,6.44,39
2026,Prahova,"Școala Gimnazială, Sat Cioranii de Sus, Comuna Ciorani",6.69,6.99,6.39,18
2026,Prahova,"Școala Gimnazială, Sat Tăriceni, Comuna Șirna",6.67,6.93,6.4,12
2026,Prahova,"Școala Gimnazială „Vlad Mușatescu”, Sat Găgeni, Comuna Păulești",6.66,7.04,6.27,11
2026,Prahova,"Liceul Tehnologic de Servicii „Sfântul Apostol Andrei”, Municipiul Ploiești",6.65,7.17,6.14,19
2026,Prahova,"Școala Gimnazială Ing. Gheorghe Pănculescu, Orașul Vălenii de Munte",6.65,7.02,6.22,91
2026,Prahova,"Școala Gimnazială, Sat Homorâciu, Comuna Izvoarele",6.64,6.93,6.36,18
2026,Prahova,"Liceul Tehnologic „Carol I”, comuna Valea Doftanei",6.64,7.1,6.18,27
2026,Prahova,"Școala Gimnazială „Gheorghe Diboș”, Comuna Mănești",6.63,6.77,6.5,28
2026,Prahova,"Școala Gimnazială „Rareș Vodă”, Municipiul Ploiești",6.62,6.66,6.6,31
2026,Prahova,"Școala Gimnazială, Sat Poienarii Apostoli, Comuna Gorgota",6.6,6.73,6.48,13
2026,Prahova,"Școala Gimnazială, Comuna Ariceștii Rahtivani",6.6,6.8,6.4,24
2026,Prahova,"Școala Gimnazială, Sat Poseștii-Pământeni, Comuna Posești",6.59,6.9,6.29,33
2026,Prahova,"Școala Gimnazială „Mitropolit Pimen Georgescu”, Comuna Provița de Sus",6.58,6.99,6.18,9
2026,Prahova,"Școala Gimnazială „Radu Stanian”, Municipiul Ploiești",6.56,6.81,6.33,29
2026,Prahova,"Școala Gimnazială, Comuna Bertea",6.56,6.73,6.39,21
2026,Prahova,"Școala Gimnazială „Ion Ionescu”, Comuna Valea Călugărească",6.54,7.11,5.97,44
2026,Prahova,"Școala Gimnazială „Profesor Oprea Mihai”, Sat Negoiești, Comuna Brazi",6.51,6.95,6.08,19
2026,Prahova,"Liceul „Carol I”, Orașul Plopeni",6.5,7.24,5.77,29
2026,Prahova,"Școala Gimnazială, Sat Pietriceaua, Comuna Brebu",6.48,7.29,5.69,7
2026,Prahova,"Școala Gimnazială „Erou Sergent Grigore Ioan”, Comuna Dumbrăvești",6.48,7.16,5.79,17
2026,Prahova,"Școala Gimnazială „Matei Basarab”, Comuna Brebu",6.47,6.85,6.1,44
2026,Prahova,"Școala Gimnazială, Sat Urleta, Comuna Bănești",6.47,7.32,5.62,14
2026,Prahova,"Școala Gimnazială Nistorești, Orașul Breaza",6.45,6.38,6.53,6
2026,Prahova,"Școala Gimnazială Țintea, Orașul Băicoi",6.45,6.25,6.64,18
2026,Prahova,"Școala Gimnazială „Alexandru Ioan Cuza”, Municipiul Câmpina",6.44,6.71,6.19,18
2026,Prahova,"Școala Gimnazială Învățător „Dinu Nicolae”, Comuna Dumbrava",6.44,6.82,6.07,13
2026,Prahova,"Școala Gimnazială, Comuna Surani",6.44,6.64,6.24,9
2026,Prahova,"Școala Gimnazială „Nichita Stănescu”, Comuna Ceptura",6.43,6.92,5.95,40
2026,Prahova,"Școala Gimnazială „Andrei Mureșanu”, Municipiul Ploiești",6.42,6.98,5.87,40
2026,Prahova,"Școala Gimnazială „Minerva Alexandrescu”, Comuna Șoimari",6.39,7.11,5.67,18
2026,Prahova,"Școala Gimnazială, Comuna Bătrâni",6.39,6.7,6.09,16
2026,Prahova,"Școala Gimnazială „Erou Înv. I. Drăgănescu”, Sat Trăisteni, Comuna Valea Doftanei",6.39,6.6,6.18,14
2026,Prahova,"Școala Gimnazială „Constantin Brâncoveanu”, Orașul Breaza",6.39,7.03,5.75,13
2026,Prahova,"Școala Gimnazială, Comuna Călugăreni",6.39,6.58,6.19,9
2026,Prahova,"Școala Gimnazială, Sat Strejnicu, Comuna Târgșoru Vechi",6.38,6.71,6.05,51
2026,Prahova,"Școala Gimnazială, Comuna Boldești-Grădiștea",6.36,7.35,5.37,6
2026,Prahova,"Școala Gimnazială, Sat Pietroșani, Comuna Puchenii Mari",6.34,6.91,5.77,22
2026,Prahova,"Școala Gimnazială, Comuna Plopu",6.33,6.66,6.01,11
2026,Prahova,"Școala Gimnazială „Cănuță Ionescu”, Orașul Urlați",6.32,7.04,5.61,43
2026,Prahova,"Școala Gimnazială, Sat Mehedința, Comuna Podenii Noi",6.31,6.61,6.02,12
2026,Prahova,"Școala Gimnazială, Sat Bughea de Jos, Comuna Gura Vitioarei",6.3,6.64,5.97,12
2026,Prahova,"Școala Gimnazială „Antonie Vodă”, Sat Popești, Comuna Brazi",6.3,6.89,5.73,14
2026,Prahova,"Școala Gimnazială, sat Sârca, comuna Scorțeni",6.3,6.64,5.97,13
2026,Prahova,"Școala Gimnazială „Regina Elisabeta”, Orașul Bușteni",6.29,6.35,6.24,18
2026,Prahova,"Școala Gimnazială, Sat Românești, Comuna Bărcănești",6.29,7.19,5.39,5
2026,Prahova,"Școala Gimnazială „Radu și Severa Novian”, Comuna Adunați",6.25,6.36,6.15,8
2026,Prahova,"Școala Gimnazială, Sat Poiana Copăceni, Comuna Gura Vitioarei",6.25,6.95,5.55,12
2026,Prahova,"Școala Gimnazială „Învățător Miu Stana”, Comuna Brazi",6.24,6.69,5.79,16
2026,Prahova,"Școala Gimnazială, Sat Parepa-Rușani, Comuna Colceag",6.24,6.41,6.07,8
2026,Prahova,"Școala Gimnazială, Comuna Vâlcănești",6.21,6.92,5.51,16
2026,Prahova,"Școala Gimnazială, Sat Podenii Vechi, Comuna Bălțești",6.19,6.49,5.9,22
2026,Prahova,"Liceul Tehnologic Agromontan „Romeo Constantinescu”, Orașul Vălenii de Munte",6.18,6.76,5.6,29
2026,Prahova,"Școala Gimnazială, Comuna Baba Ana",6.17,6.66,5.68,11
2026,Prahova,"Școala Gimnazială „Andrei Nicolescu-Păcureți”, Comuna Păcureți",6.16,6.91,5.42,14
2026,Prahova,"Școala Gimnazială „Toma Caragiu”, Municipiul Ploiești",6.16,6.51,5.82,42
2026,Prahova,"Școala Gimnazială, Comuna Puchenii Mari",6.13,6.51,5.76,14
2026,Prahova,"Școala Gimnazială „Sfânta Maria”, Orașul Mizil",6.13,6.51,5.74,22
2026,Prahova,"Școala Gimnazială „Laurențiu Fulga”, Sat Fulga de Sus, Comuna Fulga",6.12,6.69,5.55,15
2026,Prahova,"Școala Gimnazială „Mănăstireanu Mihai”, Comuna Predeal-Sărari",6.11,6.24,5.99,13
2026,Prahova,"Școala Gimnazială, Comuna Podenii Noi",6.1,6.71,5.5,12
2026,Prahova,"Școala Gimnazială, Comuna Vadu Săpat",6.09,6.58,5.6,10
2026,Prahova,"Școala Gimnazială „Dumitru Ghenoiu”, Orașul Băicoi",6.08,6.23,5.94,15
2026,Prahova,"Școala Gimnazială, Sat Valea Dulce, Comuna Podenii Noi",6.08,7.03,5.13,11
2026,Prahova,"Școala Gimnazială, Sat Stoenești, Comuna Ariceștii Rahtivani",6.07,6.31,5.84,15
2026,Prahova,"Școala Gimnazială Nr. 2, Orașul Boldești-Scăeni",6.07,6.39,5.75,28
2026,Prahova,"Liceul Tehnologic „Profesor Ilie Gavrilă”, Sat Cioranii de Jos, Comuna Ciorani",6.05,6.69,5.42,31
2026,Prahova,"Școala Gimnazială, Comuna Cosminele",6.02,6.83,5.23,4
2026,Prahova,"Școala Gimnazială, Comuna Cocorăștii Colț",6.01,6.32,5.7,18
2026,Prahova,"Școala Gimnazială „Poiana Comarnic”, Orașul Comarnic",6.0,7.05,4.95,15
2026,Prahova,"Școala Gimnazială, Sat Mireșu Mare, Comuna Sângeru",5.97,6.06,5.88,14
2026,Prahova,"Școala Profesională, comuna Sângeru",5.96,6.46,5.46,22
2026,Prahova,"Școala Gimnazială, Comuna Sălciile",5.93,5.67,6.2,8
2026,Prahova,"Școala Gimnazială, Comuna Cărbunești",5.9,6.63,5.17,10
2026,Prahova,"Școala Gimnazială, Sat Buda, Comuna Râfov",5.89,6.26,5.52,13
2026,Prahova,"Școala Gimnazială, Comuna Filipeștii de Târg",5.87,5.98,5.76,20
2026,Prahova,"Școala Gimnazială, Comuna Gura Vadului",5.87,6.09,5.66,21
2026,Prahova,"Școala Gimnazială, Sat Inotești, Comuna Colceag",5.8,6.4,5.21,11
2026,Prahova,"Școala Gimnazială „Constantin Stere”, Comuna Bucov",5.8,6.14,5.45,35
2026,Prahova,"Școala Gimnazială „Eroilor”, Comuna Lipănești",5.79,6.1,5.48,11
2026,Prahova,"Școala Gimnazială, Comuna Olari",5.78,6.32,5.25,12
2026,Prahova,"Școala Gimnazială, Comuna Salcia",5.72,6.52,4.93,8
2026,Prahova,"Școala Gimnazială „Anton Pann”, Municipiul Ploiești",5.61,5.98,5.25,11
2026,Prahova,"Școala Gimnazială, Comuna Florești",5.59,6.01,5.17,30
2026,Prahova,"Școala Gimnazială, Sat Puchenii Moșneni, Comuna Puchenii Mari",5.57,5.89,5.25,12
2026,Prahova,"Școala Gimnazială „Mihai Vodă”, Sat Pleașa, Comuna Bucov",5.56,5.99,5.14,29
2026,Prahova,"Școala Gimnazială „Spirea Sorescu”, Sat Zamfira, Comuna Lipănești",5.5,5.59,5.42,14
2026,Prahova,"Școala Gimnazială, Comuna Drăgănești",5.45,5.53,5.38,21
2026,Prahova,"Școala Gimnazială „Profesor Eugeniu Corbu”, Sat Podgoria, Comuna Tătaru",5.43,6.64,4.23,5
2026,Prahova,"Școala Gimnazială, Sat Fulga de Jos, Comuna Fulga",5.39,6.31,4.47,7
2026,Prahova,"Școala Profesională, comuna Bălțești",5.38,6.27,4.49,11
2026,Prahova,"Școala Gimnazială, Sat Ciupelnița, Comuna Dumbrava",5.38,5.48,5.29,19
2026,Prahova,"Școala Gimnazială Înv. Athanasie Jan Stoicescu, Comuna Ariceștii Zeletin",5.37,5.66,5.08,7
2026,Prahova,"Școala Gimnazială „Ioan Grigorescu”, Municipiul Ploiești",5.36,5.65,5.08,15
2026,Prahova,"Școala Gimnazială, Comuna Berceni",5.29,5.65,4.93,26
2026,Prahova,"Școala Gimnazială, Comuna Provița de Jos",5.29,5.71,4.87,12
2026,Prahova,"Școala Gimnazială, Comuna Râfov",5.29,5.74,4.83,10
2026,Prahova,"Școala Gimnazială Nr. 1, Comuna Telega",5.22,5.36,4.83,13
2026,Prahova,"Școala Gimnazială, Sat Rachieri, Comuna Valea Călugărească",5.21,6.17,4.26,10
2026,Prahova,"Școala Gimnazială „Breaza de Jos”, Orașul Breaza",5.19,5.44,4.94,24
2026,Prahova,"Școala Gimnazială „Dimitrie Sfetescu”, Comuna Albești-Paleologu",5.17,5.74,4.61,9
2026,Prahova,"Școala Gimnazială „Ioan Moga”, Sat Dițești, Comuna Filipeștii de Pădure",5.13,5.69,4.41,19
2026,Prahova,"Școala Gimnazială, Sat Corlătești, Comuna Berceni",5.08,5.68,4.48,18
2026,Prahova,"Școala Gimnazială, Comuna Secăria",5.04,5.79,4.3,5
2026,Prahova,"Școala Gimnazială, Comuna Iordăcheanu",4.98,5.21,4.36,10
2026,Prahova,"Școala Gimnazială, Comuna Colceag",4.96,5.22,4.47,14
2026,Prahova,"Școala Gimnazială, Sat Hăbud, Comuna Șirna",4.96,5.56,4.36,8
2026,Prahova,"Școala Gimnazială, Sat Vărbila, Comuna Iordăcheanu",4.94,5.19,4.7,11
2026,Prahova,"Școala Gimnazială, Comuna Șotrile",4.92,5.13,4.71,15
2026,Prahova,"Școala Gimnazială, Comuna Gherghița",4.91,5.56,4.28,17
2026,Prahova,"Școala Gimnazială „Învățător Ion Mateescu”, Comuna Poiana Câmpina",4.78,5.03,4.54,14
2026,Prahova,"Școala Gimnazială, Sat Ogretin, Comuna Drajna",4.76,4.44,5.09,13
2026,Prahova,"Școala Gimnazială, Comuna Scorțeni",4.75,5.01,4.49,12
2026,Prahova,"Școala Gimnazială, Sat Valea Cucului, Comuna Iordăcheanu",4.7,5.0,4.4,10
2026,Prahova,"Școala Gimnazială „Lizeta-Paul Greceanu”, Sat Cioceni, Comuna Albești-Paleologu",4.69,4.74,4.65,8
2026,Prahova,"Școala Gimnazială, Sat Coțofenești, Comuna Vărbilău",4.64,5.42,3.86,7
2026,Prahova,"Centrul Școlar de Educație Incluzivă Nr.1, Municipiul Ploiești",4.56,5.13,4.0,2
2026,Prahova,"Școala Gimnazială, Comuna Jugureni",4.46,4.92,4.0,3
2026,Prahova,"Școala Gimnazială „Gheorghe Lazăr”, Comuna Bărcănești",4.41,4.83,4.0,2
2026,Prahova,"Liceul Tehnologic Mecanic, municipiul Câmpina",4.34,4.95,4.25,5
2026,Prahova,"Școala Gimnazială, Sat Mărginenii de Jos, Comuna Filipeștii de Târg",4.25,4.45,4.06,24
2026,Prahova,"Școala Gimnazială, Comuna Fântânele",4.23,4.18,4.28,10
2026,Prahova,"Școala Gimnazială „Candiano Popescu”, Municipiul Ploiești",4.15,4.24,4.07,16
2026,Prahova,"Școala Gimnazială Nr. 3, Municipiul Câmpina",3.98,3.89,3.84,10
2026,Prahova,"Școala Gimnazială „Florin Comișel”, Municipiul Ploiești",3.85,4.08,3.63,14
2026,Prahova,"Școala Gimnazială „Sfântul Nicolae”, Orașul Mizil",3.73,3.6,3.86,8
2026,Prahova,"Școala Gimnazială Nr. 13, Municipiul Ploiești",3.32,3.4,3.25,10
2026,Prahova,"Școala Gimnazială Nr. 19, Municipiul Ploiești",3.18,2.61,3.75,6
2026,Prahova,"Școala Gimnazială, Sat Plopeni, Comuna Dumbrăvești",2.68,2.63,2.74,8
2026,Satu Mare,"Colegiul Național „Ioan Slavici”, Satu Mare",8.93,9.11,8.75,26
2026,Satu Mare,"Colegiul Național „Mihai Eminescu”, Satu Mare",8.82,8.84,8.81,26
2026,Satu Mare,"Școala Gimnazială „Grigore Moisil”, Satu Mare",8.08,8.07,8.1,83
2026,Satu Mare,"Colegiul Național „Kölcsey Ferenc”, Satu Mare",7.98,7.59,7.29,40
2026,Satu Mare,"Liceul Teologic Romano-Catolic „Ham János”, Satu Mare",7.9,7.74,7.14,30
2026,Satu Mare,"Școala Gimnazială „Lucian Blaga”, Satu Mare",7.88,8.07,7.69,87
2026,Satu Mare,"Colegiul Național „Doamna Stancă”, Satu Mare",7.79,8.24,7.36,26
2026,Satu Mare,"Liceul Teoretic German „Johann Ettinger”, Satu Mare",7.65,7.83,6.86,64
2026,Satu Mare,"Școala Gimnazială „Rákóczi Ferenc”, Satu Mare",7.5,7.46,6.71,72
2026,Satu Mare,"Școala Gimnazială, Foieni",7.37,6.51,6.72,17
2026,Satu Mare,Liceul Teoretic Negrești Oaș,7.36,7.54,7.18,28
2026,Satu Mare,Liceul Reformat Satu Mare,7.25,6.53,6.6,26
2026,Satu Mare,"Școala Gimnazială „Constantin Brâncoveanu”, Satu Mare",7.21,7.28,7.14,73
2026,Satu Mare,"Școala Gimnazială „Bălcescu-Petofi”, Satu Mare",7.05,7.22,6.6,69
2026,Satu Mare,Liceul Teoretic Carei,7.0,6.88,6.83,83
2026,Satu Mare,Școala Gimnazială Tășnad,6.99,6.74,6.69,73
2026,Satu Mare,"Școala Gimnazială „Avram Iancu”, Satu Mare",6.95,7.11,6.59,69
2026,Satu Mare,Școala Gimnazială Nisipeni,6.89,5.34,5.14,4
2026,Satu Mare,"Școala Gimnazială Nr. 3, Negrești Oaș",6.84,7.09,6.58,57
2026,Satu Mare,"Școala Gimnazială, Cehăluț",6.73,6.0,5.93,6
2026,Satu Mare,Liceul cu Program Sportiv Satu Mare,6.68,6.73,6.64,28
2026,Satu Mare,"Școala Gimnazială „Petri Mor”, Bogdand",6.61,6.21,5.43,9
2026,Satu Mare,"Școala Gimnazială, Certeze",6.6,7.3,5.9,1
2026,Satu Mare,Școala Gimnazială „Mihai Eminescu” Negrești Oaș,6.55,6.41,6.69,28
2026,Satu Mare,"Școala Gimnazială „Dr. Joseph Szolomayer”, Cămin",6.5,5.58,5.97,16
2026,Satu Mare,"Liceul Romano-Catolic „Josephus Calasantius”, Carei",6.47,5.65,5.87,27
2026,Satu Mare,"Școala Gimnazială „Octavian Goga”, Satu Mare",6.44,6.64,6.23,70
2026,Satu Mare,"Școala Gimnazială „Vasile Lucaciu”, Lucăceni",6.42,6.99,5.86,4
2026,Satu Mare,"Școala Profesională „George Coșbuc”, Medieșu Aurit",6.36,6.36,6.37,39
2026,Satu Mare,"Liceul Tehnologic „Anghel Saligny”, Turt",6.36,6.48,6.24,38
2026,Satu Mare,"Școala Gimnazială „Tempfli József”, Urziceni",6.31,6.04,5.14,7
2026,Satu Mare,"Școala Gimnazială „Vasile Lucaciu”, Carei",6.29,6.49,5.71,43
2026,Satu Mare,Școala Gimnazială Gherța Mare,6.28,6.31,6.26,12
2026,Satu Mare,Școala Gimnazială Bârsău de Sus,6.21,6.96,5.46,17
2026,Satu Mare,"Liceul de Arte „Aurel Popp”, Satu Mare",6.2,6.2,5.73,37
2026,Satu Mare,"Școala Gimnazială, Turulung",6.2,4.77,6.38,12
2026,Satu Mare,"Școala Gimnazială Nr. 1, Carei",6.16,6.26,5.74,44
2026,Satu Mare,"Școala Gimnazială „Ion Creangă”, Satu Mare",6.14,6.0,6.07,34
2026,Satu Mare,"Școala Gimnazială, Călinești Oaș",6.11,6.42,5.8,29
2026,Satu Mare,"Liceul Tehnologic „Petru Cupcea”, Supuru de Jos",6.09,6.18,5.9,19
2026,Satu Mare,"Școala Gimnazială „Mircea Eliade”, Satu Mare",6.08,6.42,5.53,55
2026,Satu Mare,"Școala Gimnazială „Fenyi István”, Căpleni",5.99,4.95,5.25,11
2026,Satu Mare,Liceul Tehnologic Târna Mare,5.98,6.05,5.91,20
2026,Satu Mare,Școala Gimnazială Doba,5.98,6.42,5.54,16
2026,Satu Mare,"Școala Gimnazială, Odoreu",5.96,6.35,5.57,30
2026,Satu Mare,"Liceul Teologic Ortodox „Nicolae Steinhardt”, Satu Mare",5.94,6.64,5.25,23
2026,Satu Mare,Școala Gimnazială Vetiș,5.9,6.16,5.65,23
2026,Satu Mare,"Școala Gimnazială, Vama",5.87,6.01,5.17,15
2026,Satu Mare,"Școala Gimnazială, Racșa",5.87,6.26,5.48,8
2026,Satu Mare,"Școala Gimnazială, Drăgușeni",5.85,6.1,5.6,6
2026,Satu Mare,Școala Gimnazială Porumbești,5.82,4.65,5.27,12
2026,Satu Mare,Școala Gimnazială Mădăras,5.81,6.44,5.17,7
2026,Satu Mare,"Școala Gimnazială, Valea Vinului",5.76,6.09,5.43,19
2026,Satu Mare,"Școala Gimnazială „Liviu Rebreanu”, Păulești",5.59,5.6,5.59,10
2026,Satu Mare,"Școala Gimnazială „Mihai Viteazul”, Moftinu Mic",5.57,5.86,5.29,18
2026,Satu Mare,"Școala Gimnazială „Petőfi Sándor”, Lăzuri",5.57,5.26,4.67,17
2026,Satu Mare,Școala Gimnazială Târșolț,5.55,5.64,5.45,6
2026,Satu Mare,"Școala Gimnazială, Babța",5.54,5.55,5.54,9
2026,Satu Mare,Școala Gimnazială Bătarci,5.5,5.53,5.48,16
2026,Satu Mare,"Școala Gimnazială, Halmeu",5.5,5.43,5.17,44
2026,Satu Mare,"Școala Gimnazială „Gheorghe Marina”, Pomi",5.47,6.08,4.87,18
2026,Satu Mare,Școala Gimnazială Socond,5.47,5.76,5.18,10
2026,Satu Mare,Școala Gimnazială Cămărzana,5.37,5.6,5.15,1
2026,Satu Mare,"Școala Gimnazială, Giurtelecu Hododului",5.32,6.35,4.29,4
2026,Satu Mare,"Școala Gimnazială „Aurel Haiduc”, Trip",5.27,5.84,4.72,12
2026,Satu Mare,"Școala Gimnazială „Csury Bálint”, Agriș",5.2,5.9,3.1,1
2026,Satu Mare,"Școala Gimnazială „Gellért Sándor”, Micula",5.18,5.45,4.89,23
2026,Satu Mare,"Școala Gimnazială „Wesselenyi”, Hodod",5.15,4.98,4.07,14
2026,Satu Mare,Școala Gimnazială Sărăuad,5.08,6.44,3.73,4
2026,Satu Mare,Școala Gimnazială Oar,5.07,4.17,4.5,11
2026,Satu Mare,"Școala Gimnazială, Sântău",5.07,5.59,4.55,11
2026,Satu Mare,Școala Gimnazială Terebești,5.05,5.44,4.66,16
2026,Satu Mare,Școala Gimnazială Botiz,5.01,5.47,4.56,18
2026,Satu Mare,"Școala Gimnazială „Petőfi Sándor”, Livada",5.0,5.01,4.23,61
2026,Satu Mare,Școala Gimnazială Poiana Codrului,5.0,5.28,4.59,15
2026,Satu Mare,"Școala Gimnazială, Cehal",4.96,5.58,4.14,4
2026,Satu Mare,Școala Gimnazială Gherța Mica,4.96,5.06,4.86,22
2026,Satu Mare,Școala Gimnazială „Pir”,4.89,4.25,4.28,16
2026,Satu Mare,Școala Gimnazială Orașu Nou,4.88,4.11,4.68,9
2026,Satu Mare,"Școala Gimnazială „Vasile Lucaciu”, Apa",4.84,5.21,4.48,15
2026,Satu Mare,Școala Gimnazială Homorodul de Mijloc,4.79,5.34,4.25,13
2026,Satu Mare,"Școala Gimnazială „Gheorghe Bulgăr”, Sanislău",4.79,4.39,4.83,29
2026,Satu Mare,Școala Gimnazială Dorolț,4.78,3.73,3.76,10
2026,Satu Mare,Școala Gimnazială Nadișu Hododului,4.77,3.68,4.3,11
2026,Satu Mare,Școala Gimnazială Dara,4.76,3.66,3.38,8
2026,Satu Mare,Școala Gimnazială Tiream,4.75,3.95,4.93,11
2026,Satu Mare,"Școala Gimnazială „Bem József”, Cărășeu",4.71,3.21,4.48,10
2026,Satu Mare,Școala Gimnazială Andrid,4.68,4.56,4.79,17
2026,Satu Mare,"Școala Gimnazială „Gyorfi Endre”, Dobra",4.65,3.55,3.97,8
2026,Satu Mare,"Școala Gimnazială „Iuliu Coroianu”, Craidorolț",4.64,5.1,4.18,13
2026,Satu Mare,Școala Gimnazială Berveni,4.43,2.83,4.58,6
2026,Satu Mare,"Școala Gimnazială Dr. Vasile Lucaciu, Satu Mare",4.38,3.58,4.16,22
2026,Satu Mare,"Școala Gimnazială, Pișcolt",4.35,4.09,4.05,19
2026,Satu Mare,Școala Gimnazială Iojib,4.32,3.36,2.97,5
2026,Satu Mare,"Școala Gimnazială Viile, Satu Mare",4.3,3.67,4.16,23
2026,Satu Mare,"Școala Gimnazială „Viorel Sălăgean”, Beltiug",4.21,3.97,3.9,22
2026,Satu Mare,"Școala Gimnazială, Culciu Mare",4.18,4.33,4.04,8
2026,Satu Mare,Școala Gimnazială Căuaș,4.11,3.43,4.2,5
2026,Satu Mare,Școala Gimnazială Rătești,3.96,4.1,3.44,7
2026,Satu Mare,Școala Gimnazială Săuca,3.91,3.33,4.5,7
2026,Satu Mare,Școala Gimnazială „Dobai-Plosca” Acâș,3.89,2.78,3.62,21
2026,Satu Mare,"Școala Gimnazială Nr. 11, Sătmărel",3.78,4.25,3.32,7
2026,Satu Mare,Școala Gimnazială Giorocuța,3.73,3.74,3.72,7
2026,Satu Mare,Liceul Tehnologic Ardud,3.7,3.23,3.54,25
2026,Satu Mare,Școala Gimnazială Cidreag,3.53,1.83,3.83,8
2026,Satu Mare,Școala Gimnazială Ghenci,3.39,2.08,3.24,12
2026,Satu Mare,Școala Gimnazială Moftinu Mare,3.2,3.18,3.23,7
2026,Satu Mare,Școala Gimnazială Becheni,3.17,1.9,4.03,9
2026,Satu Mare,Școala Gimnazială „Irina”,3.09,1.83,2.9,5
2026,Satu Mare,Școala Gimnazială Săcășeni,3.07,2.83,3.5,5
2026,Satu Mare,"Școala Gimnazială „Anton Pann”, Hrip",3.01,2.52,3.5,7
2026,Satu Mare,"Școala Gimnazială „Ion Barbu”, Ambud",2.7,1.45,3.33,8
2026,Sibiu,"Colegiul Național „Gheorghe Lazăr”, Sibiu",9.18,9.22,9.15,58
2026,Sibiu,"Colegiul Național „Samuel von Brukenthal”, Sibiu",8.51,8.55,8.02,100
2026,Sibiu,"Liceul Teoretic „Onisifor Ghibu”, Sibiu",8.39,8.43,8.13,29
2026,Sibiu,"Colegiul Național „Octavian Goga”, Sibiu",8.15,8.36,7.92,118
2026,Sibiu,"Școala Gimnazială „Nicolae Iorga”, Sibiu",8.14,8.18,7.99,153
2026,Sibiu,"Școala Gimnazială „Ioan Ban - Dascălu”, Poiana Sibiului",8.11,8.4,7.82,21
2026,Sibiu,"Școala Gimnazială „Regina Maria”, Sibiu",8.05,8.26,7.85,97
2026,Sibiu,"Școala Gimnazială „Româno-Finlandeză”, Sibiu",7.92,8.26,7.59,18
2026,Sibiu,"Școala Gimnazială „Ion Luca Caragiale”, Sibiu",7.91,7.98,7.69,82
2026,Sibiu,"Școala Gimnazială Nr. 4, Sibiu",7.81,7.9,7.72,98
2026,Sibiu,"Școala Gimnazială „Cireșarii”, Mediaș",7.58,7.94,7.22,35
2026,Sibiu,"Școala Gimnazială Nr. 25, Sibiu",7.51,7.77,7.26,61
2026,Sibiu,"Școala Gimnazială „Radu Selejan”, Sibiu",7.49,7.82,7.15,78
2026,Sibiu,"Colegiul Național Pedagogic „Andrei Șaguna”, Sibiu",7.48,7.71,7.26,37
2026,Sibiu,"Școala Gimnazială Nr. 18, Sibiu",7.48,7.56,7.41,83
2026,Sibiu,"Școala Gimnazială „Báthory István”, Mediaș",7.45,7.6,6.25,13
2026,Sibiu,"Liceul Teoretic „Constantin Noica”, Sibiu",7.37,7.54,7.21,60
2026,Sibiu,"Liceul Teoretic „Roth - Oberth”, Mediaș",7.32,7.67,6.71,48
2026,Sibiu,Liceul de Artă Sibiu,7.28,7.62,6.94,41
2026,Sibiu,"Școala Gimnazială Nr. 1, Sibiu",7.24,7.35,7.13,60
2026,Sibiu,"Școala Gimnazială Nr. 3, Cisnădie",7.2,7.25,7.16,39
2026,Sibiu,"Școala Gimnazială „Mihai Viteazu”, Șelimbăr",7.2,7.26,7.13,43
2026,Sibiu,"Școala Gimnazială Nr. 8, Sibiu",7.16,7.18,7.15,47
2026,Sibiu,"Școala Gimnazială „Samuil Micu”, Sadu",7.05,7.63,6.47,20
2026,Sibiu,"Liceul Teoretic „Gustav Gundisch”, Cisnădie",7.04,7.21,6.78,53
2026,Sibiu,"Școala Gimnazială, Apoldu de Sus",6.95,6.98,6.93,2
2026,Sibiu,Liceul Tehnologic Mârșa,6.93,7.7,6.16,11
2026,Sibiu,"Școala Gimnazială „Constantin Ioan Motaș”, Mediaș",6.92,6.91,6.93,49
2026,Sibiu,"Liceul Tehnologic „Johannes Lebel”, Tălmaciu",6.9,7.17,6.64,31
2026,Sibiu,"Școala Gimnazială Nr. 13, Sibiu",6.9,6.99,6.82,71
2026,Sibiu,"Școala Gimnazială Nr. 21, Sibiu",6.87,6.91,6.84,66
2026,Sibiu,"Liceul Tehnologic „Ioan Lupas”, Săliște",6.87,7.02,6.73,37
2026,Sibiu,"Școala Gimnazială „Ioan Slavici”, Sibiu",6.82,6.9,6.74,55
2026,Sibiu,"Școala Gimnazială „Mihai Eminescu”, Mediaș",6.75,7.03,6.48,47
2026,Sibiu,Școala Gimnazială Racovița,6.71,7.17,6.25,18
2026,Sibiu,"Școala Gimnazială „Octavian Goga”, Rășinari",6.65,6.98,6.33,33
2026,Sibiu,"Liceul Teoretic „Gheorghe Lazăr”, Avrig",6.55,7.04,6.08,39
2026,Sibiu,"Școala Gimnazială „Regele Ferdinand”, Sibiu",6.54,6.8,6.28,59
2026,Sibiu,"Școala Gimnazială, Slimnic",6.53,6.91,6.15,13
2026,Sibiu,"Școala Gimnazială, Porumbacu de Jos",6.49,6.83,6.17,8
2026,Sibiu,Școala Gimnazială Bârghiș,6.49,7.51,5.47,9
2026,Sibiu,"Școala Gimnazială Nr. 3, Copșa Mică",6.4,6.49,6.32,11
2026,Sibiu,"Școala Gimnazială „Matei Basarab”, Turnu Roșu",6.38,6.57,6.2,13
2026,Sibiu,"Școala Gimnazială Nr. 7, Mediaș",6.35,6.71,5.99,39
2026,Sibiu,"Școala Gimnazială „Ion Pop Reteganul”, Orlat",6.32,6.62,5.8,21
2026,Sibiu,"Școala Gimnazială Nr. 2, Cisnădie",6.29,6.82,5.76,19
2026,Sibiu,"Școala Gimnazială „Aurel Decei”, Gura Râului",6.26,6.54,5.98,37
2026,Sibiu,"Școala Gimnazială Nr. 12, Sibiu",6.24,6.4,6.08,15
2026,Sibiu,"Școala Gimnazială „Ion Albescu”, Boița",6.24,6.35,6.13,16
2026,Sibiu,Școala Gimnazială Boian,6.21,7.01,5.41,8
2026,Sibiu,"Școala Gimnazială „Marțian Negrea”, Valea Viilor",6.19,6.68,5.71,7
2026,Sibiu,Școala Gimnazială Păuca,6.19,6.78,5.61,10
2026,Sibiu,"Școala Gimnazială „Georg Daniel Teutsch”, Agnita",6.14,6.13,6.14,26
2026,Sibiu,Școala Gimnazială Șeica Mare,6.11,6.42,5.8,21
2026,Sibiu,"Școala Gimnazială Nr. 2, Sibiu",6.09,6.53,5.67,16
2026,Sibiu,"Școala Gimnazială Nr. 23, Sibiu",6.09,6.9,5.29,10
2026,Sibiu,Școala Gimnazială Bradu,6.08,6.51,5.67,9
2026,Sibiu,"Școala Gimnazială, Tălmaciu",6.08,6.31,5.86,13
2026,Sibiu,"Școala Gimnazială, Ocna Sibiului",6.07,6.23,5.91,14
2026,Sibiu,"Școala Gimnazială „Sava Popovici Barcianu”, Rășinari",6.05,6.04,6.07,13
2026,Sibiu,Școala Gimnazială Alămor,6.01,6.34,5.68,11
2026,Sibiu,"Școala Gimnazială „Badea Cîrțan”, Cârțișoara",6.01,6.67,5.35,10
2026,Sibiu,Școala Gimnazială Loamneș,5.87,6.19,5.55,15
2026,Sibiu,"Școala Gimnazială, Avrig",5.87,6.27,5.48,24
2026,Sibiu,"Școala Gimnazială, Cristian",5.84,6.43,5.25,34
2026,Sibiu,Școala Gimnazială Agârbiciu,5.83,5.84,5.83,8
2026,Sibiu,Școala Gimnazială Săcel,5.69,5.64,5.74,9
2026,Sibiu,"Școala Gimnazială, Râu Sadului",5.65,5.65,5.65,3
2026,Sibiu,"Liceul „August Treboniu Laurian”, Agnita",5.61,5.64,5.58,36
2026,Sibiu,"Școala Gimnazială, Bazna",5.6,6.06,5.15,11
2026,Sibiu,"Școala Gimnazială Nr. 4, Mediaș",5.58,5.94,5.21,33
2026,Sibiu,"Școala Gimnazială, Ruși",5.57,5.58,5.56,8
2026,Sibiu,"Școala Gimnazială, Roșia",5.52,6.6,4.45,4
2026,Sibiu,"Școala Gimnazială, Poplaca",5.45,5.64,5.26,15
2026,Sibiu,"Școala Gimnazială „George Popa”, Mediaș",5.37,6.29,4.46,21
2026,Sibiu,"Școala Gimnazială „Viorel Cucu”, Paltin Arpașu de Jos",5.36,5.51,5.23,18
2026,Sibiu,"Liceul Tehnologic „Ilie Măcelariu”, Miercurea Sibiului",5.32,5.35,5.29,15
2026,Sibiu,"Școala Gimnazială Waldorf „Hans Spalinger”, Roșia",5.3,5.3,5.3,1
2026,Sibiu,"Școala Gimnazială „Andrei Șaguna”, Șura Mare",5.22,5.29,5.15,32
2026,Sibiu,Școala Gimnazială „Axente Sever”,5.14,5.94,4.34,4
2026,Sibiu,Școala Gimnazială Bruiu,5.1,5.8,4.4,1
2026,Sibiu,Școala Gimnazială Șura Mică,5.08,5.59,4.58,14
2026,Sibiu,"Școala Gimnazială „Aviator Ioan Sava”, Alțîna",5.08,5.52,4.64,11
2026,Sibiu,"Școala Gimnazială Nr. 10, Sibiu",5.03,5.27,4.8,15
2026,Sibiu,"Școala Gimnazială, Apoldu de Jos",5.02,5.42,4.63,6
2026,Sibiu,Liceul Tehnologic Iacobeni,5.0,4.96,4.76,15
2026,Sibiu,Școala Gimnazială Veștem,4.9,5.03,4.78,9
2026,Sibiu,Școala Gimnazială Șaroș pe Târnave,4.8,5.43,4.18,6
2026,Sibiu,"Școala Gimnazială „Stephan Ludwig Roth”, Moșna",4.78,4.81,4.56,25
2026,Sibiu,Școala Gimnazială Noiștat,4.77,4.57,4.54,12
2026,Sibiu,Școala Gimnazială Tilișca,4.7,4.75,4.66,16
2026,Sibiu,"Școala Gimnazială „Corneliu Păcurariu”, Micăsasa",4.68,4.91,4.46,7
2026,Sibiu,"Școala Gimnazială, Brateiu",4.64,5.08,4.21,11
2026,Sibiu,"Școala Gimnazială „Ilie Micu”, Ludoș",4.55,4.88,4.23,2
2026,Sibiu,"Școala Gimnazială, Daia",4.52,4.75,4.3,14
2026,Sibiu,Școala Gimnazială Buzd,4.51,5.56,3.46,11
2026,Sibiu,"Școala Gimnazială, Cașolț",4.48,5.13,3.84,7
2026,Sibiu,"Școala Gimnazială „Lucian Bologa”, Marpod",4.47,4.39,4.5,7
2026,Sibiu,"Liceul „Timotei Cipariu”, Dumbrăveni",4.44,4.63,4.26,33
2026,Sibiu,Liceul Tehnologic Cisnădie,4.44,4.46,4.44,11
2026,Sibiu,Școala Gimnazială Curciu,4.4,4.62,4.2,4
2026,Sibiu,Școala Gimnazială Nocrich,4.4,4.76,4.04,20
2026,Sibiu,Școala Gimnazială Vurpăr,4.39,4.9,3.88,23
2026,Sibiu,"Centrul Școlar de Educație Incluzivă Nr. 2, Sibiu",4.35,4.2,4.5,1
2026,Sibiu,Școala Gimnazială Ațel,4.3,3.98,4.62,12
2026,Sibiu,"Școala Gimnazială, Biertan",4.26,4.43,4.1,11
2026,Sibiu,"Școala Gimnazială, Scoreiu",4.21,4.73,3.7,3
2026,Sibiu,Școala Gimnazială Șeica Mică,4.08,4.17,4.0,11
2026,Sibiu,Școala Gimnazială „Nou”,4.08,4.52,3.64,17
2026,Sibiu,"Școala Gimnazială, Merghindeal",4.04,4.47,3.62,5
2026,Sibiu,"Școala Gimnazială, Chirpăr",3.95,4.13,3.78,13
2026,Sibiu,Școala Gimnazială Ighișu Nou,3.85,3.8,3.9,8
2026,Sibiu,"Școala Gimnazială „Ioan Moraru”, Dârlos",3.83,4.42,3.25,9
2026,Sibiu,"Școala Gimnazială, Brădeni",3.82,3.74,3.73,15
2026,Sibiu,Școala Gimnazială Valchid,3.76,4.85,2.67,5
2026,Sibiu,"Școala Gimnazială, Hosman",3.74,3.68,3.79,10
2026,Sibiu,Școala Gimnazială Mălâncrav,3.66,3.27,4.05,9
2026,Sibiu,"Școala Gimnazială, Blăjel",3.47,4.23,2.72,3
2026,Sibiu,"Școala Gimnazială, Laslea",3.42,3.31,3.53,7
2026,Sibiu,Școala Gimnazială „Alma”,3.4,3.61,3.2,7
2026,Sibiu,Școala Gimnazială Mihăileni,3.4,3.48,3.31,8
2026,Sibiu,"Școala Gimnazială, Jina",3.21,3.46,2.96,13
2026,Sibiu,"Școala Gimnazială Nr. 11, Sibiu",3.12,3.41,2.83,7
2026,Sibiu,Centrul Școlar de Educație Incluzivă „Elena Delia Stoicescu” Sibiu,2.93,2.87,3.0,5
2026,Sibiu,Școala Gimnazială Târnava,2.68,2.53,2.79,19
2026,Sibiu,Școala Gimnazială Hoghilag,2.52,2.4,2.64,7
2026,Suceava,"Colegiul Național „Ștefan cel Mare”, Suceava",9.06,9.16,8.98,58
2026,Suceava,"Colegiul Național „Petru Rareș”, Suceava",8.98,9.2,8.78,47
2026,Suceava,"Școala Gimnazială „Bogdan Vodă”, Rădăuți",8.5,8.66,8.35,55
2026,Suceava,"Colegiul Național „Nicu Gane”, Fălticeni",8.37,8.25,8.49,30
2026,Suceava,"Școala Gimnazială Nr. 1, Gura Humorului",8.1,8.05,8.15,43
2026,Suceava,"Școala Gimnazială „Teodor Bălan”, Gura Humorului",8.06,8.18,7.95,73
2026,Suceava,"Școala Gimnazială Nr. 1, Vatra Dornei",8.05,8.66,7.43,32
2026,Suceava,"Colegiul Național „Eudoxiu Hurmuzachi”, Rădăuți",8.03,8.19,7.87,21
2026,Suceava,"Școala Gimnazială Nr. 4, Suceava",8.01,8.22,7.8,74
2026,Suceava,"Școala Gimnazială Nr. 3, Suceava",7.94,8.13,7.76,80
2026,Suceava,"Școala Gimnazială Nr. 8, Suceava",7.82,7.82,7.82,63
2026,Suceava,"Colegiul Național „Mihai Eminescu”, Suceava",7.77,7.93,7.61,60
2026,Suceava,"Școala Gimnazială Nr. 10, Suceava",7.69,7.93,7.45,103
2026,Suceava,"Colegiul Tehnic „Lătcu Vodă”, Siret",7.68,7.98,7.39,23
2026,Suceava,"Liceul Teoretic „Filadelfia”, Suceava",7.65,7.64,7.68,68
2026,Suceava,"Școala Gimnazială „Miron Costin”, Suceava",7.65,7.85,7.44,146
2026,Suceava,"Școala Gimnazială „Mihai Eminescu”, Rădăuți",7.63,7.77,7.5,105
2026,Suceava,"Școala Gimnazială „Ion Creangă”, Suceava",7.61,7.86,7.37,148
2026,Suceava,Școala Gimnazială Ciocănești,7.59,8.04,7.13,12
2026,Suceava,"Școala Gimnazială „Bogdan Vodă”, Câmpulung Moldovenesc",7.58,7.82,7.35,57
2026,Suceava,"Școala Gimnazială „Regina Elisabeta”, Rădăuți",7.53,7.69,7.38,45
2026,Suceava,Școala Gimnazială Șaru Dornei,7.53,7.95,7.11,12
2026,Suceava,"Școala Gimnazială „Luca Gavril”, Drăgușeni",7.5,7.86,7.14,30
2026,Suceava,"Școala Gimnazială Nr. 4, Vatra Dornei",7.49,7.74,7.24,55
2026,Suceava,"Școala Gimnazială „Ioan Băncescu”, Adâncata",7.48,7.85,7.12,30
2026,Suceava,"Școala Gimnazială „Ștefan cel Mare”, Cârlibaba",7.47,7.31,7.64,9
2026,Suceava,"Școala Gimnazială „Ioan Ciurea”, Fălticeni",7.46,7.99,6.94,36
2026,Suceava,"Școala Gimnazială „Ion Aflorei”, Izvoarele Sucevei",7.46,7.58,7.35,16
2026,Suceava,"Liceul Tehnologic „Ștefan cel Mare”, Cajvana",7.42,7.22,7.62,119
2026,Suceava,"Școala Gimnazială „Dimitrie Gusti”, Fundu Moldovei",7.41,7.37,7.45,24
2026,Suceava,Liceul Teologic „Mitropolitul Dosoftei” Suceava,7.38,7.4,7.37,14
2026,Suceava,Școala Gimnazială Ulma,7.38,7.33,7.42,11
2026,Suceava,Școala Gimnazială Falcău,7.37,7.03,7.72,18
2026,Suceava,"Școala Gimnazială „Popinceanu Nicolae”, Mihoveni",7.35,7.57,7.13,21
2026,Suceava,"Școala Gimnazială Nr. 1, Suceava",7.35,7.45,7.26,102
2026,Suceava,Școala Gimnazială Măriței,7.33,7.82,6.85,21
2026,Suceava,"Liceul Tehnologic „Ion Nistor”, Vicovu de Sus",7.33,7.66,7.0,83
2026,Suceava,"Școala Gimnazială, Coșna",7.32,7.6,7.04,4
2026,Suceava,"Liceul „Natanael”, Suceava",7.32,7.21,7.43,20
2026,Suceava,"Școala Gimnazială „Ion Irimescu”, Fălticeni",7.31,7.76,6.86,75
2026,Suceava,"Școala Gimnazială „Dimitrie Onciul”, Straja",7.29,7.43,7.16,60
2026,Suceava,"Școala Gimnazială „Ioan Vicoveanu”, Vicovu de Jos",7.22,7.38,7.07,34
2026,Suceava,"Școala Gimnazială Nr. 2, Vatra Dornei",7.22,7.53,6.92,42
2026,Suceava,"Școala Gimnazială, Poiana Stampei",7.19,7.21,7.16,12
2026,Suceava,Școala Gimnazială Bivolăria,7.18,7.51,6.85,41
2026,Suceava,"Școala Gimnazială „Liviu Suhar”, Iacobeni",7.17,7.25,7.1,2
2026,Suceava,Școala Gimnazială Milișăuți,7.15,7.58,6.74,36
2026,Suceava,Școala Gimnazială Calafindești,7.11,7.4,6.84,25
2026,Suceava,"Școala Gimnazială „Vornicu Simion Tăutu”, Comănești",7.1,6.73,7.48,4
2026,Suceava,"Colegiul Tehnic „Mihai Băcescu”, Fălticeni",7.1,7.37,6.83,26
2026,Suceava,"Școala Gimnazială „Alexandru Ioan Cuza”, Fălticeni",7.09,7.32,6.86,62
2026,Suceava,"Școala Gimnazială „Cristofor Simionescu”, Plopeni",7.05,7.51,6.6,35
2026,Suceava,"Școala Gimnazială Moldova, Sulița",7.03,7.11,6.95,17
2026,Suceava,"Școala Gimnazială Nr. 3, Vicovu de Sus",6.99,6.64,7.21,24
2026,Suceava,"Școala Gimnazială „Vasile Tomegea”, Boroaia",6.99,7.58,6.41,43
2026,Suceava,Școala Gimnazială Preutești,6.99,7.63,6.35,17
2026,Suceava,"Școala Gimnazială „Grigore Ghica Voievod”, Suceava",6.98,7.32,6.65,13
2026,Suceava,"Școala Gimnazială „Nicolae Labiș”, Mălini",6.97,7.12,6.82,31
2026,Suceava,Liceul Tehnologic Dorna Candrenilor,6.97,7.13,6.8,22
2026,Suceava,"Școala Gimnazială „Iraclie Porumbescu”, Frătăuții Noi",6.95,7.02,6.88,16
2026,Suceava,"Școala Gimnazială „Iulian Vesper”, Horodnic de Sus",6.94,7.33,6.55,17
2026,Suceava,"Școala Gimnazială Nr. 2, Iaslovăț",6.94,6.49,7.4,35
2026,Suceava,"Colegiul de Artă „Ciprian Porumbescu”, Suceava",6.92,7.1,6.74,49
2026,Suceava,"Școala Gimnazială „Petru Comarnescu”, Gura Humorului",6.92,6.75,7.09,38
2026,Suceava,"Școala Gimnazială Nr. 2, Vicovu de Jos",6.91,7.54,6.29,31
2026,Suceava,Școala Gimnazială Lupcina,6.9,7.05,6.76,11
2026,Suceava,"Școala Gimnazială „Samson Bodnărescu”, Gălănești",6.9,7.23,6.57,27
2026,Suceava,"Școala Gimnazială „Aurelian Stanciu”, Salcea",6.88,7.28,6.41,27
2026,Suceava,"Școala Gimnazială „Krystyna Bochenek”, Poiana Micului",6.87,6.97,6.78,7
2026,Suceava,"Școala Gimnazială, Pojorâta",6.87,7.19,6.56,11
2026,Suceava,"Școala Gimnazială, Ipotești",6.87,7.06,6.69,79
2026,Suceava,"Școala Gimnazială Nr. 1, Iaslovăț",6.86,6.45,7.28,30
2026,Suceava,Școala Gimnazială Panaci,6.85,6.73,6.97,16
2026,Suceava,"Școala Gimnazială Nr. 1, Vicovu de Sus",6.85,6.96,6.66,27
2026,Suceava,"Școala Gimnazială „George Voevidca”, Câmpulung Moldovenesc",6.83,7.12,6.31,22
2026,Suceava,"Școala Gimnazială Nr. 3, Marginea",6.81,7.08,6.55,21
2026,Suceava,"Școala Gimnazială Nr. 2, Marginea",6.8,6.84,6.76,28
2026,Suceava,Școala Gimnazială Corocăiești,6.79,6.83,6.75,15
2026,Suceava,"Școala Gimnazială, Breaza",6.79,6.92,6.66,13
2026,Suceava,"Școala Gimnazială „Dimitrie Cantemir”, Rădăuți",6.77,7.3,6.25,37
2026,Suceava,Școala Gimnazială Șerbăuți,6.77,6.41,7.13,20
2026,Suceava,"Școala Gimnazială „Alexandru Lăpușneanu”, Slatina",6.76,6.92,6.6,13
2026,Suceava,Școala Gimnazială Brodina,6.76,6.53,6.86,28
2026,Suceava,"Școala Gimnazială „Mitropolit Iacob Putneanul”, Putna",6.74,6.7,6.78,23
2026,Suceava,"Școala Gimnazială Nr. 2, Bogdănești",6.69,6.93,6.46,20
2026,Suceava,Școala Gimnazială Liteni,6.69,7.22,6.17,10
2026,Suceava,Școala Gimnazială Pârteștii de Sus,6.68,6.29,7.08,22
2026,Suceava,"Liceul Tehnologic „Vasile Gherasim”, Marginea",6.68,6.83,6.53,40
2026,Suceava,Școala Gimnazială Hârtop,6.68,6.83,6.54,20
2026,Suceava,Școala Gimnazială Frătăuții Vechi,6.66,6.88,6.44,23
2026,Suceava,"Școala Gimnazială „Pahomie C. Vasiliu”, Grămești",6.65,6.58,6.73,20
2026,Suceava,"Școala Gimnazială „Iacob Costache”, Văratec",6.64,7.53,5.75,12
2026,Suceava,"Școala Gimnazială „Teodor V. Ștefanelli”, Câmpulung Moldovenesc",6.61,6.86,6.36,48
2026,Suceava,"Școala Gimnazială Nr. 1, Vadu Moldovei",6.6,6.78,6.43,20
2026,Suceava,"Școala Gimnazială „Mihai Halunga”, Hănțești",6.59,6.42,6.76,22
2026,Suceava,"Școala Gimnazială „Artur Gorovei”, Bunești",6.58,6.21,6.95,14
2026,Suceava,"Școala Gimnazială „Ion Șuhane”, Frumosu",6.58,6.71,6.44,29
2026,Suceava,Liceul Tehnologic Special Bivolăria,6.56,6.69,6.44,10
2026,Suceava,Școala Gimnazială Bucșoaia,6.55,6.26,6.84,14
2026,Suceava,"Școala Gimnazială „Mihail Sadoveanu”, Fălticeni",6.55,6.62,6.41,58
2026,Suceava,"Școala Gimnazială, Gura Putnei",6.51,6.58,6.45,11
2026,Suceava,"Liceul Tehnologic „Vasile Cocea”, Moldovița",6.51,6.57,6.46,22
2026,Suceava,Școala Gimnazială Botoșana,6.48,6.75,6.22,25
2026,Suceava,"Liceul Tehnologic „Mihai Eminescu”, Dumbraveni",6.46,6.89,6.0,123
2026,Suceava,"Școala Gimnazială „Constantin Blănaru”, Cornu Luncii",6.46,6.08,6.79,19
2026,Suceava,"Școala Gimnazială „George Tofan”, Bilca",6.46,7.17,5.75,36
2026,Suceava,"Școala Gimnazială Nr. 2, Vicovu de Sus",6.45,6.64,6.26,33
2026,Suceava,Școala Gimnazială Stroiești,6.44,6.4,6.49,25
2026,Suceava,"Școala Gimnazială „Jean Bart”, Suceava",6.44,6.59,6.29,22
2026,Suceava,"Liceul Tehnologic „Oltea Doamna”, Dolhasca",6.43,6.38,6.49,37
2026,Suceava,"Școala Gimnazială „Ion Lovinescu”, Rădășeni",6.43,6.83,6.02,20
2026,Suceava,"Școala Gimnazială „Ion Muceleanu”, Fântâna Mare",6.42,6.46,6.39,14
2026,Suceava,"Școala Gimnazială „Dr. Simion Și Metzia Hîj”, Volovăț",6.41,6.54,6.29,63
2026,Suceava,"Școala Gimnazială „Mihail Sadoveanu”, Grănicești",6.41,6.5,6.32,19
2026,Suceava,Școala Gimnazială Șerbănești,6.39,6.94,5.85,17
2026,Suceava,Școala Gimnazială Dănila,6.37,6.82,5.93,6
2026,Suceava,"Școala Gimnazială, Vatra Moldoviței",6.37,6.38,6.35,16
2026,Suceava,Școala Gimnazială „Luca Arbure Arbore”,6.36,6.52,6.2,49
2026,Suceava,Școala Gimnazială Dolheștii Mici,6.35,6.72,5.98,14
2026,Suceava,Școala Gimnazială Dorna Arini,6.33,6.3,6.37,23
2026,Suceava,"Școala Gimnazială Poieni, Solca",6.31,5.93,6.7,17
2026,Suceava,Școala Gimnazială Bosanci,6.3,6.51,6.08,62
2026,Suceava,Școala Gimnazială Herla,6.29,6.82,5.77,16
2026,Suceava,"Școala Gimnazială Nr. 6, Suceava",6.28,6.16,6.4,21
2026,Suceava,"Școala Gimnazială, Plăvălari",6.27,6.44,6.1,13
2026,Suceava,Școala Gimnazială Râșca,6.26,6.72,5.8,34
2026,Suceava,"Școala Gimnazială „Ion Barbir”, Capu Câmpului",6.26,7.04,5.48,12
2026,Suceava,Școala Gimnazială Dărmănești,6.25,6.37,6.14,11
2026,Suceava,Liceul Teoretic „Iorgu Vârnav Liteanu” Liteni,6.25,6.63,5.78,64
2026,Suceava,Școala Gimnazială Păltinoasa,6.24,6.74,5.75,26
2026,Suceava,"Școala Gimnazială Nr. 2, Mălini",6.24,6.68,5.8,14
2026,Suceava,Școala Gimnazială Stulpicani,6.24,6.47,6.01,22
2026,Suceava,"Școala Gimnazială, Poiana Negrii",6.21,6.32,6.1,13
2026,Suceava,"Școala Gimnazială „Henryk Sienkiewicz”, Solonețu Nou",6.2,5.36,7.04,6
2026,Suceava,"Liceul Tehnologic „Tomsa Vodă”, Solca",6.19,6.69,5.7,32
2026,Suceava,Școala Gimnazială Bursuceni,6.18,6.44,5.92,6
2026,Suceava,"Școala Gimnazială „Constantin Tomescu”, Pleșești",6.13,6.31,5.95,12
2026,Suceava,"Școala Gimnazială „Gheorghe Popadiuc”, Rădăuți",6.13,5.95,6.19,21
2026,Suceava,"Școala Gimnazială „Academician H. Mihăescu”, Udești",6.12,6.23,6.02,17
2026,Suceava,Școala Gimnazială Cacica,6.11,6.57,5.67,3
2026,Suceava,Școala Gimnazială Zvoriștea,6.11,6.9,5.32,20
2026,Suceava,Școala Gimnazială Oniceni,6.1,6.57,5.63,18
2026,Suceava,"Școala Gimnazială „Hatmanul Șendrea”, Dolheștii Mari",6.09,6.3,5.89,16
2026,Suceava,Școala Gimnazială Zamostea,6.08,6.06,6.12,20
2026,Suceava,"Școala Gimnazială „Prof. Nicolae Ignat”, Doroteia",6.08,6.43,5.74,9
2026,Suceava,Școala Gimnazială Băișești,6.07,6.57,5.59,22
2026,Suceava,"Școala Gimnazială „Ion Teodorescu”, Cotârgași",6.06,6.55,5.57,14
2026,Suceava,Școala Gimnazială Ostra,6.06,6.31,5.81,21
2026,Suceava,"Școala Gimnazială „Iorgu G. Toma”, Vama",6.06,6.85,5.26,33
2026,Suceava,"Școala Gimnazială, Crucea",6.05,6.43,5.67,13
2026,Suceava,Școala Gimnazială Dornești,6.04,5.65,6.44,24
2026,Suceava,Școala Gimnazială Todirești,5.99,6.53,5.45,16
2026,Suceava,Școala Gimnazială Țibeni,5.98,6.22,5.74,20
2026,Suceava,"Școala Gimnazială „I.G. Sbiera”, Horodnic de Jos",5.95,6.61,5.3,19
2026,Suceava,"Școala Gimnazială, Berchișești",5.92,5.66,6.18,41
2026,Suceava,Școala Gimnazială Bădeuți,5.91,6.21,5.61,15
2026,Suceava,Școala Gimnazială Bălcăuți,5.9,6.45,5.35,14
2026,Suceava,"Școala Gimnazială Nr. 2, Baia",5.88,5.88,5.88,16
2026,Suceava,Școala Gimnazială Negostina,5.88,6.71,5.06,11
2026,Suceava,Școala Gimnazială Brodina de Sus,5.83,6.45,5.22,12
2026,Suceava,Școala Gimnazială Siminicea,5.83,6.26,5.4,28
2026,Suceava,Liceul cu Program Sportiv Suceava,5.8,6.08,5.54,55
2026,Suceava,Școala Gimnazială Găinești,5.8,6.45,5.16,20
2026,Suceava,Școala Gimnazială Argel,5.8,6.29,5.31,15
2026,Suceava,"Școala Gimnazială „Simion Florea Marian”, Ilișești",5.76,6.22,5.31,19
2026,Suceava,Școala Gimnazială Verești,5.75,5.94,5.55,16
2026,Suceava,"Școala Gimnazială „Nicolae Stoleru”, Baia",5.74,6.17,5.32,36
2026,Suceava,Școala Gimnazială Roșcani,5.74,6.22,5.27,9
2026,Suceava,Școala Gimnazială Buda,5.73,6.32,5.14,8
2026,Suceava,"Școala Gimnazială „Bogdan Vodă”, Capu Codrului",5.72,6.11,5.34,15
2026,Suceava,"Școala Gimnazială „Samuil Isopescul”, Costișa",5.7,5.86,5.54,14
2026,Suceava,"Școala Gimnazială, Satu Mare",5.7,5.73,5.67,25
2026,Suceava,"Școala Gimnazială, Poiana Mărului",5.69,5.91,5.47,16
2026,Suceava,Școala Gimnazială Sadova,5.67,6.12,5.24,14
2026,Suceava,Școala Gimnazială Reuseni,5.67,5.54,5.81,11
2026,Suceava,Școala Gimnazială „Neagra Șarului”,5.66,5.64,5.69,19
2026,Suceava,Școala Gimnazială Rotunda,5.66,6.19,5.14,28
2026,Suceava,"Școala Gimnazială „Ion Pintilie”, Măneuți",5.63,6.05,5.22,17
2026,Suceava,Școala Gimnazială „Clit”,5.6,6.13,5.08,8
2026,Suceava,"Școala Gimnazială, Mitocu Dragomirnei",5.59,5.85,5.33,39
2026,Suceava,"Școala Gimnazială „Ieremia Valahul”, Sasca Mare",5.52,5.61,5.44,12
2026,Suceava,Școala Gimnazială „Orest Renei” Burla,5.51,5.38,5.57,32
2026,Suceava,"Școala Gimnazială „Petru Rareș”, Probota",5.5,5.91,5.09,13
2026,Suceava,Școala Gimnazială Frasin,5.49,5.46,5.53,18
2026,Suceava,"Școala Gimnazială „Dimitrie Vatamaniuc”, Sucevița",5.48,5.37,5.59,10
2026,Suceava,Școala Gimnazială Baineț,5.48,6.29,4.67,6
2026,Suceava,"Școala Gimnazială „Mandache Leocov”, Prelipca",5.47,5.43,5.51,12
2026,Suceava,Școala Gimnazială „Știrbăț”,5.46,5.63,5.31,10
2026,Suceava,"Școala Gimnazială Nr. 1, Bogdănești",5.43,5.84,5.01,13
2026,Suceava,Școala Gimnazială „Moara Nică”,5.41,5.52,5.18,30
2026,Suceava,"Liceul Tehnologic „Nicanor Moroșan”, Pârteștii de Jos",5.4,5.67,5.07,15
2026,Suceava,Școala Gimnazială „Ciprian Porumbescu”,5.39,5.86,4.94,23
2026,Suceava,"Școala Gimnazială, Gemenea",5.39,6.22,4.56,13
2026,Suceava,"Școala Gimnazială, Românești",5.38,5.61,5.17,13
2026,Suceava,"Liceul Tehnologic „Nicolai Nanu”, Broșteni",5.38,5.62,5.14,26
2026,Suceava,"Școala Gimnazială „Petru Mușat”, Siret",5.36,5.88,4.84,22
2026,Suceava,Școala Gimnazială Pâraie,5.34,5.16,5.27,10
2026,Suceava,"Școala Gimnazială „Maria Cantacuzino”, Horodniceni",5.3,5.14,5.45,16
2026,Suceava,Școala Gimnazială Valea Moldovei,5.23,5.69,4.77,46
2026,Suceava,Școala Gimnazială „Ștefan cel Mare” Horodnic de Sus,5.22,5.56,4.86,34
2026,Suceava,"Școala Gimnazială, Valea Glodului",5.21,5.25,5.18,9
2026,Suceava,Școala Gimnazială Negrileasa,5.18,5.45,4.93,4
2026,Suceava,Școala Gimnazială Fântânele,5.15,5.47,4.83,16
2026,Suceava,Școala Gimnazială Humoreni,5.12,4.53,5.7,14
2026,Suceava,Școala Gimnazială Voitinel,5.1,5.31,4.79,79
2026,Suceava,"Școala Gimnazială, Drăgoiești",5.09,5.32,4.86,21
2026,Suceava,Școala Gimnazială Manolea,5.07,5.42,4.73,16
2026,Suceava,Școala Gimnazială Nigotești,5.07,4.86,5.28,11
2026,Suceava,"Școala Gimnazială Călinești, Enache",5.02,5.27,4.78,5
2026,Suceava,"Școala Gimnazială „Constantin Morariu”, Pătrăuți",5.01,5.28,4.75,34
2026,Suceava,Școala Gimnazială „Voievodeasa”,4.88,5.19,4.54,19
2026,Suceava,Școala Gimnazială Mihăiești,4.82,5.22,4.43,11
2026,Suceava,Școala Gimnazială Arghira,4.77,5.39,4.15,12
2026,Suceava,"Școala Gimnazială Poieni, Suceava",4.75,4.78,4.74,6
2026,Suceava,"Școala Gimnazială „Învățător Vasile Hlihor”, Baia",4.71,4.92,4.5,14
2026,Suceava,"Școala Gimnazială „M. Eminescu”, Bănești",4.67,5.01,4.33,22
2026,Suceava,"Școala Gimnazială, Gura Solcii",4.51,4.35,4.68,15
2026,Suceava,Școala Gimnazială „Moara Carp”,4.51,4.84,4.18,5
2026,Suceava,"Școala Gimnazială, Budeni",4.17,4.79,3.55,8
2026,Suceava,"Școala Gimnazială „Învățător Gheorghe Rădășanu”, Bogata",4.08,3.77,4.4,10
2026,Suceava,"Școala Gimnazială Nr. 2, Frătăuții Noi",4.07,4.46,3.68,8
2026,Suceava,Școala Gimnazială Basarabi,3.81,4.21,3.42,13
2026,Suceava,Școala Gimnazială Gulia,3.71,3.57,3.87,24
2026,Suceava,Școala Gimnazială „Sfântu Ilie”,3.64,4.06,3.23,12
2026,Suceava,"Școala Gimnazială „Dimitrie Păcurariu”, Șcheia",3.26,3.16,3.36,16
2026,Sălaj,"Colegiul Național „Silvania”, Zalău",8.87,8.81,8.94,27
2026,Sălaj,"Școala Gimnazială Nr. 1, Bănișor",8.38,8.42,8.34,9
2026,Sălaj,"Liceul Pedagogic „Gheorghe Șincai”, Zalău",7.99,8.27,7.71,17
2026,Sălaj,"Școala Gimnazială „Simion Bărnuțiu”, Zalău",7.96,8.0,7.58,87
2026,Sălaj,"Școala Gimnazială „Mihai Eminescu”, Zalău",7.85,7.95,7.65,163
2026,Sălaj,"Școala Gimnazială „Gheorghe Lazăr”, Zalău",7.82,8.17,7.48,87
2026,Sălaj,"Școala Gimnazială „Báthory István”, Șimleu Silvaniei",7.7,7.6,7.0,28
2026,Sălaj,"Școala Gimnazială „Gyulaffy László”, Cehu Silvaniei",7.59,7.41,6.65,18
2026,Sălaj,"Școala Gimnazială Nr. 1, Vârșolț",7.47,7.69,6.06,7
2026,Sălaj,"Școala Gimnazială Nr. 1, Borla",7.37,6.86,6.38,10
2026,Sălaj,"Școala Gimnazială Nr. 1, Marca",7.32,7.47,7.19,14
2026,Sălaj,"Școala Gimnazială Nr. 1, Hereclean",7.14,7.38,6.9,3
2026,Sălaj,Școala Gimnazială „Archid”,7.06,6.26,6.37,7
2026,Sălaj,"Liceul Reformat „Wesselényi”, Zalău",7.05,6.73,6.09,25
2026,Sălaj,"Școala Gimnazială Nr. 1, Deja",7.05,6.29,6.34,7
2026,Sălaj,"Liceul cu Program Sportiv „Avram Iancu”, Zalău",7.04,7.15,6.93,41
2026,Sălaj,"Școala Gimnazială „Corneliu Coposu”, Zalău",7.0,7.07,6.93,64
2026,Sălaj,"Școala Gimnazială Nr. 1, Valcău de Jos",6.96,7.09,6.83,22
2026,Sălaj,"Școala Gimnazială „Szikszai Lajos”, Șamșud",6.92,6.12,6.43,18
2026,Sălaj,"Liceul de Artă „Ioan Sima”, Zalău",6.9,7.21,6.58,32
2026,Sălaj,"Școala Gimnazială Nr. 1, Băbeni",6.86,7.68,6.05,4
2026,Sălaj,"Școala Gimnazială „Silvania”, Șimleu Silvaniei",6.76,7.01,6.52,68
2026,Sălaj,"Școala Gimnazială „Iuliu Maniu”, Zalău",6.7,6.98,6.42,15
2026,Sălaj,"Școala Gimnazială „Vasile Lucăcel”, Someș Odorhei",6.67,6.98,6.37,14
2026,Sălaj,"Școala Gimnazială „Petri Mor”, Nușfalău",6.58,5.87,5.96,28
2026,Sălaj,"Liceul Ortodox „Sf. Nicolae”, Zalău",6.51,6.69,6.34,25
2026,Sălaj,Liceul Tehnologic nr. 1 Sărmașag,6.51,5.81,5.87,28
2026,Sălaj,"Școala Gimnazială Nr. 1, Boghiș",6.48,5.43,5.86,20
2026,Sălaj,"Școala Gimnazială Porolissum, Zalău",6.4,6.51,6.3,40
2026,Sălaj,"Liceul Tehnologic „Cserey-Goga”, Crasna",6.36,5.95,5.59,48
2026,Sălaj,"Școala Gimnazială „Lucian Blaga”, Jibou",6.3,6.35,6.16,54
2026,Sălaj,Școala Gimnazială Guruslău,6.29,5.83,5.58,2
2026,Sălaj,"Școala Gimnazială „Petre Dulfu”, Sălățig",6.26,6.47,6.07,6
2026,Sălaj,"Liceul Tehnologic „Octavian Goga”, Jibou",6.25,6.49,6.0,40
2026,Sălaj,"Școala Gimnazială Nr. 1, Pericei",6.23,5.38,5.98,29
2026,Sălaj,"Școala Gimnazială Nr. 1, Zimbor",6.22,6.44,6.0,8
2026,Sălaj,"Școala Gimnazială „Horea”, Șimleu Silvaniei",6.17,6.48,5.63,17
2026,Sălaj,"Școala Gimnazială „Marcus Aurelius”, Creaca",6.12,6.73,5.52,9
2026,Sălaj,Școala Profesională SÂG,6.0,5.84,5.78,31
2026,Sălaj,"Școala Gimnazială „Dr. Dimitrie Culcer”, Stârciu",5.95,6.22,5.69,9
2026,Sălaj,"Școala Gimnazială Nr. 1, Letca",5.95,6.36,5.54,5
2026,Sălaj,"Școala Gimnazială „Simion Bărnuțiu”, Bocșa",5.91,6.23,5.59,14
2026,Sălaj,Liceul Tehnologic nr. 1 Surduc,5.9,6.13,5.68,11
2026,Sălaj,"Școala Gimnazială Nr. 1, Măeriște",5.88,6.15,5.62,13
2026,Sălaj,"Școala Gimnazială Nr. 1, Rus",5.78,5.99,5.57,8
2026,Sălaj,"Școala Gimnazială Nr. 1, Făgetu",5.76,5.52,4.81,9
2026,Sălaj,"Școala Gimnazială Nr. 1, Bălan",5.69,6.24,5.13,21
2026,Sălaj,"Școala Gimnazială Nr. 1, Ip",5.66,5.88,5.12,27
2026,Sălaj,"Școala Gimnazială Nr. 1, Dobrin",5.61,5.73,5.49,5
2026,Sălaj,"Școala Gimnazială Nr. 1, Jebucu",5.58,4.53,4.91,6
2026,Sălaj,"Școala Gimnazială, Derșida",5.58,5.86,5.3,8
2026,Sălaj,"Școala Gimnazială Nr. 1, Horoatu Crasnei",5.55,6.03,5.08,10
2026,Sălaj,"Școala Gimnazială Nr. 1, Cristolț",5.55,6.75,4.35,1
2026,Sălaj,"Școala Gimnazială Nr. 1, Camăr",5.54,3.95,4.9,16
2026,Sălaj,"Școala Gimnazială „Andrei Mureșanu”, Cehu Silvaniei",5.53,6.18,4.88,28
2026,Sălaj,"Școala Gimnazială Nr. 1, Carastelec",5.52,4.16,4.77,16
2026,Sălaj,"Școala Gimnazială Nr. 1, Agrij",5.47,5.87,5.08,9
2026,Sălaj,"Școala Gimnazială Nr. 1, Aghireș",5.46,5.85,5.08,6
2026,Sălaj,"Școala Gimnazială Nr. 1, Coșeiu",5.45,5.95,4.95,3
2026,Sălaj,"Școala Gimnazială Nr. 1, Plopiș",5.45,5.2,5.7,11
2026,Sălaj,"Școala Gimnazială Nr. 1, Zalha",5.45,5.57,5.33,3
2026,Sălaj,"Școala Gimnazială „Avram Iancu”, Halmășd",5.44,5.45,5.43,16
2026,Sălaj,"Școala Gimnazială „Aurelia și Lazăr Cosma”, Treznea",5.4,5.02,5.79,6
2026,Sălaj,"Școala Gimnazială, Meseșenii de Sus",5.38,5.07,5.7,9
2026,Sălaj,Liceul Tehnologic nr. 1 Gâlgău,5.38,5.61,5.16,28
2026,Sălaj,"Școala Gimnazială „Avram Iancu”, Aluniș",5.33,5.34,5.32,7
2026,Sălaj,"Liceul Tehnologic „Liviu Rebreanu”, Hida",5.22,5.28,5.18,20
2026,Sălaj,"Școala Gimnazială „Traian Crețu”, Năpradea",5.19,5.62,4.77,12
2026,Sălaj,"Școala Gimnazială Nr. 1, Românași",5.16,5.09,5.09,24
2026,Sălaj,"Școala Gimnazială „Gheorghe Șincai”, Bobota",5.11,5.03,5.2,5
2026,Sălaj,"Liceul Tehnologic „Ioachim Pop”, Ileanda",4.87,5.25,4.49,12
2026,Sălaj,"Școala Gimnazială „Vasile Breban”, Crișeni",4.85,5.05,4.65,13
2026,Sălaj,"Școala Gimnazială Nr. 2, Sărmășag",4.84,5.22,4.47,7
2026,Sălaj,"Școala Gimnazială Nr. 1, Buciumi",4.67,5.03,4.31,27
2026,Sălaj,"Școala Gimnazială „Horea Cizer”,",4.65,5.46,3.84,7
2026,Sălaj,"Școala Gimnazială Nr. 1, Gârbou",4.61,4.56,4.27,9
2026,Sălaj,"Școala Gimnazială Nr. 1, Mirșid",4.46,4.88,4.03,12
2026,Sălaj,"Școala Gimnazială „Ady Endre”, Lompirt",4.38,3.25,3.77,6
2026,Sălaj,"Școala Gimnazială Nr. 1, Chieșd",4.31,4.5,4.12,16
2026,Sălaj,"Școala Gimnazială Nr. 1, Sânmihaiu Almașului",4.31,4.83,3.78,14
2026,Sălaj,"Școala Gimnazială Nr. 1, Șimișna",4.29,4.41,4.16,5
2026,Sălaj,"Școala Gimnazială Nr. 1, Lozna",4.24,4.09,4.39,5
2026,Sălaj,"Școala Gimnazială Nr. 1, Almașu",4.05,4.63,3.34,9
2026,Sălaj,Școala Gimnazială Iaz,3.88,3.65,4.11,6
2026,Sălaj,"Școala Gimnazială Nr. 1, Dragu",3.79,4.07,3.51,8
2026,Sălaj,"Școala Gimnazială, Giurtelecu Șimleului",3.72,3.88,3.57,4
2026,Sălaj,"Școala Gimnazială „Petre Hossu”, Cheud",3.71,3.68,3.75,3
2026,Sălaj,"Școala Gimnazială „Gheorghe Munteanu”, Poiana Blenchii",3.61,3.67,3.05,5
2026,Sălaj,"Școala Gimnazială „George Coșbuc”, Zalău",3.36,3.63,3.09,11
2026,Sălaj,"Școala Gimnazială Nr. 1, Fildu de Mijloc",3.14,2.95,3.33,10
2026,Sălaj,"Școala Gimnazială Nr. 1, Cuzăplac",3.09,2.99,3.15,9
2026,Sălaj,"Școala Gimnazială, Valcău de Sus",3.05,3.11,3.0,5
2026,Sălaj,"Școala Gimnazială Nr. 1, Pusta",2.23,1.79,2.74,47
2026,Sălaj,Centrul Școlar Pentru Educație Incluzivă „Speranța”,2.22,2.31,2.13,4
2026,Teleorman,"Școala Gimnazială „Mihai Viteazul”, Alexandria",8.03,8.25,7.81,82
2026,Teleorman,"Școala Gimnazială „Ștefan cel Mare”, Alexandria",7.7,7.95,7.46,109
2026,Teleorman,"Școala Gimnazială „Ion Preotu”, Troianul",7.56,8.13,6.98,12
2026,Teleorman,"Școala Gimnazială „Mihai Eminescu”, Roșiori de Vede",7.36,7.51,7.22,59
2026,Teleorman,"Școala Gimnazială Nr. 7, Alexandria",7.09,7.33,6.85,49
2026,Teleorman,"Școala Gimnazială „Mihai Eminescu”, Alexandria",7.03,7.37,6.69,67
2026,Teleorman,"Școala Gimnazială Nr. 1, Videle",7.01,6.75,7.27,56
2026,Teleorman,"Școala Gimnazială „Miron Radu Paraschivescu”, Zimnicea",6.94,7.06,6.83,23
2026,Teleorman,"Școala Gimnazială, Vitănești",6.9,5.88,7.93,12
2026,Teleorman,"Școala Gimnazială Nr. 2, Orbeasca de Jos",6.89,7.25,6.53,12
2026,Teleorman,"Școala Gimnazială „Zaharia Stancu”, Roșiori de Vede",6.86,7.07,6.65,56
2026,Teleorman,Școala Gimnazială Moșteni,6.8,6.63,6.97,10
2026,Teleorman,"Liceul Teoretic „Marin Preda”, Turnu Măgurele",6.68,6.92,6.44,45
2026,Teleorman,Școala Gimnazială Gălăteni,6.68,6.96,6.39,19
2026,Teleorman,"Școala Gimnazială „Mircea cel Bătrân”, Turnu Măgurele",6.63,7.15,6.13,52
2026,Teleorman,"Școala Gimnazială Uda, Clocociov",6.57,6.85,6.3,1
2026,Teleorman,"Școala Gimnazială, Vedea",6.47,7.2,5.76,12
2026,Teleorman,Școala Gimnazială Băbăița,6.4,6.27,6.54,20
2026,Teleorman,Școala Gimnazială Sârbeni,6.39,6.94,5.85,12
2026,Teleorman,"Școala Gimnazială „Anghel Manolache”, Scrioaștea",6.34,6.17,6.52,17
2026,Teleorman,"Școala Gimnazială Nr. 2, Videle",6.34,6.5,6.19,30
2026,Teleorman,Școala Gimnazială Talpa,6.33,7.53,5.13,13
2026,Teleorman,"Școala Gimnazială Nr. 2, Zimnicea",6.23,6.73,5.72,18
2026,Teleorman,"Școala Gimnazială „Sfinții Voievozi”, Bragadiru",6.22,6.97,5.47,14
2026,Teleorman,Școala Gimnazială Purani,5.99,6.81,5.19,9
2026,Teleorman,"Școala Gimnazială Nr. 4, Turnu Măgurele",5.99,5.72,6.17,36
2026,Teleorman,Școala Gimnazială Viișoara,5.94,5.37,6.52,8
2026,Teleorman,"Școala Gimnazială „Alexandru Colfescu”, Alexandria",5.93,6.0,5.87,40
2026,Teleorman,Școala Gimnazială Frăsinet,5.93,6.56,5.3,10
2026,Teleorman,"Școala Gimnazială, Drăgănești de Vede",5.92,6.3,5.54,15
2026,Teleorman,Școala Gimnazială Segarcea Vale,5.92,6.46,5.38,11
2026,Teleorman,Școala Gimnazială Năsturelu,5.86,5.92,5.81,10
2026,Teleorman,"Școala Gimnazială Nr. 1, Lunca",5.85,6.08,5.61,16
2026,Teleorman,"Școala Gimnazială Nr. 1, Dobrotești",5.79,6.24,5.35,27
2026,Teleorman,"Școala Gimnazială „Alexandru Depărățeanu”, Roșiori de Vede",5.73,5.68,5.79,9
2026,Teleorman,"Școala Gimnazială Nr. 1, Măldăeni",5.72,5.64,5.8,20
2026,Teleorman,"Școala Gimnazială, Pietroșani",5.69,5.61,5.77,16
2026,Teleorman,"Școala Gimnazială Nr. 3, Lăceni",5.68,6.16,5.22,11
2026,Teleorman,"Școala Gimnazială, Necșești",5.68,5.3,6.05,4
2026,Teleorman,Școala Gimnazială Drăcșenei,5.66,5.44,5.53,8
2026,Teleorman,"Școala Gimnazială, Siliștea",5.64,5.89,5.4,10
2026,Teleorman,Școala Gimnazială Balaci,5.63,5.58,5.68,8
2026,Teleorman,Școala Gimnazială Călmățuiu,5.62,5.79,5.46,8
2026,Teleorman,Școala Gimnazială Măgura,5.61,6.1,5.03,16
2026,Teleorman,Școala Gimnazială Săceni,5.59,5.39,5.79,4
2026,Teleorman,Școala Gimnazială Mavrodin,5.56,5.66,5.48,6
2026,Teleorman,"Școala Gimnazială „I. Gh. Duca”, Țigănești",5.54,5.32,5.77,12
2026,Teleorman,Școala Gimnazială Izvoarele,5.54,5.63,5.45,12
2026,Teleorman,"Școala Gimnazială Nr. 1, Poeni",5.51,5.68,5.34,19
2026,Teleorman,"Școala Gimnazială, Conțești",5.47,5.96,4.99,13
2026,Teleorman,"Școala Gimnazială „Eftimie Croitoru”, Sfințești",5.46,5.65,5.28,9
2026,Teleorman,Școala Gimnazială Dracea,5.46,6.33,4.58,8
2026,Teleorman,"Școala Gimnazială, Salcia",5.45,5.55,5.35,14
2026,Teleorman,Școala Gimnazială Smârdioasa,5.45,5.79,5.11,8
2026,Teleorman,Școala Gimnazială Crângu,5.45,5.68,5.23,2
2026,Teleorman,Școala Gimnazială Buzescu,5.39,5.99,4.8,11
2026,Teleorman,Școala Gimnazială Bujoru,5.38,6.37,4.39,17
2026,Teleorman,"Școala Gimnazială „Marin Preda”, Siliștea Gumești",5.38,5.51,5.25,13
2026,Teleorman,"Școala Gimnazială Nr. 1, Olteni",5.36,5.16,5.38,20
2026,Teleorman,Școala Gimnazială Vârtoape,5.36,5.76,4.96,16
2026,Teleorman,Școala Gimnazială Cervenia,5.35,5.81,4.89,11
2026,Teleorman,"Școala Gimnazială Nr. 1, Orbeasca",5.34,5.45,5.24,21
2026,Teleorman,Școala Gimnazială Fântânele,5.34,5.36,5.31,4
2026,Teleorman,"Liceul Tehnologic „Andrei Șaguna”, Botoroaga",5.32,5.68,4.94,28
2026,Teleorman,"Școala Gimnazială Nr. 2, Turnu Măgurele",5.32,6.55,4.09,9
2026,Teleorman,"Școala Gimnazială Nr. 1, Islaz",5.31,5.34,5.29,20
2026,Teleorman,Școala Gimnazială „Lisa”,5.28,4.95,5.61,5
2026,Teleorman,Școala Gimnazială Bujoreni,5.26,5.85,4.68,7
2026,Teleorman,"Școala Gimnazială Nr. 2, Cosmești",5.24,5.64,4.69,16
2026,Teleorman,Școala Gimnazială Stejaru,5.19,5.28,5.11,11
2026,Teleorman,"Școala Gimnazială „Gala Galaction”, Didești",5.17,5.58,4.76,5
2026,Teleorman,Școala Gimnazială Ciolănești,5.16,5.7,4.61,19
2026,Teleorman,Școala Gimnazială „Gratia”,5.1,5.47,4.74,13
2026,Teleorman,Școala Gimnazială Furculești,5.05,5.6,4.51,8
2026,Teleorman,"Școala Gimnazială, Tătărăștii de Sus",5.03,4.98,5.09,15
2026,Teleorman,Școala Gimnazială Crevenicu,4.98,5.49,4.49,10
2026,Teleorman,"Școala Gimnazială Nr. 1, Blejești",4.98,5.19,4.78,16
2026,Teleorman,Școala Gimnazială Plosca,4.97,5.15,4.81,19
2026,Teleorman,Școala Gimnazială Călinești,4.96,5.29,4.65,21
2026,Teleorman,Școala Gimnazială Brânceni,4.96,5.03,4.89,7
2026,Teleorman,"Școala Gimnazială, Piatra",4.94,4.96,4.69,18
2026,Teleorman,"Școala Profesională, Saelele",4.93,5.0,4.85,13
2026,Teleorman,"Școala Gimnazială, Tătărăștii de Jos",4.91,4.85,4.97,21
2026,Teleorman,"Școala Gimnazială „Plopii”, Slăvitești",4.89,5.37,4.42,16
2026,Teleorman,Școala Gimnazială „Bogdana”,4.82,5.15,4.5,13
2026,Teleorman,"Școala Gimnazială „Învățător Marin Bunescu”, Suhaia",4.8,5.28,4.33,9
2026,Teleorman,Școala Gimnazială Slobozia Mândra,4.78,4.43,4.72,9
2026,Teleorman,Școala Gimnazială Nanov,4.71,4.6,4.83,2
2026,Teleorman,Școala Gimnazială Rădoiești,4.64,5.2,4.08,10
2026,Teleorman,"Școala Gimnazială Nr. 1, Mârzănești",4.63,5.59,3.68,10
2026,Teleorman,"Școala Gimnazială „Grigore Dimitrie Ghica”, Peretu",4.62,5.01,4.24,18
2026,Teleorman,"Școala Gimnazială, Putineiu",4.59,5.12,4.06,13
2026,Teleorman,"Școala Gimnazială, Drăgănești-Vlașca",4.58,4.99,4.18,17
2026,Teleorman,"Școala Gimnazială, Călmățuiu de Sus",4.52,4.68,4.37,10
2026,Teleorman,Școala Gimnazială Scurtu Mare,4.49,4.75,4.23,9
2026,Teleorman,Școala Gimnazială Crângeni,4.46,4.95,3.97,18
2026,Teleorman,"Școala Gimnazială „Vasile Racottă”, Ștorobăneasa",4.4,4.35,4.33,24
2026,Teleorman,Școala Gimnazială Trivalea Moșteni,4.4,4.52,4.29,11
2026,Teleorman,Școala Gimnazială Răsmirești,4.36,4.1,4.58,6
2026,Teleorman,Școala Gimnazială Poroschia,4.32,4.86,3.79,10
2026,Teleorman,"Școala Gimnazială Nr. 3, Zimnicea",4.14,4.46,3.84,33
2026,Teleorman,"Școala Gimnazială, Mereni",4.14,4.27,4.01,21
2026,Teleorman,Școala Gimnazială Seaca,4.11,4.66,3.57,10
2026,Teleorman,Școala Gimnazială Nenciulești,4.1,4.45,3.75,8
2026,Teleorman,Școala Gimnazială Beuca,4.07,3.58,4.0,2
2026,Teleorman,"Școala Gimnazială „Dan Berindei”, Roșiori de Vede",4.06,4.01,4.11,9
2026,Teleorman,Școala Gimnazială Beciu,3.9,3.93,3.88,11
2026,Teleorman,"Școala Gimnazială „Alexandru Bădăuță”, Zâmbreasca",3.77,4.53,3.02,3
2026,Teleorman,Școala Gimnazială Frumoasa,3.57,3.85,3.3,6
2026,Teleorman,"Școala Gimnazială Nr. 2, Prundu",3.02,3.08,2.96,12
2026,Teleorman,"Școala Gimnazială Nr. 2, Perii Broșteni",2.67,2.46,2.88,4
2026,Timiș,"Colegiul Național „Constantin Diaconovici Loga”, Timișoara",9.4,9.39,9.41,56
2026,Timiș,"Liceul Teoretic „Grigore Moisil”, Timișoara",8.75,8.72,8.78,155
2026,Timiș,"Colegiul Național Pedagogic „Carmen Sylva”, Timișoara",8.65,8.72,8.58,77
2026,Timiș,"Liceul Montessori, Timișoara",8.51,8.66,8.43,9
2026,Timiș,"Școala Gimnazială Nr. 16 „Take Ionescu”, Timișoara",8.49,8.7,8.29,107
2026,Timiș,"Liceul Teoretic „Nikolaus Lenau”, Timișoara",8.44,8.5,8.03,119
2026,Timiș,"Colegiul Național Bănățean, Timișoara",8.44,8.51,8.35,163
2026,Timiș,Liceul Teologic Baptist Timișoara,8.19,8.19,8.19,29
2026,Timiș,"Școala Gimnazială Nr. 24, Timișoara",8.13,8.36,7.9,182
2026,Timiș,"Școala Gimnazială Nr. 30, Timișoara",8.11,8.26,7.97,240
2026,Timiș,"Liceul Teoretic „Babel”, Timișoara",8.07,8.06,8.08,33
2026,Timiș,Liceul Waldorf Timișoara,7.9,8.16,7.64,52
2026,Timiș,"Liceul Teoretic „Coriolan Brediceanu”, Lugoj",7.88,8.16,7.6,49
2026,Timiș,"Liceul Teoretic „Bartók Béla”, Timișoara",7.88,8.41,7.25,36
2026,Timiș,Liceul Teologic Ortodox „Sfântul Antim Ivireanu” Timișoara,7.85,8.13,7.58,48
2026,Timiș,"Școala Gimnazială, Dumbrăvița",7.79,7.81,7.78,120
2026,Timiș,"Liceul Teoretic Socrates, Timișoara",7.77,7.74,7.8,7
2026,Timiș,"Școala Gimnazială Nr. 19 „Avram Iancu”, Timișoara",7.67,7.97,7.37,171
2026,Timiș,"Școala Gimnazială Nr. 2, Timișoara",7.62,7.92,7.32,68
2026,Timiș,"Liceul Teoretic „Harul”, Lugoj",7.54,7.8,7.28,16
2026,Timiș,"Liceul Teoretic „Wendy Kids”, Timișoara",7.48,8.02,6.94,19
2026,Timiș,"Liceul Teoretic „David Voniga”, Giroc",7.47,7.61,7.35,78
2026,Timiș,"Liceul Teoretic „William Shakespeare”, Timișoara",7.47,7.67,7.27,84
2026,Timiș,"Liceul Teologic Penticostal Logos, Timișoara",7.39,7.47,7.33,26
2026,Timiș,"Școala Gimnazială Nr. 7 „Sfânta Maria”, Timișoara",7.35,7.57,7.14,156
2026,Timiș,"Școala Gimnazială Nr. 18, Timișoara",7.31,7.58,7.04,62
2026,Timiș,"Liceul Teoretic „Jean Louis Calderon”, Timișoara",7.21,7.44,6.97,43
2026,Timiș,"Școala Gimnazială Nr. 13, Timișoara",7.2,7.41,7.0,71
2026,Timiș,"Liceul Teoretic „Dositei Obradovici”, Timișoara",7.13,7.47,6.69,7
2026,Timiș,"Liceul Teoretic „Iulia Hașdeu”, Lugoj",7.07,7.68,6.45,31
2026,Timiș,"Școala Gimnazială Nr. 25, Timișoara",7.01,7.29,6.73,76
2026,Timiș,"Școala Gimnazială Nr. 6, Timișoara",6.93,7.31,6.56,54
2026,Timiș,"Școala Gimnazială Nr. 21 „Vicențiu Babeș”, Timișoara",6.92,7.27,6.59,47
2026,Timiș,Școala Gimnazială Utvin,6.88,7.22,6.54,26
2026,Timiș,"Școala Gimnazială Nr. 27, Timișoara",6.86,7.38,6.35,87
2026,Timiș,Școala Gimnazială Ghiroda,6.83,7.0,6.66,18
2026,Timiș,Școala Gimnazială Moșnița Nouă,6.79,7.1,6.49,64
2026,Timiș,"Școala Gimnazială, Hodoni",6.77,6.99,6.56,12
2026,Timiș,"Școala Gimnazială, Giarmata",6.76,7.12,6.4,30
2026,Timiș,"Școala Gimnazială „Domino Servite”, Voiteg",6.75,6.99,6.52,5
2026,Timiș,"Liceul Teoretic „Vlad Țepeș”, Timișoara",6.66,7.04,6.29,19
2026,Timiș,"Școala Gimnazială „Eftimie Murgu”, Lugoj",6.65,7.05,6.25,51
2026,Timiș,Școala Gimnazială Șag,6.64,7.33,5.96,12
2026,Timiș,"Școala Gimnazială, Remetea Mare",6.49,6.8,6.19,17
2026,Timiș,"Școala Gimnazială „Nestor Oprean” Nr. 2, Sânnicolau Mare",6.46,6.65,6.21,70
2026,Timiș,"Liceul de Artă „Ion Vidu”, Timișoara",6.43,7.02,5.84,34
2026,Timiș,"Școala Gimnazială „Martin Șuboni”, Jebel",6.39,6.96,5.84,21
2026,Timiș,"Școala Gimnazială Nr. 2, Lugoj",6.38,6.77,6.0,39
2026,Timiș,Liceul Teoretic Buziaș,6.38,6.92,5.84,32
2026,Timiș,"Școala Gimnazială „Anișoara Odeanu”, Lugoj",6.31,6.5,6.01,64
2026,Timiș,"Școala Gimnazială „Iosif Ciorogariu”, Chișoda",6.27,6.37,6.18,25
2026,Timiș,Liceul de Arte Plastice Timișoara,6.27,6.54,5.99,17
2026,Timiș,Școala Gimnazială „Gelu”,6.26,7.29,5.24,11
2026,Timiș,"Liceul Teoretic „Traian Vuia”, Făget",6.24,6.58,5.91,82
2026,Timiș,"Școala Gimnazială, Topolovățu Mare",6.2,6.74,5.66,20
2026,Timiș,Școala Gimnazială Bucovăț,6.2,6.17,6.23,18
2026,Timiș,Școala Gimnazială Dumbrava,6.17,6.49,5.86,15
2026,Timiș,Liceul Teoretic Recaș,6.17,6.39,5.95,36
2026,Timiș,"Școala Gimnazială, Izvin",6.13,6.25,6.02,16
2026,Timiș,"Școala Gimnazială Nr. 4, Lugoj",6.13,6.48,5.79,54
2026,Timiș,Școala Gimnazială Dudeștii Noi,6.1,6.53,5.68,31
2026,Timiș,"Școala Gimnazială Nr. 12, Timișoara",6.09,6.89,5.16,44
2026,Timiș,Școala Gimnazială Otelec,6.08,4.98,5.72,3
2026,Timiș,Liceul Teoretic Periam,6.07,6.54,5.6,23
2026,Timiș,Școala Gimnazială Mașloc,6.07,6.62,5.51,26
2026,Timiș,"Școala Gimnazială, Darova",6.05,6.08,6.02,16
2026,Timiș,Liceul Teoretic Gătaia,6.04,6.24,5.83,35
2026,Timiș,"Școala Gimnazială, Gottlob",6.01,6.34,5.68,12
2026,Timiș,"Școala Gimnazială „Dimitrie Țichindeal”, Becicherecu Mic",6.01,6.1,5.92,22
2026,Timiș,"Școala Gimnazială „Sorin Leia”, Tomești",6.0,6.44,5.57,8
2026,Timiș,"Liceul Teologic Romano-Catolic „Gerhardinum”, Timișoara",6.0,6.24,5.66,27
2026,Timiș,"Liceul cu Program Sportiv „Banatul”, Timișoara",5.93,5.89,5.98,50
2026,Timiș,"Școala Gimnazială, Jimbolia",5.9,5.84,5.93,56
2026,Timiș,Școala Gimnazială Orțișoara,5.85,6.35,5.34,27
2026,Timiș,"Școala Gimnazială de Muzică „Filaret Barbu”, Lugoj",5.84,6.62,5.06,15
2026,Timiș,Școala Gimnazială Știuca,5.83,5.92,5.75,32
2026,Timiș,"Liceul Teoretic „Alexandru Mocioni”, Ciacova",5.79,6.1,5.48,31
2026,Timiș,Școala Gimnazială Săcălaz,5.73,5.79,5.68,30
2026,Timiș,Școala Gimnazială „Crai Nou”,5.69,5.53,5.86,8
2026,Timiș,"Școala Gimnazială, Curtea",5.66,5.78,5.55,6
2026,Timiș,"Școala Gimnazială, Birda",5.66,6.3,5.03,10
2026,Timiș,Școala Gimnazială Ghizela,5.64,6.02,5.27,7
2026,Timiș,Școala Gimnazială Șandra,5.62,6.38,4.86,18
2026,Timiș,"Școala Gimnazială, Sânmihaiu Român",5.62,5.76,5.48,19
2026,Timiș,"Școala Gimnazială Nr. 20, Timișoara",5.62,5.97,5.26,22
2026,Timiș,"Școala Gimnazială „Theodor Bucurescu” Nr. 1, Sânnicolau Mare",5.61,5.9,5.32,52
2026,Timiș,"Școala Gimnazială, Sânandrei",5.6,5.67,5.54,28
2026,Timiș,"Școala Gimnazială, Jamu Mare",5.6,6.75,4.46,11
2026,Timiș,Școala Gimnazială Cenei,5.59,5.8,5.38,17
2026,Timiș,Școala Gimnazială Iecea Mare,5.58,5.86,5.3,13
2026,Timiș,"Școala Gimnazială „George Gârda”, Mănăștiur",5.57,5.75,5.4,16
2026,Timiș,Școala Gimnazială Foeni,5.56,5.97,5.16,10
2026,Timiș,"Liceul Tehnologic „Romulus Paraschivoiu”, Lovrin",5.56,5.92,5.2,29
2026,Timiș,Școala Gimnazială Lenauheim,5.55,5.51,5.6,11
2026,Timiș,Școala Gimnazială Tormac,5.53,5.77,5.35,14
2026,Timiș,Școala Gimnazială Moravița,5.52,5.69,5.35,15
2026,Timiș,"Școala Gimnazială, Beregsău Mare",5.51,5.71,5.32,17
2026,Timiș,Școala Gimnazială Liebling,5.49,6.07,4.92,37
2026,Timiș,"Școala Gimnazială, Satchinez",5.48,5.53,5.29,25
2026,Timiș,Școala Gimnazială Răchita,5.48,6.04,4.92,9
2026,Timiș,Școala Gimnazială Voiteg,5.47,6.01,4.81,10
2026,Timiș,"Școala Gimnazială, Parța",5.45,5.75,5.16,22
2026,Timiș,Școala Gimnazială Bulgăruș,5.42,5.88,4.96,12
2026,Timiș,Școala Gimnazială Ghilad,5.38,5.75,5.01,20
2026,Timiș,"Școala Gimnazială, Nițchidorf",5.36,5.63,5.09,9
2026,Timiș,Școala Gimnazială Coșteiu,5.34,5.42,5.27,17
2026,Timiș,"Școala Gimnazială „Nicolae Groza”, Fibiș",5.33,6.07,4.59,15
2026,Timiș,Liceul Teoretic Peciu Nou,5.25,5.36,5.09,58
2026,Timiș,Școala Gimnazială Fârdea,5.24,5.16,5.33,12
2026,Timiș,"Liceul Teoretic „Sfinții Kiril și Metodii”, Dudeștii Vechi",5.17,5.42,4.92,30
2026,Timiș,"Școala Gimnazială, Carani",5.16,5.38,4.95,18
2026,Timiș,"Școala Gimnazială, Criciova",5.16,5.58,4.75,9
2026,Timiș,"Școala Gimnazială, Ohaba Lungă",5.16,5.49,4.84,10
2026,Timiș,Școala Gimnazială Biled,5.09,5.45,4.73,15
2026,Timiș,Școala Gimnazială Sudriaș,5.08,5.6,4.57,15
2026,Timiș,"Școala Gimnazială „Sorin Titel”, Margina",5.07,5.12,5.02,15
2026,Timiș,Școala Gimnazială Valcani,5.06,5.05,5.08,11
2026,Timiș,"Școala Gimnazială, Belinț",5.06,5.08,5.04,17
2026,Timiș,"Școala Gimnazială, Livezile",5.03,5.41,4.66,10
2026,Timiș,Școala Gimnazială Uivar,5.03,5.02,4.95,22
2026,Timiș,Școala Gimnazială „Șipet”,5.02,5.2,4.84,9
2026,Timiș,Liceul Tehnologic Transporturi Auto Timișoara,5.01,4.92,5.12,13
2026,Timiș,Școala Gimnazială Cărpiniș,4.99,5.13,4.85,29
2026,Timiș,Școala Gimnazială Giulvăz,4.97,5.16,4.78,5
2026,Timiș,"Școala Gimnazială, Pietroasa",4.96,4.75,5.17,6
2026,Timiș,Școala Gimnazială Iohanisfeld,4.95,5.26,4.64,8
2026,Timiș,"Liceul Tehnologic „Sfântu Nicolae”, Deta",4.93,5.22,4.65,47
2026,Timiș,"Școala Gimnazială, Balinț",4.93,5.36,4.5,12
2026,Timiș,"Școala Gimnazială Ing. „Anghel Saligny”, Banloc",4.9,5.12,4.69,14
2026,Timiș,Școala Gimnazială Boldur,4.88,4.95,4.82,15
2026,Timiș,Școala Gimnazială Găvojdia,4.86,5.14,4.6,11
2026,Timiș,"Școala Gimnazială, Teremia Mare",4.86,5.34,4.38,25
2026,Timiș,Școala Gimnazială Beba Veche,4.85,4.83,4.87,9
2026,Timiș,Școala Gimnazială Racovița,4.81,5.41,4.21,11
2026,Timiș,Școala Gimnazială Cenad,4.78,5.1,4.46,18
2026,Timiș,Școala Gimnazială Bethausen,4.76,4.89,4.63,29
2026,Timiș,Școala Gimnazială Tomnatic,4.73,5.04,4.42,23
2026,Timiș,"Școala Gimnazială „Milivoi Trifunschi”, Sânpetru Mare",4.71,4.76,4.67,10
2026,Timiș,Școala Gimnazială Variaș,4.7,4.7,4.7,36
2026,Timiș,Școala Gimnazială Bacova,4.63,5.44,3.83,7
2026,Timiș,"Școala Gimnazială, Pișchia",4.58,4.34,3.93,7
2026,Timiș,"Școala Gimnazială, Sacoșu Turcesc",4.56,5.13,4.0,9
2026,Timiș,"Școala Gimnazială „Maria Brindea”, Pesac",4.53,4.98,4.09,13
2026,Timiș,Școala Gimnazială Bencecu de Sus,4.46,4.56,4.36,4
2026,Timiș,"Școala Gimnazială, Denta",4.46,5.24,3.68,10
2026,Timiș,Școala Gimnazială Bârna,4.39,4.57,4.21,11
2026,Timiș,"Liceul Tehnologic „Traian Grozăvescu”, Nădrag",4.37,4.87,3.87,13
2026,Timiș,Școala Gimnazială Giera,4.33,4.31,4.35,5
2026,Timiș,Școala Gimnazială Comloșu Mare,4.26,4.38,4.14,33
2026,Timiș,Școala Gimnazială Pădureni,4.25,4.44,4.02,16
2026,Timiș,"Școala Gimnazială „Academician Profesor Doctor Munteanu Ioan”, Igriș",4.17,4.18,4.17,7
2026,Timiș,Școala Gimnazială Brestovăț,4.15,5.05,3.25,3
2026,Timiș,Școala Gimnazială Petroasa Mare,4.11,4.54,3.69,8
2026,Timiș,"Școala Gimnazială, Checea",4.08,4.33,3.84,9
2026,Timiș,"Școala Gimnazială Nr. 15, Timișoara",4.03,4.39,3.67,18
2026,Timiș,Școala Gimnazială Uliuc,3.95,4.13,3.78,5
2026,Timiș,"Școala Gimnazială Nr. 1, Timișoara",3.94,3.94,3.95,17
2026,Timiș,"Școala Gimnazială Nr. 4, Timișoara",3.87,3.69,4.05,13
2026,Timiș,"Liceul Teoretic Special Iris, Timișoara",3.83,4.26,3.41,10
2026,Timiș,Școala Gimnazială Chevereșu Mare,3.83,4.11,3.56,7
2026,Timiș,"Școala Gimnazială, Sărăvăle",3.61,4.24,2.99,23
2026,Timiș,Școala Gimnazială Grabăț,3.53,3.35,3.71,11
2026,Timiș,Școala Gimnazială „Victor Vlad Delamarina”,3.35,3.7,3.0,3
2026,Tulcea,"Liceul Teoretic „Grigore Moisil”, Tulcea",8.26,8.5,8.04,54
2026,Tulcea,Școala Gimnazială „Slava Cercheză”,8.04,8.25,7.84,5
2026,Tulcea,"Colegiul Național „Spiru Haret”, Tulcea",7.92,8.04,7.8,50
2026,Tulcea,"Școala Gimnazială „Alexandru Ciucurencu”, Tulcea",7.6,7.96,7.25,108
2026,Tulcea,"Școala Gimnazială, Sfântu Gheorghe",7.46,7.78,7.15,3
2026,Tulcea,"Școala Gimnazială „Elena Doamna”, Tulcea",7.38,7.79,6.96,50
2026,Tulcea,"Școala Gimnazială, Jurilovca",7.36,8.16,6.56,14
2026,Tulcea,"Școala Gimnazială Nr. 12, Tulcea",7.22,7.25,7.19,76
2026,Tulcea,"Școala Gimnazială „Ion Luca Caragiale”, Tulcea",6.92,7.62,6.22,43
2026,Tulcea,"Școala Profesională „Vasile Bacalu”, Mahmudia",6.88,7.23,6.53,15
2026,Tulcea,"Liceul Teoretic „Ion Creangă”, Tulcea",6.72,7.12,6.32,23
2026,Tulcea,"Școala Gimnazială „Mircea cel Bătrân”, Babadag",6.57,6.93,6.2,34
2026,Tulcea,"Școala Gimnazială „Nifon Bălășescu”, Tulcea",6.52,6.95,6.1,40
2026,Tulcea,"Școala Gimnazială „Constantin Găvenea”, Tulcea",6.44,6.74,6.15,52
2026,Tulcea,Școala Gimnazială Văcăreni,6.41,6.98,5.84,9
2026,Tulcea,"Școala Gimnazială „Nichifor Ludovig”, Niculițel",6.38,7.07,5.7,37
2026,Tulcea,Școala Gimnazială „Horia”,6.35,6.5,6.21,9
2026,Tulcea,"Școala Gimnazială „Nicolae Iorga”, Grindu",6.35,6.54,6.16,9
2026,Tulcea,Școala Gimnazială Maliuc,6.3,7.0,5.6,2
2026,Tulcea,Școala Gimnazială Stejaru,6.27,6.86,5.7,11
2026,Tulcea,"Școala Gimnazială „Gheorghe Banea”, Măcin",6.24,6.57,5.83,52
2026,Tulcea,"Liceul Tehnologic „Simion Leonescu”, Luncavița",6.21,6.65,5.78,15
2026,Tulcea,"Liceul de Arte „George Georgescu”, Tulcea",6.15,6.5,5.81,23
2026,Tulcea,"Școala Gimnazială „Dobre Vlădescu”, Turcoaia",6.12,6.73,5.52,16
2026,Tulcea,Școala Gimnazială Beidaud,6.03,6.46,5.6,14
2026,Tulcea,"Școala Gimnazială, Ceamurlia de Jos",5.97,6.43,5.53,11
2026,Tulcea,"Liceul Teoretic „Constantin Brătescu”, Isaccea",5.95,6.19,5.72,28
2026,Tulcea,Școala Gimnazială „Mihail Kogălniceanu”,5.92,5.67,6.17,19
2026,Tulcea,"Școala Gimnazială „Ioan Nenițescu”, Tulcea",5.83,6.0,5.65,12
2026,Tulcea,"Școala Gimnazială, Jijila",5.81,6.03,5.6,19
2026,Tulcea,"Școala Gimnazială, Chilia Veche",5.8,5.8,5.81,11
2026,Tulcea,"Liceul Teoretic „Jean Bart”, Sulina",5.68,5.85,5.52,17
2026,Tulcea,"Școala Gimnazială „Traian Coșovei”, Somova",5.67,6.48,4.87,22
2026,Tulcea,Școala Gimnazială Sălcioara,5.63,5.78,5.48,2
2026,Tulcea,Școala Gimnazială Ceatalchioi,5.5,5.65,5.35,1
2026,Tulcea,Școala Gimnazială Peceneaga,5.42,5.62,5.23,13
2026,Tulcea,"Școala Gimnazială „Ion Creangă”, I.C. Brătianu",5.39,5.31,5.47,9
2026,Tulcea,Școala Gimnazială Frecăței,5.38,6.08,4.69,17
2026,Tulcea,Școala Gimnazială „Sarighiol de Deal”,5.36,5.28,5.45,6
2026,Tulcea,"Școala Gimnazială, Sarichioi",5.35,5.79,4.92,36
2026,Tulcea,"Liceul Tehnologic „Henri Coandă”, Tulcea",5.32,6.03,4.62,19
2026,Tulcea,"Școala Gimnazială „Panait Cerna”, Cerna",5.32,5.42,5.23,27
2026,Tulcea,"Școala Gimnazială, Ostrov",5.32,5.96,4.68,22
2026,Tulcea,Școala Gimnazială „Mihai Bravu”,5.27,5.44,5.11,21
2026,Tulcea,Școala Gimnazială Greci,5.27,5.7,4.84,31
2026,Tulcea,"Școala Gimnazială „Maior Ioan Murgescu”, Smârdan",5.23,5.94,4.53,9
2026,Tulcea,Școala Gimnazială Agighiol,5.2,5.59,4.82,20
2026,Tulcea,"Școala Gimnazială „Mihai Eminescu”, Valea Teilor",5.15,5.7,4.6,16
2026,Tulcea,"Școala Gimnazială „Ioan Nenițescu”, Partizani",5.14,5.65,4.63,2
2026,Tulcea,Școala Gimnazială Baia,5.09,5.64,4.54,34
2026,Tulcea,"Școala Gimnazială „Vasile Alecsandri”, Nufăru",4.99,5.26,4.72,9
2026,Tulcea,Școala Gimnazială Beștepe,4.91,4.73,5.09,10
2026,Tulcea,Școala Gimnazială Dăeni,4.88,4.84,4.92,9
2026,Tulcea,"Școala Gimnazială, Casimcea",4.87,4.85,4.89,29
2026,Tulcea,"Liceul Tehnologic „Anghel Saligny”, Tulcea",4.86,5.56,4.16,18
2026,Tulcea,"Școala Gimnazială, Murighiol",4.76,5.19,4.33,16
2026,Tulcea,Școala Gimnazială „Mila 23”,4.75,4.48,5.03,2
2026,Tulcea,Școala Gimnazială Crișan,4.57,4.65,4.5,1
2026,Tulcea,Școala Gimnazială Nalbant,4.56,4.76,4.37,20
2026,Tulcea,"Școala Gimnazială „Constantin Brâncoveanu”, Babadag",4.55,4.61,4.35,13
2026,Tulcea,"Școala Gimnazială „Grigore Antipa”, Tulcea",4.5,5.08,3.91,9
2026,Tulcea,Școala Gimnazială C.A. Rosetti,4.49,4.13,4.85,3
2026,Tulcea,"Școala Profesională „Danubius”, Tulcea",4.42,4.3,4.54,14
2026,Tulcea,Școala Gimnazială Ciucurova,4.35,4.71,4.0,14
2026,Tulcea,Liceul Tehnologic Topolog,4.3,4.44,4.18,42
2026,Tulcea,Școala Gimnazială Dorobanțu,3.87,4.05,3.7,10
2026,Tulcea,Școala Gimnazială Izvoarele,3.79,4.14,3.44,11
2026,Tulcea,Școala Gimnazială Hamcearca,3.68,3.78,3.59,8
2026,Tulcea,Școala Gimnazială Carcaliu,1.93,1.6,2.25,2
2026,Vaslui,"Colegiul Național „Cuza Vodă”, mun. Huși",8.44,8.81,8.07,24
2026,Vaslui,"Colegiul Național „Gh. Roșca Codreanu”, Mun. Bârlad",8.29,8.49,8.1,29
2026,Vaslui,"Liceul Teoretic „Mihail Kogălniceanu”, Mun. Vaslui",8.28,8.42,8.15,30
2026,Vaslui,"Școala Gimnazială „Constantin Parfene”, Mun. Vaslui",8.0,8.37,7.64,56
2026,Vaslui,"Școala Gimnazială „Elena Cuza”, Mun. Vaslui",7.93,8.5,7.36,36
2026,Vaslui,"Școala Gimnazială „Alexandra Nechita”, Mun. Vaslui",7.7,7.9,7.51,50
2026,Vaslui,"Școala Gimnazială „Mihai Eminescu”, Mun. Vaslui",7.46,7.82,7.11,72
2026,Vaslui,"Școala Gimnazială „Constantin Motaș”, Mun. Vaslui",7.4,7.9,6.92,28
2026,Vaslui,"Școala Gimnazială „Ștefan cel Mare”, Mun. Vaslui",7.34,7.69,7.01,94
2026,Vaslui,"Școala Gimnazială „Spătar Ștefan Angheluță”, Sat Chițoc",7.34,7.7,6.98,2
2026,Vaslui,"Școala Gimnazială „Episcop Iacov Antonovici”, Mun. Bârlad",7.27,7.63,6.92,83
2026,Vaslui,"Școala Gimnazială „Mihail Sadoveanu”, Mun. Huși",7.26,7.27,7.2,77
2026,Vaslui,"Școala Gimnazială „George Tutoveanu”, Mun. Bârlad",7.25,7.56,6.94,94
2026,Vaslui,"Școala Gimnazială „Anastasie Panu”, Mun. Huși",7.24,7.71,6.78,80
2026,Vaslui,"Școala Gimnazială „Nicolae Milescu Spătaru”, Sat Ferești",7.17,7.4,6.95,10
2026,Vaslui,"Școala Gimnazială „Virgil Caraivan”, Sat Șuletea",7.11,7.89,6.33,18
2026,Vaslui,"Școala Gimnazială Nr. 1, Sat Blăgești",6.98,7.04,6.94,10
2026,Vaslui,"Școala Gimnazială „Theodor Rosetti”, Sat Solești",6.94,7.37,6.52,12
2026,Vaslui,"Școala Gimnazială „Mihai Eminescu”, Sat Laza",6.85,7.28,6.42,26
2026,Vaslui,"Școala Gimnazială Nr. 1, Sat Tanacu",6.78,7.59,5.96,8
2026,Vaslui,"Școala Gimnazială Nr. 1, Sat Văleni",6.74,6.96,6.53,27
2026,Vaslui,"Școala Gimnazială „Mihai David”, Oraș Negrești",6.71,7.11,6.31,65
2026,Vaslui,"Școala Gimnazială, Sat Râșești",6.7,7.37,6.03,12
2026,Vaslui,"Școala Gimnazială „Nicolae Popa”, Sat Valea Grecului",6.67,7.19,6.15,15
2026,Vaslui,"Școala Gimnazială „Mihail Sadoveanu”, Mun. Vaslui",6.65,7.08,6.22,35
2026,Vaslui,"Școala Gimnazială Nr. 1, Sat Tătărăni",6.62,7.1,6.14,4
2026,Vaslui,"Școala Gimnazială „Manolache Costache Epureanu”, Mun. Bârlad",6.59,6.83,6.35,80
2026,Vaslui,"Școala Gimnazială „Dimitrie Cantemir”, Mun. Vaslui",6.54,6.91,6.18,18
2026,Vaslui,"Școala Gimnazială „Stroe S. Belloescu”, Mun. Bârlad",6.48,6.65,6.31,25
2026,Vaslui,"Școala Gimnazială „Vasile Pârvan”, Mun. Bârlad",6.47,6.92,6.03,65
2026,Vaslui,"Școala Gimnazială Nr. 1, Sat Deleni",6.38,6.81,5.95,10
2026,Vaslui,"Școala Gimnazială „Ștefan Ciobotărașu”, Sat Lipovăț",6.29,7.26,5.33,7
2026,Vaslui,"Școala Gimnazială Nr. 1, Sat Delești",6.29,6.25,6.34,13
2026,Vaslui,"Școala Gimnazială Prof. Ioan Dănilă, Sat Ghermănești",6.29,7.17,5.41,6
2026,Vaslui,"Școala Gimnazială „Iorgu Radu”, Mun. Bârlad",6.27,6.43,6.12,44
2026,Vaslui,"Școala Gimnazială, Sat Șerbotești",6.23,6.01,6.45,6
2026,Vaslui,"Școala Gimnazială Nr. 1, Sat Pădureni",6.2,7.37,5.03,15
2026,Vaslui,"Școala Gimnazială „Constantin Asiminei”, Sat Epureni, Com. Duda-Epureni",6.16,6.82,5.52,10
2026,Vaslui,"Școala Gimnazială „Andone Cumpătescu”, Sat Rafaila",6.14,6.24,6.04,18
2026,Vaslui,"Școala Gimnazială „Ion Murgeanu”, Sat Zorleni",6.1,6.53,5.67,30
2026,Vaslui,"Școala Gimnazială, Sat Bunești",6.07,7.62,4.52,3
2026,Vaslui,"Școala Gimnazială Nr. 1, Sat Gara Banca",6.06,6.08,6.04,28
2026,Vaslui,"Școala Gimnazială, Sat Rebricea",6.05,6.09,6.02,16
2026,Vaslui,"Școala Gimnazială Nr. 1, Sat Ivești",5.96,6.13,5.81,13
2026,Vaslui,"Școala Gimnazială, Sat Emil Racoviță",5.96,7.08,4.86,8
2026,Vaslui,"Școala Gimnazială, Sat Corni-Albești",5.96,7.06,4.86,12
2026,Vaslui,"Școala Gimnazială, Sat Rânceni",5.95,6.5,5.41,12
2026,Vaslui,"Școala Gimnazială „Vasile Alecsandri”, Mun. Vaslui",5.94,6.46,5.43,45
2026,Vaslui,"Liceul Tehnologic „Dimitrie Cantemir”, Sat Fălciu",5.89,6.13,5.66,33
2026,Vaslui,"Școala Gimnazială „Sfântul Ierarh Luca”, Sat Costești",5.87,6.17,5.58,16
2026,Vaslui,"Școala Gimnazială Nr. 1, Sat Vutcani",5.82,6.11,5.54,13
2026,Vaslui,"Liceul Tehnologic „Petru Rareș”, sat Vetrísoaia",5.8,6.09,5.51,13
2026,Vaslui,"Școala Gimnazială, Sat Trestiana",5.79,6.04,5.54,9
2026,Vaslui,"Școala Gimnazială, Sat Sârbi",5.76,5.63,5.89,7
2026,Vaslui,"Liceul Tehnologic „Ghenuta Coman”, oraș Murgeni",5.71,5.88,5.54,18
2026,Vaslui,"Școala Gimnazială Nr. 1, Sat Gârceni",5.69,5.99,5.39,14
2026,Vaslui,"Școala Gimnazială Nr. 1, Sat Stănilești",5.68,5.98,5.39,21
2026,Vaslui,"Școala Gimnazială Nr. 1, Sat Poienești",5.65,6.09,5.23,14
2026,Vaslui,"Școala Gimnazială „Veniamin Costachi”, Sat Roșiești",5.65,5.96,5.34,19
2026,Vaslui,"Școala Gimnazială Nr. 1, Sat Hoceni",5.64,5.94,5.35,24
2026,Vaslui,"Școala Gimnazială de Arte „N.N. Tonitza”, Mun. Bârlad",5.64,5.69,5.6,18
2026,Vaslui,"Școala Gimnazială Nr. 1, Sat Gherghești",5.63,5.86,5.17,13
2026,Vaslui,"Școala Gimnazială Nr. 1, Sat Perieni",5.62,5.82,5.41,29
2026,Vaslui,"Școala Gimnazială „Nicolae Ciubotaru”, Sat Vulturești",5.6,6.39,4.82,13
2026,Vaslui,"Școala Gimnazială, Sat Pogănești",5.6,6.2,5.01,13
2026,Vaslui,"Școala Gimnazială „Adrian Porumboiu”, Sat Muntenii de Jos",5.56,5.58,5.55,9
2026,Vaslui,"Școala Gimnazială „General Aviator Inginer Gheorghe Negrescu”, Sat Fruntișeni",5.53,6.31,4.75,8
2026,Vaslui,"Școala Gimnazială „Mareșal Constantin Prezan”, Sat Dumești",5.5,5.74,5.26,34
2026,Vaslui,"Școala Gimnazială Nr. 1, Sat Băcani",5.5,5.71,5.29,40
2026,Vaslui,"Școala Gimnazială „Ion Creangă”, Mun. Huși",5.49,6.09,4.9,14
2026,Vaslui,"Școala Gimnazială, Sat Grăjdeni",5.49,6.28,4.7,3
2026,Vaslui,"Școala Gimnazială, Sat Obârșenii Lingurari",5.49,5.7,5.28,14
2026,Vaslui,"Școala Gimnazială „Ionel Miron”, Sat Ivănești",5.48,6.06,4.9,28
2026,Vaslui,"Școala Gimnazială Nr. 1, Sat Voinești",5.48,5.71,5.25,18
2026,Vaslui,"Școala Gimnazială Nr. 1, Sat Boțești",5.48,6.11,4.84,12
2026,Vaslui,"Școala Gimnazială „Sfântul Andrei”, Sat Tăcuta",5.47,5.62,5.1,14
2026,Vaslui,"Școala Gimnazială Nr. 1, Sat Bogdana",5.47,6.25,4.69,13
2026,Vaslui,"Școala Gimnazială, Loc. Brodoc-Vaslui",5.45,6.44,4.46,7
2026,Vaslui,"Școala Gimnazială „Dimitrie Negruțiu”, Sat Pogonești",5.42,6.67,4.17,7
2026,Vaslui,"Școala Gimnazială Nr. 1, Sat Crețeștii de Sus",5.41,6.56,4.26,12
2026,Vaslui,"Școala Gimnazială, Sat Țifu",5.4,5.9,4.9,4
2026,Vaslui,"Școala Gimnazială „N. Gh. Lupu”, Sat Arsura",5.37,6.39,4.36,10
2026,Vaslui,"Școala Gimnazială Nr. 1, Sat Hurdugi",5.37,5.85,4.76,31
2026,Vaslui,"Școala Gimnazială „Anastasie Fătu”, Sat Berezeni",5.34,5.68,4.99,30
2026,Vaslui,"Liceul Tehnologic, Sat Vlădia",5.32,6.14,4.5,4
2026,Vaslui,"Școala Gimnazială „Horia Stamatin”, Sat Bogdănești",5.3,5.27,5.34,19
2026,Vaslui,"Liceul „Ștefan cel Mare”, Sat Codăesti",5.27,5.88,4.66,39
2026,Vaslui,"Școala Gimnazială, Sat Floreni",5.23,5.33,5.13,11
2026,Vaslui,"Școala Gimnazială Nr. 1, Sat Draxeni",5.22,5.7,4.73,35
2026,Vaslui,"Școala Gimnazială „Grigore Șt. Răileanu”, Sat Vinețești",5.22,5.72,4.72,6
2026,Vaslui,"Școala Gimnazială Nr. 1, Sat Sălceni",5.21,5.52,4.9,11
2026,Vaslui,"Școala Gimnazială „Ștefan cel Mare”, Sat Ștefan cel Mare",5.19,5.48,4.9,13
2026,Vaslui,"Școala Gimnazială Nr. 1, Sat Pungești",5.18,5.01,5.35,25
2026,Vaslui,"Școala Gimnazială „Gheorghe Cioată”, Sat Todirești",5.15,5.48,4.83,23
2026,Vaslui,"Școala Gimnazială „Principesa Elena Bibescu”, Mun. Bârlad",5.13,5.35,4.92,18
2026,Vaslui,"Școala Gimnazială „Grigore T. Popa”, Sat Dănești",5.13,5.76,4.51,12
2026,Vaslui,"Școala Gimnazială Nr. 1, Sat Pogana",5.11,4.86,5.36,9
2026,Vaslui,"Școala Gimnazială „Ștefan cel Mare”, Sat Miclești",5.1,5.68,4.53,19
2026,Vaslui,"Școala Gimnazială Nr. 1, Sat Lunca-Banului",5.09,5.05,5.13,20
2026,Vaslui,"Școala Gimnazială, Sat Oprișița",5.08,5.8,4.36,12
2026,Vaslui,"Școala Gimnazială, Sat Bădeana",5.04,5.22,4.87,7
2026,Vaslui,"Școala Gimnazială „Mihai Eminescu”, Sat Zăpodeni",5.02,5.45,4.6,9
2026,Vaslui,"Școala Gimnazială, Sat Focșeasca",5.01,5.63,4.39,10
2026,Vaslui,"Școala Gimnazială Nr. 1, Sat Tutova",5.0,5.6,4.41,14
2026,Vaslui,"Școala Gimnazială „Cezar Botez”, Sat Fâstâci",4.96,5.23,4.7,13
2026,Vaslui,"Școala Gimnazială, Sat Racova",4.94,5.57,4.27,16
2026,Vaslui,"Școala Gimnazială „Manolache Costache Epureanu”, Sat Epureni",4.9,5.64,4.17,20
2026,Vaslui,"Școala Gimnazială, Sat Banca",4.89,5.43,4.37,7
2026,Vaslui,"Școala Gimnazială „Luiza Zavloschi”, Sat Buda",4.89,5.11,4.66,12
2026,Vaslui,"Școala Gimnazială „Stroe Belloescu”, Sat Grivița",4.89,5.52,4.26,8
2026,Vaslui,"Școala Gimnazială „Spiru C. Haret”, Sat Viișoara",4.82,5.35,4.29,12
2026,Vaslui,"Școala Gimnazială Nr. 1, Sat Bălteni",4.79,5.96,3.62,8
2026,Vaslui,"Școala Gimnazială, Sat Puntișeni",4.75,5.55,3.96,5
2026,Vaslui,"Școala Gimnazială, Sat Recea",4.74,4.54,4.94,22
2026,Vaslui,"Școala Gimnazială Nr. 1, Sat Ibănești",4.74,4.74,4.73,13
2026,Vaslui,"Școala Gimnazială „Mihai Botez”, Sat Giurcani",4.71,5.04,4.39,13
2026,Vaslui,"Școala Gimnazială Nr. 3, Sat Popeni",4.7,4.85,4.56,11
2026,Vaslui,"Școala Gimnazială Nr. 1, Sat Mălușteni",4.69,5.14,4.25,14
2026,Vaslui,"Școala Gimnazială, Sat Fundu-Văii",4.68,5.48,3.88,6
2026,Vaslui,"Școala Gimnazială „Teodor Juncu”, Sat Băcești",4.66,5.23,4.1,22
2026,Vaslui,"Școala Gimnazială, Sat Doagele",4.65,5.38,3.93,8
2026,Vaslui,"Școala Gimnazială, Sat Protopopești",4.63,5.38,3.89,4
2026,Vaslui,"Școala Gimnazială Nr. 1, Sat Iana",4.61,4.84,4.39,19
2026,Vaslui,"Școala Gimnazială Nr. 1, Sat Pușcași",4.61,5.16,4.06,13
2026,Vaslui,"Școala Gimnazială „Ion Artene”, Sat Găgești",4.55,4.76,4.34,10
2026,Vaslui,"Școala Gimnazială „Teodor Medeleanu”, Sat Ciocani",4.53,4.84,4.23,10
2026,Vaslui,"Liceul Tehnologic, Sat Puiești",4.53,4.67,4.4,33
2026,Vaslui,"Școala Gimnazială „Alexandru Ioan Cuza”, Mun. Vaslui",4.48,4.94,4.03,17
2026,Vaslui,"Școala Gimnazială, Sat Tomești",4.46,4.71,4.2,5
2026,Vaslui,"Școala Gimnazială, Sat Chetrosu",4.45,4.92,3.98,5
2026,Vaslui,"Școala Gimnazială Nr. 1, Sat Rădeni",4.38,5.22,3.54,27
2026,Vaslui,"Școala Gimnazială, Sat Unțești",4.35,4.62,4.09,14
2026,Vaslui,"Școala Gimnazială, Sat Bărboși",4.34,5.07,3.62,5
2026,Vaslui,"Școala Gimnazială Nr. 2, Sat Zorleni",4.29,4.45,4.14,7
2026,Vaslui,"Școala Gimnazială „Mihai Eminescu”, Sat Oșești",4.28,4.85,3.72,15
2026,Vaslui,"Școala Gimnazială, Sat Gârdești",4.27,4.25,4.29,10
2026,Vaslui,"Școala Gimnazială Nr. 1, Sat Averești",4.24,4.88,3.61,5
2026,Vaslui,"Școala Gimnazială „Victor Ion Popa”, Sat Dodești",4.23,4.73,3.73,20
2026,Vaslui,"Școala Gimnazială „Ion Angheluță”, Sat Bălțați",4.19,4.66,3.73,11
2026,Vaslui,"Școala Gimnazială Nr. 1, Sat Vinderei",4.17,4.29,4.05,21
2026,Vaslui,"Școala Gimnazială, Sat Măscurei",4.1,4.49,3.72,5
2026,Vaslui,"Școala Gimnazială „Alexandru Vlahuță”, Sat Alexandru Vlahuță",4.05,4.26,3.85,16
2026,Vaslui,"Școala Gimnazială „Alexandru Obreja”, Sat Gugești",4.04,4.2,3.08,3
2026,Vaslui,"Școala Gimnazială Nr. 1, Sat Cepești",4.0,4.09,3.91,12
2026,Vaslui,"Școala Gimnazială, Sat Hârsova",3.86,4.24,3.48,9
2026,Vaslui,"Școala Gimnazială „Constantin Rotaru”, Sat Târzii",3.67,3.47,3.88,12
2026,Vaslui,"Școala Gimnazială „V. I. Popa”, Mun. Bârlad",3.54,3.45,3.63,12
2026,Vaslui,"Liceul Tehnologic „Petru Rareș”, Mun. Bârlad",3.54,3.6,3.28,11
2026,Vaslui,"Centrul Școlar de Educație Incluzivă „Elisabeta Polihroniade”, Mun. Vaslui",3.31,3.62,3.02,3
2026,Vaslui,"Școala Gimnazială „George C. Dragu”, Sat Coroiești",3.28,3.22,3.37,11
2026,Vaslui,"Centrul Școlar de Educație Incluzivă, Oraș Negrești",2.86,2.82,2.92,3
2026,Vrancea,"Colegiul Național „Unirea”, Focșani",9.13,9.07,9.2,54
2026,Vrancea,"Colegiul Național „Al. I. Cuza”, Focșani",8.77,8.87,8.68,52
2026,Vrancea,"Școala Gimnazială „Anghel Saligny”, Focșani",8.01,8.16,7.86,135
2026,Vrancea,"Școala Gimnazială „Duiliu Zamfirescu”, Focșani",7.91,7.96,7.87,106
2026,Vrancea,"Școala Gimnazială „Ștefan cel Mare”, Focșani",7.87,8.24,7.52,119
2026,Vrancea,"Colegiul Național „Emil Botta”, Adjud",7.58,7.71,7.45,49
2026,Vrancea,"Școala Gimnazială „Ion Basgan”, Focșani",7.57,7.73,7.41,88
2026,Vrancea,"Școala Gimnazială „Regina Maria”, Vintileasca",7.46,7.95,6.96,11
2026,Vrancea,"Liceul de Artă „Gheorghe Tattarescu”, Focșani",7.23,7.58,6.87,27
2026,Vrancea,Școala Gimnazială Prof. General „Gheorghe Gheorghiu Gologanu”,7.2,7.33,7.07,10
2026,Vrancea,"Liceul Tehnologic „Alexandru Ioan Cuza”, Panciu",7.12,7.34,6.91,48
2026,Vrancea,"Liceul Teoretic „Ioan Slavici”, Panciu",7.11,7.73,6.49,20
2026,Vrancea,"Școala Gimnazială „Ioan Câmpineanu”, Câmpineanca",7.08,7.21,6.96,16
2026,Vrancea,"Școala Gimnazială „Dimitrie Gusti”, Nereju",6.86,7.0,6.72,28
2026,Vrancea,"Școala Gimnazială „Ștefan cel Mare”, Bărșești",6.77,7.11,6.44,7
2026,Vrancea,Școala Gimnazială Nistorești,6.72,7.12,6.33,18
2026,Vrancea,"Școala Gimnazială „Alexandru Vlahuță”, Focșani",6.7,7.32,6.09,29
2026,Vrancea,"Școala Gimnazială „Nicolae Iorga”, Focșani",6.69,6.88,6.39,67
2026,Vrancea,Școala Gimnazială Vulturu,6.69,7.12,6.27,36
2026,Vrancea,Școala Gimnazială Șerbănești,6.58,7.35,5.82,14
2026,Vrancea,Școala Gimnazială Voetin,6.58,6.23,6.94,4
2026,Vrancea,"Școala Gimnazială Nr. 2, Gugești",6.56,6.86,6.26,15
2026,Vrancea,"Școala Gimnazială „Victor Slăvescu”, Cotești",6.51,7.44,5.59,14
2026,Vrancea,"Școala Gimnazială „Alexandru Vlahuță”, Gugești",6.5,6.84,6.16,37
2026,Vrancea,"Școala Gimnazială „Neculai Jechianu”, Vrancioaia",6.49,6.3,6.69,9
2026,Vrancea,Școala Gimnazială „Another Chance” Adjud,6.47,7.12,5.83,7
2026,Vrancea,"Școala Gimnazială ""Principele Șerban Ghica"" și ""Principesa Aristița Ghica"", Sihlea",6.47,6.39,6.55,28
2026,Vrancea,"Școala Gimnazială „Duiliu Zamfirescu”, Dumbrăveni",6.46,6.88,6.03,25
2026,Vrancea,"Școala Gimnazială „Oana Diana Renea”, Focșani",6.45,7.01,5.9,78
2026,Vrancea,"Școala Gimnazială „Ion Baciu”, Tulnici",6.44,6.46,6.43,32
2026,Vrancea,"Școala Gimnazială „Vasile Iftimescu”, Valea Sării",6.38,6.49,6.29,10
2026,Vrancea,Școala Gimnazială Cândești,6.37,6.61,6.14,12
2026,Vrancea,"Școala Gimnazială „Adrian Păunescu”, Focșani",6.33,6.9,5.77,34
2026,Vrancea,Școala Gimnazială Păunești,6.3,6.36,6.24,33
2026,Vrancea,"Școala Gimnazială „Barbu Ștefănescu Delavrancea”, Năruja",6.28,6.64,5.91,16
2026,Vrancea,Școala Gimnazială Gura Căliței,6.21,6.06,6.36,21
2026,Vrancea,Școala Gimnazială Măicănești,6.21,6.82,5.6,19
2026,Vrancea,"Școala Gimnazială „Petre Mironescu-Mera”, Mera",6.2,7.02,5.38,21
2026,Vrancea,Școala Gimnazială Băținești,6.18,6.61,5.75,14
2026,Vrancea,Școala Gimnazială Ruginesti,6.17,6.48,5.86,27
2026,Vrancea,Școala Gimnazială Vânători,6.17,6.15,6.19,21
2026,Vrancea,"Colegiul Național Pedagogic „Spiru Haret”, Focșani",6.14,6.79,5.49,24
2026,Vrancea,Școala Gimnazială Movilița,6.13,6.8,5.46,25
2026,Vrancea,Școala Gimnazială Păulești,6.1,6.3,5.9,16
2026,Vrancea,"Școala Gimnazială „Principele Radu”, Adjud",6.05,6.47,5.65,20
2026,Vrancea,Școala Gimnazială Nănești,6.05,6.74,5.37,12
2026,Vrancea,"Școala Gimnazială „Simion Cristian”, Andreiașu de Jos",6.02,6.93,5.11,13
2026,Vrancea,Școala Gimnazială Suraia,5.99,6.25,5.73,32
2026,Vrancea,"Școala Gimnazială „Petrache Blindu”, Ciușlea",5.96,6.78,5.15,10
2026,Vrancea,"Liceul Teoretic „Duiliu Zamfirescu”, Odobești",5.9,6.12,5.68,47
2026,Vrancea,"Școala Gimnazială „Mihail Armencea”, Adjud",5.85,6.17,5.54,41
2026,Vrancea,"Școala Gimnazială, Câmpuri",5.85,6.38,5.32,19
2026,Vrancea,"Școala Gimnazială „Profesor Doctor General Gheorghe V. Zaharia”, Popești",5.84,6.4,5.29,16
2026,Vrancea,"Școala Gimnazială „Valeriu D. Cotea”, Vidra",5.81,6.03,5.59,52
2026,Vrancea,"Școala Gimnazială Nr. 2, Bordeasca Veche",5.81,6.83,4.78,8
2026,Vrancea,Școala Gimnazială Tifești,5.8,6.11,5.49,17
2026,Vrancea,Școala Gimnazială Spulber,5.79,5.93,5.66,15
2026,Vrancea,"Școala Gimnazială Nr. 1, Biliesti",5.74,6.02,5.46,17
2026,Vrancea,"Școala Gimnazială Prof. „Mihai Simbotin”, Carligele",5.68,6.25,5.12,11
2026,Vrancea,Liceul cu Program Sportiv Focșani,5.63,6.34,4.91,34
2026,Vrancea,Școala Gimnazială Pufești,5.6,6.23,4.98,13
2026,Vrancea,Școala Gimnazială Vârtescoiu,5.59,5.84,5.35,13
2026,Vrancea,"Școala Gimnazială „Simion Mehedinți”, Soveja",5.57,6.46,4.69,16
2026,Vrancea,Școala Gimnazială Lespezi,5.57,6.21,4.93,8
2026,Vrancea,"Școala Gimnazială Nr. 2, Straoane",5.54,6.11,4.97,16
2026,Vrancea,"Școala Gimnazială Profesor Panaite C. Mazilu, Broșteni",5.52,6.17,4.87,17
2026,Vrancea,"Școala Gimnazială „Învățător Gheorghe Asanache”, Bordești",5.49,5.81,5.17,13
2026,Vrancea,"Școala Gimnazială „Mareșal Alexandru Averescu”, Adjud",5.41,5.88,4.94,19
2026,Vrancea,Școala Gimnazială Boghești,5.35,6.17,4.53,7
2026,Vrancea,"Școala Gimnazială „Academician Aurel Iancu”, Racoasa",5.33,5.73,4.94,21
2026,Vrancea,"Școala Gimnazială „Emil Atanasiu”, Garoafa",5.29,6.09,4.5,13
2026,Vrancea,Școala Gimnazială Găgești,5.25,5.59,4.93,32
2026,Vrancea,"Școala Gimnazială „Dumitru Pricop”, Negrilești",5.23,6.38,4.09,5
2026,Vrancea,Școala Gimnazială Golești,5.2,5.6,4.81,18
2026,Vrancea,Școala Gimnazială Faraoanele,5.18,5.87,4.49,9
2026,Vrancea,"Școala Gimnazială „Ioan Vodă cel Viteaz”, Slobozia Ciorăști",5.14,5.48,4.81,10
2026,Vrancea,Școala Gimnazială Vizantea Mănăstirească,5.14,5.52,4.77,18
2026,Vrancea,"Școala Gimnazială Dr. Costică Bălan, Poiana Cristei",5.12,5.42,4.83,25
2026,Vrancea,"Școala Gimnazială „Ionel Sîrbu”, Ciorăști",5.07,5.33,4.8,8
2026,Vrancea,Școala Gimnazială Nereju Mic,5.02,4.92,4.99,28
2026,Vrancea,Școala Gimnazială Urechești,4.93,4.86,4.66,9
2026,Vrancea,"Școala Gimnazială Nr. 1, Vulcăneasa",4.92,5.21,4.63,16
2026,Vrancea,Școala Gimnazială Jitia,4.92,5.74,4.1,16
2026,Vrancea,Școala Gimnazială Bogza,4.91,5.05,4.76,5
2026,Vrancea,Școala Gimnazială Jaristea,4.89,4.87,4.91,21
2026,Vrancea,Școala Gimnazială Obrejița,4.88,5.65,4.12,9
2026,Vrancea,Școala Gimnazială Milcovul,4.86,4.55,4.85,11
2026,Vrancea,"Liceul Tehnologic „Eremia Grigorescu”, Mărășești",4.82,4.98,4.46,19
2026,Vrancea,Școala Gimnazială Paltin,4.78,5.03,4.54,14
2026,Vrancea,"Școala Gimnazială Domnești, Târg",4.75,4.69,4.8,15
2026,Vrancea,Școala Gimnazială Fitionești,4.65,4.8,4.5,1
2026,Vrancea,"Liceul Teoretic „Grigore Gheba”, Dumitrești",4.63,4.75,4.51,34
2026,Vrancea,"Școala Gimnazială, Tănăsoaia",4.56,5.57,3.55,16
2026,Vrancea,Școala Gimnazială Tătăranu,4.56,4.67,4.45,12
2026,Vrancea,Școala Gimnazială Bălești,4.54,5.31,3.78,11
2026,Vrancea,Școala Gimnazială Chiojdeni,4.54,4.64,4.38,18
2026,Vrancea,Școala Gimnazială Slimnic,4.46,4.37,4.16,7
2026,Vrancea,"Școala Gimnazială Nr. 1, Sindrilari",4.25,5.01,3.5,19
2026,Vrancea,"Școala Gimnazială Profesor „Grozea Nicu”, Răstoaca",4.23,4.5,3.95,4
2026,Vrancea,Centrul Școlar Pentru Educație Incluzivă Mihălceni,4.19,3.11,5.27,12
2026,Vrancea,"Școala Gimnazială „Angela Gheorghiu”, Adjud",4.11,4.16,4.06,11
2026,Vrancea,"Școala Gimnazială Nr. 2, Mărășești",4.1,4.2,4.0,41
2026,Vrancea,Școala Gimnazială Homocea,4.06,4.29,3.84,14
2026,Vrancea,Școala Gimnazială Ploșcuțeni,3.95,4.14,3.76,16
2026,Vrancea,Școala Gimnazială Tâmboești,3.83,3.71,3.96,10
2026,Vrancea,Școala Gimnazială Coroteni,3.48,3.86,3.11,9
2026,Vrancea,"Centrul Școlar pentru Educație Incluzivă „Elena Doamna”, Focșani",3.46,2.99,3.93,9
2026,Vrancea,Școala Gimnazială Slobozia Bradului,3.27,3.23,3.17,39
2026,Vrancea,Centrul Școlar Pentru Educație Incluzivă Măicănești,3.02,2.29,3.75,11
2026,Vrancea,"Școala Gimnazială „Ecaterina Teodoroiu”, Mărășești",2.91,2.72,3.1,15
2026,Vâlcea,"Școala Gimnazială „Discovery Kids”, Mun. Rm. Vâlcea",8.59,8.79,8.38,16
2026,Vâlcea,"Colegiul Național de Informatică „Matei Basarab”, Mun. Rm. Vâlcea",8.18,8.5,7.87,102
2026,Vâlcea,"Colegiul Național Alexandru Lahovari, Mun. Rm. Vâlcea",8.18,8.37,7.99,28
2026,Vâlcea,"Școala Gimnazială „Take Ionescu”, Mun. Rm. Vâlcea",8.17,8.49,7.86,120
2026,Vâlcea,"Școala Gimnazială „Mihai Eminescu”, Mun. Rm. Vâlcea",8.04,8.23,7.85,128
2026,Vâlcea,"Colegiul Național „Mircea cel Bătrân”, Mun. Rm. Vâlcea",7.88,8.19,7.58,110
2026,Vâlcea,"Școala Gimnazială „Anton Pann”, Mun. Rm. Vâlcea",7.78,8.09,7.47,127
2026,Vâlcea,"Școala Gimnazială Genuneni, Com. Francești",7.43,7.57,7.3,11
2026,Vâlcea,"Școala Gimnazială, Sat Păușești-Otăsău, Com. Păușești",7.42,7.42,7.42,14
2026,Vâlcea,"Școala Gimnazială, Com. Sutesti",7.35,7.95,6.76,9
2026,Vâlcea,"Școala Gimnazială, Com. Runcu",7.18,7.95,6.42,3
2026,Vâlcea,"Liceul Constantin Brâncoveanu, Oraș Horezu",7.16,7.52,6.8,71
2026,Vâlcea,"Școala Gimnazială, Com. Pesceana",7.16,7.6,6.71,4
2026,Vâlcea,"Școala Gimnazială „Nicolae Bălcescu”, Mun. Drăgășani",7.11,7.46,6.69,87
2026,Vâlcea,"Școala Gimnazială „Nicolae Bălcescu”, Municipiul Râmnicu Vâlcea",7.0,7.28,6.72,75
2026,Vâlcea,"Școala Gimnazială Nr. 1, Com. Drăgoești",6.96,7.42,6.51,10
2026,Vâlcea,"Școala Gimnazială „I. Gh. Duca”, Mun. Rm. Vâlcea",6.9,7.01,6.79,44
2026,Vâlcea,"Școala Gimnazială, Sat Colțești, Com. Alunu",6.82,7.08,6.56,12
2026,Vâlcea,"Colegiul Energetic, Mun. Rm. Vâlcea",6.8,7.07,6.54,22
2026,Vâlcea,"Școala Gimnazială „Șerban Vodă Cantacuzino”, Oraș Călimănești",6.76,7.31,6.21,51
2026,Vâlcea,"Școala Gimnazială Ferigile, Com. Costești",6.73,7.6,5.86,15
2026,Vâlcea,"Școala Gimnazială, Sat Ursi, Com. Popești",6.73,6.93,6.53,15
2026,Vâlcea,"Liceul Tehnologic Justinian Marina, oraș Băile Olănești",6.73,7.72,5.74,16
2026,Vâlcea,"Școala Gimnazială, Sat Bungetani, Com. Faurești",6.68,7.15,6.21,8
2026,Vâlcea,"Școala Gimnazială „Tudor Vladimirescu”, Mun. Drăgășani",6.63,6.84,6.42,60
2026,Vâlcea,"Școala Gimnazială, com. Perișani",6.59,6.88,6.3,17
2026,Vâlcea,"Școala Gimnazială, Com. Pietrari",6.56,6.74,6.39,15
2026,Vâlcea,"Școala Gimnazială, Sat Rusanesti, Com. Fartatesti",6.56,6.55,6.57,16
2026,Vâlcea,"Școala Gimnazială, Sat Armașești, Com. Cernișoara",6.53,7.0,6.06,12
2026,Vâlcea,"Liceul de Arte Victor Giuleanu, Mun. Rm. Vâlcea",6.52,6.85,6.19,44
2026,Vâlcea,"Școala Gimnazială „Bartolomeu Valeriu Anania”, Com. Glavile",6.48,6.85,6.11,6
2026,Vâlcea,"Școala Gimnazială Nr. 13, Mun. Rm. Vâlcea",6.46,6.73,6.2,62
2026,Vâlcea,"Școala Gimnazială, Com. Amarăști",6.46,6.73,6.2,4
2026,Vâlcea,"Școala Gimnazială, Com. Măldărești",6.44,7.12,5.77,10
2026,Vâlcea,"Școala Gimnazială, Com. Orlești",6.41,7.1,5.72,13
2026,Vâlcea,"Școala Gimnazială, Oraș Berbești",6.36,6.52,6.22,17
2026,Vâlcea,"Școala Gimnazială Waldorf, Mun. Rm. Vâlcea",6.33,7.0,5.66,14
2026,Vâlcea,"Școala Gimnazială, Com. Gușoeni",6.27,6.88,5.66,7
2026,Vâlcea,"Liceul Preda Buzescu, Oraș Berbești",6.25,6.43,5.9,29
2026,Vâlcea,"Școala Gimnazială, Sat Magura, Com. Mihaești",6.18,6.52,5.84,12
2026,Vâlcea,"Școala Gimnazială, Com. Galicea",6.17,6.26,5.96,25
2026,Vâlcea,"Școala Gimnazială, Com. Boișoara",6.16,6.58,5.74,5
2026,Vâlcea,"Școala Gimnazială, Com. Milcoiu",6.12,6.12,6.12,5
2026,Vâlcea,"Școala Gimnazială, Sat Stoilești, Comuna Stoilești",6.09,6.69,5.5,17
2026,Vâlcea,"Școala Gimnazială, Com. Tomsani",6.08,6.69,5.49,18
2026,Vâlcea,"Școala Gimnazială, Sat Băbeni Oltetu, Com. Diculești",6.06,6.22,5.91,13
2026,Vâlcea,"Școala Gimnazială, Com. Olanu",6.05,6.53,5.58,14
2026,Vâlcea,"Liceul George Tărnea, Oraș Băbeni",6.04,6.48,5.61,46
2026,Vâlcea,"Școala Gimnazială, Com. Sinești",5.95,6.31,5.59,7
2026,Vâlcea,"Școala Gimnazială, Com. Budești",5.9,6.19,5.61,21
2026,Vâlcea,"Școala Gimnazială, Com. Titesti",5.89,6.43,5.36,4
2026,Vâlcea,"Școala Gimnazială, Com. Bunești",5.89,5.89,5.89,17
2026,Vâlcea,"Școala Gimnazială, Com. Sirineasa",5.83,5.63,6.04,10
2026,Vâlcea,"Școala Gimnazială „Teodor Bălășel”, Com. Ștefănești",5.81,5.73,5.9,15
2026,Vâlcea,"Școala Gimnazială Nr. 1, Com. Salatrucel",5.78,5.89,5.67,17
2026,Vâlcea,"Școala Gimnazială, Sat Carștănești, Com. Oteșani",5.77,5.94,5.61,8
2026,Vâlcea,"Liceul „Gheorghe Surdu”, Oraș Brezoi",5.76,5.83,5.7,46
2026,Vâlcea,"Școala Gimnazială „Nicolae Bălcescu”, Sat Rotarăști, Com. Nicolae Bălcescu",5.76,6.27,5.26,20
2026,Vâlcea,"Școala Gimnazială, Sat Mădulari, Com. Cernișoara",5.76,6.26,5.26,10
2026,Vâlcea,"Școala Gimnazială, Com. Malaia",5.74,6.18,5.31,10
2026,Vâlcea,"Școala Gimnazială, Com. Creteni",5.73,6.39,5.09,10
2026,Vâlcea,"Școala Gimnazială, Sat Bătășani, Com. Valea Mare",5.71,6.01,5.42,8
2026,Vâlcea,"Școala Gimnazială „Achim Popescu”, Com. Paușești-Măglași",5.7,5.94,5.47,24
2026,Vâlcea,"Școala Gimnazială, Com. Roșiile",5.68,6.08,5.29,10
2026,Vâlcea,"Liceul Sanitar „Antim Ivireanu”, Mun. Rm. Vâlcea",5.67,5.94,5.4,31
2026,Vâlcea,"Școala Gimnazială Nr. 4, Mun. Rm. Vâlcea",5.67,5.94,5.4,36
2026,Vâlcea,"Școala Gimnazială, Com. Mitrofani",5.66,5.75,5.58,3
2026,Vâlcea,"Liceul Tehnologic Petrache Poenaru, Oraș Bălcești",5.65,5.92,5.38,31
2026,Vâlcea,"Școala Gimnazială, Com. Stoenesti",5.64,6.47,4.82,16
2026,Vâlcea,"Școala Gimnazială, Com. Mateești",5.61,5.8,5.42,20
2026,Vâlcea,"Școala Gimnazială, Com. Mădulari",5.61,5.76,5.45,7
2026,Vâlcea,"Școala Gimnazială, Com. Lacusteni",5.6,5.48,5.73,6
2026,Vâlcea,"Școala Gimnazială, Com. Muereasca",5.59,5.93,5.26,9
2026,Vâlcea,"Școala Gimnazială Nr.1, Comuna Stoilești",5.59,6.33,4.86,11
2026,Vâlcea,"Școala Gimnazială, Sat Tina, Com. Livezi",5.58,6.37,4.8,10
2026,Vâlcea,"Școala Gimnazială, Com. Ionești",5.56,5.94,5.19,30
2026,Vâlcea,"Școala Gimnazială, Com. Alunu",5.53,6.15,4.92,12
2026,Vâlcea,"Școala Gimnazială „Costea Marinoiu”, Oras Ocnele Mari",5.45,5.35,5.55,17
2026,Vâlcea,"Școala Gimnazială „Ion C. Constantinescu”, Sat Cueni, Com. Roesti",5.45,5.84,5.06,13
2026,Vâlcea,"Școala Gimnazială „Căpitan Marășanu”, Com. Stroești",5.43,5.57,5.3,11
2026,Vâlcea,"Școala Gimnazială, Com. Ghioroiu",5.39,5.69,5.1,5
2026,Vâlcea,"Liceul Teoretic, Sat Oveselu, Com. Măciuca",5.34,5.34,5.34,16
2026,Vâlcea,"Școala Gimnazială, Com. Berislăvești",5.31,6.02,4.61,15
2026,Vâlcea,"Școala Gimnazială, Com. Slatioara",5.3,5.59,5.01,18
2026,Vâlcea,"Liceul Teoretic Virgil Ierunca, com. Lădești",5.29,5.87,4.71,15
2026,Vâlcea,"Liceul Teoretic, com. Grădiștea",5.28,5.49,5.07,15
2026,Vâlcea,"Școala Gimnazială, Com. Voineasa",5.23,5.9,4.57,7
2026,Vâlcea,"Școala Gimnazială, Com. Susani",5.22,5.77,4.67,17
2026,Vâlcea,"Scoala Gimnazialăa Sat Tepesti, Com. Tetoiu",5.21,4.87,5.55,15
2026,Vâlcea,"Școala Gimnazială „Luca Solomon”, Com. Vaideeni",5.18,5.31,5.06,19
2026,Vâlcea,"Școala Gimnazială „Grigore Mihăescu”, Com. Vlădești",5.16,5.72,4.6,15
2026,Vâlcea,"Școala Gimnazială, Sat Popești, Com. Golești",5.11,5.77,4.46,9
2026,Vâlcea,"Școala Gimnazială, Sat Bodești, Com. Bărbătești",5.11,5.48,4.74,22
2026,Vâlcea,"Școala Gimnazială, Com. Lăpușata",5.08,6.04,4.13,11
2026,Vâlcea,"Școala Gimnazială, Sat Ulmetu, Com. Copăceni",5.07,5.67,4.47,21
2026,Vâlcea,"Școala Gimnazială, Com. Zatreni",5.06,5.96,4.17,8
2026,Vâlcea,"Școala Gimnazială, Sat Mologești, Com. Laloșu",5.02,5.08,4.96,12
2026,Vâlcea,"Școala Gimnazială, Sat Gura Văii, Com. Bujoreni",4.99,5.23,4.75,10
2026,Vâlcea,"Școala Gimnazială, Sat Copăceni, Com. Răcovița",4.96,5.51,4.41,11
2026,Vâlcea,"Școala Gimnazială, Com. Prundeni",4.91,5.07,4.76,14
2026,Vâlcea,"Școala Gimnazială, Com. Stănești",4.82,5.06,4.58,12
2026,Vâlcea,"Școala Gimnazială, Sat Udrești, Com. Danicei",4.78,5.71,3.85,5
2026,Vâlcea,"Școala Gimnazială „Spiru Haret”, Mun. Rm. Vâlcea",4.75,5.12,4.38,7
2026,Vâlcea,"Școala Gimnazială, Com. Dăești",4.74,5.45,4.03,4
2026,Vâlcea,"Școala Gimnazială, Com. Scundu",4.72,5.2,4.25,3
2026,Vâlcea,"Școala Gimnazială, Com. Lungesti",4.59,4.5,4.7,17
2026,Vâlcea,"Școala Gimnazială, Sat Valea Mare, Oraș Băbeni",4.44,4.54,4.36,13
2026,Vâlcea,"Școala Gimnazială Goranu, Mun. Rm. Vâlcea",4.39,5.03,3.75,8
2026,Vâlcea,"Școala Gimnazială, Com. Francești",4.37,4.49,4.24,18
2026,Vâlcea,"Școala Gimnazială „General David Praporgescu”, Sat Cainenii Mari, Com. Caineni",4.35,4.65,4.04,16
2026,Vâlcea,"Școala Gimnazială, Sat Buleta, Com. Mihaești",4.31,4.33,4.31,8
2026,Vâlcea,"Scoala Gimnaziala, Jiblea Veche, Oraș Călimănești",4.21,4.26,4.17,6
2026,Vâlcea,"Școala Gimnazială „Ioan Didicescu”, Com. Voicesti",4.1,3.45,4.75,10
2026,Vâlcea,"Liceul Tehnologic, Oraș Băile Govora",3.77,3.95,3.6,2
2026,Vâlcea,"Școala Gimnazială, Sat Valea Lui Stan, Oras Brezoi",2.95,2.65,3.25,19
2025,Alba,"Colegiul Național „Lucian Blaga”, Sebeș",9.16,9.17,9.15,58
2025,Alba,"Liceul Teoretic „Sfântul Iosif”, Alba Iulia",8.74,8.96,8.52,24
2025,Alba,"Școala Gimnazială „Mihai Eminescu”, Alba Iulia",8.38,8.65,8.1,113
2025,Alba,"Seminarul Teologic Ortodox „Sfântul Simion Ștefan”, Alba Iulia",8.35,8.64,8.06,49
2025,Alba,Liceul German Sebeș,8.22,8.48,8.04,26
2025,Alba,"Școala Gimnazială „Avram Iancu”, Alba Iulia",8.14,8.42,7.86,86
2025,Alba,"Școala Gimnazială „Vasile Goldiș”, Alba Iulia",8.03,8.35,7.71,107
2025,Alba,Școala Gimnazială Mogoș,8.02,7.45,8.6,1
2025,Alba,"Colegiul Național „Bethlen Gábor”, Aiud",8.01,8.74,6.96,13
2025,Alba,"Colegiul Național „Avram Iancu”, Câmpeni",7.98,8.28,7.69,16
2025,Alba,Școala Gimnazială Ciugud,7.81,7.85,7.78,19
2025,Alba,"Liceul Teologic Greco-Catolic „Sfântul Vasile cel Mare”, Blaj",7.76,8.01,7.53,19
2025,Alba,"Școala Gimnazială „Simion Bălint”, Roșia Montană",7.75,8.33,7.18,12
2025,Alba,"Liceul Tehnologic „Alexandru Domsa”, Alba Iulia",7.75,8.2,7.3,19
2025,Alba,Școala Gimnazială Ighiel,7.72,7.93,7.51,12
2025,Alba,"Liceul de Arte „Regina Maria”, Alba Iulia",7.71,7.98,7.45,29
2025,Alba,"Școala Gimnazială Nr. 3, Cugir",7.71,8.06,7.36,53
2025,Alba,"Liceul Teologic Romano-Catolic „Gróf Majláth Gusztáv Károly”, Alba Iulia",7.66,7.22,7.32,3
2025,Alba,"Școala Gimnazială „Iuliu Maniu”, Vintu de Jos",7.64,7.77,7.53,24
2025,Alba,"Școala Gimnazială „Ion Agârbiceanu”, Alba Iulia",7.64,8.18,7.11,71
2025,Alba,Școala Gimnazială Câmpeni,7.57,7.66,7.48,47
2025,Alba,Liceul Tehnologic de Turism și Alimentație Arieșeni,7.56,7.72,7.4,3
2025,Alba,"Școala Gimnazială „Ovidiu Hulea”, Aiud",7.49,8.02,6.98,64
2025,Alba,"Colegiul Național „Inochentie Micu Clain”, Blaj",7.47,7.87,7.07,43
2025,Alba,Școala Gimnazială Barabant,7.45,7.7,7.2,8
2025,Alba,"Școala Gimnazială „Iosif Sârbu”, Sibot",7.42,7.95,6.9,1
2025,Alba,"Școala Gimnazială „Vasile Bologa”, Geoagiu de Sus",7.41,7.57,7.25,7
2025,Alba,"Școala Gimnazială „Avram Iancu”, Zlatna",7.4,7.84,6.96,26
2025,Alba,Școala Gimnazială Micești,7.34,7.97,6.72,12
2025,Alba,Școala Gimnazială Ghețar,7.33,7.58,7.08,2
2025,Alba,"Școala Gimnazială „Nicodim Ganea”, Bistra",7.31,7.58,7.04,28
2025,Alba,"Școala Gimnazială „Gheorghe Dancu”, Biia",7.27,7.6,6.95,5
2025,Alba,"Școala Gimnazială „Lucian Blaga”, Ocna Mureș",7.25,7.96,6.55,55
2025,Alba,Liceul cu Program Sportiv Alba Iulia,7.21,7.61,6.81,82
2025,Alba,Școala Gimnazială Sugag,7.2,7.24,7.16,22
2025,Alba,Școala Gimnazială Ciuruleasa,7.18,7.83,6.53,6
2025,Alba,"Școala Gimnazială „Simion Pantea”, Salciua",7.18,7.19,7.17,6
2025,Alba,Școala Gimnazială Lăzești,7.14,7.48,6.8,5
2025,Alba,"Școala Gimnazială „Toma Cocișiu”, Blaj",7.13,7.2,7.07,53
2025,Alba,"Liceul „Horea, Cloșca și Crișan”, Abrud",7.09,7.19,6.99,20
2025,Alba,"Școala Gimnazială Nr. 2, Sebeș",7.09,7.6,6.58,55
2025,Alba,Școala Gimnazială Benic,7.05,6.5,7.6,2
2025,Alba,"Colegiul Tehnic „Apulum”, Alba Iulia",7.03,7.31,6.76,25
2025,Alba,Școala Gimnazială Sohodol,7.01,6.87,7.15,6
2025,Alba,"Colegiul Național „Titu Maiorescu”, Aiud",7.0,7.49,6.52,29
2025,Alba,"Școala Gimnazială „Nicolae Drăgan”, Galda de Jos",6.99,7.5,6.49,14
2025,Alba,"Școala Gimnazială „Axente Sever”, Aiud",6.99,7.44,6.46,65
2025,Alba,"Școala Gimnazială „Emil Racoviță”, Gârda de Sus",6.98,6.63,7.33,6
2025,Alba,"Școala Gimnazială „Iosif Pervain”, Cugir",6.96,7.55,6.38,21
2025,Alba,Școala Gimnazială Ponorel,6.88,7.24,6.53,7
2025,Alba,Școala Gimnazială Râmeț,6.87,7.08,6.68,2
2025,Alba,"Școala Gimnazială „Horea”, Horea",6.85,7.19,6.51,15
2025,Alba,"Liceul Tehnologic „Țara Moților”, Albac",6.82,7.4,6.25,15
2025,Alba,Școala Gimnazială Sard,6.76,7.86,5.66,11
2025,Alba,Școala Gimnazială Vadu Moților,6.73,7.12,6.34,7
2025,Alba,"Școala Gimnazială „Septimiu Albini”, Cut",6.73,7.25,6.21,10
2025,Alba,Școala Gimnazială Daia Română,6.69,7.42,5.96,21
2025,Alba,Școala Gimnazială Petrești,6.64,7.39,5.9,39
2025,Alba,"Școala Gimnazială, Pianu de Sus",6.64,7.36,5.93,14
2025,Alba,"Școala Gimnazială „Augustin Bena”, Pianu de Jos",6.64,6.56,6.73,6
2025,Alba,"Școala Gimnazială „Simion Bărnuțiu”, Tiur, Blaj",6.58,6.9,6.26,9
2025,Alba,"Școala Gimnazială „David Prodan”, Săliștea",6.55,7.17,5.94,13
2025,Alba,"Școala Gimnazială „Silviu Carpinișianu”, Sebeș",6.55,6.92,6.19,30
2025,Alba,"Liceul „Dr. Lazăr Chirilă”, Baia de Arieș",6.52,6.81,6.24,21
2025,Alba,"Școala Gimnazială „Ioan de Hunedoara”, Sântimbru",6.49,7.23,5.75,6
2025,Alba,"Școala Gimnazială „Timoteiu Ovidiu Tarnu”, Stremt",6.38,7.1,5.66,15
2025,Alba,Școala Gimnazială Sona,6.37,6.83,5.92,7
2025,Alba,"Școala Gimnazială „Singidava”, Cugir",6.36,6.87,5.85,46
2025,Alba,"Școala Gimnazială „Ion Agârbiceanu”, Cenade",6.31,7.76,4.85,5
2025,Alba,"Școala Gimnazială „Dr. Petru Span”, Lupsa",6.27,6.8,5.75,12
2025,Alba,Școala Gimnazială Telna,6.27,6.28,6.27,10
2025,Alba,"Școala Gimnazială „Ioan Mihu”, Vinerea",6.25,7.06,5.44,7
2025,Alba,"Școala Gimnazială „Mihail Kogălniceanu”, Sebeș",6.24,6.65,5.84,42
2025,Alba,"Școala Gimnazială „Sava Albescu”, Feneș",6.22,6.42,6.02,9
2025,Alba,"Școala Gimnazială „Ion Pop Reteganul”, Sâncel",6.21,6.58,5.59,11
2025,Alba,"Școala Gimnazială „Sebeș-Pál”, Rimetea",6.19,6.07,4.97,5
2025,Alba,"Școala Gimnazială „Aron Cotruș”, Cergău Mare",6.18,6.11,6.26,8
2025,Alba,Liceul Teoretic Teiuș,6.18,6.86,5.5,30
2025,Alba,Școala Gimnazială Scărișoara,6.16,6.03,6.3,10
2025,Alba,"Școala Gimnazială „Mihai Eminescu”, Ighiu",6.14,6.79,5.49,10
2025,Alba,"Școala Gimnazială Prof. Univ. Dr. Gheorghe Beleiu, Poiana Vadului",6.09,6.22,5.98,8
2025,Alba,Școala Gimnazială Sasciori,6.09,6.7,5.49,26
2025,Alba,Școala Gimnazială Farău,6.04,6.17,5.92,6
2025,Alba,"Școala Gimnazială „Decebal”, Cricău",5.97,6.76,5.18,8
2025,Alba,Școala Gimnazială Sânmiclăuș,5.96,7.0,4.64,10
2025,Alba,"Școala Gimnazială „Ion Breazu”, Mihalț",5.9,6.24,5.56,13
2025,Alba,"Școala Gimnazială „Avram Iancu”, Abrud",5.87,5.98,5.77,17
2025,Alba,Școala Gimnazială Lopadea Nouă,5.84,6.41,4.58,15
2025,Alba,Școala Gimnazială Rahău,5.81,6.49,5.13,12
2025,Alba,Școala Gimnazială Ciuguzel,5.77,7.1,4.45,1
2025,Alba,Școala Gimnazială Posaga de Jos,5.77,6.65,4.89,4
2025,Alba,Școala Gimnazială Ponor,5.76,5.15,6.38,2
2025,Alba,Școala Gimnazială Meteș,5.73,6.47,4.99,13
2025,Alba,Școala Gimnazială Drăsov,5.72,6.05,5.39,23
2025,Alba,"Școala Gimnazială „Avram Iancu”, Unirea",5.68,6.26,5.1,22
2025,Alba,Școala Gimnazială Blandiana,5.68,6.44,4.92,7
2025,Alba,Școala Gimnazială Strungari,5.67,5.9,5.44,4
2025,Alba,"Liceul Tehnologic Agricol „Alexandru Borza”, Ciumbrud",5.66,6.2,5.13,4
2025,Alba,"Școala Gimnazială „Ioan Maiorescu”, Bucerdea Grânoasă",5.64,5.91,5.37,20
2025,Alba,"Școala Gimnazială „Ion Bianu”, Valea Lungă",5.46,5.79,4.95,22
2025,Alba,"Școala Gimnazială „Simion Lazăr”, Lunca Mureșului",5.41,6.15,4.64,26
2025,Alba,"Liceul Tehnologic „Dorin Pavel”, Alba Iulia",5.37,6.39,4.35,5
2025,Alba,Școala Gimnazială Berghin,5.28,5.46,5.11,9
2025,Alba,Școala Gimnazială Noslac,5.25,5.61,4.9,8
2025,Alba,"Școala Gimnazială, Călnic",5.18,5.4,4.97,14
2025,Alba,"Școala Gimnazială „Ștefan cel Mare”, Cetatea de Bâlta",5.14,6.08,4.2,16
2025,Alba,"Școala Gimnazială „Avram Iancu”, Avram Iancu",5.09,4.84,5.34,10
2025,Alba,Școala Gimnazială Ohaba,5.07,6.05,4.1,2
2025,Alba,"Școala Gimnazială, Roșia de Secaș",5.04,5.51,4.58,14
2025,Alba,Liceul Tehnologic Jidvei,4.98,5.01,4.95,18
2025,Alba,Școala Gimnazială Dostat,4.96,5.52,4.42,14
2025,Alba,"Liceul Teoretic „Petru Maior”, Ocna Mureș",4.94,5.23,4.65,22
2025,Alba,Școala Gimnazială Loman,4.89,4.87,4.91,9
2025,Alba,Școala Gimnazială Hoparta,4.86,6.03,3.7,4
2025,Alba,Școala Gimnazială Miraslău,4.83,5.31,4.37,6
2025,Alba,"Școala Gimnazială, Crăciunelu de Jos",4.6,5.23,3.98,15
2025,Alba,"Școala Gimnazială, Gârbova",4.54,4.62,4.46,11
2025,Alba,Școala Gimnazială Almășu Mare,4.44,4.66,4.23,6
2025,Alba,"Liceul cu Program Sportiv „Florin Fleseriu”, Sebeș",4.23,4.76,3.71,15
2025,Alba,Școala Gimnazială Balcaciu,4.18,4.2,4.17,5
2025,Alba,"Școala Gimnazială „Petru Pavel Aaron”, Blaj",4.1,4.0,3.99,12
2025,Alba,"Școala Gimnazială „Gheorghe Maier”, Unirea",4.08,4.23,3.94,9
2025,Alba,"Centrul Școlar de Educație Incluzivă, Alba Iulia",3.93,3.67,4.2,6
2025,Alba,"Școala Gimnazială „Liviu Rebreanu”, Aiud",3.33,3.55,3.25,5
2025,Alba,"Școala Gimnazială „Demetriu Radu”, Rădești",3.26,3.53,3.0,4
2025,Alba,Școala Gimnazială Rachita,3.22,3.44,3.01,13
2025,Alba,Școala Gimnazială Veseus,3.22,2.53,3.01,13
2025,Alba,"Școala Gimnazială „Closca”, Carpinis",3.11,3.0,3.21,8
2025,Alba,"Școala Gimnazială „Ion Agârbiceanu”, Bucium",3.08,2.65,3.5,2
2025,Alba,"Școala Gimnazială „Ion Micu Moldovan”, Blaj",2.81,2.13,3.5,10
2025,Alba,"Liceul Tehnologic „Timotei Cipariu”, Blaj",1.0,1.0,1.0,2
2025,Arad,"Colegiul Național „Moise Nicoară”, Arad",8.69,8.84,8.56,83
2025,Arad,Liceul Național de Informatică Arad,8.45,8.61,8.29,149
2025,Arad,Școala „Sfântul Ierarh Nicolae” Arad,8.19,8.56,7.82,12
2025,Arad,"Colegiul Național „Preparandia-Dimitrie Țichindeal”, Arad",8.12,8.36,7.89,117
2025,Arad,"Liceul Teologic Baptist „Alexa Popovici”, Arad",7.99,8.35,7.64,87
2025,Arad,"Colegiul Național „Vasile Goldiș”, Arad",7.75,8.07,7.43,91
2025,Arad,"Școala Gimnazială „Aurel Vlaicu”, Arad",7.75,8.11,7.39,101
2025,Arad,Școala Gimnazială Hălmăgel,7.69,7.83,7.55,3
2025,Arad,Școala Gimnazială Livada,7.68,8.09,7.27,13
2025,Arad,"Colegiul Național „Elena Ghiba Birta”, Arad",7.65,7.94,7.37,47
2025,Arad,"Școala Gimnazială, Vârfurile",7.56,7.92,7.21,10
2025,Arad,"Școala Gimnazială „Caius Iacob”, Arad",7.39,7.61,7.17,93
2025,Arad,"Școala Gimnazială „Regina Maria”, Arad",7.38,7.56,7.2,38
2025,Arad,"Colegiul „Csiky Gergely”, Arad",7.27,7.23,5.98,30
2025,Arad,"Școala Gimnazială „Gheorghe Popovici”, Apateu",7.15,7.64,6.66,14
2025,Arad,"Școala Gimnazială „Móra Ferenc”, Zimandu Nou",7.13,5.9,7.25,4
2025,Arad,"Liceul Tehnologic de Construcții și Protecția Mediului, Arad",7.12,7.74,6.51,40
2025,Arad,"Școala Gimnazială „Avram Iancu”, Arad",7.05,7.48,6.63,52
2025,Arad,Liceul Teoretic Sebiș,6.96,7.3,6.63,53
2025,Arad,Școala Gimnazială Chereluș,6.94,7.98,5.9,6
2025,Arad,"Școala Gimnazială „Dr. Ioan Danicico”, Semlac",6.85,7.16,6.55,21
2025,Arad,"Școala Gimnazială „Virgil Iovănaș”, Șofronea",6.77,6.66,6.89,13
2025,Arad,"Școala Gimnazială „Sfânta Ana”, Sântana",6.77,7.37,6.14,47
2025,Arad,"Școala Gimnazială „Olosz Lajos”, Adea",6.75,5.99,6.29,7
2025,Arad,"Școala Gimnazială „Nicolae Horga Popovici”, Seleuș",6.74,6.97,6.52,13
2025,Arad,"Școala Gimnazială „Aron Cotruș”, Arad",6.72,7.28,6.16,65
2025,Arad,"Colegiul „Mihai Viteazul”, Ineu",6.71,7.07,6.35,64
2025,Arad,"Liceul Tehnologic „Regele Mihai I”, Săvârșin",6.66,7.2,6.12,21
2025,Arad,Liceul Teologic Penticostal Arad,6.66,7.51,5.8,28
2025,Arad,"Liceul Teoretic „Mihai Veliciu”, Chișineu-Criș",6.62,6.76,6.48,32
2025,Arad,"Școala Gimnazială „Adam Nicolae”, Arad",6.6,7.72,5.48,5
2025,Arad,"Școala Gimnazială „Romul Moțorca”, Agrișu Mare",6.58,6.43,6.74,20
2025,Arad,"Liceul Tehnologic „Ion Creangă”, Curtici",6.58,6.92,6.24,26
2025,Arad,"Școala Gimnazială „Mihai Eminescu”, Arad",6.56,6.9,6.23,44
2025,Arad,"Școala Gimnazială, Peregu Mare",6.5,7.04,5.96,6
2025,Arad,"Școala Gimnazială „Ștefan Bozian”, Șeitin",6.48,7.35,5.63,23
2025,Arad,"Școala Gimnazială „Andrei Șaguna”, Andrei Șaguna",6.48,6.8,6.16,27
2025,Arad,"Liceul Tehnologic „Vasile Juncu”, Miniș",6.46,7.15,5.77,15
2025,Arad,Școala Gimnazială Zădăreni,6.46,7.15,5.77,24
2025,Arad,Școala Gimnazială Moroda,6.45,6.51,6.4,6
2025,Arad,"Școala Gimnazială „Nicolae Bălcescu”, Arad",6.39,6.88,5.9,40
2025,Arad,"Școala Gimnazială, Frumușeni",6.37,6.84,5.89,17
2025,Arad,"Școala Gimnazială „Frații Neuman”, Arad",6.26,6.83,5.68,13
2025,Arad,"Colegiul de Arte „Sabin Drăgoi”, Arad",6.24,6.66,5.82,78
2025,Arad,"Liceul Teoretic „Jozef Gregor Tajovský”, Nădlac",6.23,6.87,5.15,52
2025,Arad,"Școala Gimnazială „Aurel Sebeșan”, Felnac",6.22,6.76,5.59,28
2025,Arad,"Liceul „Sever Bocu”, Lipova",6.22,6.75,5.7,41
2025,Arad,"Școala Gimnazială „Pater Godo Mihaly”, Dorobanți",6.22,5.25,5.61,9
2025,Arad,Școala Gimnazială Șimand,6.22,6.89,5.55,39
2025,Arad,Școala Gimnazială „Horia”,6.22,7.15,5.29,17
2025,Arad,"Școala Gimnazială „Ioan Slavici”, Șiria",6.21,7.26,5.17,14
2025,Arad,"Școala Gimnazială „Tabajdi Karoly”, Zerind",6.12,4.73,5.38,6
2025,Arad,Școala Gimnazială Siclău,6.11,6.7,5.53,6
2025,Arad,Școala Gimnazială Cărand,6.11,7.23,4.99,13
2025,Arad,Școala Gimnazială Groșeni,6.06,6.63,5.5,11
2025,Arad,Școala Gimnazială Grăniceri,6.05,6.49,5.61,11
2025,Arad,"Liceul Teoretic „Adam Müller Guttenbrunn”, Arad",6.04,6.79,5.25,95
2025,Arad,"Școala Gimnazială „Vasile Pop”, Bocsig",6.03,6.64,5.43,23
2025,Arad,"Școala Gimnazială „Adam Muller Guttenbrunn”, Zăbrani",6.0,6.8,5.2,14
2025,Arad,Școala Gimnazială Iratoșu,5.93,6.48,5.39,8
2025,Arad,"Școala Gimnazială „Sabin Manuilă”, Sîmbăteni",5.87,5.92,5.82,9
2025,Arad,Școala Gimnazială Fântânele,5.86,6.87,4.84,18
2025,Arad,"Școala Gimnazială „Emil Monția”, Șicula",5.86,6.61,5.11,8
2025,Arad,"Școala Gimnazială „Pavel Covaci”, Macea",5.82,6.27,5.29,29
2025,Arad,"Școala Gimnazială Nr. 2, Pecica",5.8,6.0,5.03,28
2025,Arad,"Liceul „Ioan Buteanu”, Gurahonț",5.76,6.09,5.44,36
2025,Arad,"Școala Gimnazială „Ștefan Cicio-Pop”, Conop",5.72,6.4,5.05,15
2025,Arad,"Școala Gimnazială, Secusigiu",5.71,6.17,5.25,35
2025,Arad,"Școala Gimnazială „Simonyi Imre”, Satu Nou",5.69,4.94,4.97,9
2025,Arad,Școala Gimnazială Hășmaș,5.69,6.26,5.11,8
2025,Arad,"Liceul Teoretic „Gheorghe Lazăr”, Pecica",5.67,6.04,5.31,53
2025,Arad,Școala Gimnazială Târnova,5.64,6.38,4.91,21
2025,Arad,"Școala Gimnazială, Păuliș",5.63,5.55,5.72,9
2025,Arad,Școala Gimnazială Bârsa,5.63,5.95,5.31,20
2025,Arad,"Școala Gimnazială, Dezna",5.61,5.85,5.38,2
2025,Arad,"Școala Gimnazială „Lazăr Tâmpa”, Almaș",5.59,6.08,5.1,19
2025,Arad,"Liceul „Atanasie Marienescu”, Lipova",5.58,6.12,5.05,46
2025,Arad,Școala Gimnazială Iacobini,5.58,6.16,5.01,10
2025,Arad,Școala Gimnazială Sântana,5.57,6.54,4.61,11
2025,Arad,Liceul cu Program Sportiv Arad,5.56,6.03,5.1,40
2025,Arad,Școala Gimnazială Măderat,5.54,6.19,4.91,10
2025,Arad,Școala Gimnazială Șagu,5.54,5.85,5.24,20
2025,Arad,"Școala Gimnazială „Corneliu Micloși”, Covăsânț",5.51,6.04,5.0,10
2025,Arad,"Școala Gimnazială, Chesinț",5.5,6.11,5.0,11
2025,Arad,"Școala Gimnazială „Iustin Marșieu”, Socodor",5.49,5.49,5.49,18
2025,Arad,Școala Gimnazială Cintei,5.47,5.85,5.1,17
2025,Arad,"Școala Gimnazială „Teodor Păcățian”, Ususău",5.46,5.78,5.14,13
2025,Arad,"Școala Gimnazială „Patrichie Popescu”, Bata",5.42,5.68,5.18,8
2025,Arad,Școala Gimnazială Gurba,5.42,6.26,4.58,4
2025,Arad,Școala Gimnazială Vladimirescu,5.37,5.76,4.99,30
2025,Arad,Liceul Teoretic Pâncota,5.29,5.79,4.8,53
2025,Arad,Școala Gimnazială Pilu,5.17,4.89,5.47,17
2025,Arad,Liceul Tehnologic Vinga,5.17,5.32,5.03,31
2025,Arad,Școala Gimnazială Drauț,5.15,5.66,4.64,11
2025,Arad,Școala Gimnazială Pleșcuța,5.12,5.8,4.43,6
2025,Arad,Liceul Teoretic Cermei,5.11,5.28,4.93,9
2025,Arad,Școala Gimnazială Craiva,5.11,5.66,4.55,17
2025,Arad,"Școala Gimnazială „Sabin Drăgoi”, Petriș",5.1,5.24,4.96,9
2025,Arad,Școala Gimnazială Mailat,5.08,5.42,4.33,6
2025,Arad,Școala Gimnazială Bârzava,5.04,5.78,4.31,17
2025,Arad,Școala Gimnazială Dieci,5.0,5.4,4.6,4
2025,Arad,"Școala Gimnazială „Gabriel Brola”, Buteni",4.96,5.77,4.15,15
2025,Arad,"Școala Gimnazială „Cristian Herbei”, Vărădia de Mureș",4.93,5.06,4.81,7
2025,Arad,Liceul Tehnologic „Emil Craciun Lazureanu” Beliu,4.87,4.99,4.75,20
2025,Arad,Școala Gimnazială Galșa,4.86,5.44,4.29,27
2025,Arad,"Școala Gimnazială „Mihai Veliciu”, Sepreuș",4.85,5.25,4.46,16
2025,Arad,Școala Gimnazială Șilindia,4.84,5.72,3.96,6
2025,Arad,"Școala Gimnazială „Ștefan Augustin Doinaș”, Caporal Alexa",4.77,5.73,3.81,15
2025,Arad,Școala Gimnazială Sânmartin,4.76,5.34,4.21,19
2025,Arad,"Liceul Tehnologic „Moga Voievod”, Hălmagiu",4.76,5.1,4.42,6
2025,Arad,Școala Gimnazială Nădab,4.74,5.54,3.94,12
2025,Arad,"Școala Gimnazială, Tauț",4.71,5.17,4.25,16
2025,Arad,"Școala Gimnazială „Petru Bărdan”, Chier",4.68,4.7,4.05,6
2025,Arad,Școala Gimnazială Mănăștur,4.64,4.67,4.61,17
2025,Arad,"Școala Gimnazială, Sintea Mare",4.61,4.99,4.24,11
2025,Arad,"Școala Gimnazială „Iosif Moldovan”, Arad",4.59,4.68,4.51,26
2025,Arad,"Școala Gimnazială „Alexandru Mocioni”, Birchiș",4.5,5.16,3.84,11
2025,Arad,"Școala Gimnazială Sanpetru, German",4.37,4.88,3.86,13
2025,Arad,Școala Gimnazială Zărand,4.32,4.68,3.95,13
2025,Arad,"Liceul Tehnologic „Sava Brancovici”, Ineu",4.32,4.5,4.14,14
2025,Arad,Școala Gimnazială Țipar,4.28,4.14,4.43,12
2025,Arad,"Liceul Tehnologic „Francisc Neuman”, Arad",4.24,4.35,4.14,12
2025,Arad,"Școala Gimnazială „Ilarion Felea”, Arad",4.19,4.5,3.88,9
2025,Arad,"Școala Gimnazială, Chisindia",4.18,4.74,3.63,5
2025,Arad,Școala Gimnazială Vânători,3.89,4.59,3.17,26
2025,Arad,Școala Gimnazială Olari,3.82,4.0,3.64,7
2025,Arad,Școala Gimnazială Fiscut,3.47,3.62,3.32,11
2025,Arad,"Școala Gimnazială Nr. 2, Curtici",3.04,3.46,3.23,12
2025,Arad,"Școala Gimnazială Pădureni, Chișineu Criș",3.01,2.15,3.19,11
2025,Arad,"Liceul Special „Sfânta Maria”, Arad",2.77,2.82,2.5,17
2025,Argeș,"Colegiul Național „Zinca Golescu”, Pitești",9.48,9.54,9.43,29
2025,Argeș,"Colegiul Național „Ion C. Brătianu”, Pitești",9.46,9.49,9.43,28
2025,Argeș,"Liceul Teoretic „Ion Mihalache”, Topoloveni",9.02,9.3,8.75,29
2025,Argeș,"Școala Gimnazială de Excelență „Sfânta Muceniță Filoteea”, Pitești",8.71,8.96,8.46,11
2025,Argeș,"Colegiul Național „Dinicu Golescu”, Câmpulung",8.59,8.86,8.33,29
2025,Argeș,"Școala Gimnazială „Traian”, Pitești",8.53,8.8,8.27,107
2025,Argeș,"Școala Gimnazială „Ion Pillat”, Pitești",8.51,8.72,8.3,92
2025,Argeș,"Școala Gimnazială „Mihai Eminescu”, Pitești",8.49,8.73,8.26,169
2025,Argeș,"Școala Gimnazială „Mircea cel Bătrân”, Curtea de Argeș",8.49,8.73,8.26,58
2025,Argeș,"Școala Gimnazială „Mircea cel Bătrân”, Pitești",8.34,8.49,8.19,195
2025,Argeș,"Școala Gimnazială „Nicolae Iorga”, Pitești",8.34,8.47,8.21,84
2025,Argeș,"Școala Gimnazială Nr. 1, Valea Danului",8.23,8.53,7.94,15
2025,Argeș,"Școala Gimnazială „Matei Basarab”, Pitești",8.22,8.48,7.97,211
2025,Argeș,"Școala Gimnazială Nr. 2, Pitești",8.18,8.42,7.95,48
2025,Argeș,"Școala Gimnazială „Carol I”, Curtea de Argeș",8.18,8.57,7.78,46
2025,Argeș,"Școala Gimnazială „Nicolae Simonide”, Pitești",8.09,8.29,7.89,17
2025,Argeș,"Școala Gimnazială „Alexandru Davila”, Pitești",8.08,8.28,7.89,114
2025,Argeș,"Școala Gimnazială „Marin Preda”, Pitești",8.06,8.47,7.66,85
2025,Argeș,"Școala Gimnazială Nr. 1, Ciofrângeni",8.01,7.8,8.23,20
2025,Argeș,"Școala Gimnazială „Toma Brătianu”, Șuici",8.0,8.23,7.78,9
2025,Argeș,"Școala Gimnazială „Tudor Vladimirescu”, Pitești",7.99,8.16,7.82,70
2025,Argeș,"Școala Gimnazială „Virgil Calotescu”, Bascov",7.92,8.37,7.48,76
2025,Argeș,"Școala Gimnazială Nr. 1, Poienarii de Argeș",7.89,7.65,8.13,4
2025,Argeș,"Școala Gimnazială „Profesor Doctor Vasile Vasilescu”, Oești",7.88,8.14,7.63,13
2025,Argeș,"Școala Gimnazială „Ion Minulescu”, Pitești",7.86,8.06,7.66,120
2025,Argeș,Școala Gimnazială Beleți-Negrești,7.83,8.32,7.34,13
2025,Argeș,"Școala Gimnazială „Basarab I”, Curtea de Argeș",7.8,8.24,7.37,41
2025,Argeș,"Școala Gimnazială „Sfântul Iacob”, Câmpulung",7.8,8.26,7.35,35
2025,Argeș,"Școala Gimnazială „Nanu Muscel”, Câmpulung",7.78,8.2,7.37,85
2025,Argeș,"Școala Gimnazială „George Topîrceanu”, Mioveni",7.75,7.93,7.58,99
2025,Argeș,"Colegiul Național Pedagogic „Carol I”, Câmpulung",7.75,8.27,7.24,58
2025,Argeș,"Școala Gimnazială „I.L. Caragiale”, Pitești",7.68,8.04,7.33,71
2025,Argeș,"Școala Gimnazială „Nicolae Velea”, Cepari",7.52,7.5,7.55,13
2025,Argeș,"Școala Gimnazială „Iosif Catrinescu”, Dragoslavele",7.5,7.94,7.06,7
2025,Argeș,"Școala Gimnazială Nr. 1, Poiana Lacului",7.5,7.86,7.14,31
2025,Argeș,"Școala Gimnazială „Mircea Eliade”, Pitești",7.49,7.88,7.09,70
2025,Argeș,"Școala Gimnazială „Nicolae Bălcescu”, Pitești",7.48,7.67,7.3,57
2025,Argeș,"Școala Gimnazială, Galeșu",7.45,7.76,7.15,7
2025,Argeș,"Liceul de Arte „Dinu Lipatti”, Pitești",7.44,8.04,6.84,55
2025,Argeș,"Școala Gimnazială „Adrian Păunescu”, Pitești",7.38,7.74,7.03,82
2025,Argeș,"Școala Gimnazială „Oprea Iorgulescu”, Câmpulung",7.37,7.98,6.76,55
2025,Argeș,"Școala Gimnazială „George Marinescu”, Drăganu",7.36,7.66,7.05,11
2025,Argeș,"Liceul Teoretic „Iulia Zamfirescu”, Mioveni",7.33,7.75,6.93,91
2025,Argeș,Liceul Tehnologic Topoloveni,7.33,7.58,7.08,82
2025,Argeș,"Liceul Tehnologic „Petre Ionescu Muscel”, Domnești",7.32,7.63,7.02,20
2025,Argeș,"Școala Gimnazială „Radu Șerban”, Sălătrucu",7.32,7.48,7.17,11
2025,Argeș,Liceul Tehnologic „I.C. Petrescu” Stîlpeni,7.18,7.27,7.09,17
2025,Argeș,"Școala Gimnazială „Regina Maria”, Curtea de Argeș",7.16,7.5,6.82,56
2025,Argeș,"Școala Gimnazială „George Stephănescu”, Arefu",7.16,7.82,6.51,8
2025,Argeș,"Școala Gimnazială „Nae A. Ghica”, Rucăr",7.12,7.66,6.59,41
2025,Argeș,"Școala Gimnazială „Lexford Castel”, Pitești",7.12,7.35,6.89,5
2025,Argeș,"Școala Gimnazială „Liviu Rebreanu”, Mioveni",7.12,7.6,6.63,129
2025,Argeș,"Școala Gimnazială „Ilie Stoenescu”, Boțești",7.12,7.93,6.31,6
2025,Argeș,"Școala Gimnazială „Negru Vodă”, Pitești",7.11,7.6,6.63,53
2025,Argeș,Școala Gimnazială Gălășești,7.11,7.31,6.91,13
2025,Argeș,"Școala Gimnazială, Albeștii de Argeș",7.07,7.47,6.66,37
2025,Argeș,"Școala Gimnazială Nr. 1, Pitești",7.06,7.12,7.01,31
2025,Argeș,"Școala Gimnazială „Iordache Păcescu”, Coșești",7.05,7.53,6.57,18
2025,Argeș,"Școala Gimnazială Nr. 1, Corbeni",7.03,7.32,6.74,31
2025,Argeș,Școala Gimnazială Rădești,7.01,7.65,6.39,12
2025,Argeș,"Liceul cu Program Sportiv „Viitorul”, Pitești",7.01,6.98,7.04,27
2025,Argeș,"Școala Gimnazială, Valea Ursului",6.99,7.69,6.3,19
2025,Argeș,"Școala Gimnazială „Vintilă Brătianu”, Ștefănești",6.99,7.41,6.58,25
2025,Argeș,"Școala Gimnazială, Calotești",6.98,7.46,6.51,10
2025,Argeș,Școala Gimnazială Păduroiu,6.97,7.17,6.78,19
2025,Argeș,"Școala Gimnazială „Tudor Arghezi”, Pitești",6.97,7.26,6.68,38
2025,Argeș,"Școala Gimnazială Nr. 1, Costești",6.93,7.36,6.51,71
2025,Argeș,Școala Gimnazială Vrănești,6.91,7.21,6.62,24
2025,Argeș,"Școala Gimnazială „Marin Braniște”, Suseni",6.9,7.84,5.95,18
2025,Argeș,Școala Gimnazială Șerboeni,6.87,6.77,6.97,15
2025,Argeș,"Școala Gimnazială, Valea Popii",6.87,7.32,6.42,19
2025,Argeș,"Școala Gimnazială „Armand Călinescu”, Curtea de Argeș",6.86,7.29,6.43,26
2025,Argeș,"Școala Gimnazială „Theodor Aman”, Câmpulung",6.82,7.66,5.99,18
2025,Argeș,"Școala Gimnazială „Tudor Cornel”, Ungheni",6.79,6.49,7.1,16
2025,Argeș,"Școala Gimnazială, Cicănești",6.73,7.37,5.88,19
2025,Argeș,Școala Gimnazială Mușătești,6.71,7.93,5.5,10
2025,Argeș,"Școala Gimnazială Nr. 1, Ștefănești",6.7,7.5,5.91,19
2025,Argeș,Școala Gimnazială Podu-Dâmboviței,6.67,6.43,6.92,3
2025,Argeș,Școala Gimnazială Retevoiești,6.64,7.13,6.16,10
2025,Argeș,"Școala Gimnazială Prof. Emil Negoiță, Miroși",6.62,6.83,6.42,12
2025,Argeș,"Școala Gimnazială, Davidești",6.57,6.66,6.48,8
2025,Argeș,Școala Gimnazială Călinești-Vale,6.57,6.94,6.2,24
2025,Argeș,Școala Gimnazială Lăzărești,6.54,7.26,5.82,11
2025,Argeș,"Școala Gimnazială Nr. 1, Poienarii de Muscel",6.5,6.76,6.24,15
2025,Argeș,"Școala Gimnazială Nr. 1, Schitu Golești",6.47,6.93,6.03,16
2025,Argeș,Școala Gimnazială Cireșu,6.47,6.91,6.04,14
2025,Argeș,"Școala Gimnazială „Nicolae Crețulescu”, Leordeni",6.47,6.99,5.95,30
2025,Argeș,"Școala Gimnazială Nr. 1, Valea Mare-Pravăț",6.41,7.18,5.63,15
2025,Argeș,"Școala Gimnazială „Gheorghe Mocanu”, Rociu",6.39,6.7,6.08,16
2025,Argeș,"Școala Gimnazială „Naum Râmniceanu”, Corbi",6.36,6.87,5.85,15
2025,Argeș,"Școala Gimnazială „Tudor Mușatescu”, Pitești",6.35,6.66,6.05,32
2025,Argeș,Școala Gimnazială Moșoaia,6.34,7.06,5.62,12
2025,Argeș,"Școala Gimnazială „Petre Badea”, Negrași",6.33,7.11,5.54,16
2025,Argeș,Școala Gimnazială Căteasca,6.32,7.05,5.6,21
2025,Argeș,"Școala Gimnazială Nr. 1, Argeșelu",6.32,6.65,5.99,21
2025,Argeș,Școala Gimnazială Valea Brazilor,6.28,7.12,5.44,15
2025,Argeș,"Școala Gimnazială „Sf. Apostol Andrei”, Curtea de Argeș",6.25,6.53,5.97,12
2025,Argeș,Școala Gimnazială Băbana,6.25,7.0,5.5,19
2025,Argeș,"Școala Gimnazială Nr. 1, Lerești",6.24,6.69,5.81,13
2025,Argeș,"Școala Gimnazială Nr. 1, Valea Iașului",6.22,6.55,5.9,2
2025,Argeș,Școala Gimnazială Bălilești,6.2,6.24,6.16,18
2025,Argeș,Școala Gimnazială Mozăceni-Vale,6.18,7.04,5.34,16
2025,Argeș,Școala Gimnazială Stroești,6.17,7.14,5.2,10
2025,Argeș,Școala Gimnazială Băiculești,6.16,6.81,5.52,11
2025,Argeș,Școala Gimnazială Cotmeana,6.16,6.23,6.09,8
2025,Argeș,"Școala Gimnazială „Radu cel Mare”, Bogați",6.15,6.49,5.82,23
2025,Argeș,Școala Gimnazială Brătia-Ciomăgești,6.14,6.78,5.51,7
2025,Argeș,Școala Gimnazială Cotești-Godeni,6.1,6.73,5.48,15
2025,Argeș,"Școala Gimnazială „Constantin Brâncoveanu”, Slobozia",6.05,6.17,5.94,32
2025,Argeș,Liceul Tehnologic Vedea,6.04,6.3,5.79,22
2025,Argeș,"Școala Gimnazială „Sanda Movilă”, Albota",6.04,6.75,5.33,16
2025,Argeș,Școala Gimnazială Bârsești,6.02,6.68,5.36,13
2025,Argeș,"Școala Gimnazială „General Constantin Cristescu”, Lunca Corbului",6.01,6.89,5.14,12
2025,Argeș,"Școala Gimnazială Nr. 1, Vlădești",6.01,6.67,5.34,28
2025,Argeș,"Școala Gimnazială „Ștefan cel Mare”, Ștefan cel Mare",5.96,6.21,5.71,19
2025,Argeș,"Școala Gimnazială „Ion Creangă”, Bradu",5.96,6.48,5.43,9
2025,Argeș,Școala Gimnazială Sămara,5.91,6.12,5.7,12
2025,Argeș,"Școala Gimnazială, Conțești",5.91,7.27,4.54,16
2025,Argeș,Școala Gimnazială Morărești,5.9,6.36,5.44,9
2025,Argeș,Școala Gimnazială Broșteni-Aninoasa,5.88,5.85,5.7,18
2025,Argeș,Școala Gimnazială Livezeni,5.87,6.13,5.62,14
2025,Argeș,"Școala Gimnazială Nr. 1, Stoenești",5.85,6.43,5.28,24
2025,Argeș,"Școala Gimnazială „Ion Iorgulescu”, Mihăești",5.81,6.45,5.17,33
2025,Argeș,"Școala Gimnazială „Petre Tudose”, Mălureni",5.8,6.02,5.55,17
2025,Argeș,"Școala Gimnazială Nr. 1, Vulturești",5.78,6.73,4.84,21
2025,Argeș,Școala Gimnazială „Mișei”,5.76,7.1,4.43,7
2025,Argeș,Școala Gimnazială Urluieni,5.75,6.78,4.72,10
2025,Argeș,"Liceul Tehnologic „Victor Slăvescu”, Rucăr",5.73,6.39,5.06,14
2025,Argeș,"Școala Gimnazială „Vladimir Streinu”, Teiu",5.68,6.16,5.2,7
2025,Argeș,"Școala Gimnazială „Constantin Brâncoveanu”, Ștefănești",5.67,6.17,5.19,15
2025,Argeș,"Școala Gimnazială „Petre Țuțea”, Boteni",5.66,6.29,5.03,21
2025,Argeș,Liceul Tehnologic nr. 1 Mărăcineni,5.63,5.89,5.37,18
2025,Argeș,"Școala Gimnazială „Constantin Rădulescu Codin”, Priboieni",5.63,6.1,5.16,14
2025,Argeș,"Școala Gimnazială „C.D. Aricescu”, Câmpulung",5.63,5.47,5.79,13
2025,Argeș,"Școala Gimnazială „Gabriel Marinescu”, Tigveni",5.59,5.9,5.29,16
2025,Argeș,"Școala Gimnazială „Mihai Tican Rumano”, Berevoești",5.59,5.51,5.59,26
2025,Argeș,"Școala Gimnazială Nr. 1, Recea",5.57,6.13,5.01,18
2025,Argeș,Școala Gimnazială Dîrmănești,5.56,6.26,4.88,16
2025,Argeș,Școala Gimnazială Rîncăciov,5.5,5.83,5.11,26
2025,Argeș,"Școala Gimnazială „Elena Davila Perticari”, Izvoru",5.48,5.8,5.17,11
2025,Argeș,"Școala Gimnazială, Zărnești",5.48,5.57,5.4,19
2025,Argeș,"Școala Gimnazială Nr. 1, Micești",5.48,5.7,5.13,31
2025,Argeș,"Școala Gimnazială „Mihai Eminescu”, Bradu",5.48,5.69,5.27,10
2025,Argeș,"Școala Gimnazială „Dumitru Udrescu”, Săpata",5.46,6.2,4.73,5
2025,Argeș,"Școala Gimnazială „Toma Arnăuțoiu”, Nucșoara",5.46,5.44,5.48,8
2025,Argeș,Școala Gimnazială Coșești,5.38,5.42,5.34,16
2025,Argeș,"Școala Gimnazială „D. Rădulescu”, Oarja",5.28,5.67,4.9,21
2025,Argeș,Școala Gimnazială Dobrești,5.22,5.87,4.59,10
2025,Argeș,Școala Gimnazială Hârsești,5.22,5.82,4.62,15
2025,Argeș,Școala Gimnazială Bădești,5.2,5.57,4.82,12
2025,Argeș,Școala Gimnazială Vulpești,5.16,5.49,4.83,19
2025,Argeș,Școala Gimnazială „Prof. Univ. Dr. Ion Stoia Căldăraru”,5.15,6.59,3.71,10
2025,Argeș,"Școala Gimnazială „Mircea Ghițulescu”, Cuca",5.1,5.48,4.74,7
2025,Argeș,"Școala Gimnazială „Constantin Bălăceanu-Stolnici”, Stolnici",5.07,5.57,4.58,21
2025,Argeș,"Școala Gimnazială „Radu Golescu”, Ștefănești",5.07,6.01,4.13,4
2025,Argeș,"Școala Gimnazială Nr. 1, Mioveni",5.05,5.45,4.66,14
2025,Argeș,"Școala Gimnazială Nr. 1, Bughea de Jos",5.04,5.15,4.75,26
2025,Argeș,Școala Gimnazială Glîmbocata,5.01,5.12,4.92,4
2025,Argeș,"Școala Gimnazială „Victor Țârcovnicul”, Popești",5.01,5.07,4.96,10
2025,Argeș,"Școala Gimnazială „Ilie Stănculescu”, Râca",4.96,5.28,4.64,7
2025,Argeș,"Școala Gimnazială Nr. 1, Hîrtiești",4.93,5.4,4.46,13
2025,Argeș,"Școala Gimnazială Nr. 1, Uda",4.86,5.37,4.35,6
2025,Argeș,"Școala Gimnazială „I.C. Lăzărescu”, Țițești",4.84,5.02,4.67,8
2025,Argeș,Școala Gimnazială Vâlcele,4.82,5.67,3.97,13
2025,Argeș,Școala Gimnazială „Drăghici”,4.77,5.59,3.95,7
2025,Argeș,"Școala Gimnazială, Merișani",4.7,4.79,4.62,12
2025,Argeș,"Școala Gimnazială Nr. 1, Cetățeni",4.7,5.07,4.34,20
2025,Argeș,"Școala Gimnazială „Gheorghe I.I.C. Brătianu”, Rătești",4.7,4.85,4.36,19
2025,Argeș,"Școala Gimnazială, Slănic",4.62,5.55,3.69,5
2025,Argeș,"Școala Gimnazială Nr. 1, Bughea de Sus",4.41,4.99,3.68,12
2025,Argeș,Liceul cu Program Sportiv Câmpulung,4.39,4.91,3.84,19
2025,Argeș,"Școala Gimnazială Nr. 1, Pietroșani",4.25,4.2,3.79,7
2025,Argeș,Școala Gimnazială Stănești,4.04,4.39,3.71,13
2025,Argeș,"Școala Gimnazială, Purcăreni",3.99,4.12,3.86,9
2025,Argeș,Școala Gimnazială Tufanu,3.38,2.65,4.09,10
2025,Argeș,Școala Gimnazială Bădeni,3.36,3.47,3.13,13
2025,Argeș,"Școala Gimnazială Nr. 1, Cocu",3.23,3.64,2.83,8
2025,Argeș,Școala Gimnazială Nămăești,2.76,2.4,3.13,16
2025,Bacău,"Colegiul Național „Ferdinand I”, Bacău",9.16,9.19,9.13,56
2025,Bacău,"Colegiul Național „Gheorghe Vrânceanu”, Bacău",9.15,9.23,9.08,29
2025,Bacău,"Colegiul Național „Vasile Alecsandri”, Bacău",9.03,9.09,8.98,29
2025,Bacău,"Colegiul Național „Dimitrie Cantemir”, Onești",9.02,9.2,8.85,30
2025,Bacău,"Școala Gimnazială Nr. 10, Bacău",8.58,8.8,8.37,87
2025,Bacău,"Școala Gimnazială „Spiru Haret”, Bacău",8.43,8.61,8.25,117
2025,Bacău,Școala Gimnazială Coșnea,8.42,9.35,7.5,1
2025,Bacău,Școala Gimnazială „Elias”,8.39,8.83,7.95,3
2025,Bacău,"Școala Gimnazială „Alexandru Ioan Cuza”, Bacău",8.31,8.62,8.01,155
2025,Bacău,"Școala Gimnazială „Ștefan Luchian”, Moinești",8.25,8.49,8.02,75
2025,Bacău,"Școala Gimnazială „Ghiță Mocanu”, Onești",8.09,8.37,7.81,45
2025,Bacău,"Școala Gimnazială Nr. 2, Faraoani",8.08,8.06,8.11,22
2025,Bacău,"Școala Gimnazială „Alexandru cel Bun”, Bacău",7.99,8.52,7.47,44
2025,Bacău,"Colegiul Național „Costache Negri”, Târgu Ocna",7.94,8.32,7.57,29
2025,Bacău,"Școala Gimnazială „Mihai Drăgan”, Bacău",7.92,8.19,7.65,163
2025,Bacău,"Școala Gimnazială Nr. 1, Scurta",7.9,7.75,8.05,17
2025,Bacău,"Școala Gimnazială „Liviu Rebreanu”, Comănești",7.87,8.4,7.34,62
2025,Bacău,"Școala Gimnazială „Nicolae Iorga”, Bacău",7.86,8.2,7.53,72
2025,Bacău,"Școala Gimnazială „Mihail Sadoveanu”, Bacău",7.84,7.83,7.79,64
2025,Bacău,"Școala Gimnazială „George Bacovia”, Bacău",7.81,8.12,7.51,52
2025,Bacău,"Școala Gimnazială „Miron Costin”, Bacău",7.78,8.15,7.42,117
2025,Bacău,"Școala Gimnazială Nr. 1, Onești",7.71,7.92,7.52,49
2025,Bacău,"Școala Gimnazială „Grigore Tabacaru”, Hemeiuș",7.7,7.98,7.43,15
2025,Bacău,"Colegiul Național de Artă „George Apostu”, Bacău",7.67,8.24,7.1,55
2025,Bacău,"Școala Gimnazială Nr. 2, Târgu Ocna",7.64,7.94,7.33,39
2025,Bacău,"Colegiul Național Pedagogic „Ștefan cel Mare”, Bacău",7.62,8.0,7.25,80
2025,Bacău,"Școala Gimnazială „Constantin Platon”, Bacău",7.58,7.87,7.29,66
2025,Bacău,"Școala Gimnazială „Ion Creangă”, Bacău",7.55,7.97,7.14,76
2025,Bacău,"Școala Gimnazială „Sfântul Voievod Ștefan cel Mare”, Onești",7.55,8.01,7.1,59
2025,Bacău,Școala Gimnazială Traian,7.5,7.82,7.19,23
2025,Bacău,"Școala Gimnazială „Mihai Eminescu”, Buhuși",7.49,7.88,7.1,70
2025,Bacău,"Școala Gimnazială „Dr. Alexandru Șafran”, Bacău",7.42,7.95,6.9,67
2025,Bacău,"Școala Gimnazială Nr. 1, Gura Văii",7.37,8.52,6.23,6
2025,Bacău,"Școala Gimnazială „George Enescu”, Moinești",7.35,7.66,6.97,50
2025,Bacău,"Școala Gimnazială „Explorator Teodor Gheorghe Negoiță”, Sascut",7.33,8.12,6.53,29
2025,Bacău,"Școala Gimnazială, Preluci",7.32,8.14,6.49,13
2025,Bacău,"Școala Gimnazială „George Călinescu”, Onești",7.32,7.78,6.86,112
2025,Bacău,Școala Gimnazială Letea Veche,7.26,7.92,6.6,16
2025,Bacău,"Școala Gimnazială Nr. 2, Buhuși",7.25,7.92,6.58,24
2025,Bacău,"Liceul Tehnologic „Alexandru Vlahuță”, Podu Turcului",7.24,7.77,6.72,39
2025,Bacău,"Școala Gimnazială „Ion Luca”, Bacău",7.24,7.54,6.94,29
2025,Bacău,"Școala Gimnazială Nr. 1, Târgu Ocna",7.23,7.93,6.54,44
2025,Bacău,"Școala Gimnazială „Ciprian Porumbescu”, Comănești",7.16,7.52,6.74,55
2025,Bacău,"Școala Gimnazială „Costache Negri”, Negri",7.14,7.55,6.74,6
2025,Bacău,"Școala Gimnazială, Dragugești",7.11,7.81,6.41,11
2025,Bacău,"Școala Gimnazială „Emil Racoviță”, Onești",7.1,7.35,6.85,43
2025,Bacău,"Școala Gimnazială Nr. 1, Negoiești",7.06,7.43,6.69,38
2025,Bacău,Scoala Gimnaziala Nr 1 Versesti,6.99,7.68,6.3,3
2025,Bacău,"Școala Gimnazială, Scorțeni",6.98,7.16,6.81,10
2025,Bacău,Școala Gimnazială Dumbrava,6.97,7.47,6.47,8
2025,Bacău,Școala Gimnazială Horgești,6.96,6.98,6.95,12
2025,Bacău,"Școala Gimnazială „Tristan Tzara”, Moinești",6.95,7.21,6.66,31
2025,Bacău,"Școala Gimnazială „Ion Borcea”, Racova",6.9,7.82,5.98,15
2025,Bacău,"Liceul Tehnologic „Anghel Saligny”, Bacău",6.9,7.68,6.12,8
2025,Bacău,"Școala Gimnazială „Nicu Enea”, Bacău",6.88,7.73,6.05,20
2025,Bacău,Școala Gimnazială Glăvănești,6.88,7.36,6.41,15
2025,Bacău,Școala Gimnazială Chetriș,6.88,7.63,6.13,11
2025,Bacău,"Școala Gimnazială „Alexandru Piru”, Mărgineni",6.87,7.17,6.58,15
2025,Bacău,Școala Gimnazială Plopu,6.86,7.78,5.95,7
2025,Bacău,Școala Gimnazială Onișcani,6.86,7.73,6.0,10
2025,Bacău,"Școala Gimnazială „General Nicolae Șova”, Poduri",6.84,7.06,6.64,26
2025,Bacău,"Școala Gimnazială „Ion Simionescu”, Lilieci",6.84,6.86,6.83,17
2025,Bacău,Școala Gimnazială Agăș,6.81,7.48,6.14,16
2025,Bacău,"Liceul cu Program Sportiv „Nadia Comăneci”, Onești",6.8,7.13,6.48,18
2025,Bacău,"Școala Gimnazială „Emil Brăescu”, Măgura",6.8,7.44,6.16,14
2025,Bacău,Școala Gimnazială Măgirești,6.79,6.98,6.61,21
2025,Bacău,"Școala Gimnazială Nr. 1, Apa Asău",6.79,7.12,6.47,12
2025,Bacău,"Școala Gimnazială Nr. 1, Sărata",6.78,7.75,5.82,9
2025,Bacău,Școala Gimnazială Solonț,6.77,6.65,6.9,22
2025,Bacău,"Școala Gimnazială, Berești-Tazlău",6.77,7.25,6.29,14
2025,Bacău,"Școala Gimnazială Nr. 1, Slănic-Moldova",6.76,7.89,5.64,12
2025,Bacău,"Școala Gimnazială „Vasile Pârvan”, Huruiești",6.76,7.65,5.86,15
2025,Bacău,"Școala Gimnazială „Ion Creangă”, Garlenii de Sus",6.75,7.32,6.19,7
2025,Bacău,"Școala Gimnazială „Dimitrie Ghica”, Comănești",6.73,7.19,6.26,26
2025,Bacău,"Școala Gimnazială Nr. 2, Cleja",6.72,7.37,6.08,15
2025,Bacău,"Școala Gimnazială „Mihai Eminescu”, Lespezi",6.68,7.07,6.3,24
2025,Bacău,"Școala Gimnazială „Ion Strat”, Gioseni",6.67,7.14,6.2,36
2025,Bacău,"Școala Gimnazială Nr. 1, Oituz",6.63,7.87,5.4,22
2025,Bacău,Școala Gimnazială Helegiu,6.61,7.01,6.22,14
2025,Bacău,"Școala Gimnazială „Regina Maria”, Mănăstirea Cașin",6.58,7.43,5.73,24
2025,Bacău,Școala Gimnazială Găiceana,6.51,7.47,5.55,25
2025,Bacău,"Liceul Tehnologic „Petru Rareș”, Bacău",6.49,7.32,5.65,12
2025,Bacău,"Școala Gimnazială „Scarlat Longhin”, Dofteana",6.48,7.21,5.76,38
2025,Bacău,Școala Gimnazială Fundu Racaciuni,6.44,6.76,6.12,8
2025,Bacău,"Școala Gimnazială „Alexandru Sever”, Moinești",6.43,6.45,6.42,22
2025,Bacău,"Școala Gimnazială Nr. 1, Tarhausi",6.42,7.24,5.61,13
2025,Bacău,"Școala Gimnazială „Nicolae Bălcescu”, Nicolae Bălcescu",6.41,6.76,6.07,41
2025,Bacău,Școala Gimnazială Cleja,6.41,7.3,5.53,14
2025,Bacău,"Școala Gimnazială „Răducanu Rosetti”, Căiuți",6.39,6.79,5.99,12
2025,Bacău,"Școala Gimnazială, Călugăreni",6.38,6.76,6.01,7
2025,Bacău,Școala Gimnazială Nr 2 Mănăstirea Cașin,6.38,6.75,6.02,14
2025,Bacău,"Școala Gimnazială Nr. 1, Slobozia",6.38,7.1,5.66,21
2025,Bacău,Școala Gimnazială Urechești,6.36,6.78,5.95,13
2025,Bacău,"Școala Gimnazială, Poiana",6.36,6.84,5.89,16
2025,Bacău,Liceul Tehnologic Dărmanești,6.33,6.75,5.92,38
2025,Bacău,"Școala Gimnazială Nr. 1, Tamași",6.32,6.74,5.91,8
2025,Bacău,"Școala Gimnazială Nr. 2, Măgura",6.32,6.48,6.16,14
2025,Bacău,Școala Gimnazială Nr. 1 „Turluianu”,6.31,6.89,5.74,18
2025,Bacău,Școala Gimnazială Tisa-Silvestri,6.3,6.9,5.71,14
2025,Bacău,Școala Gimnazială Temelia,6.3,7.37,5.24,8
2025,Bacău,Școala Gimnazială Oituz,6.29,6.88,5.71,34
2025,Bacău,"Școala Gimnazială „Constantin Popovici”, Buhoci",6.27,7.16,5.39,8
2025,Bacău,"Școala Gimnazială „Domnița Maria”, Bacău",6.26,6.78,5.74,32
2025,Bacău,"Școala Gimnazială, Filipești",6.25,7.1,5.41,12
2025,Bacău,Școala Gimnazială Păncești,6.24,7.12,5.36,18
2025,Bacău,Școala Gimnazială „Gheorghe Doja”,6.23,6.76,5.71,13
2025,Bacău,Liceul cu Program Sportiv Bacău,6.23,6.95,5.5,12
2025,Bacău,"Școala Gimnazială „Dani Gergely”, Ghimeș",6.23,5.25,6.16,25
2025,Bacău,Școala Gimnazială Corbasca,6.2,7.17,5.24,12
2025,Bacău,Școala Gimnazială „Dealu Morii”,6.2,6.4,5.99,23
2025,Bacău,"Școala Gimnazială Nr. 1, Balcani",6.19,6.53,5.87,18
2025,Bacău,"Școala Gimnazială Nr. 1, Roșiori",6.19,7.26,5.12,37
2025,Bacău,Școala Gimnazială Holt,6.18,6.64,5.73,5
2025,Bacău,Școala Gimnazială Sohodor,6.13,6.85,5.41,15
2025,Bacău,"Școala Gimnazială Nr. 1, Orbeni",6.12,6.37,5.87,14
2025,Bacău,Școala Gimnazială Pustiana,6.11,7.21,5.01,6
2025,Bacău,Școala Gimnazială Sascut-Sat,6.09,7.15,5.04,15
2025,Bacău,Școala Gimnazială Răcăciuni,6.08,6.61,5.56,44
2025,Bacău,"Școala Gimnazială „Alexandru cel Bun”, Berzunți",6.07,6.38,5.7,43
2025,Bacău,"Școala Gimnazială „Costachi S. Ciocan”, Comănești",6.06,6.71,5.43,21
2025,Bacău,"Școala Gimnazială „Octavian Voicu”, Bacău",6.06,6.58,5.54,32
2025,Bacău,"Școala Gimnazială, Târgu Trotus",6.04,6.85,5.24,10
2025,Bacău,Școala Gimnazială Strugari,6.04,6.44,5.64,13
2025,Bacău,"Școala Gimnazială „Alecu Russo”, Bacău",6.03,6.56,5.48,24
2025,Bacău,"Școala Gimnazială Prof. Panaite Constantin, Garleni",5.99,6.22,5.77,12
2025,Bacău,"Școala Gimnazială „Ștefan cel Mare”, Zemeș",5.99,6.24,5.73,33
2025,Bacău,Școala Gimnazială Bijghir,5.97,6.96,4.98,8
2025,Bacău,Școala Gimnazială Bogdănești,5.94,7.03,4.85,12
2025,Bacău,Școala Gimnazială Frumoasa,5.9,6.02,5.79,25
2025,Bacău,Școala Gimnazială Bucșești,5.89,6.36,5.43,22
2025,Bacău,Școala Gimnazială Maloșu,5.89,6.75,5.05,18
2025,Bacău,"Școala Gimnazială „Învățător Neculai Pâslaru”, Cașin",5.89,6.68,5.11,13
2025,Bacău,"Școala Gimnazială „Ion Ionescu de la Brad”, Poiana",5.89,5.92,5.86,9
2025,Bacău,Școala Gimnazială Barați,5.87,6.53,5.23,5
2025,Bacău,"Școala Gimnazială Nr. 2, Dărmănești",5.87,6.84,4.9,20
2025,Bacău,Școala Gimnazială Asău,5.85,6.53,5.18,36
2025,Bacău,"Școala Gimnazială „Poet Sergiu Adam”, Frumușelu",5.85,6.32,5.38,13
2025,Bacău,"Școala Gimnazială, Palanca",5.83,6.21,5.27,27
2025,Bacău,"Școala Gimnazială „Vasile Borcea”, Berești-Bistrița",5.81,6.67,4.97,12
2025,Bacău,Școala Gimnazială Tărâța,5.8,6.1,5.49,19
2025,Bacău,"Școala Gimnazială Nr. 1, Livezi",5.8,6.52,5.07,28
2025,Bacău,Școala Gimnazială Plopana,5.79,6.62,4.96,11
2025,Bacău,Școala Gimnazială Coman,5.79,6.41,5.17,11
2025,Bacău,Școala Gimnazială Fântânele,5.74,7.0,4.49,12
2025,Bacău,"Școala Gimnazială „Mihai Eminescu”, Lipova",5.74,6.49,4.76,25
2025,Bacău,Școala Gimnazială Lapoș,5.74,5.81,5.67,9
2025,Bacău,Școala Gimnazială Somușca,5.74,5.98,5.5,12
2025,Bacău,"Școala Gimnazială, Secuieni",5.73,6.94,4.51,15
2025,Bacău,"Școala Gimnazială „Ioan Măric”, Luncani",5.69,6.62,4.76,11
2025,Bacău,Școala Gimnazială Vultureni,5.67,6.23,5.11,16
2025,Bacău,"Școala Gimnazială „George Enescu”, Tescani",5.66,6.19,5.13,15
2025,Bacău,Școala Gimnazială Răcătău,5.63,6.09,5.17,18
2025,Bacău,"Școala Gimnazială Nr. 1, Ardeoani",5.62,6.1,5.15,19
2025,Bacău,ŞCOALA GIMNAZIALĂ CUCUIEŢI,5.62,6.05,5.19,20
2025,Bacău,Școala Gimnazială Slobozia Nouă,5.59,5.67,5.52,20
2025,Bacău,"Școala Gimnazială „Gheorghe Nechita”, Motoșeni",5.57,5.96,5.18,14
2025,Bacău,Școala Gimnazială Parava,5.53,5.61,5.46,8
2025,Bacău,"Școala Gimnazială „Ștefan cel Mare”, Buhuși",5.53,6.29,4.77,7
2025,Bacău,Școala Gimnazială Rusenii Răzeși,5.51,6.33,4.71,10
2025,Bacău,"Școala Gimnazială „Ioana Radu Rosetti”, Brusturoasa",5.48,5.61,5.18,28
2025,Bacău,Școala Gimnazială Tuta,5.46,5.82,5.11,17
2025,Bacău,Școala Gimnazială Buciumi,5.46,5.57,5.36,10
2025,Bacău,Școala Gimnazială Viforeni,5.46,5.41,5.51,17
2025,Bacău,Liceul Tehnologic Făget,5.45,6.31,4.58,28
2025,Bacău,"Școala Gimnazială Nr. 1, Pîncești",5.42,5.88,4.96,14
2025,Bacău,"Școala Gimnazială Nr. 1, Blăgești",5.42,5.7,5.13,23
2025,Bacău,"Școala Gimnazială „Ioniță Sandu Sturdza”, Săucești",5.4,5.56,5.25,16
2025,Bacău,Școala Gimnazială Sirețu,5.4,6.05,4.75,10
2025,Bacău,"Școala Gimnazială „Vasile Gh. Radu”, Satu Nou",5.36,6.36,4.37,15
2025,Bacău,Școala Gimnazială „Luizi-Călugăra”,5.34,6.21,4.48,18
2025,Bacău,Școala Gimnazială Vladnic,5.34,5.8,4.88,9
2025,Bacău,Școala Gimnazială Spria,5.33,6.12,4.55,17
2025,Bacău,"Școala Gimnazială „George Apostu”, Stănișești",5.32,5.81,4.84,12
2025,Bacău,Școala Gimnazială Hăghiac,5.32,5.29,5.35,15
2025,Bacău,"Școala Gimnazială Nr. 1, Sănduleni",5.26,5.77,4.77,18
2025,Bacău,"Școala Gimnazială „Gheorghe Bantaș”, Itești",5.25,5.81,4.69,12
2025,Bacău,"Școala Gimnazială „Smaranda Apostoleanu”, Colonești",5.24,5.74,4.75,14
2025,Bacău,"Școala Gimnazială Nr. 1, Bîrsănești",5.21,6.09,4.34,8
2025,Bacău,"Școala Gimnazială Nr. 2, Slănic-Moldova",5.2,5.84,4.58,15
2025,Bacău,Școala Gimnazială Răcăuți,5.18,4.86,5.39,11
2025,Bacău,ŞCOALA GIMNAZIALĂ NR. 1 VALEA SEACĂ,5.18,5.51,4.85,19
2025,Bacău,"Școala Gimnazială Nr. 1, Buda",5.16,5.76,4.56,14
2025,Bacău,"Școala Gimnazială „Constantin Moscu”, Izvoru Berheciului",5.15,5.46,4.84,11
2025,Bacău,Școala Gimnazială Brătești,5.13,5.76,4.51,11
2025,Bacău,Școala Gimnazială Larga,5.13,5.98,4.28,10
2025,Bacău,"Școala Gimnazială „Gheorghe Avramescu”, Prăjești",5.1,5.9,4.3,2
2025,Bacău,"Școala Gimnazială „Dumitru Martinas”, Pirgărești",5.06,5.97,4.16,8
2025,Bacău,"Școala Gimnazială „Ion Rotaru”, Valea Lui Ion",5.05,6.07,4.02,24
2025,Bacău,Școala Gimnazială Petrești,5.01,5.23,4.8,13
2025,Bacău,"Școala Gimnazială, Benesti",5.0,6.09,3.92,12
2025,Bacău,Școala Gimnazială Filipeni,5.0,5.65,4.36,13
2025,Bacău,"Școala Gimnazială Nr. 3, Târgu Ocna",5.0,5.62,4.38,9
2025,Bacău,"Liceul Tehnologic „Georgeta J. Cancicov”, Parincea",4.98,5.75,4.21,15
2025,Bacău,"Școala Gimnazială Nr. 2, Bibirești",4.9,4.96,4.86,11
2025,Bacău,"Școala Gimnazială Nr. 1, Valea Seacă",4.84,5.34,4.34,17
2025,Bacău,Școala Gimnazială Ungureni,4.83,5.2,4.47,11
2025,Bacău,Școala Gimnazială Oncești,4.79,5.19,4.39,13
2025,Bacău,Școala Gimnazială Cornii de Sus,4.68,5.05,4.32,16
2025,Bacău,"Școala Gimnazială Nr. 4, Comănești",4.57,6.3,2.85,4
2025,Bacău,Liceul Tehnologic Răchitoasa,4.35,5.06,3.64,19
2025,Bacău,"Școala Gimnazială Nr. 3, Dărmănești",4.1,3.1,5.1,5
2025,Bacău,Școala Gimnazială Coțofănești,4.07,3.68,4.0,25
2025,Bacău,Școala Gimnazială Băcioiu,4.0,4.5,3.5,5
2025,Bacău,"Școala Gimnazială „Mihail Andrei”, Buhuși",3.93,4.3,3.56,15
2025,Bacău,Școala Gimnazială „Gârla Anei”,3.77,3.88,3.67,6
2025,Bacău,Școala Gimnazială Buhuși,3.29,3.25,3.33,9
2025,Bacău,Școala Gimnazială Burdușaci,3.15,3.53,2.78,12
2025,Bihor,"Colegiul Național „Emanuil Gojdu”, Oradea",9.37,9.27,9.48,86
2025,Bihor,"Liceul Teoretic „Wenford Academy”, Oradea",8.79,8.65,8.93,22
2025,Bihor,"Colegiul Național „Mihai Eminescu”, Oradea",8.73,9.16,8.3,28
2025,Bihor,"Liceul „Don Orione”, Oradea",8.42,8.72,8.14,55
2025,Bihor,"Școala Gimnazială „Oltea Doamna”, Oradea",8.38,8.58,8.18,123
2025,Bihor,"Liceul Teoretic „Aurel Lazăr”, Oradea",8.34,8.69,7.99,30
2025,Bihor,"Școala Gimnazială Nr. 1, Tărcaia",8.26,8.67,7.36,12
2025,Bihor,"Liceul Teologic Baptist „Emanuel”, Oradea",8.22,8.45,8.0,82
2025,Bihor,"Liceul Teologic Penticostal „Betel”, Oradea",8.21,8.58,7.84,82
2025,Bihor,"Liceul Teoretic „Ady Endre”, Oradea",8.18,7.89,7.66,49
2025,Bihor,"Școala Gimnazială Dacia, Oradea",8.12,8.33,7.92,136
2025,Bihor,"Colegiul Național „Iosif Vulcan”, Oradea",8.1,8.41,7.8,100
2025,Bihor,"Liceul Greco-Catolic „Iuliu Maniu”, Oradea",8.01,8.44,7.59,73
2025,Bihor,"Colegiul Național „Onisifor Ghibu”, Oradea",7.97,8.34,7.6,160
2025,Bihor,"Școala Gimnazială „Nicolae Bălcescu”, Oradea",7.96,8.17,7.76,101
2025,Bihor,"Școala Gimnazială Nr. 16, Oradea",7.94,8.19,7.51,129
2025,Bihor,"Liceul Ortodox „Episcop Roman Ciorogariu”, Oradea",7.88,8.16,7.61,67
2025,Bihor,"Colegiul Național „Samuil Vulcan”, Beiuș",7.86,8.22,7.5,22
2025,Bihor,"Liceul Teoretic German „Friedrich Schiller”, Oradea",7.85,8.39,7.64,35
2025,Bihor,"Școala Gimnazială „Dimitrie Cantemir”, Oradea",7.56,7.75,7.01,76
2025,Bihor,"Școala Gimnazială Nr. 1, Căbești",7.43,8.07,6.8,13
2025,Bihor,"Școala Gimnazială Nr. 1, Hidișelu de Sus",7.35,7.48,7.23,23
2025,Bihor,"Școala Gimnazială Nr. 1, Săcădat",7.27,7.72,6.83,8
2025,Bihor,"Școala Gimnazială „Avram Iancu”, Oradea",7.25,7.8,6.7,86
2025,Bihor,"Liceul Tehnologic Felix, Sânmartin",7.25,7.7,6.79,60
2025,Bihor,"Liceul Vocational Pedagogic „Nicolae Bolcaș”, Beiuș",7.24,7.82,6.67,82
2025,Bihor,"Școala Gimnazială „Szacsvay Imre”, Oradea",7.17,6.75,6.27,57
2025,Bihor,"Colegiul Național „Avram Iancu”, Ștei",7.12,7.58,6.67,29
2025,Bihor,"Școala Gimnazială „Nicolae Popoviciu”, Beiuș",7.12,8.02,6.22,59
2025,Bihor,"Școala Gimnazială „Aurel Pop”, Oșorhei",7.12,7.32,6.91,35
2025,Bihor,"Liceul Teoretic „Lucian Blaga”, Oradea",7.09,7.43,6.75,60
2025,Bihor,"Școala Gimnazială Nr. 2, Poieni",7.08,7.43,6.74,19
2025,Bihor,"Școala Gimnazială Nr. 1, Roșia",7.04,7.52,6.57,20
2025,Bihor,"Școala Gimnazială Nr. 1, Curățele",6.99,7.21,6.78,11
2025,Bihor,"Colegiul Național „Teodor Neș”, Salonta",6.99,7.65,6.27,62
2025,Bihor,Școala Gimnazială Nr. 1 „Mihai Bravu”,6.97,6.78,7.16,5
2025,Bihor,"Școala Gimnazială Nr. 2, Voivozi",6.94,7.76,6.14,10
2025,Bihor,"Liceul Teoretic „Constantin Șerban”, Aleșd",6.94,7.47,6.38,88
2025,Bihor,"Școala Gimnazială „Georgiu Popa”, Câmpani",6.93,7.31,6.55,4
2025,Bihor,"Școala Gimnazială Nr. 1, Hidișel",6.93,6.97,6.9,9
2025,Bihor,"Școala Gimnazială Nr. 1, Săliște de Vașcău",6.92,7.36,6.49,10
2025,Bihor,"Școala Gimnazială „Petru Miheș”, Meziad",6.92,8.33,5.53,4
2025,Bihor,Liceul de Arte Oradea,6.9,7.07,6.11,78
2025,Bihor,"Școala Gimnazială Nr. 2, Husasău de Criș",6.85,7.15,6.56,11
2025,Bihor,"Liceul Sanitar „Vasile Voiculescu”, Oradea",6.84,7.21,6.48,15
2025,Bihor,"Școala Gimnazială „Lonyay Tivadar”, Sîntion",6.83,6.64,5.62,9
2025,Bihor,"Liceul Reformat „Lorántffy Zsuzsanna”, Oradea",6.82,6.17,6.29,31
2025,Bihor,"Școala Gimnazială Nr. 11, Oradea",6.81,7.11,6.34,108
2025,Bihor,"Școala Gimnazială Nr. 3, Bălaia",6.8,7.03,6.58,6
2025,Bihor,"Școala Gimnazială Nr. 1, Sântandrei",6.79,7.55,6.03,37
2025,Bihor,"Școala Gimnazială Nr. 1, Finiș",6.78,7.21,5.73,13
2025,Bihor,Liceul Tehnologic nr. 1 Suplacu de Barcău,6.77,7.4,6.14,15
2025,Bihor,"Școala Gimnazială Nr. 3, Tăut",6.76,7.72,5.81,7
2025,Bihor,"Școala Gimnazială „Miskolczy Károly”, Mișca",6.76,5.85,6.07,7
2025,Bihor,"Liceul Teoretic „Arany János”, Salonta",6.74,6.44,5.73,52
2025,Bihor,"Școala Gimnazială Nr. 2, Călacea",6.71,6.79,6.65,12
2025,Bihor,"Școala Gimnazială Nr. 1, Remetea",6.71,6.82,6.6,10
2025,Bihor,"Școala Gimnazială „Gáspár András”, Biharia",6.7,5.45,6.15,10
2025,Bihor,"Școala Gimnazială „Dumitru Radu Popescu”, Comuna Nojorid",6.68,7.11,6.26,25
2025,Bihor,"Școala Gimnazială Nr. 2, Livada",6.64,7.54,5.74,9
2025,Bihor,"Școala Gimnazială „Ovidiu Drimba”, Lugașu de Jos",6.6,6.93,6.28,17
2025,Bihor,"Școala Gimnazială Nr. 1, Rieni",6.55,7.09,6.01,12
2025,Bihor,"Școala Gimnazială Nr. 1, Botean",6.52,6.51,6.53,5
2025,Bihor,"Școala Gimnazială Nr. 1, Brusturi",6.51,6.69,6.35,19
2025,Bihor,"Școala Gimnazială „Octavian Goga”, Oradea",6.48,7.26,5.71,32
2025,Bihor,"Școala Gimnazială Nr. 1, Pietroasa",6.45,6.8,6.1,10
2025,Bihor,"Școala Gimnazială Nr. 1, Nucet",6.4,7.13,5.68,18
2025,Bihor,"Școala Gimnazială „Miron Pompiliu”, Ștei",6.36,7.06,5.67,65
2025,Bihor,"Colegiul Național „Octavian Goga”, Marghita",6.36,6.71,6.02,95
2025,Bihor,"Liceul Teoretic „Nicolae Jiga”, Tinca",6.24,6.73,5.63,53
2025,Bihor,Liceul Tehnologic nr. 1 Popești,6.23,6.33,6.14,20
2025,Bihor,"Școala Gimnazială Nr. 2, Bucuroaia",6.21,6.5,5.93,4
2025,Bihor,"Liceul Tehnologic Agroindustrial „Tamási Áron”, Bors",6.21,6.37,4.56,19
2025,Bihor,"Școala Gimnazială Nr. 1, Cefa",6.2,6.61,5.81,13
2025,Bihor,"Școala Gimnazială Nr. 1, Budureasa",6.19,6.52,5.86,13
2025,Bihor,"Școala Gimnazială Nr. 1, Călugări",6.17,6.57,5.76,8
2025,Bihor,"Liceul Teoretic „Jozef Kozacek”, Budoi",6.16,6.09,4.49,9
2025,Bihor,"Școala Gimnazială „Jako Zsigmond”, Roșiori",6.04,3.97,6.58,4
2025,Bihor,Colegiul Tehnic nr. 1 Vadu Crișului,6.02,6.1,5.69,28
2025,Bihor,"Liceul Teologic Romano-Catolic „Szent László”, Oradea",6.01,5.52,5.07,35
2025,Bihor,"Școala Gimnazială Nr. 1, Tileagd",5.97,6.31,5.49,33
2025,Bihor,"Școala Gimnazială Nr. 1, Uileacu de Beiuș",5.96,6.36,5.56,12
2025,Bihor,"Școala Gimnazială Nr. 1, Tămășeu",5.95,4.54,5.7,14
2025,Bihor,"Liceul Teoretic „Horváth János”, Marghita",5.93,4.6,5.32,40
2025,Bihor,"Școala Gimnazială „Szalárdi János”, Sălard",5.91,5.52,5.15,41
2025,Bihor,"Școala Gimnazială Nr. 1, Șinteu",5.91,5.95,4.82,3
2025,Bihor,"Școala Gimnazială Nr. 1, Răbăgani",5.89,6.81,4.98,14
2025,Bihor,Liceul Teoretic nr. 1 Bratca,5.87,6.38,5.37,37
2025,Bihor,"Școala Gimnazială Nr. 1, Diosig",5.87,5.5,5.19,42
2025,Bihor,"Școala Gimnazială „Viorel Horj”, Drăgănești",5.84,6.4,5.3,11
2025,Bihor,"Școala Gimnazială „Ion Bogdan”, Oradea",5.84,6.37,5.32,18
2025,Bihor,"Școala Gimnazială „Iosif Vulcan”, Holod",5.84,6.05,5.63,8
2025,Bihor,Liceul Tehnologic nr. 1 Suncuiuş,5.83,6.33,5.33,17
2025,Bihor,"Școala Gimnazială Nr. 1, Ciumeghiu",5.81,6.28,5.35,12
2025,Bihor,"Colegiul Tehnic „Alexandru Roman”, Aleșd",5.8,6.56,5.06,17
2025,Bihor,"Școala Gimnazială „Zelk Zoltan”, Valea lui Mihai",5.76,4.71,5.52,81
2025,Bihor,"Școala Gimnazială „Szamado Ernő”, Cheșereu",5.74,3.88,5.48,12
2025,Bihor,"Liceul cu Program Sportiv „Bihorul”, Oradea",5.74,6.01,5.47,54
2025,Bihor,"Liceul Internațional „Agora”, Oradea",5.72,5.99,5.46,20
2025,Bihor,"Școala Gimnazială Nr. 1, Chereșig",5.72,6.6,4.84,18
2025,Bihor,"Școala Gimnazială Nr. 2, Chișcău",5.69,6.56,4.83,4
2025,Bihor,"Școala Gimnazială Nr. 1, Butani",5.69,6.35,5.03,18
2025,Bihor,"Școala Gimnazială „Toldy”, Sânnicolau de Munte",5.63,3.97,5.14,20
2025,Bihor,"Școala Gimnazială „Nicolae Bogdan”, Vașcău",5.62,6.24,5.01,11
2025,Bihor,"Școala Gimnazială Nr. 2, Hinchiriș",5.62,5.82,5.42,7
2025,Bihor,"Școala Gimnazială Nr. 1, Cociuba Mare",5.6,6.31,4.9,12
2025,Bihor,"Școala Gimnazială Nr. 1, Mădăras",5.6,6.56,4.64,14
2025,Bihor,"Școala Gimnazială „Alexandru Roman”, Aușeu",5.6,6.06,5.13,9
2025,Bihor,"Școala Gimnazială Nr. 1, Abram",5.58,6.27,4.88,24
2025,Bihor,"Școala Gimnazială Nr. 1, Ciuhoi",5.57,6.3,4.85,1
2025,Bihor,"Școala Gimnazială Nr. 3, Calea Mare",5.56,5.68,5.45,3
2025,Bihor,"Școala Gimnazială Nr. 1, Beznea",5.55,6.09,5.02,10
2025,Bihor,"Școala Gimnazială Nr. 1, Bulz",5.54,6.05,5.04,13
2025,Bihor,"Școala Gimnazială Nr. 2, Ianoșda",5.53,6.05,5.02,9
2025,Bihor,"Școala Gimnazială „Ioan Slavici”, Oradea",5.53,5.85,4.95,12
2025,Bihor,"Școala Gimnazială Nr. 1, Vârciorog",5.52,6.02,5.02,17
2025,Bihor,"Școala Gimnazială Nr. 1, Avram Iancu",5.48,6.49,4.49,22
2025,Bihor,"Școala Gimnazială Nr. 1, Balc",5.48,5.32,5.16,16
2025,Bihor,"Școala Gimnazială Nr. 1, Husasău de Tinca",5.48,6.18,4.79,13
2025,Bihor,"Școala Gimnazială Nr. 1, Gepiu",5.44,5.52,5.37,9
2025,Bihor,"Școala Gimnazială Nr. 1, Hotar",5.39,5.92,4.87,7
2025,Bihor,"Școala Gimnazială Nr. 2, Luncasprie",5.39,5.66,5.12,12
2025,Bihor,"Școala Gimnazială Nr. 1, Cuzap",5.38,5.91,4.86,8
2025,Bihor,"Școala Gimnazială Nr. 1, Lunca",5.36,5.84,4.89,5
2025,Bihor,"Școala Gimnazială „Irinyi József”, Albiș",5.33,3.78,4.33,10
2025,Bihor,"Școala Gimnazială Nr. 1, Spinuș",5.3,5.91,4.7,12
2025,Bihor,"Școala Gimnazială Nr. 1, Lăzăreni",5.3,5.39,4.9,18
2025,Bihor,"Școala Gimnazială „Ion Creangă”, Cordău",5.29,5.56,5.02,9
2025,Bihor,"Școala Gimnazială Nr. 1, Sâmbăta",5.27,6.55,4.0,8
2025,Bihor,"Școala Gimnazială Nr. 1, Chijic",5.21,5.68,4.75,14
2025,Bihor,"Școala Gimnazială Nr. 1, Tăuteu",5.19,3.94,4.82,19
2025,Bihor,"Școala Gimnazială Nr. 1, Sârbi",5.19,5.33,5.05,12
2025,Bihor,"Școala Gimnazială Nr. 1, Chișlaz",5.16,5.65,4.65,16
2025,Bihor,"Școala Gimnazială Nr. 1, Tarcea",5.16,4.23,4.22,6
2025,Bihor,"Școala Gimnazială Nr. 1, Olcea",5.15,5.54,4.77,11
2025,Bihor,"Școala Gimnazială Nr. 1, Ceica",5.13,5.39,4.87,19
2025,Bihor,"Școala Gimnazială Nr. 1, Pomezeu",5.1,5.59,4.62,16
2025,Bihor,"Școala Gimnazială Nr. 1, Aștileu",5.1,5.05,5.16,15
2025,Bihor,"Școala Gimnazială Nr. 1, Borumlaca",5.09,5.93,4.25,3
2025,Bihor,"Școala Gimnazială Nr. 1, Gurbediu",5.06,5.58,4.54,6
2025,Bihor,"Liceul Teoretic „Gabriel Tepelea”, Borod",5.06,5.56,4.56,32
2025,Bihor,"Școala Gimnazială Nr. 1, Tărian",5.05,5.64,4.46,19
2025,Bihor,"Școala Gimnazială Nr. 2, Almașu Mare",5.02,5.09,4.96,10
2025,Bihor,"Școala Gimnazială Nr. 2, Boiu",5.0,5.27,4.73,4
2025,Bihor,Școala Gimnazială Înv. „Gâlgău Iosif Păgaia”,4.93,5.61,4.26,12
2025,Bihor,"Liceul Tehnologic „Livia Maria Gego”, Dobrești",4.92,4.77,4.5,36
2025,Bihor,"Școala Gimnazială Nr. 1, Derna",4.89,5.08,4.61,17
2025,Bihor,"Școala Gimnazială „Nestor Porumb”, Tulca",4.89,5.27,4.52,17
2025,Bihor,"Liceul Teoretic „Petőfi Sándor”, Săcueni",4.85,3.5,4.5,73
2025,Bihor,"Școala Gimnazială „Juhász Gyula”, Oradea",4.84,4.27,4.01,13
2025,Bihor,"Școala Gimnazială Nr. 4, Arpășel",4.73,2.98,4.73,4
2025,Bihor,"Școala Gimnazială Nr. 1, Sânnicolau Român",4.7,4.9,4.51,20
2025,Bihor,"Școala Gimnazială „Benedek Elek”, Cetariu",4.69,4.49,3.97,9
2025,Bihor,"Școala Gimnazială „Balaskó Nándor”, Sălacea",4.69,2.62,4.74,13
2025,Bihor,"Școala Gimnazială Nr. 2, Șerghiș",4.69,5.16,4.22,6
2025,Bihor,"Școala Gimnazială Nr. 2, Bogei",4.64,5.1,4.03,22
2025,Bihor,"Școala Gimnazială Nr. 1, Viișoara",4.64,2.84,3.96,11
2025,Bihor,"Școala Gimnazială Nr. 2, Ponoară",4.57,4.69,4.44,6
2025,Bihor,"Școala Gimnazială Nr. 3, Chiribiș",4.56,5.05,4.07,3
2025,Bihor,"Școala Gimnazială Nr. 1, Batăr",4.55,5.36,3.74,8
2025,Bihor,"Școala Gimnazială Nr. 3, Topa de Sus",4.43,4.39,4.47,7
2025,Bihor,"Școala Gimnazială „Kazinczy Ferenc”, Șimian",4.39,3.04,4.64,27
2025,Bihor,"Școala Gimnazială „Dr. Balási József”, Curtuișeni",4.29,2.64,4.0,25
2025,Bihor,"Școala Gimnazială Nr. 2, Țețchea",4.28,4.76,3.81,5
2025,Bihor,"Școala Gimnazială „Szent István”, Sâniob",4.24,3.02,3.71,13
2025,Bihor,"Școala Gimnazială Nr. 1, Drăgești",4.15,3.92,4.39,11
2025,Bihor,"Școala Gimnazială Nr. 3, Galoșpetreu",3.98,2.56,4.46,8
2025,Bihor,"Școala Gimnazială Nr. 1, Petreu",3.97,3.6,4.33,12
2025,Bihor,"Școala Gimnazială „Lucreția Suciu”, Oradea",3.96,3.88,3.38,14
2025,Bihor,"Școala Gimnazială Nr. 1, Căpâlna",3.92,3.88,3.25,7
2025,Bihor,"Școala Gimnazială Nr. 2, Gepiș",3.81,2.95,4.0,8
2025,Bihor,"Școala Gimnazială Nr. 1, Șușturogiu",3.72,3.45,4.0,2
2025,Bihor,"Centrul Școlar de Educație Incluzivă Nr.1, Oradea",3.72,4.25,3.18,9
2025,Bihor,Liceul Tehnologic Nr.1 Cadea,3.54,2.16,3.39,7
2025,Bihor,"Școala Gimnazială Nr. 1, Urviș de Beiuș",3.45,4.03,2.88,7
2025,Bihor,Centrul Școlar de Educație Incluzivă „Orizont” Oradea,3.41,4.08,2.75,4
2025,Bihor,"Școala Gimnazială Nr. 2, Tămașda",3.37,4.25,2.5,16
2025,Bihor,"Școala Gimnazială Nr. 1, Vășad",3.16,3.08,3.25,11
2025,Bihor,"Școala Gimnazială „Puiu Sever”, Ineu",3.09,3.68,2.5,5
2025,Bihor,"Școala Gimnazială Nr. 1, Cheț",3.03,1.93,3.15,9
2025,Bihor,"Școala Gimnazială Nr. 2, Tășad",3.03,2.66,3.5,16
2025,Bihor,"Școala Gimnazială Nr. 2, Ioaniș",2.97,3.58,2.36,8
2025,Bihor,"Școala Gimnazială Nr. 1, Buduslău",2.83,1.76,2.61,12
2025,Bihor,"Școala Gimnazială Nr. 2, Talpoș",2.76,2.91,2.63,19
2025,Bihor,"Școala Gimnazială „Bocskay István”, Cherechiu",2.7,1.7,2.5,12
2025,Bihor,"Școala Gimnazială Nr. 1, Șerani",2.6,3.45,2.0,1
2025,Bihor,Centrul Școlar de Educație Incluzivă „Orizont” Tileagd,2.55,2.6,2.5,1
2025,Bihor,"Școala Gimnazială Nr. 1, Bălnaca",2.51,2.68,2.33,5
2025,Bistrița-Năsăud,Școala Gimnazială Sfera,8.49,8.98,8.02,13
2025,Bistrița-Năsăud,"Colegiul Național „George Coșbuc”, Năsăud",8.42,8.71,8.14,31
2025,Bistrița-Năsăud,"Școala Gimnazială „Avram Iancu”, Bistrița",8.26,8.47,8.05,119
2025,Bistrița-Năsăud,Școala Profesională Târlișua,8.13,8.34,7.93,10
2025,Bistrița-Năsăud,"Liceul Creștin „Logos”, Bistrița",8.13,8.16,8.12,58
2025,Bistrița-Năsăud,"Colegiul Național „Liviu Rebreanu”, Bistrița",7.9,8.23,7.72,95
2025,Bistrița-Năsăud,Școala Gimnazială Cireșoaia,7.83,7.67,7.3,12
2025,Bistrița-Năsăud,"Colegiul Național „Andrei Mureșanu”, Bistrița",7.81,8.19,7.13,89
2025,Bistrița-Năsăud,"Școala Gimnazială „Iacob și Ioachim Mureșanu”, Rebrișoara",7.72,8.05,7.4,22
2025,Bistrița-Năsăud,Școala Gimnazială „Romuli”,7.66,7.76,7.56,12
2025,Bistrița-Năsăud,"Școala Gimnazială Nr. 1, Bistrița",7.52,8.05,6.99,138
2025,Bistrița-Năsăud,"Școala Gimnazială, Sebiș",7.47,7.97,6.98,10
2025,Bistrița-Năsăud,"Colegiul Național „Petru Rareș”, Beclean",7.44,7.88,7.01,58
2025,Bistrița-Năsăud,"Școala Gimnazială „Ștefan cel Mare”, Bistrița",7.44,7.6,7.29,110
2025,Bistrița-Năsăud,"Școala Gimnazială Nr. 2, Ilva Mică",7.27,7.54,7.0,13
2025,Bistrița-Năsăud,"Școala Gimnazială „Sever Pop”, Poiana Ilvei",7.26,7.57,6.96,10
2025,Bistrița-Năsăud,"Școala Gimnazială „Dariu Pop”, Măgura Ilvei",7.23,7.65,6.82,15
2025,Bistrița-Năsăud,Școala Gimnazială Șieu,7.23,7.86,6.61,22
2025,Bistrița-Năsăud,"Școala Gimnazială Nr. 2, Lunca Leșului",7.23,7.52,6.95,21
2025,Bistrița-Năsăud,"Liceul Teoretic „Radu Petrescu”, Prundu Bârgăului",7.2,7.88,6.52,66
2025,Bistrița-Năsăud,"Școala Gimnazială „Mihai Eminescu”, Năsăud",7.13,7.41,6.85,63
2025,Bistrița-Năsăud,Liceul Tehnologic Telciu,7.12,7.43,6.82,39
2025,Bistrița-Năsăud,"Școala Gimnazială „Petru Rareș”, Ciceu-Mihăiești",7.11,7.71,6.51,7
2025,Bistrița-Năsăud,"Școala Gimnazială Nr. 1, Rebra",7.07,7.74,6.4,17
2025,Bistrița-Năsăud,"Școala Gimnazială Nr. 1, Leșu",7.06,7.1,7.03,15
2025,Bistrița-Năsăud,"Școala Gimnazială „George Coșbuc”, Coșbuc",7.01,7.57,6.45,12
2025,Bistrița-Năsăud,Liceul Tehnologic Feldru,6.97,7.23,6.71,27
2025,Bistrița-Năsăud,Școala Gimnazială Tureac,6.95,7.61,6.3,27
2025,Bistrița-Năsăud,"Liceul Tehnologic „Florian Porcius”, Rodna",6.94,7.32,6.53,54
2025,Bistrița-Năsăud,"Școala Gimnazială „Iustin Ilieșiu”, Anieș",6.93,7.72,6.15,18
2025,Bistrița-Năsăud,Școala Gimnazială Bichigiu,6.93,7.19,6.67,5
2025,Bistrița-Năsăud,"Școala Gimnazială „Enea Grapini”, Șanț",6.91,6.76,7.07,43
2025,Bistrița-Năsăud,"Școala Gimnazială, Spermezeu",6.91,7.52,6.3,17
2025,Bistrița-Năsăud,Școala Gimnazială Șieuț,6.87,7.1,6.65,12
2025,Bistrița-Năsăud,"Școala Gimnazială „Vasile Scurtu”, Parva",6.81,6.91,6.71,25
2025,Bistrița-Năsăud,"Liceul Tehnologic „Ion Căian Romanul”, Căianu Mic",6.79,7.1,6.48,12
2025,Bistrița-Năsăud,"Școala Gimnazială, Livezile",6.75,7.27,6.24,26
2025,Bistrița-Năsăud,"Liceul Tehnologic „Liviu Rebreanu”, Maieru",6.74,7.03,6.45,79
2025,Bistrița-Năsăud,Școala Gimnazială Gersa,6.74,6.6,6.88,5
2025,Bistrița-Năsăud,"Școala Gimnazială „Paul Tanco”, Monor",6.73,7.61,5.85,9
2025,Bistrița-Năsăud,"Școala Gimnazială „Grigore Silași”, Beclean",6.67,7.31,5.94,95
2025,Bistrița-Năsăud,Școala Gimnazială „Gavril Istrate Nepos”,6.66,6.79,6.54,18
2025,Bistrița-Năsăud,Școala Gimnazială Petriș,6.66,7.18,6.15,16
2025,Bistrița-Năsăud,"Școala Gimnazială „Lucian Blaga”, Bistrița",6.65,7.01,6.29,77
2025,Bistrița-Năsăud,"Școala Gimnazială, Lunca Ilvei",6.64,7.13,6.16,15
2025,Bistrița-Năsăud,"Școala Gimnazială „Artemiu Publiu Alexi”, Sângeorz-Băi",6.64,6.78,6.49,135
2025,Bistrița-Năsăud,"Școala Gimnazială „Demian Nechiti”, Ilva Mică",6.62,6.91,6.33,19
2025,Bistrița-Năsăud,"Școala Gimnazială „Iuliu Prodan”, Chiochiș",6.6,7.21,5.98,9
2025,Bistrița-Năsăud,"Școala Gimnazială, Sânmihaiu de Câmpie",6.5,7.0,6.01,13
2025,Bistrița-Năsăud,Școala Gimnazială Dumitra,6.5,7.45,5.55,17
2025,Bistrița-Năsăud,Școala Gimnazială Dorolea,6.47,7.6,5.35,2
2025,Bistrița-Năsăud,"Școala Gimnazială Nr. 4, Bistrița",6.46,6.87,6.05,57
2025,Bistrița-Năsăud,"Școala Gimnazială „Grigore Herinean”, Galații Bistriței",6.46,6.45,6.46,6
2025,Bistrița-Năsăud,"Școala Gimnazială, Piatra Fântânele",6.45,7.09,5.81,5
2025,Bistrița-Năsăud,"Școala Profesională „Tiberiu Morariu”, Salva",6.41,6.89,5.81,23
2025,Bistrița-Năsăud,Școala Gimnazială Braniștea,6.35,6.9,5.8,2
2025,Bistrița-Năsăud,"Școala Gimnazială, Poienile Zagrei",6.33,7.03,5.63,10
2025,Bistrița-Năsăud,"Școala Gimnazială Nr. 1, Bistrița Bârgăului",6.24,6.87,5.62,17
2025,Bistrița-Năsăud,Școala Gimnazială Mărișelu,6.21,6.65,5.78,12
2025,Bistrița-Năsăud,Școala Gimnazială Cormaia,6.17,6.12,6.22,13
2025,Bistrița-Năsăud,Școala Gimnazială Tărpiu,6.16,7.15,5.16,7
2025,Bistrița-Năsăud,Școala Gimnazială Cepari,6.1,6.65,5.57,9
2025,Bistrița-Năsăud,"Școala Gimnazială „Liviu Rebreanu”, Chiuza",6.05,6.62,5.47,15
2025,Bistrița-Năsăud,Școala Gimnazială Șintereag,6.04,6.54,5.55,19
2025,Bistrița-Năsăud,Școala Gimnazială Ciceu-Giurgești,6.04,7.15,4.94,8
2025,Bistrița-Năsăud,Școala Gimnazială Negrilești,6.04,6.39,5.69,14
2025,Bistrița-Năsăud,Școala Gimnazială Dumitrița,6.01,6.65,5.37,7
2025,Bistrița-Năsăud,"Școala Gimnazială „Cardinal Iuliu Hossu”, Milaș",5.93,7.68,4.19,5
2025,Bistrița-Năsăud,"Liceul de Muzică „Tudor Jarda”, Bistrița",5.91,6.73,5.09,22
2025,Bistrița-Năsăud,Școala Gimnazială Agrieș,5.9,6.08,5.72,9
2025,Bistrița-Năsăud,"Școala Gimnazială Nr. 7, Bistrița",5.88,6.54,5.21,16
2025,Bistrița-Năsăud,Școala Gimnazială „Matei”,5.87,5.72,4.78,6
2025,Bistrița-Năsăud,"Școala Gimnazială „Ion Pop Reteganul”, Reteag",5.8,5.98,5.62,20
2025,Bistrița-Năsăud,"Școala Gimnazială, Cristeștii Ciceului",5.79,6.45,5.13,10
2025,Bistrița-Năsăud,"Școala Gimnazială „Ioan S. Pavelea”, Runcu Salvei",5.74,6.27,5.22,13
2025,Bistrița-Năsăud,Școala Gimnazială Șieu-Odorhei,5.74,5.76,5.72,14
2025,Bistrița-Năsăud,"Școala Gimnazială „Aurel Rău”, Josenii Bârgăului",5.72,6.03,5.42,16
2025,Bistrița-Năsăud,"Liceul de Arte „Corneliu Baba”, Bistrița",5.71,6.67,4.76,19
2025,Bistrița-Năsăud,"Școala Gimnazială, Silivașu de Câmpie",5.68,5.82,5.54,12
2025,Bistrița-Năsăud,"Școala Gimnazială, Mureșenii Bârgăului",5.66,6.17,5.15,14
2025,Bistrița-Năsăud,Liceul cu Program Sportiv Bistrița,5.64,6.04,5.25,32
2025,Bistrița-Năsăud,"Școala Gimnazială „Vasile Grigore Borgovan”, Corvinești",5.6,6.7,4.5,11
2025,Bistrița-Năsăud,Școala Gimnazială Dobric,5.59,6.06,5.12,22
2025,Bistrița-Năsăud,Școala Gimnazială Șieu-Măgheruș,5.53,6.41,4.65,22
2025,Bistrița-Năsăud,"Școala Gimnazială Nr. 2, Bistrița Bârgăului",5.49,6.19,4.8,13
2025,Bistrița-Năsăud,"Școala Gimnazială, Nușeni",5.41,6.2,4.62,12
2025,Bistrița-Năsăud,"Școala Gimnazială „Nicolae Drăganu”, Zagra",5.4,5.64,5.17,9
2025,Bistrița-Năsăud,"Școala Gimnazială, Urmeniș",5.36,5.71,5.01,7
2025,Bistrița-Năsăud,"Școala Gimnazială, Budacu de Sus",5.35,6.39,4.31,16
2025,Bistrița-Năsăud,"Liceul Teoretic „Constantin Romanu Vivu”, Teaca",5.25,5.96,4.54,23
2025,Bistrița-Năsăud,Școala Gimnazială Uriu,5.18,6.04,4.32,14
2025,Bistrița-Năsăud,"Școala Gimnazială „Viorel Nimigeanu”, Nimigea de Jos",5.01,5.15,4.87,34
2025,Bistrița-Năsăud,"Școala Gimnazială, Ocnița",4.99,5.29,4.69,8
2025,Bistrița-Năsăud,Școala Gimnazială Dipșa,4.98,5.42,4.55,5
2025,Bistrița-Năsăud,Liceul Tehnologic Lechința,4.98,5.6,4.29,41
2025,Bistrița-Năsăud,Școala Gimnazială Ilva Mare,4.94,5.54,4.35,17
2025,Bistrița-Năsăud,Școala Gimnazială Budești,4.9,5.26,4.54,10
2025,Bistrița-Năsăud,"Școala Gimnazială, Budacu de Jos",4.86,5.54,4.18,9
2025,Bistrița-Năsăud,"Școala Gimnazială, Miceștii de Câmpie",4.3,5.04,3.58,5
2025,Bistrița-Năsăud,"Centrul Școlar de Educație Incluzivă Nr. 2, Bistrița",4.22,4.95,3.5,1
2025,Bistrița-Năsăud,Școala Gimnazială Viile Tecii,4.06,3.82,3.92,13
2025,Bistrița-Năsăud,Școala Gimnazială Pinticu,2.83,2.26,3.4,5
2025,Botoșani,"Colegiul Național „Mihai Eminescu”, Botoșani",8.99,9.21,8.76,60
2025,Botoșani,"Colegiul Național „A.T. Laurian”, Botoșani",8.76,8.89,8.64,48
2025,Botoșani,"Școala Gimnazială Nr. 7, Botoșani",8.45,8.52,8.38,97
2025,Botoșani,"Liceul Teoretic „Dr. Mihai Ciucă”, Săveni",7.98,8.28,7.68,25
2025,Botoșani,"Școala Gimnazială Nr. 13, Botoșani",7.92,8.08,7.77,55
2025,Botoșani,"Liceul Teoretic „Grigore Antipa”, Botoșani",7.9,8.41,7.39,30
2025,Botoșani,"Școala Gimnazială Nr. 1, Stiubieni",7.88,8.72,7.05,5
2025,Botoșani,"Școala Gimnazială Nr. 17, Botoșani",7.84,8.17,7.52,86
2025,Botoșani,"Școala Gimnazială „Spiru Haret”, Dorohoi",7.79,8.25,7.34,69
2025,Botoșani,"Școala Gimnazială „Elena Rareș”, Botoșani",7.79,8.03,7.55,86
2025,Botoșani,"Școala Gimnazială „Cornerstone” - Filiala Asociației Hope For The Children International, Dorohoi",7.68,8.37,7.0,18
2025,Botoșani,"Liceul Pedagogic „Nicolae Iorga”, Botoșani",7.67,8.26,7.09,60
2025,Botoșani,"Școala Gimnazială „Mihail Kogălniceanu”, Dorohoi",7.62,8.17,7.08,68
2025,Botoșani,"Școala Gimnazială „Grigore Antipa”, Botoșani",7.61,7.81,7.42,76
2025,Botoșani,"Liceul Tehnologic „Nicolae Bălcescu”, Flămânzi",7.35,7.5,7.2,23
2025,Botoșani,"Școala Gimnazială Nr. 10, Botoșani",7.31,7.81,6.83,57
2025,Botoșani,"Școala Gimnazială „Leon Dănăilă”, Darabani",7.26,7.71,6.82,109
2025,Botoșani,"Școala Gimnazială „Ion Bojoi”, Flamânzi",7.16,7.37,6.95,15
2025,Botoșani,"Școala Gimnazială Nr. 11, Botoșani",7.13,7.85,6.42,57
2025,Botoșani,"Școala Gimnazială Nr. 1, Vlădeni",7.13,7.46,6.8,25
2025,Botoșani,"Școala Gimnazială Nr. 12, Botoșani",7.04,7.48,6.59,60
2025,Botoșani,"Școala Gimnazială „Ioan Murariu”, Cristinești",7.03,7.88,6.18,12
2025,Botoșani,"Școala Gimnazială „Tiberiu Crudu”, Tudora",6.88,7.66,6.11,32
2025,Botoșani,"Școala Gimnazială Nr. 1, Dorohoi",6.83,7.51,6.14,29
2025,Botoșani,Liceul Tehnologic Todireni,6.76,6.72,6.48,15
2025,Botoșani,"Școala Gimnazială Nr. 1, Sărăfinești",6.73,7.19,6.28,19
2025,Botoșani,"Liceul de Artă „Ștefan Luchian”, Botoșani",6.72,7.25,6.2,53
2025,Botoșani,"Școala Gimnazială „Gh. Popovici”, Lozna",6.7,7.19,6.21,11
2025,Botoșani,"Școala Gimnazială „Nicolae Iorga”, Dersca",6.67,7.39,5.95,15
2025,Botoșani,"Școala Gimnazială Nr. 1, Blândești",6.66,7.49,5.83,9
2025,Botoșani,"Școala Gimnazială „Gheorghe Coman”, Brăești",6.65,7.36,5.94,13
2025,Botoșani,"Școala Gimnazială Nr. 2, Negreni",6.63,7.4,5.86,7
2025,Botoșani,"Școala Gimnazială „Academician Alexandru Zub”, Vârfu Câmpului",6.62,7.21,6.04,14
2025,Botoșani,"Școala Gimnazială „Ștefan cel Mare”, Botoșani",6.58,6.99,6.17,60
2025,Botoșani,"Școala Gimnazială Nr. 1, Dumeni",6.57,6.92,6.23,20
2025,Botoșani,"Școala Gimnazială „Petre Suster”, Costești",6.56,6.88,6.24,7
2025,Botoșani,"Școala Gimnazială Nr. 1, Tudora",6.54,6.98,6.1,13
2025,Botoșani,"Școala Gimnazială Nr. 4, Storești Frumușica",6.5,7.3,5.7,16
2025,Botoșani,"Școala Gimnazială „Dimitrie Pompeiu”, Broscăuți",6.47,7.33,5.63,21
2025,Botoșani,"Școala Gimnazială Nr. 1, Romanesti",6.39,6.3,6.36,19
2025,Botoșani,"Școala Gimnazială Nr. 1, Corlăteni",6.38,7.11,5.65,12
2025,Botoșani,"Școala Gimnazială Nr. 1, Dângeni",6.37,7.29,5.47,10
2025,Botoșani,"Școala Gimnazială Nr. 2, Străteni",6.37,6.96,5.78,15
2025,Botoșani,"Școala Gimnazială Nr. 2, Drăcșani",6.35,7.03,5.68,10
2025,Botoșani,"Școala Gimnazială Nr. 1, Cândești",6.32,6.76,5.89,12
2025,Botoșani,"Școala Gimnazială „Dimitrie Brândză”, Viișoara",6.32,7.16,5.49,14
2025,Botoșani,"Școala Gimnazială Nr. 1, Orășeni-Deal",6.29,7.17,5.41,19
2025,Botoșani,"Școala Gimnazială Nr. 2, Sârbi",6.27,6.91,5.64,5
2025,Botoșani,"Școala Gimnazială Nr. 3, Alba",6.25,6.43,6.07,15
2025,Botoșani,"Școala Gimnazială Nr. 2, Iacobeni",6.24,7.31,5.18,10
2025,Botoșani,"Școala Gimnazială Nr. 1, Leorda",6.23,6.31,6.16,19
2025,Botoșani,"Școala Gimnazială Nr. 1, Prajeni",6.2,6.71,5.69,24
2025,Botoșani,Liceul Tehnologic Coțușca,6.17,7.21,5.15,20
2025,Botoșani,"Școala Gimnazială Nr. 1, Sulița",6.16,7.27,5.06,9
2025,Botoșani,"Școala Gimnazială Nr. 1, Roma",6.16,6.51,5.81,27
2025,Botoșani,"Școala Gimnazială Nr. 1, Hudești",6.14,6.28,5.81,22
2025,Botoșani,"Liceul Tehnologic „Ștefan cel Mare și Sfânt”, Vorona",6.13,6.68,5.58,36
2025,Botoșani,"Școala Gimnazială „Alexandru Ioan Cuza”, Dorohoi",6.13,6.55,5.7,48
2025,Botoșani,"Școala Gimnazială Nr. 1, Catamărești-Deal",6.12,6.57,5.68,16
2025,Botoșani,"Școala Gimnazială „Constantin Comicescu”, Flamânzi",6.1,6.67,5.53,15
2025,Botoșani,"Școala Gimnazială „Episcop Doctor Partenie Ciopron”, Păltiniș",6.09,6.75,5.43,16
2025,Botoșani,"Școala Gimnazială „Mihail Sturdza”, Flămânzi",6.06,6.16,5.98,12
2025,Botoșani,"Școala Gimnazială Nr. 2, Roșiori",6.06,6.66,5.46,8
2025,Botoșani,Liceul Tehnologic Bucecea,6.03,6.48,5.58,33
2025,Botoșani,"Școala Gimnazială „Luca Arbore”, Vorona Mare",6.01,6.3,5.73,13
2025,Botoșani,"Școala Gimnazială Nr. 1, Unteni",5.96,6.43,5.49,18
2025,Botoșani,Liceul cu Program Sportiv Botoșani,5.9,6.09,5.72,71
2025,Botoșani,"Școala Gimnazială „Mihai Constantineanu”, Dorobanți",5.89,6.7,5.08,14
2025,Botoșani,"Școala Gimnazială Nr. 1, Stăuceni",5.87,5.92,5.83,19
2025,Botoșani,"Școala Gimnazială Prof. „Octavian Ionescu”, Vorniceni",5.87,5.93,5.82,12
2025,Botoșani,"Școala Gimnazială Nr. 1, Cristești",5.84,6.5,5.19,43
2025,Botoșani,"Școala Gimnazială „Petru Zamfirescu”, Prisăcani",5.83,6.89,4.77,14
2025,Botoșani,"Școala Gimnazială Nr. 1, Văculești",5.82,6.38,5.26,12
2025,Botoșani,"Școala Gimnazială Nr. 1, Vorniceni",5.81,6.28,5.34,26
2025,Botoșani,"Școala Gimnazială Nr. 2, Brehuiesti",5.8,6.34,5.26,17
2025,Botoșani,"Școala Gimnazială Nr. 1, Copălău",5.8,6.04,5.56,35
2025,Botoșani,"Școala Gimnazială „Dimitrie Romanescu”, Dorohoi",5.79,6.84,4.74,10
2025,Botoșani,"Școala Gimnazială „Mihai Eminescu”, Ipotesti",5.79,6.46,5.12,12
2025,Botoșani,"Școala Gimnazială „Octav Băncilă”, Corni",5.78,6.43,5.14,50
2025,Botoșani,"Școala Gimnazială Nr. 1, Mihălășeni",5.78,6.22,5.13,22
2025,Botoșani,"Liceul „Ștefan D. Luchian”, Ștefănești",5.77,5.73,5.81,34
2025,Botoșani,"Școala Gimnazială „Patriarh Teoctist”, Tocileni",5.76,5.89,5.63,15
2025,Botoșani,"Școala Gimnazială Nr. 2, Guranda",5.75,6.24,5.27,13
2025,Botoșani,"Școala Gimnazială Nr. 1, Avrămeni",5.74,5.67,5.82,17
2025,Botoșani,"Școala Gimnazială Nr. 1, Concești",5.72,5.86,5.58,19
2025,Botoșani,"Școala Gimnazială „Maria Enescu Cosmovici”, Mihăileni",5.68,6.1,5.26,17
2025,Botoșani,"Școala Gimnazială „Mihail Sadoveanu”, Dumbrăvița",5.65,5.72,5.59,31
2025,Botoșani,"Școala Gimnazială Nr. 1, Bălușeni",5.64,6.11,5.18,16
2025,Botoșani,"Școala Gimnazială „Ioan Cernat”, Havirna",5.64,6.72,4.56,20
2025,Botoșani,"Școala Gimnazială Nr. 3, Iezer",5.64,6.0,5.28,11
2025,Botoșani,"Școala Gimnazială Nr. 1, Adășeni",5.62,6.24,5.01,7
2025,Botoșani,"Școala Gimnazială Nr. 2, Cernești Todireni",5.61,6.29,4.94,17
2025,Botoșani,"Școala Gimnazială Nr. 2, Drăxini",5.59,6.03,5.15,13
2025,Botoșani,"Școala Gimnazială Nr. 1, Vlădeni-Deal",5.59,5.94,5.24,21
2025,Botoșani,"Școala Gimnazială Nr. 4, Fundu Hertii",5.58,6.33,4.85,16
2025,Botoșani,"Școala Gimnazială Nr. 1, Trușești",5.54,6.09,5.0,40
2025,Botoșani,"Școala Gimnazială „Dan Iordachescu”, Hlipiceni",5.53,5.88,5.19,11
2025,Botoșani,"Școala Gimnazială Nr. 1, Răuseni",5.52,6.2,4.84,19
2025,Botoșani,Liceul Tehnologic Plopenii Mari,5.51,6.02,5.0,40
2025,Botoșani,"Școala Gimnazială Nr. 1, Călărași",5.51,6.19,4.83,32
2025,Botoșani,"Școala Gimnazială Nr.1, Dobirceni",5.5,6.13,4.87,18
2025,Botoșani,"Școala Gimnazială Nr. 2, Miorcani",5.49,5.61,5.38,18
2025,Botoșani,"Școala Gimnazială Nr. 2, Vinatori",5.45,5.43,5.48,14
2025,Botoșani,"Școala Gimnazială „Alexandru cel Bun”, Icușeni",5.45,5.62,5.28,20
2025,Botoșani,"Școala Gimnazială Nr. 2, Oneaga",5.45,6.04,4.86,13
2025,Botoșani,"Școala Gimnazială Nr. 4, Baranca Hudești",5.44,5.93,4.95,18
2025,Botoșani,"Școala Gimnazială Nr. 1, Săveni",5.43,6.16,4.71,29
2025,Botoșani,"Școala Gimnazială Nr. 2 „Tudor Vladimirescu”, Albești",5.42,6.49,4.36,26
2025,Botoșani,"Școala Gimnazială Nr. 1, Suharău",5.41,5.58,5.13,14
2025,Botoșani,"Școala Gimnazială Nr. 2, Victoria Hlipiceni",5.39,5.96,4.83,14
2025,Botoșani,"Școala Gimnazială Nr. 1, Gorbanesti",5.37,5.6,5.14,23
2025,Botoșani,"Școala Gimnazială „Gh. Hazgan”, Vârfu-Câmpului",5.34,6.27,4.43,9
2025,Botoșani,"Școala Gimnazială Nr. 1, Albești",5.3,6.4,4.21,33
2025,Botoșani,"Școala Gimnazială Nr. 1, Mitoc",5.28,5.92,4.66,17
2025,Botoșani,"Școala Gimnazială „Alecu Ivan Ghilea”, Sendriceni",5.25,5.47,5.03,29
2025,Botoșani,"Școala Gimnazială „Raluca Iurascu”, Joldești",5.19,5.83,4.55,22
2025,Botoșani,"Școala Gimnazială Nr. 3, Rădeni",5.17,5.87,4.48,14
2025,Botoșani,"Școala Gimnazială Nr. 2, Hiliseu-Crișan",5.14,5.58,4.72,12
2025,Botoșani,"Școala Gimnazială Nr. 2, Liveni Manoleasa",5.12,5.75,4.5,12
2025,Botoșani,"Școala Gimnazială Nr. 1, Nicseni",5.11,5.96,4.26,13
2025,Botoșani,"Școala Gimnazială Nr. 2, Panaitoaia",5.08,5.94,4.23,14
2025,Botoșani,"Școala Gimnazială „Nicolae Călinescu”, Coșula",5.08,5.77,4.39,24
2025,Botoșani,"Școala Gimnazială „Mihai Munteanu”, Cordăreni",5.05,5.76,4.34,7
2025,Botoșani,"Școala Gimnazială Nr. 1, Ripiceni",5.03,5.18,4.88,13
2025,Botoșani,"Școala Gimnazială „Sfântul Nicolae”, Botoșani",5.01,5.79,4.23,14
2025,Botoșani,"Școala Profesională „Sfântul Ap. Andrei”, Smîrdan",4.98,5.33,4.65,14
2025,Botoșani,"Liceul Teoretic „Anastasie Bașotă”, Pomârla",4.97,5.17,4.77,23
2025,Botoșani,"Școala Gimnazială Nr. 2, Zlatunoaia",4.96,5.33,4.59,11
2025,Botoșani,"Școala Gimnazială Nr. 1, Durnești",4.95,5.54,4.36,20
2025,Botoșani,"Școala Gimnazială Nr. 1, Lunca",4.95,5.32,4.58,23
2025,Botoșani,"Școala Gimnazială „Sfânta Maria”, Botoșani",4.92,5.28,4.57,19
2025,Botoșani,"Școala Gimnazială Nr. 1, Manoleasa",4.91,5.54,4.29,27
2025,Botoșani,"Școala Gimnazială Nr. 1, Mileanca",4.78,4.94,4.63,20
2025,Botoșani,"Școala Gimnazială „Platon Ciuca”, Borolea",4.76,5.46,4.07,15
2025,Botoșani,"Școala Gimnazială Nr. 2, Bogdănești",4.67,5.17,4.18,13
2025,Botoșani,"Școala Gimnazială „Neculai Leon”, Baiceni",4.63,4.86,4.16,10
2025,Botoșani,"Școala Gimnazială „Aristotel Crismaru”, Drăgușeni",4.56,5.59,3.54,28
2025,Botoșani,"Școala Gimnazială Nr. 3, Borzești",4.23,5.16,3.31,15
2025,Botoșani,"Școala Gimnazială Nr. 1, Santa Mare",4.18,4.6,3.77,17
2025,Botoșani,"Școala Gimnazială Nr. 2, Ungureni",4.03,4.15,3.91,13
2025,Botoșani,"Școala Gimnazială Nr. 1, Dimacheni",4.02,4.04,4.02,12
2025,Botoșani,"Școala Gimnazială Nr. 2, Botoșani",3.72,3.9,3.53,19
2025,Botoșani,"Școala Gimnazială Nr. 1, Ungureni",3.65,3.57,3.75,10
2025,Botoșani,"Școala Gimnazială „Ștefan cel Mare”, Dorohoi",3.2,2.73,3.61,16
2025,Brașov,"Colegiul Național „Andrei Șaguna”, Brașov",9.54,9.44,9.65,27
2025,Brașov,"Colegiul Național de Informatică „Gr. Moisil”, Brașov",9.44,9.4,9.49,31
2025,Brașov,"Colegiul Național „Dr. Ioan Meșotă”, Brașov",9.42,9.51,9.33,30
2025,Brașov,"Colegiul de Științe „Grigore Antipa”, Brașov",9.0,9.13,8.88,28
2025,Brașov,"Colegiul Național „Unirea”, Brașov",8.91,8.89,8.93,30
2025,Brașov,"Colegiul de Științe ale Naturii „Emil Racoviță”, Brașov",8.72,9.08,8.37,29
2025,Brașov,"Colegiul Național „Johannes Honterus”, Brașov",8.53,8.68,8.37,127
2025,Brașov,"Liceul „Prems”, Brașov",8.52,8.5,8.54,13
2025,Brașov,"Școala Gimnazială Nr. 19, Brașov",8.48,8.63,8.34,131
2025,Brașov,"Școala Gimnazială Nr. 6 „Iacob Mureșianu”, Brașov",8.39,8.6,8.19,102
2025,Brașov,"Școala Gimnazială Nr. 5, Brașov",8.34,8.47,8.21,111
2025,Brașov,"Școala Gimnazială Nr. 8, Brașov",8.26,8.46,8.06,102
2025,Brașov,"Școala Gimnazială Nr. 12, Brașov",8.18,8.37,7.96,116
2025,Brașov,"Școala Gimnazială Nr. 30, Brașov",8.18,8.46,7.9,114
2025,Brașov,"Școala Primară Liberă „Waldorf Sophia”, Brașov",8.17,8.53,7.82,17
2025,Brașov,"Școala Gimnazială Nr. 25, Brașov",8.1,8.3,7.92,101
2025,Brașov,Școala Montessori Brașov,8.09,8.48,7.7,2
2025,Brașov,"Școala Gimnazială, Moieciu de Sus",8.04,8.18,7.91,13
2025,Brașov,"Școala Gimnazială Nr. 11 „Ștefan Octavian Iosif”, Brașov",7.95,8.16,7.75,159
2025,Brașov,"Colegiul Național „Aprily Lajos”, Brașov",7.84,7.85,7.26,27
2025,Brașov,"Școala Gimnazială Nr. 27 „Anatol Ghermanschi”, Brașov",7.82,8.01,7.64,133
2025,Brașov,"Liceul „Andrei Mureșanu”, Brașov",7.79,8.06,7.53,76
2025,Brașov,"Școala Gimnazială Nr. 2 „Diaconu Coresi”, Brașov",7.75,8.11,7.32,165
2025,Brașov,"Școala Gimnazială Nr. 1, Făgăraș",7.71,7.93,7.48,90
2025,Brașov,"Colegiul Tehnic „Mircea Cristea”, Brașov",7.68,7.54,7.82,16
2025,Brașov,"Școala Gimnazială Nr. 15, Brașov",7.65,7.71,7.4,64
2025,Brașov,"Liceul Teoretic „Mitropolit Ioan Metianu”, Zărnești",7.6,7.77,7.43,58
2025,Brașov,Școala Gimnazială Sânpetru,7.57,7.65,7.5,29
2025,Brașov,"Școala Gimnazială Nr. 4, Brașov",7.57,7.93,7.2,35
2025,Brașov,"Liceul Vocational de Muzică „Tudor Ciortea”, Brașov",7.51,8.06,6.96,30
2025,Brașov,"Școala Gimnazială Nr. 9 „Nicolae Orghidan”, Brașov",7.5,7.74,7.25,79
2025,Brașov,"Școala Gimnazială Nr. 1, Poiana Mărului",7.49,8.24,6.74,32
2025,Brașov,"Școala Gimnazială Nr. 31, Brașov",7.48,7.58,7.39,40
2025,Brașov,"Școala Gimnazială Nr. 14 „Sfântul Bartolomeu”, Brașov",7.48,7.84,7.13,79
2025,Brașov,"Liceul Teoretic „Zajzoni Rab István”, Săcele",7.46,7.04,7.17,16
2025,Brașov,"Liceul „Sextil Pușcariu”, Bran",7.45,7.33,7.57,22
2025,Brașov,"Școala Gimnazială Nr. 1, Brașov",7.43,7.69,7.17,110
2025,Brașov,"Școala Gimnazială „Peter Thal”, Râșnov",7.41,7.77,7.07,97
2025,Brașov,"Școala Gimnazială „Ovid Densușianu”, Făgăraș",7.41,7.69,7.14,80
2025,Brașov,"Școala Gimnazială Nr. 13, Brașov",7.39,7.81,6.98,98
2025,Brașov,"Liceul Vocational de Arte Plastice „Hans Mattis-Teutsch”, Brașov",7.39,7.78,7.0,28
2025,Brașov,"Școala Gimnazială Nr. 3, Codlea",7.31,7.78,6.84,59
2025,Brașov,"Liceul Teoretic „George Moroianu”, Săcele",7.25,7.63,6.81,84
2025,Brașov,"Școala Gimnazială, Moieciu de Jos",7.25,7.44,7.06,32
2025,Brașov,"Școala Gimnazială, Dumbrăvița",7.24,7.53,6.95,32
2025,Brașov,"Liceul Teoretic „I.C. Drăgușanu”, Victoria",7.19,7.55,6.83,55
2025,Brașov,"Liceul Teoretic „Ioan Pascu”, Codlea",7.17,7.71,6.66,85
2025,Brașov,"Școala Gimnazială Nr. 4 „Frații Popeea”, Săcele",7.13,7.76,6.5,33
2025,Brașov,"Școala Gimnazială Nr. 4, Zărnești",7.09,7.29,6.91,18
2025,Brașov,"Școala Gimnazială Nr. 3 „Gheorghe Lazăr”, Brașov",6.99,7.41,6.58,95
2025,Brașov,"Școala Gimnazială, Lunca Câlnicului",6.96,7.43,6.5,29
2025,Brașov,"Școala Gimnazială, Cristian",6.96,7.11,6.81,45
2025,Brașov,"Colegiul Tehnic Energetic „Remus Răduleț”, Brașov",6.96,7.07,6.85,16
2025,Brașov,"Școala Gimnazială „Prof. Dr. Ioan Cerghit”, Hârseni",6.94,7.43,6.47,10
2025,Brașov,"Colegiul „Nicolae Titulescu”, Brașov",6.92,7.3,6.56,27
2025,Brașov,Liceul cu Program Sportiv Brașov,6.91,7.17,6.67,30
2025,Brașov,"Liceul Teoretic „Mihail Săulescu”, Predeal",6.9,7.27,6.53,23
2025,Brașov,"Școala Gimnazială, Vulcan",6.84,7.41,6.27,29
2025,Brașov,"Școala Gimnazială Nr. 3, Râșnov",6.82,7.18,6.47,46
2025,Brașov,"Școala Gimnazială Nr. 1 „Gheorghe Crăciun”, Zărnești",6.82,7.6,6.04,47
2025,Brașov,"Liceul „Petru Rareș”, Feldioara",6.75,7.22,6.27,28
2025,Brașov,"Școala Gimnazială Nr. 2, Codlea",6.74,6.93,6.39,22
2025,Brașov,Școala Gimnazială Bod,6.72,7.26,6.19,21
2025,Brașov,"Școala Gimnazială, Șercaia",6.68,7.29,6.07,14
2025,Brașov,Școala Gimnazială Ghimbav,6.66,7.11,6.22,48
2025,Brașov,"Liceul Teologic Ortodox „Sf. Constantin Brâncoveanu”, Făgăraș",6.66,6.68,6.65,24
2025,Brașov,"Școala Gimnazială Nr. 3 „Pompiliu Dan”, Zărnești",6.56,6.77,6.36,17
2025,Brașov,"Colegiul Național „Doamna Stanca”, Făgăraș",6.51,6.99,5.99,64
2025,Brașov,Școala Gimnazială Măgura,6.45,6.88,6.02,4
2025,Brașov,Școala Gimnazială Șimon,6.45,6.77,6.13,8
2025,Brașov,"Școala Gimnazială, Vama Buzăului",6.4,6.77,6.02,31
2025,Brașov,Școala Gimnazială Șinca Nouă,6.24,6.5,5.99,15
2025,Brașov,"Școala Gimnazială, Hălchiu",6.12,6.63,5.62,35
2025,Brașov,"Școala Gimnazială „Gheorghe Șincai”, Șinca Veche",6.11,5.58,6.64,13
2025,Brașov,"Școala Gimnazială „Mihai Eminescu”, Hărman",6.08,7.31,4.85,20
2025,Brașov,"Școala Gimnazială „I. C. Drăgușanu”, Drăguș",6.05,6.62,5.48,13
2025,Brașov,"Școala Gimnazială, Rupea",5.9,6.21,5.33,49
2025,Brașov,"Școala Gimnazială Nr. 16, Brașov",5.89,6.6,5.19,16
2025,Brașov,Școala Gimnazială Comăna de Jos,5.87,6.25,5.03,13
2025,Brașov,"Școala Gimnazială „Apáczai Csere János”, Apața",5.84,6.23,5.08,14
2025,Brașov,Școala Gimnazială Prejmer,5.73,6.31,5.16,37
2025,Brașov,"Școala Gimnazială, Ucea de Jos",5.7,5.86,5.55,15
2025,Brașov,Școala Gimnazială „Lisa”,5.65,6.09,5.2,11
2025,Brașov,"Școala Gimnazială, Fundata",5.54,6.54,4.55,4
2025,Brașov,"Școala Gimnazială Nr. 1, Săcele",5.54,6.0,5.09,13
2025,Brașov,Școala Gimnazială Tărlungeni,5.52,5.22,4.82,17
2025,Brașov,"Școala Gimnazială, Purcăreni",5.48,5.78,5.19,21
2025,Brașov,Școala Gimnazială Bunești,5.48,6.4,4.57,11
2025,Brașov,"Școala Gimnazială Nr. 2 „Academician Nicolae Zamfir”, Zărnești",5.47,6.18,4.77,15
2025,Brașov,"Școala Gimnazială, Holbav",5.38,5.79,4.96,18
2025,Brașov,"Școala Gimnazială, Cața",5.37,4.91,5.83,11
2025,Brașov,"Școala Gimnazială Nr. 7, Făgăraș",5.32,6.03,4.62,15
2025,Brașov,"Școala Gimnazială „General Ioan Boeriu”, Recea",5.29,6.03,4.55,13
2025,Brașov,Școala Gimnazială Mândra,5.16,5.68,4.65,10
2025,Brașov,Școala Gimnazială Ungra,5.15,4.21,6.1,10
2025,Brașov,Școala Gimnazială Teliu,5.05,5.1,4.69,27
2025,Brașov,"Școala Gimnazială, Jibert",5.05,5.76,4.34,10
2025,Brașov,"Școala Gimnazială, Homorod",4.93,5.85,4.02,9
2025,Brașov,Școala Gimnazială Cincu,4.85,5.42,4.28,9
2025,Brașov,Școala Gimnazială Vlădeni,4.84,6.06,3.62,7
2025,Brașov,Școala Gimnazială Veneția de Jos,4.73,4.22,5.25,4
2025,Brașov,"Școala Gimnazială Nr. 1, Râșnov",4.66,4.98,3.8,12
2025,Brașov,Școala Gimnazială Augustin,4.65,5.14,4.16,14
2025,Brașov,Școala Gimnazială Bărcut,4.62,5.16,4.08,9
2025,Brașov,"Școala Gimnazială, Ormeniș",4.55,4.91,3.96,9
2025,Brașov,"Școala Gimnazială, Hoghiz",4.5,4.74,4.2,18
2025,Brașov,"Școala Gimnazială, Perșani",4.39,3.43,5.35,12
2025,Brașov,Școala Gimnazială Voila,4.37,5.02,3.72,7
2025,Brașov,Școala Gimnazială Șercăița,4.23,2.45,5.75,5
2025,Brașov,"Școala Gimnazială „Aron Pumnul”, Cuciulata",4.21,3.9,4.39,20
2025,Brașov,"Școala Gimnazială „Bethlen Samuel”, Racoș",4.19,3.9,3.75,30
2025,Brașov,Școala Gimnazială Părău,4.12,4.18,4.07,10
2025,Brașov,Școala Gimnazială Dăișoara,4.05,2.74,5.37,11
2025,Brașov,Școala Gimnazială Viștea de Jos,3.91,3.83,4.0,6
2025,Brașov,Școala Gimnazială Șoarș,3.9,3.95,3.86,13
2025,Brașov,Școala Gimnazială Măieruș,3.87,4.18,3.54,19
2025,Brașov,Școala Gimnazială Crihalma,3.85,4.08,3.63,12
2025,Brașov,Școala Gimnazială Zizin,3.55,3.68,3.36,31
2025,Brașov,"Liceul Tehnologic „Aurel Vijoli”, Făgăraș",3.41,3.68,3.14,30
2025,Brașov,"Școala Gimnazială, Satu Nou",3.4,3.0,4.0,3
2025,Brașov,"Școala Gimnazială, Crizbav",3.38,3.68,3.09,13
2025,Brașov,Școala Gimnazială Budila,3.29,3.51,3.02,28
2025,Brașov,"Liceul Tehnologic „Victor Jinga”, Săcele",3.28,3.55,2.97,21
2025,Brașov,"Școala Gimnazială Nr. 5, Săcele",3.13,3.27,2.94,58
2025,Brașov,"Școala Gimnazială Nr. 4, Făgăraș",2.93,2.45,3.41,11
2025,Brașov,Școala Gimnazială Ticușu,2.78,2.48,3.09,13
2025,Brașov,"Școala Gimnazială, Drăușeni",2.37,1.83,2.67,3
2025,Brăila,Colegiul Național „Gheorghe Munteanu Murgoci”,8.94,8.96,8.92,29
2025,Brăila,Colegiul Național „Nicolae Bălcescu”,8.77,8.94,8.6,14
2025,Brăila,Colegiul Național „Nicolae Iorga”,8.46,8.88,8.04,26
2025,Brăila,Școala Gimnazială „Fănuș Neagu”,8.44,8.58,8.3,121
2025,Brăila,Școala Gimnazială „Ion Creangă”,8.32,8.52,8.13,69
2025,Brăila,Școala Gimnazială „Alexandru Ioan Cuza”,8.21,8.35,8.03,89
2025,Brăila,Școala Gimnazială „Mihai Eminescu”,8.16,8.37,7.95,83
2025,Brăila,Școala Gimnazială „Vlaicu Vodă”,8.14,8.36,7.92,40
2025,Brăila,Școala Gimnazială Frecăței,8.08,8.03,8.13,10
2025,Brăila,Liceul Teoretic „George Valsan”,8.0,8.49,7.51,14
2025,Brăila,Școala Gimnazială „Mihu Dragomir”,7.95,8.34,7.56,54
2025,Brăila,Școala Gimnazială „Sfântul Andrei”,7.95,8.21,7.69,39
2025,Brăila,Școala Gimnazială „Gemenele”,7.83,7.59,8.08,21
2025,Brăila,Școala Gimnazială Gropeni,7.82,8.35,7.3,19
2025,Brăila,Colegiul Național „Ana Aslan”,7.78,7.97,7.59,50
2025,Brăila,Școala Gimnazială „Ion Băncilă”,7.77,8.05,7.49,51
2025,Brăila,Colegiul Național Pedagogic „Dumitru Panaitescu Perpessicius”,7.63,8.06,7.2,58
2025,Brăila,Școala Gimnazială „Ion Luca Caragiale”,7.46,8.14,6.78,39
2025,Brăila,Școala Gimnazială Chiscani,7.41,7.93,6.89,16
2025,Brăila,Școala Gimnazială „Vasile Alecsandri”,7.33,7.66,7.0,37
2025,Brăila,Școala Gimnazială „Nedelcu Chercea”,7.28,7.6,6.96,18
2025,Brăila,Școala Gimnazială „Mihai Viteazul”,7.24,7.87,6.62,24
2025,Brăila,Liceul de Arte „Hariclea Darclee”,7.23,7.78,6.67,63
2025,Brăila,Liceul Teoretic „Constantin Angelescu”,7.21,7.68,6.75,40
2025,Brăila,"Liceul Tehnologic „Nicolae Titulescu”, Însurăței",7.18,7.51,6.84,13
2025,Brăila,"Școala Gimnazială Salcia, Tudor",7.16,7.47,6.85,12
2025,Brăila,Școala Gimnazială „Mihail Sadoveanu”,7.14,7.71,6.58,23
2025,Brăila,Școala Gimnazială Bărăganul,7.14,7.33,6.96,10
2025,Brăila,Școala Gimnazială Tătaru,7.12,7.11,7.13,13
2025,Brăila,Școala Gimnazială „Radu Tudoran”,7.11,7.5,6.73,27
2025,Brăila,Școala Gimnazială „Mircea Vodă”,7.08,7.02,7.14,17
2025,Brăila,Școala Gimnazială „Dimitrie Cantemir”,7.05,7.51,6.59,29
2025,Brăila,Școala Gimnazială „Alexandru Vechiu”,7.01,7.26,6.76,13
2025,Brăila,"Școala Gimnazială „Spiru Haret”, Însurăței",7.0,7.68,6.32,14
2025,Brăila,Școala Gimnazială Valea Cânepii,6.99,7.89,6.1,13
2025,Brăila,"Școala Profesională „Anastase Simu”, Cireșu",6.94,7.51,6.38,26
2025,Brăila,Școala Gimnazială „George Coșbuc”,6.94,7.39,6.49,17
2025,Brăila,Școala Gimnazială „Dr. Luca”,6.91,7.75,6.08,12
2025,Brăila,Școala Gimnazială „Aurel Horneț”,6.91,7.48,6.35,9
2025,Brăila,Școala Gimnazială „Aleksandr Sergheevici Pușkin”,6.91,7.52,6.3,15
2025,Brăila,Liceul Tehnologic „Nicolae Oncescu”,6.8,7.01,6.6,25
2025,Brăila,Școala Gimnazială Tichilești,6.77,7.35,6.2,12
2025,Brăila,Școala Gimnazială Baldovinești,6.77,7.53,6.02,10
2025,Brăila,Școala Gimnazială Movila Miresii,6.75,7.02,6.49,16
2025,Brăila,Școala Gimnazială „Ecaterina Teodoroiu”,6.69,6.76,6.64,25
2025,Brăila,Școala Gimnazială Râmnicelu,6.64,7.82,5.47,10
2025,Brăila,Școala Gimnazială Vișani,6.61,6.29,6.95,15
2025,Brăila,Școala Gimnazială „Mihail Kogălniceanu”,6.6,6.96,6.26,16
2025,Brăila,Școala Gimnazială „Vasile Băncilă”,6.59,7.21,5.98,10
2025,Brăila,Școala Gimnazială Unirea,6.58,7.45,5.71,7
2025,Brăila,Școala Gimnazială Vădeni,6.53,7.09,5.98,16
2025,Brăila,Școala Gimnazială „Mihai Bravu”,6.48,6.19,6.76,15
2025,Brăila,"Școala Gimnazială, Jirlău",6.47,7.14,5.81,17
2025,Brăila,"Școala Gimnazială „Petre Carp”, Tufești",6.46,7.02,5.91,34
2025,Brăila,Școala Gimnazială Măgureni,6.42,7.64,5.21,9
2025,Brăila,Școala Profesională „Emil Drăgan”,6.37,6.77,5.99,11
2025,Brăila,Liceul Tehnologic „Anghel Saligny”,6.36,7.09,5.63,26
2025,Brăila,"Școala Gimnazială, Lanurile",6.32,6.72,5.93,11
2025,Brăila,Școala Gimnazială Traian,6.3,7.02,5.58,22
2025,Brăila,Școala Gimnazială Viziru,6.27,6.89,5.64,29
2025,Brăila,"Școala Gimnazială, Siliștea",6.26,7.17,5.36,12
2025,Brăila,Școala Gimnazială Stăncuța,6.19,6.58,5.79,12
2025,Brăila,Școala Gimnazială „Costache Grigore Șuțu”,6.16,6.53,5.68,29
2025,Brăila,Școala Gimnazială Bordei Verde,6.05,7.06,5.04,23
2025,Brăila,Școala Gimnazială Romanu,6.04,6.9,5.17,13
2025,Brăila,Liceul cu Program Sportiv,5.99,6.45,5.53,59
2025,Brăila,"Școala Gimnazială, Surdila Greci",5.99,6.44,5.54,5
2025,Brăila,Școala Gimnazială Dudești,5.98,6.55,5.4,18
2025,Brăila,"Liceul Tehnologic „Matei Basarab”, Măxineni",5.95,6.52,5.4,21
2025,Brăila,Școala Gimnazială „Nicolae Grigore Mărășanu”,5.78,6.51,5.06,15
2025,Brăila,Școala Gimnazială Victoria,5.77,5.22,6.32,15
2025,Brăila,"Școala Gimnazială, Roșiori",5.72,5.98,5.46,16
2025,Brăila,"Școala Gimnazială „Toma Tâmpeanu”, Galbenu",5.61,6.65,4.58,14
2025,Brăila,Școala Gimnazială Racovița,5.59,6.16,5.03,7
2025,Brăila,Școala Gimnazială „Anton Pann”,5.54,6.51,4.58,11
2025,Brăila,"Școala Gimnazială, Drogu",5.53,6.0,5.06,13
2025,Brăila,Școala Gimnazială „General Stan Poetaș”,5.44,6.13,4.76,21
2025,Brăila,Școala Gimnazială „Spiru Haret”,5.37,5.68,5.08,15
2025,Brăila,Școala Gimnazială Ciocile,5.34,5.65,5.02,24
2025,Brăila,Școala Gimnazială Plopu,5.31,6.63,3.99,13
2025,Brăila,Școala Gimnazială Surdila-Găiseanca,5.13,5.2,5.06,9
2025,Brăila,Școala Gimnazială Berteștii de Jos,5.0,5.17,4.58,14
2025,Brăila,Școala Gimnazială „Nikos Kazantzakis”,3.93,3.86,4.01,11
2025,București,Colegiul Național de Informatică „Tudor Vianu”,9.8,9.7,9.9,21
2025,București,Colegiul Național „Gheorghe Lazăr”,9.7,9.6,9.81,29
2025,București,Liceul Teoretic Școala Europeană București,9.46,9.39,9.54,48
2025,București,Colegiul Național „Spiru Haret”,9.46,9.51,9.41,29
2025,București,Colegiul Național „I.L. Caragiale”,9.46,9.52,9.4,29
2025,București,Liceul Pedagogic „Anastasia Popescu”,9.45,9.43,9.47,50
2025,București,Colegiul Național „Cantemir Vodă”,9.44,9.44,9.44,28
2025,București,Colegiul Național „Grigore Moisil”,9.42,9.46,9.38,57
2025,București,Colegiul Național Bilingv „George Coșbuc”,9.38,9.37,9.39,84
2025,București,Liceul Teoretic Școala Mea,9.34,9.3,9.38,58
2025,București,Liceul Teoretic „Sfinții Trei Ierarhi”,9.32,9.49,9.15,42
2025,București,Școala Gimnazială SEB,9.27,9.31,9.24,14
2025,București,Școala Primară „Little Genius”,9.27,9.26,9.29,8
2025,București,Liceul Internațional Ioanid,9.24,9.24,9.25,36
2025,București,Școala Gimnazială Aletheea,9.17,9.22,9.12,28
2025,București,"Școala Gimnazială „Helikon”, București",9.16,9.13,9.2,17
2025,București,Liceul European Bilingv,9.14,9.11,9.16,4
2025,București,Liceul Teoretic German „Idees”,9.11,9.12,8.95,19
2025,București,Complexul Educațional Laude-Reut,9.09,9.25,8.92,39
2025,București,Liceul Internațional „King George”,9.04,8.98,9.11,29
2025,București,Liceul Teoretic „Just 4 Kids”,9.04,9.06,9.02,26
2025,București,Școala Gimnazială Nr. 79,9.03,9.09,8.98,211
2025,București,"Școala Gimnazială Metropolitană, Arc",9.03,9.29,8.78,15
2025,București,Școala Gimnazială „I. G. Duca”,8.98,9.0,8.96,135
2025,București,Școala Gimnazială „I. Heliade Rădulescu”,8.94,9.0,8.88,112
2025,București,Școala Gimnazială „Avenor”,8.93,9.17,8.7,59
2025,București,Liceul Teoretic „Genesis College”,8.93,8.97,8.9,33
2025,București,Școala Gimnazială „Copil Dorit”,8.92,9.08,8.78,13
2025,București,Colegiul Național „Elena Cuza”,8.9,9.05,8.76,56
2025,București,Școala Gimnazială „Step By Step”,8.81,8.91,8.71,24
2025,București,Școala Gimnazială „Maria Rosetti”,8.8,8.93,8.69,105
2025,București,Liceul Teoretic Internațional de Informatică București,8.8,8.9,8.71,244
2025,București,Școala Gimnazială Nr. 56,8.8,8.99,8.62,195
2025,București,Liceul Teoretic Național,8.78,8.72,8.86,30
2025,București,Școala Gimnazială Nr. 97,8.77,8.84,8.71,262
2025,București,Școala Gimnazială Nr. 197,8.76,8.86,8.67,173
2025,București,Școala Gimnazială „Pia Brătianu”,8.75,8.91,8.6,159
2025,București,Școala Gimnazială Nr. 49,8.75,8.92,8.58,147
2025,București,Școala Gimnazială Nr. 150,8.69,8.75,8.63,129
2025,București,Școala Gimnazială Nr. 5,8.68,8.76,8.61,48
2025,București,Colegiul German „Goethe”,8.68,8.82,8.42,129
2025,București,Școala Gimnazială „Constantin Brâncuși”,8.67,8.78,8.57,182
2025,București,Liceul Româno-Finlandez,8.63,8.81,8.45,66
2025,București,Liceul Teoretic Mihai Ionescu,8.61,8.65,8.57,60
2025,București,Colegiul Național „Ion Neculce”,8.61,8.68,8.54,56
2025,București,Liceul Teoretic „Jean Monnet”,8.58,8.72,8.45,112
2025,București,Școala Gimnazială Nr. 179,8.55,8.79,8.32,162
2025,București,Liceul Teoretic Bilingv „Miguel de Cervantes”,8.52,8.91,8.14,86
2025,București,Liceul Teoretic „Nicolae Iorga”,8.52,8.69,8.36,113
2025,București,Școala Gimnazială Orizont,8.51,8.73,8.3,136
2025,București,Colegiul Economic „Costin C. Kirițescu”,8.5,8.7,8.31,27
2025,București,Școala Gimnazială „Tudor Arghezi”,8.5,8.69,8.31,78
2025,București,Școala Gimnazială „Titu Maiorescu”,8.47,8.63,8.31,156
2025,București,Școala Gimnazială Nr. 81,8.47,8.71,8.23,144
2025,București,Şcoala Gimnazială „Evrika”,8.47,8.44,8.5,10
2025,București,Școala Gimnazială „Vasile Alecsandri”,8.46,8.84,8.08,36
2025,București,Școala Gimnazială „Elena Văcărescu”,8.45,8.56,8.36,107
2025,București,Școala Gimnazială Nr. 195,8.45,8.63,8.27,255
2025,București,Școala Gimnazială Nr. 194,8.42,8.56,8.27,197
2025,București,Școala Gimnazială „Sf. Nicolae”,8.41,8.71,8.11,94
2025,București,Liceul Teoretic „Alexandru Vlahuță”,8.4,8.67,8.15,70
2025,București,Liceul Teoretic „Ștefan Odobleja”,8.4,8.68,8.13,116
2025,București,Școala Gimnazială Nr. 307,8.38,8.62,8.14,98
2025,București,Colegiul Național „Școala Centrală”,8.37,8.5,8.23,105
2025,București,Școala Gimnazială „Leonardo Da Vinci”,8.37,8.52,8.22,210
2025,București,Școala Gimnazială „Iancului”,8.36,8.52,8.21,84
2025,București,Colegiul Național „Victor Babeș”,8.34,8.69,8.01,51
2025,București,Școala Gimnazială Herăstrău,8.34,8.44,8.22,213
2025,București,Școala Gimnazială Nr. 156,8.34,8.57,8.12,144
2025,București,Liceul Teoretic „Ion Barbu”,8.34,8.66,8.02,110
2025,București,Școala Gimnazială Nr. 149,8.31,8.49,8.13,128
2025,București,Școala Gimnazială Nr. 7,8.25,8.48,8.03,97
2025,București,Școala Gimnazială „Liberă Waldorf”,8.17,8.29,8.04,12
2025,București,Școala Gimnazială Nr. 24,8.16,8.51,7.83,63
2025,București,Școala Gimnazială „Federico Garcia Lorca”,8.16,8.46,7.87,149
2025,București,Școala Gimnazială Nr. 88,8.16,8.47,7.86,107
2025,București,Școala Gimnazială „Mărțișor”,8.13,8.33,7.94,77
2025,București,Școala Gimnazială Nr. 80,8.13,8.38,7.89,146
2025,București,Colegiul Romano-Catolic „Sfântul Iosif”,8.11,8.28,7.95,85
2025,București,Școala Gimnazială „Regina Maria”,8.11,8.32,7.9,221
2025,București,Școala Gimnazială Nr. 142,8.09,8.34,7.85,99
2025,București,Școala Gimnazială Nr. 178,8.06,8.25,7.88,80
2025,București,Școala Gimnazială Nr. 200,8.06,8.36,7.76,21
2025,București,Școala Gimnazială Nr. 113,8.06,8.28,7.85,167
2025,București,Școala Gimnazială Nr. 59,8.06,8.33,7.79,102
2025,București,Școala Gimnazială „Nicolae Labiș”,8.06,8.33,7.8,182
2025,București,Școala Gimnazială „Smart Kids”,8.05,8.25,7.87,16
2025,București,Școala Gimnazială Nr. 128,8.03,8.21,7.86,54
2025,București,Școala Gimnazială „Cezar Bolliac”,8.03,8.32,7.74,114
2025,București,Școala Gimnazială „Nicolae Titulescu”,8.03,8.15,7.91,86
2025,București,Școala Gimnazială Nr. 190,8.01,8.3,7.72,236
2025,București,Școala Gimnazială Nr. 51,7.99,8.32,7.67,95
2025,București,Școala Gimnazială Nr. 117,7.99,8.27,7.71,212
2025,București,Liceul Teoretic „Ady Endre”,7.98,8.18,7.21,6
2025,București,Școala Gimnazială „Sfântul Andrei”,7.97,8.11,7.85,226
2025,București,Școala Gimnazială „Sfinții Constantin și Elena”,7.96,8.18,7.75,74
2025,București,Școala Gimnazială Nr. 280,7.95,8.18,7.73,218
2025,București,Colegiul Național „Mihai Eminescu”,7.94,8.17,7.7,72
2025,București,Liceul de Coregrafie „Floria Capsali”,7.9,8.37,7.43,23
2025,București,Școala Gimnazială „George Bacovia”,7.87,8.12,7.62,125
2025,București,Școala Gimnazială „Principesa Margareta”,7.87,8.25,7.49,92
2025,București,Școala Gimnazială Nr. 169,7.85,8.13,7.58,137
2025,București,Liceul Teoretic „Dante Alighieri”,7.85,7.98,7.28,94
2025,București,Școala Gimnazială Nr. 92,7.82,8.14,7.49,54
2025,București,Școala Gimnazială „Planeta Copiilor”,7.79,8.19,7.39,4
2025,București,Școala Gimnazială „Petre Ispirescu”,7.78,8.1,7.47,42
2025,București,Școala Gimnazială „Liviu Rebreanu”,7.77,8.08,7.46,94
2025,București,Școala Gimnazială „Avram Iancu”,7.76,7.96,7.57,134
2025,București,Școala Gimnazială Nr. 46,7.74,8.16,7.31,95
2025,București,Școala Gimnazială Nr. 86,7.73,8.12,7.35,70
2025,București,Școala Gimnazială „Sfinții Voievozi”,7.73,8.19,7.27,53
2025,București,Școala Gimnazială Nr. 129,7.72,8.06,7.39,132
2025,București,Școala Gimnazială Nr. 96,7.71,8.12,7.31,74
2025,București,Școala Gimnazială Nr. 206,7.7,8.08,7.33,80
2025,București,Liceul Teoretic „Marin Preda”,7.7,7.94,7.46,112
2025,București,Școala Gimnazială Nr. 119,7.69,8.02,7.36,83
2025,București,Școala Gimnazială Nr. 20,7.67,8.05,7.3,117
2025,București,Liceul Tehnologic „Sf. Antim Ivireanu”,7.65,8.01,7.3,77
2025,București,Școala Gimnazială Nr. 27,7.64,7.92,7.37,144
2025,București,Școala Gimnazială Nr. 309,7.61,8.03,7.2,90
2025,București,Școala Gimnazială Nr. 311,7.61,7.76,7.47,75
2025,București,Școala Gimnazială Nr. 308,7.61,7.98,7.24,38
2025,București,Liceul Teoretic Bilingv „Ita Wegman”,7.6,7.67,7.53,55
2025,București,Școala Gimnazială „Adrian Păunescu”,7.59,7.98,7.2,69
2025,București,Școala Gimnazială „Geo Bogza”,7.58,7.92,7.25,76
2025,București,Școala Gimnazială Specială Nr. 3,7.57,8.1,7.05,1
2025,București,Școala Gimnazială „Sfântul Calinic de la Cernica”,7.57,7.89,7.25,53
2025,București,Liceul de Arte Plastice „Nicolae Tonitza”,7.55,8.03,7.07,54
2025,București,Liceul Teoretic „Dimitrie Bolintineanu”,7.54,7.95,7.14,112
2025,București,Școala Gimnazială Nr. 279,7.53,7.72,7.36,124
2025,București,Școala Gimnazială Nr. 112,7.53,7.97,7.09,74
2025,București,Școala Gimnazială „Petre Ghelmez”,7.51,7.8,7.22,114
2025,București,Școala Gimnazială Nr. 84,7.49,7.82,7.17,125
2025,București,Școala Gimnazială „Regele Mihai I”,7.46,7.82,7.11,67
2025,București,Școala Gimnazială Nr. 133,7.45,7.75,7.15,153
2025,București,Școala Gimnazială „Alexandru Ioan Cuza”,7.44,7.53,7.35,111
2025,București,Școala Gimnazială Nr. 66,7.42,7.74,7.11,97
2025,București,Liceul Teoretic „Luca”,7.41,7.67,7.16,21
2025,București,Școala Gimnazială Nr. 143,7.41,7.84,6.98,61
2025,București,Colegiul Național „Emil Racoviță”,7.41,7.61,7.21,60
2025,București,Școala Gimnazială Nr. 4,7.4,7.38,7.42,58
2025,București,Școala Gimnazială Nr. 28,7.38,7.79,6.96,86
2025,București,Liceul Teoretic „Eugen Lovinescu”,7.37,8.05,6.69,70
2025,București,Liceul Teoretic „Lucian Blaga”,7.37,7.83,6.91,33
2025,București,Școala Gimnazială „Sfânta Treime”,7.36,7.5,7.23,68
2025,București,Școala Gimnazială Nr. 62,7.35,7.74,6.96,103
2025,București,Școala Gimnazială Nr. 188,7.35,7.51,7.19,66
2025,București,Liceul Teoretic „Nichita Stănescu”,7.31,7.63,6.99,54
2025,București,Școala Gimnazială „Mircea Sântimbreanu”,7.3,7.69,6.91,152
2025,București,Școala Gimnazială „Emil Racoviță”,7.28,7.58,6.99,87
2025,București,Școala Gimnazială „Eugen Barbu”,7.28,7.99,6.58,24
2025,București,Școala Gimnazială „Sf. Silvestru”,7.27,7.6,6.95,41
2025,București,Școala Gimnazială „Grigorie Ghica Voievod”,7.27,7.69,6.8,150
2025,București,Școala Gimnazială Alexandru Costescu,7.26,7.81,6.72,59
2025,București,Școala Gimnazială Nr. 192,7.26,7.84,6.68,40
2025,București,Colegiul Național de Muzică „George Enescu”,7.24,7.67,6.82,39
2025,București,Școala Gimnazială Nr. 82,7.24,7.71,6.79,135
2025,București,Școala Gimnazială Nr. 116,7.21,8.04,6.39,48
2025,București,Școala Gimnazială „Mihai Botez”,7.21,7.23,7.2,69
2025,București,Școala Gimnazială „Ionel Teodoreanu”,7.21,7.4,7.02,94
2025,București,Liceul Teoretic Waldorf,7.21,7.83,6.59,28
2025,București,Școala Gimnazială „Ion Dumitriu”,7.2,7.66,6.75,95
2025,București,Școala Gimnazială Nr. 189,7.2,7.53,6.84,75
2025,București,Școala Gimnazială Nr. 54,7.19,7.69,6.69,75
2025,București,Școala Gimnazială Nr. 108,7.16,7.6,6.73,47
2025,București,Liceul cu Program Sportiv „Mircea Eliade”,7.15,7.32,7.0,57
2025,București,Școala Gimnazială Nr. 184,7.06,7.47,6.65,15
2025,București,Școala Gimnazială Nr. 124,7.05,7.37,6.74,92
2025,București,Școala Gimnazială Nr. 78,7.05,7.37,6.73,37
2025,București,Școala Gimnazială „Ferdinand I”,7.04,7.58,6.51,51
2025,București,Școala Gimnazială Nr. 135,7.03,7.47,6.6,67
2025,București,Școala Gimnazială „Șerban-Vodă”,7.03,7.48,6.58,87
2025,București,Școala Gimnazială Nr. 163,7.02,7.55,6.5,42
2025,București,Școala Gimnazială Nr. 47,7.02,6.79,7.15,36
2025,București,Școala Gimnazială Nr. 67,6.99,7.47,6.52,39
2025,București,Școala Gimnazială Nr. 103,6.98,7.64,6.31,29
2025,București,Școala Gimnazială „Luceafărul”,6.95,7.2,6.71,72
2025,București,Liceul Greco-Catolic „Timotei Cipariu”,6.95,7.43,6.46,63
2025,București,Școala Gimnazială Nr. 77,6.93,7.23,6.58,82
2025,București,Liceul Teoretic „Atlas”,6.92,7.66,6.18,21
2025,București,Școala Gimnazială Nr. 99,6.88,7.25,6.52,54
2025,București,Școala Gimnazială Nr. 40,6.87,7.39,6.36,71
2025,București,Școala Gimnazială Uruguay,6.87,6.98,6.76,27
2025,București,Școala Gimnazială Nr. 32,6.86,7.27,6.45,59
2025,București,Școala Gimnazială Nr. 131,6.85,7.33,6.38,101
2025,București,Școala Gimnazială Nr. 31,6.85,7.17,6.52,73
2025,București,Școala Gimnazială „George Topârceanu”,6.84,7.23,6.46,61
2025,București,Școala Gimnazială Nr. 167,6.76,7.21,6.32,39
2025,București,Școala Gimnazială Nr. 39,6.76,7.19,6.33,179
2025,București,Liceul Teoretic Bulgar „Hristo Botev”,6.72,6.9,6.55,10
2025,București,Școala Gimnazială Nr. 165,6.72,7.05,6.39,107
2025,București,Școala Gimnazială Nr. 168,6.72,6.7,6.74,15
2025,București,Școala Gimnazială Nr. 85,6.7,7.29,6.12,32
2025,București,Școala Gimnazială „Maica Domnului”,6.68,6.89,6.47,71
2025,București,Școala Gimnazială Nr. 162,6.61,6.95,6.28,42
2025,București,Școala Gimnazială Nr. 126,6.57,6.79,6.36,43
2025,București,Colegiul Tehnic Feroviar „Mihai I”,6.53,7.06,6.01,24
2025,București,Școala Gimnazială Nr. 41,6.53,7.0,6.07,52
2025,București,Școala Gimnazială „Ion I.C. Brătianu”,6.51,6.7,6.31,39
2025,București,Școala Gimnazială Nr. 115,6.47,6.97,5.97,46
2025,București,Școala Gimnazială „General Eremia Grigorescu”,6.44,7.01,5.87,78
2025,București,Liceul Teoretic „Decebal”,6.44,6.76,6.12,32
2025,București,Școala Gimnazială Nr. 13,6.44,6.5,6.37,15
2025,București,Colegiul Național de Arte „Dinu Lipatti”,6.38,7.12,5.66,43
2025,București,Școala Gimnazială Nr. 144,6.33,7.06,5.59,21
2025,București,Școala Gimnazială „Grigore Tocilescu”,6.3,6.52,6.09,25
2025,București,Școala Gimnazială Nr. 55,6.24,6.74,5.75,93
2025,București,Școala Gimnazială „Nicolae Grigorescu”,6.16,6.48,5.8,27
2025,București,Școala Gimnazială Specială pentru Deficienți de Vedere,6.11,7.13,5.1,5
2025,București,Școala Gimnazială „Ienăchiță Văcărescu”,6.04,6.2,5.69,23
2025,București,Școala Gimnazială Nr. 2,5.99,6.49,5.5,32
2025,București,Școala Profesională Specială Pentru Deficienți de Auz „Sfânta Maria”,5.96,5.65,6.27,9
2025,București,Școala Gimnazială nr. 22,5.96,6.35,5.58,17
2025,București,Școala Gimnazială Nr. 127,5.86,6.1,5.63,62
2025,București,Școala Gimnazială Nr. 181,5.79,6.35,5.16,35
2025,București,Școala Gimnazială Nr. 95,5.78,6.27,5.29,25
2025,București,Școala Gimnazială „George Călinescu”,5.66,6.5,4.82,47
2025,București,Școala Gimnazială Nr. 6,5.66,6.05,5.27,30
2025,București,Școala Gimnazială Nr. 161,5.64,5.81,5.48,24
2025,București,Școala Gimnazială „Petrache Poenaru”,5.46,6.39,4.53,17
2025,București,Școala Gimnazială Nr. 183,5.39,5.87,4.92,41
2025,București,Școala Gimnazială Nr. 71,5.38,6.72,4.04,30
2025,București,Școala Gimnazială Nr. 134,5.24,5.84,4.66,28
2025,București,Școala Gimnazială Nr. 153,5.1,5.53,4.55,20
2025,București,Școala Gimnazială Nr. 136,5.09,5.84,4.32,25
2025,București,Școala Gimnazială „Rut”,4.98,5.49,4.34,11
2025,București,Liceul Tehnologic „Sfântul Pantelimon”,4.97,5.69,4.26,14
2025,București,Școala Gimnazială Nr. 125,4.96,5.17,4.58,19
2025,București,Școala Gimnazială Nr. 25,4.91,4.55,5.16,18
2025,București,Școala Profesională Specială „Sf. Nicolae”,4.45,4.9,4.0,1
2025,București,Liceul Tehnologic Special nr. 3,4.18,3.9,4.46,15
2025,București,Școala Gimnazială „Barbu Delavrancea”,4.16,4.59,3.74,16
2025,București,Școala Gimnazială Nr. 145,4.08,4.15,4.0,25
2025,București,Școala Gimnazială Specială Nr. 1,3.23,3.66,2.8,10
2025,Buzău,"Colegiul Național „B. P. Hasdeu”, municipiul Buzău",9.32,9.43,9.22,25
2025,Buzău,"Colegiul Național „Alexandru Vlahuță”, municipiul Râmnicu Sărat",8.66,9.04,8.29,28
2025,Buzău,"Școala Gimnazială „Căpitan Aviator Mircea T. Bădulescu”, Municipiul Buzău",8.51,8.71,8.31,78
2025,Buzău,"Școala Gimnazială Nr. 11, Municipiul Buzău",8.31,8.61,8.02,245
2025,Buzău,"Școala Gimnazială Sat Modreni, Comuna Valea Salciei",8.29,8.49,8.09,4
2025,Buzău,"Colegiul Național „Mihai Eminescu”, Municipiul Buzău",8.27,8.8,7.74,33
2025,Buzău,"Școala Gimnazială „George Emil Palade”, Municipiul Buzău",8.12,8.52,7.72,190
2025,Buzău,"Liceul Teoretic „Nicolae Iorga”, Oraș Nehoiu",8.03,8.15,7.91,35
2025,Buzău,"Liceul Teoretic „Radu Vladescu”, Oraș Pătârlagele",7.94,8.35,7.54,53
2025,Buzău,"Școala Gimnazială Nr. 7, Municipiul Buzău",7.91,8.33,7.49,116
2025,Buzău,"Școala Gimnazială „Pamfil Georgian”, Comuna Gura Teghii",7.88,7.85,7.93,12
2025,Buzău,"Colegiul Național Pedagogic „Spiru Haret”, municipiul Buzău",7.72,8.26,7.19,96
2025,Buzău,"Școala Gimnazială, Comuna Măgura",7.67,8.3,7.04,14
2025,Buzău,"Școala Gimnazială „Vasile Cristoforeanu”, Municipiul Râmnicu Sărat",7.64,7.86,7.41,84
2025,Buzău,"Școala Gimnazială, Sat Izvoru Dulce, Comuna Merei",7.63,7.76,7.5,6
2025,Buzău,"Școala Gimnazială, Comuna Gherăseni",7.57,8.02,7.12,19
2025,Buzău,"Școala Gimnazială Sat Lipia, Comuna Merei",7.52,8.15,6.89,12
2025,Buzău,"Liceul Special pentru Deficienți de Vedere, Municipiul Buzău",7.51,7.88,7.14,5
2025,Buzău,"Școala Gimnazială, Comuna Pănătău",7.5,7.56,7.44,6
2025,Buzău,"Școala Gimnazială „Constantin Ivănescu”, Comuna Poșta Câlnău",7.47,8.18,6.76,33
2025,Buzău,"Școala Gimnazială, Sat Căldărăști, Oraș Pogoanele",7.4,7.98,6.84,11
2025,Buzău,"Școala Gimnazială „Nicolae Ioan Jilinschi”, Comuna Vernești",7.4,7.98,6.82,25
2025,Buzău,"Școala Gimnazială „Sfântul Apostol Andrei”, Municipiul Buzău",7.39,7.82,6.96,59
2025,Buzău,"Școala Gimnazială „Constantin Brâncoveanu”, Municipiul Râmnicu Sărat",7.32,7.69,6.95,60
2025,Buzău,"Școala Gimnazială, Comuna Siriu",7.24,7.6,6.9,23
2025,Buzău,Liceul Tehnologic Comuna Lopătari,7.17,7.48,6.88,31
2025,Buzău,"Școala Gimnazială Sat Lunca Priporului, Oraș Nehoiu",7.14,7.62,6.66,21
2025,Buzău,"Școala Gimnazială, Comuna Smeeni",7.13,7.67,6.61,20
2025,Buzău,"Liceul de Arte „Margareta Sterian”, Municipiul Buzău",7.06,7.8,6.33,49
2025,Buzău,"Școala Gimnazială „Ion Creangă”, Municipiul Buzău",7.04,7.73,6.35,48
2025,Buzău,"Școala Gimnazială Nr. 1, Comuna Padina",7.04,7.91,6.17,17
2025,Buzău,"Școala Gimnazială Sat Păltineni, Oraș Nehoiu",7.04,7.72,6.36,14
2025,Buzău,"Școala Gimnazială „Episcop Dionisie Romano”, Municipiul Buzău",7.01,7.53,6.49,47
2025,Buzău,"Școala Gimnazială, Sat Stăncești, Comuna Vadu Pașii",7.0,7.73,6.27,9
2025,Buzău,"Școala Gimnazială Sat Scurtești, Comuna Vadu Pașii",6.98,7.85,6.11,13
2025,Buzău,"Școala Gimnazială „Nicolae Titulescu”, Municipiul Buzău",6.98,7.58,6.39,14
2025,Buzău,"Școala Gimnazială, Comuna Costești",6.97,7.61,6.34,26
2025,Buzău,"Școala Gimnazială „Gheorghe Țițeica”, Comuna Cilibia",6.94,7.44,6.45,12
2025,Buzău,"Școala Gimnazială, Comuna Colți",6.94,7.67,6.22,3
2025,Buzău,"Liceul Teoretic „Ștefan cel Mare”, municipiul Râmnicu Sărat",6.92,7.39,6.46,21
2025,Buzău,"Școala Gimnazială „Constantin Giurescu”, Comuna Chiojdu",6.92,7.52,6.32,16
2025,Buzău,"Școala Gimnazială „Ing. Oprișan Iarca”, Comuna Unguriu",6.88,7.47,6.29,13
2025,Buzău,"Școala Gimnazială Sat Plaiul Nucului, Comuna Lopătari",6.83,7.07,6.59,8
2025,Buzău,"Școala Gimnazială Sat Oreavul, Comuna Valea Râmnicului",6.81,6.99,6.64,18
2025,Buzău,"Școala Gimnazială, Comuna Cănești",6.8,7.6,6.0,3
2025,Buzău,"Școala Gimnazială, Comuna Năeni",6.72,7.55,5.9,21
2025,Buzău,"Școala Gimnazială, Comuna Cislău",6.69,7.7,5.69,21
2025,Buzău,"Școala Gimnazială, Comuna Mânzălești",6.65,7.24,6.07,16
2025,Buzău,"Liceul Tehnologic, comuna Rușețu",6.61,7.23,5.99,17
2025,Buzău,"Școala Gimnazială Nr. 6, Municipiul Râmnicu Sărat",6.59,7.04,6.15,44
2025,Buzău,"Școala Gimnazială Înv. Nicolae Ispas, Sat Clondiru, Comuna Ulmeni",6.58,7.28,5.88,8
2025,Buzău,"Liceul Tehnologic „Dimitrie Filipescu”, Municipiul Buzău",6.57,7.22,5.93,19
2025,Buzău,"Școala Gimnazială Sat Haleș, Comuna Tisău",6.55,7.35,5.76,19
2025,Buzău,"Școala Gimnazială, Comuna Odăile",6.55,7.08,6.02,8
2025,Buzău,"Școala Gimnazială, Comuna Gălbinași",6.54,7.28,5.8,34
2025,Buzău,"Școala Gimnazială „Nicolae Efrimescu”, Comuna Săgeata",6.53,7.21,5.86,19
2025,Buzău,"Școala Gimnazială, Sat Udați, Comuna Smeeni",6.53,7.4,5.67,12
2025,Buzău,"Școala Gimnazială, Comuna Boldu",6.53,6.99,5.74,19
2025,Buzău,"Școala Gimnazială „Nicu Constantinescu”, Municipiul Buzău",6.49,7.58,5.41,8
2025,Buzău,"Școala Gimnazială Sat Pogonele, Comuna Țintești",6.48,7.24,5.73,12
2025,Buzău,"Școala Gimnazială Sat Mătești, Comuna Săpoca",6.46,7.34,5.58,12
2025,Buzău,"Școala Gimnazială, Comuna Puiești",6.45,7.25,5.66,11
2025,Buzău,"Școala Gimnazială, Comuna Pietroasele",6.44,6.59,6.29,17
2025,Buzău,"Școala Gimnazială Nr. 1, Comuna Cătina",6.44,6.96,5.91,11
2025,Buzău,"Școala Gimnazială, Comuna Bălăceanu",6.43,7.15,5.72,13
2025,Buzău,"Școala Gimnazială Sat Pitulicea, Comuna Glodeanu Sărat",6.4,7.09,5.7,18
2025,Buzău,"Școala Gimnazială „Vasile Voiculescu”, Comuna Pârscov",6.37,7.18,5.56,30
2025,Buzău,"Liceul Tehnologic „Sf. Mucenic Sava”, Comuna Bercă",6.36,6.82,5.9,59
2025,Buzău,"Școala Gimnazială „P.H. Zangopol”, Municipiul Buzău",6.32,7.24,5.41,20
2025,Buzău,"Școala Gimnazială, Sat Bâscenii de Sus, Comuna Calvini",6.32,7.12,5.52,11
2025,Buzău,"Școala Gimnazială, Comuna Brădeanu",6.31,7.16,5.47,12
2025,Buzău,"Școala Gimnazială Sat Pleși, Comuna Bisoca",6.31,6.68,5.95,2
2025,Buzău,"Școala Gimnazială, Comuna Săpoca",6.28,6.86,5.7,14
2025,Buzău,"Școala Gimnazială, Sat Ursoaia, Comuna Viperești",6.26,6.31,6.21,8
2025,Buzău,"Școala Gimnazială „Calcan Ivan”, Comuna Cochirleanca",6.25,6.77,5.73,17
2025,Buzău,"Școala Gimnazială, Sat Vintileanca, Comuna Săhăteni",6.22,6.89,5.55,9
2025,Buzău,"Școala Gimnazială, Comuna Blăjani",6.2,8.75,3.65,5
2025,Buzău,"Școala Gimnazială Sat Amara, Comuna Balta Alba",6.19,6.85,5.54,14
2025,Buzău,"Școala Gimnazială Sat Gura Dimienii, Comuna Beceni",6.18,6.7,5.67,19
2025,Buzău,"Școala Gimnazială „Tache și Ecaterina Tocilescu”, Comuna Vintilă Vodă",6.18,7.05,5.31,20
2025,Buzău,"Școala Gimnazială Nr. 2, Comuna Padina",6.17,6.9,5.44,20
2025,Buzău,"Școala Gimnazială, Comuna Vadu Pașii",6.16,6.65,5.66,36
2025,Buzău,"Școala Gimnazială „Vasile Aldea”, Sat Zorești, Comuna Vernești",6.11,6.92,5.31,9
2025,Buzău,"Școala Gimnazială, Comuna Amaru",6.1,6.79,5.42,18
2025,Buzău,"Școala Gimnazială, Comuna Cernătești",6.07,7.15,5.0,11
2025,Buzău,"Școala Gimnazială, Comuna C.A. Rosetti",6.07,6.74,5.4,19
2025,Buzău,"Școala Gimnazială, Comuna Racovițeni",6.05,6.62,5.49,6
2025,Buzău,"Școala Gimnazială, Comuna Stâlpu",6.05,6.67,5.43,19
2025,Buzău,"Școala Gimnazială Înv. Clemența Beșchea, Sat Căpățânești, Comuna Mărăcineni",6.04,6.71,5.37,39
2025,Buzău,"Școala Gimnazială Sat Cândești, Comuna Vernești",6.03,6.78,5.29,23
2025,Buzău,"Școala Gimnazială Prof. Constantin Dincă, Comuna Ulmeni",6.02,6.44,5.61,5
2025,Buzău,"Școala Gimnazială, Comuna Glodeanu Siliștea",6.0,6.67,5.34,17
2025,Buzău,"Școala Gimnazială „Ion Roșca”, Comuna Cochirleanca",5.97,6.61,5.33,14
2025,Buzău,"Școala Gimnazială, Comuna Scutelnici",5.97,7.32,4.61,10
2025,Buzău,"Liceul Tehnologic „I. A. Rădulescu Pogoneanu”, oraș Pogoanele",5.92,6.65,5.2,10
2025,Buzău,"Școala Gimnazială „Istrate Gheorghe”, sat Limpeziș, comuna Movila Banului",5.92,6.45,5.4,16
2025,Buzău,"Școala Gimnazială Sat Aliceni, Comuna Poșta Câlnău",5.91,6.73,5.1,13
2025,Buzău,"Școala Gimnazială „Constantin Popescu”, Sat Fundeni, Comuna Zărnești",5.91,6.49,5.2,28
2025,Buzău,"Școala Gimnazială Prof. Dr. Ion Anghel, Comuna Luciu",5.89,6.27,5.51,13
2025,Buzău,"Școala Gimnazială „Gheorghe Hariton”, Comuna Săhăteni",5.84,6.03,5.66,11
2025,Buzău,"Școala Gimnazială Sat Valea Părului, Comuna Beceni",5.79,6.54,4.84,10
2025,Buzău,"Școala Gimnazială Sat Luncile, Comuna Lopătari",5.79,6.61,4.97,8
2025,Buzău,"Școala Gimnazială, Comuna Sărulești",5.78,6.43,5.13,10
2025,Buzău,"Liceul cu Program Sportiv „Iolanda Balaș Soter”, Municipiul Buzău",5.73,6.45,5.02,43
2025,Buzău,"Școala Gimnazială, Comuna Glodeanu Sărat",5.73,6.1,5.36,21
2025,Buzău,"Școala Gimnazială Sat Zoița, Comuna Ziduri",5.7,6.4,5.0,13
2025,Buzău,"Școala Gimnazială, Comuna Ziduri",5.69,6.04,5.34,21
2025,Buzău,Liceul Teoretic Oraș Pogoanele,5.67,6.68,4.67,28
2025,Buzău,"Școala Gimnazială, Comuna Largu",5.67,6.56,4.78,11
2025,Buzău,"Școala Gimnazială Sat Maxenu, Comuna Țintești",5.66,6.67,4.65,11
2025,Buzău,"Școala Gimnazială, Comuna Cozieni",5.63,6.29,4.98,10
2025,Buzău,"Școala Gimnazială Sat Bâsca Chiojdului, Comuna Chiojdu",5.63,6.11,5.16,10
2025,Buzău,"Școala Gimnazială, Comuna Mihăilești",5.59,6.43,4.75,14
2025,Buzău,"Școala Gimnazială, Comuna Merei",5.58,6.21,4.94,13
2025,Buzău,"Școala Gimnazială, Sat Coțatcu, Comuna Podgoria",5.57,6.12,5.03,12
2025,Buzău,"Școala Gimnazială, Sat Brătilești, Comuna Brăești",5.55,6.22,4.89,13
2025,Buzău,"Școala Gimnazială, Comuna Movila Banului",5.54,6.83,4.26,5
2025,Buzău,"Școala Gimnazială, Comuna Valea Râmnicului",5.51,6.0,5.03,14
2025,Buzău,"Școala Gimnazială, Comuna Scorțoasa",5.43,6.49,4.37,17
2025,Buzău,"Școala Gimnazială, Sat Plevna, Comuna Grebănu",5.38,5.52,5.24,19
2025,Buzău,"Școala Gimnazială Sat Scărișoara, Comuna Cislău",5.36,6.05,4.67,14
2025,Buzău,"Școala Gimnazială „Gheorghe Vernescu”, Municipiul Râmnicu Sărat",5.36,5.84,4.73,19
2025,Buzău,"Școala Gimnazială „Mihail Kogălniceanu”, Municipiul Buzău",5.34,5.66,5.04,44
2025,Buzău,"Școala Gimnazială Sat Nicolești, Comuna Puiești",5.33,5.95,4.72,9
2025,Buzău,"Școala Gimnazială, Comuna Bozioru",5.27,5.89,4.65,6
2025,Buzău,"Școala Gimnazială „Gheorghe Munteanu Murgoci”, Comuna Bisoca",5.25,5.69,4.81,10
2025,Buzău,"Școala Gimnazială, Comuna Buda",5.25,6.15,4.35,22
2025,Buzău,"Școala Gimnazială Sat Mărunțișu, Oraș Pătârlagele",5.2,5.35,5.06,20
2025,Buzău,"Școala Gimnazială, Comuna Topliceni",5.1,5.18,5.03,16
2025,Buzău,"Școala Gimnazială, Comuna Ghergheasa",5.06,5.57,4.55,14
2025,Buzău,"Școala Gimnazială, Comuna Brăești",5.02,5.98,4.06,9
2025,Buzău,"Școala Gimnazială, Comuna Podgoria",4.94,5.78,4.1,10
2025,Buzău,"Școala Gimnazială, Comuna Vâlcelele",4.92,5.14,4.7,15
2025,Buzău,"Școala Gimnazială Nr. 1, Comuna Râmnicelu",4.91,5.64,4.19,9
2025,Buzău,"Școala Gimnazială, Comuna Murgești",4.82,5.0,4.64,5
2025,Buzău,"Școala Gimnazială, Comuna Viperești",4.72,5.45,3.99,22
2025,Buzău,"Școala Gimnazială „General Grigore Baștan”, Municipiul Buzău",4.56,4.81,4.31,22
2025,Buzău,"Școala Gimnazială, Comuna Breaza",4.45,4.95,3.95,19
2025,Buzău,"Școala Gimnazială, Comuna Robeasca",4.33,4.89,3.79,10
2025,Buzău,"Școala Gimnazială, Comuna Chiliile",4.14,4.98,3.3,2
2025,Buzău,"Școala Gimnazială Nr. 2, Comuna Râmnicelu",3.39,3.18,3.6,6
2025,Buzău,"Școala Gimnazială, Comuna Grebănu",3.38,3.29,3.25,11
2025,Buzău,"Școala Gimnazială „Dumitru I. Ionescu”, Comuna Calvini",3.25,2.75,3.75,5
2025,Buzău,"Școala Gimnazială „Dr. Ilie Pavel”, Municipiul Râmnicu Sărat",2.88,2.56,3.21,14
2025,Caraș-Severin,"Colegiul Național „Traian Lalescu”, Reșița",8.21,8.27,8.16,59
2025,Caraș-Severin,"Școala Gimnazială „Marius Șandru”, Reșița",8.1,8.16,8.05,48
2025,Caraș-Severin,"Școala Gimnazială, Luncavița",7.77,8.1,7.45,2
2025,Caraș-Severin,Școala Gimnazială Copăcele,7.75,7.53,7.98,3
2025,Caraș-Severin,"Școala Gimnazială Nr. 7, Reșița",7.62,7.89,7.36,85
2025,Caraș-Severin,Școala Gimnazială Ramna,7.43,8.01,6.86,5
2025,Caraș-Severin,Școala Gimnazială Tirol,7.4,8.27,6.55,11
2025,Caraș-Severin,"Școala Gimnazială „Gheorghe Guga”, Răcășdia",7.29,7.79,6.8,10
2025,Caraș-Severin,"Colegiul Național „Diaconovici-Tietz”, Reșița",7.26,7.47,6.99,34
2025,Caraș-Severin,"Liceul Tehnologic „Clisura Dunării”, Moldova Nouă",7.25,7.75,6.75,49
2025,Caraș-Severin,"Școala Gimnazială Nr. 9, Reșița",7.17,7.47,6.88,34
2025,Caraș-Severin,"Colegiul Național „C.D. Loga”, Caransebeș",7.16,7.48,6.85,81
2025,Caraș-Severin,Școala Gimnazială Cuptoare,7.14,7.73,6.55,5
2025,Caraș-Severin,"Școala Gimnazială Nr. 8, Reșița",7.04,7.14,6.94,53
2025,Caraș-Severin,"Școala Gimnazială Nr. 1, Oțelu Roșu",7.03,7.51,6.55,60
2025,Caraș-Severin,"Școala Gimnazială „Pavel Bordan”, Grădinari",7.01,7.22,6.81,9
2025,Caraș-Severin,"Liceul Teoretic Bilingv Româno-Croat, Carașova",6.89,7.83,5.79,10
2025,Caraș-Severin,"Colegiul Național „Traian Doda”, Caransebeș",6.83,7.17,6.5,92
2025,Caraș-Severin,"Liceul Teoretic „General Dragălina”, Oravița",6.73,7.39,6.08,27
2025,Caraș-Severin,Școala Gimnazială Gruni,6.71,7.22,6.21,9
2025,Caraș-Severin,Școala Gimnazială Topleț,6.69,6.69,6.69,18
2025,Caraș-Severin,Școala Gimnazială Bănia,6.67,7.43,5.92,17
2025,Caraș-Severin,"Liceul de Arte „Sabin Păuța”, Reșița",6.64,7.16,6.13,43
2025,Caraș-Severin,"Colegiul Național „Mircea Eliade”, Reșița",6.64,7.04,6.17,55
2025,Caraș-Severin,Școala Gimnazială Târnova,6.63,6.78,6.48,8
2025,Caraș-Severin,Școala Gimnazială Dalboșeț,6.5,6.97,6.05,9
2025,Caraș-Severin,"Școala Gimnazială, Slatina-Timiș",6.46,6.74,6.18,11
2025,Caraș-Severin,"Liceul Tehnologic „Decebal”, Caransebeș",6.45,6.73,6.17,48
2025,Caraș-Severin,Școala Gimnazială Băuțar,6.41,7.43,5.39,11
2025,Caraș-Severin,Școala Gimnazială Obreja,6.39,5.53,7.26,24
2025,Caraș-Severin,"Liceul Tehnologic „Nicolae Stoica de Hațeg”, Mehadia",6.39,6.89,5.89,25
2025,Caraș-Severin,Școala Gimnazială Coronini,6.38,6.5,6.26,25
2025,Caraș-Severin,"Liceul „Hercules”, Băile Herculane",6.37,7.36,5.38,21
2025,Caraș-Severin,"Școala Gimnazială, Poiana",6.34,6.36,6.33,7
2025,Caraș-Severin,"Școala Gimnazială „Mihai Peia”, Reșița",6.27,6.3,6.02,21
2025,Caraș-Severin,Școala Gimnazială Berliște,6.26,6.77,5.75,9
2025,Caraș-Severin,Școala Gimnazială Vârciorova,6.25,6.97,5.53,5
2025,Caraș-Severin,"Școala Gimnazială „Atanasie Cojocaru”, Pojejena",6.25,7.3,5.2,12
2025,Caraș-Severin,"Școala Gimnazială „J.A. Komensky”, Sfânta Elena",6.25,5.76,5.75,6
2025,Caraș-Severin,"Școala Gimnazială „Romul Ladea”, Oravița",6.17,6.38,5.97,64
2025,Caraș-Severin,"Școala Gimnazială „Aurel Peia”, Ezeriș",6.17,6.53,5.81,4
2025,Caraș-Severin,Școala Gimnazială Zăvoi,6.16,7.14,5.19,6
2025,Caraș-Severin,"Școala Gimnazială „Trandafir Tămaș”, Marga",6.12,6.47,5.77,5
2025,Caraș-Severin,"Școala Gimnazială Nr. 3, Oravița",6.11,7.02,5.2,3
2025,Caraș-Severin,Școala Gimnazială Fârliug,6.1,7.09,5.12,5
2025,Caraș-Severin,Școala Gimnazială Ciudanovița,6.09,6.68,5.5,4
2025,Caraș-Severin,Liceul Teologic Baptist Reșița,6.09,6.92,5.26,35
2025,Caraș-Severin,"Școala Gimnazială „Sf. Sava”, Socol",6.08,5.52,6.65,16
2025,Caraș-Severin,"Școala Gimnazială, Domașnea",6.08,6.33,5.84,6
2025,Caraș-Severin,"Școala Profesională Agricolă, Cornereva",6.06,6.53,5.59,15
2025,Caraș-Severin,Școala Gimnazială Vermeș,6.06,6.48,5.63,3
2025,Caraș-Severin,"Școala Gimnazială, Ciclova Română",6.0,6.09,5.92,13
2025,Caraș-Severin,"Școala Gimnazială Nr. 3, Oțelu Roșu",5.93,5.99,5.87,39
2025,Caraș-Severin,Școala Gimnazială Cornuțel,5.85,5.68,6.03,5
2025,Caraș-Severin,"Școala Gimnazială „Gheorghe Frățilă”, Glimboca",5.75,6.82,4.69,8
2025,Caraș-Severin,Școala Profesională Berzovia,5.73,6.43,5.03,11
2025,Caraș-Severin,"Școala Gimnazială, Berzasca",5.68,5.42,5.94,7
2025,Caraș-Severin,Școala Gimnazială Iablanița,5.66,5.54,5.79,12
2025,Caraș-Severin,"Liceul Tehnologic „Sf. Dimitrie”, Teregova",5.64,6.21,5.09,17
2025,Caraș-Severin,"Școala Gimnazială Nr. 1, Bocșa",5.64,6.09,5.19,51
2025,Caraș-Severin,"Școala Gimnazială „Traian Lalescu”, Cornea",5.63,6.07,5.2,5
2025,Caraș-Severin,Școala Gimnazială Borlova,5.62,6.91,4.33,10
2025,Caraș-Severin,"Liceul Teoretic „Tata Oancea”, Bocșa",5.59,6.19,4.99,21
2025,Caraș-Severin,"Școala Gimnazială, Lupac",5.55,6.39,4.71,5
2025,Caraș-Severin,Școala Gimnazială Cărbunari,5.49,6.13,4.85,2
2025,Caraș-Severin,"Liceul Tehnologic „Dacia”, Caransebeș",5.48,6.16,4.81,13
2025,Caraș-Severin,"Școala Gimnazială Nr. 2, Bocșa",5.46,5.92,5.0,8
2025,Caraș-Severin,"Școala Gimnazială, Săcu",5.46,6.0,4.92,6
2025,Caraș-Severin,"Școala Gimnazială Nr. 2, Steierdorf",5.45,5.76,5.14,14
2025,Caraș-Severin,"Școala Gimnazială „Petru Oallde”, Forotic",5.43,5.89,4.98,12
2025,Caraș-Severin,Școala Gimnazială Șopotu Nou,5.43,5.76,5.1,5
2025,Caraș-Severin,"Liceul Tehnologic „Iosif Coriolan Buracu”, Prigor",5.38,5.41,5.35,20
2025,Caraș-Severin,"Școala Gimnazială „Ioan Ciucurel”, Șoșdea",5.37,6.7,4.05,3
2025,Caraș-Severin,"Școala Gimnazială „Romulus Fabian”, Vărădia",5.3,5.6,5.0,5
2025,Caraș-Severin,"Școala Gimnazială, Armeniș",5.29,5.83,4.76,11
2025,Caraș-Severin,"Școala Gimnazială „Trandafir Cocîrlă”, Turnu Ruieni",5.27,6.78,3.76,4
2025,Caraș-Severin,Școala Gimnazială Petroșnița,5.24,5.06,5.04,13
2025,Caraș-Severin,"Școala Gimnazială „Sfântul Iacob”, Brebu",5.22,5.98,4.47,3
2025,Caraș-Severin,"Școala Gimnazială Rusca, Teregova",5.15,5.58,4.72,8
2025,Caraș-Severin,Școala Gimnazială „Padina Matei”,5.15,4.13,6.17,3
2025,Caraș-Severin,"Școala Gimnazială „Dr. Ion Sîrbu”, Eftimie Murgu",5.09,5.59,4.6,12
2025,Caraș-Severin,Școala Gimnazială Mehadica,5.06,5.63,4.5,8
2025,Caraș-Severin,Școala Gimnazială Sichevița,5.03,4.98,5.08,9
2025,Caraș-Severin,Școala Gimnazială Goruia,5.0,5.85,4.15,2
2025,Caraș-Severin,"Școala Gimnazială „Ștefan Velovan”, Rusca Montană",4.95,5.48,4.43,9
2025,Caraș-Severin,Școala Gimnazială Zăgujeni,4.9,5.3,4.5,2
2025,Caraș-Severin,Școala Gimnazială Măureni,4.88,5.66,4.11,12
2025,Caraș-Severin,"Școala Gimnazială, Dognecea",4.84,5.02,4.67,16
2025,Caraș-Severin,Școala Gimnazială „Verendin”,4.83,5.26,4.41,14
2025,Caraș-Severin,Școala Gimnazială Maciova,4.79,4.95,4.63,3
2025,Caraș-Severin,"Școala Gimnazială „Vasile Versavia”, Naidăș",4.76,4.35,5.17,7
2025,Caraș-Severin,"Liceul Teoretic „Eftimie Murgu”, Bozovici",4.65,5.14,4.16,21
2025,Caraș-Severin,"Liceul „Mathias Hammer”, Anina",4.22,4.55,3.9,15
2025,Caraș-Severin,Școala Gimnazială Fizeș,4.22,4.45,4.0,3
2025,Caraș-Severin,"Școala Gimnazială „Mihai Novac”, Sasca Montană",4.14,3.86,4.43,6
2025,Caraș-Severin,Școala Gimnazială „Constantin Daicoviciu”,4.09,4.46,3.73,5
2025,Caraș-Severin,"Școala Gimnazială, Ocna de Fier",4.02,4.38,3.67,6
2025,Caraș-Severin,Școala Gimnazială Vrani,3.79,3.18,3.75,6
2025,Caraș-Severin,"Școala Gimnazială „Iuliu Birou”, Ticvaniu Mare",3.72,3.42,4.03,17
2025,Caraș-Severin,"Școala Gimnazială, Lăpușnicu Mare",3.68,3.85,3.52,5
2025,Caraș-Severin,"Școala Gimnazială „Sofia Arcan”, Moldova Nouă",3.28,2.94,3.62,15
2025,Caraș-Severin,"Școala Gimnazială Nr. 1, Celnic",2.55,2.6,2.5,1
2025,Cluj,Școala Gimnazială Montessori „Atlas” Cluj-Napoca,9.47,9.65,9.3,1
2025,Cluj,"Liceul Teoretic „ELF”, Cluj-Napoca",9.2,9.11,9.31,74
2025,Cluj,"Colegiul Național „Emil Racoviță”, Cluj-Napoca",9.15,9.07,9.24,68
2025,Cluj,"Liceul Teoretic „Avram Iancu”, Cluj-Napoca",9.0,9.07,8.93,154
2025,Cluj,"Liceul Montessori, Cluj-Napoca",8.96,8.7,9.23,2
2025,Cluj,"Școala Gimnazială Unguraș, Com. Unguraș",8.95,8.6,8.51,4
2025,Cluj,"Școala Gimnazială „Ioan Bob”, Cluj-Napoca",8.91,9.07,8.76,175
2025,Cluj,"Liceul Teoretic „Nicolae Bălcescu”, Cluj-Napoca",8.83,8.95,8.72,212
2025,Cluj,"Colegiul Național „Mihai Viteazul”, Turda",8.8,8.75,8.86,31
2025,Cluj,"Liceul Unitarian „János Zsigmond”, Cluj-Napoca",8.75,8.53,8.35,48
2025,Cluj,"Colegiul Național „Andrei Mureșanu”, Dej",8.7,8.88,8.54,31
2025,Cluj,"Școala Gimnazială Internațională Spectrum, Cluj-Napoca",8.67,8.71,8.63,34
2025,Cluj,"Colegiul Național „Gheorghe Șincai”, Cluj-Napoca",8.61,8.85,8.38,73
2025,Cluj,"Colegiul Național „George Coșbuc”, Cluj-Napoca",8.59,8.8,8.24,98
2025,Cluj,"Colegiul Ortodox Mitropolitul „Nicolae Colan”, Cluj-Napoca",8.53,8.85,8.21,57
2025,Cluj,"Liceul Teoretic „Petru Maior”, Gherla",8.5,8.84,8.17,31
2025,Cluj,"Liceul Teoretic „Apáczai Csere János”, Cluj-Napoca",8.5,8.47,7.78,54
2025,Cluj,"Transylvania College, The Cambridge International School in Cluj",8.48,8.26,8.7,22
2025,Cluj,"Liceul Teoretic „Lucian Blaga”, Cluj-Napoca",8.44,8.58,8.31,60
2025,Cluj,"Școala Gimnazială Gheorghieni, Com. Feleacu",8.4,8.34,7.67,9
2025,Cluj,"Liceul Teologic Baptist „Emanuel”, Cluj-Napoca",8.38,8.64,8.13,29
2025,Cluj,"Liceul Teoretic „Báthory István”, Cluj-Napoca",8.38,8.14,7.96,76
2025,Cluj,"Școala Gimnazială „Nicolae Titulescu”, Cluj-Napoca",8.31,8.54,7.98,92
2025,Cluj,"Liceul Teoretic „Onisifor Ghibu”, Cluj-Napoca",8.3,8.43,8.07,178
2025,Cluj,"Liceul Teoretic Creștin „Pro Deo”, Cluj-Napoca",8.29,8.62,7.96,38
2025,Cluj,"Școala Gimnazială Reformată „Talentum”, Cluj-Napoca",8.16,7.62,7.76,16
2025,Cluj,"Școala Gimnazială „Emil Isac”, Cluj-Napoca",8.12,8.17,8.08,59
2025,Cluj,"Școala Gimnazială „Avram Iancu”, Câmpia Turzii",8.11,8.18,8.04,56
2025,Cluj,"Școala Gimnazială „Constantin Brâncuși”, Cluj-Napoca",8.1,8.44,7.77,80
2025,Cluj,"Liceul de Informatică „Tiberiu Popoviciu”, Cluj-Napoca",8.1,8.37,7.83,155
2025,Cluj,"Școala Gimnazială Țaga, Com. Țaga",8.09,8.82,7.37,5
2025,Cluj,"Liceul Teologic Reformat, Cluj-Napoca",8.09,7.48,7.76,30
2025,Cluj,"Școala Gimnazială „Liviu Rebreanu”, Cluj-Napoca",8.07,8.28,7.86,120
2025,Cluj,"Școala Gimnazială „Iuliu Hațieganu”, Cluj-Napoca",8.07,8.23,7.91,126
2025,Cluj,"Școala Gimnazială „Ion Agârbiceanu”, Cluj-Napoca",8.05,8.17,7.94,145
2025,Cluj,"Colegiul Național Pedagogic „Gheorghe Lazăr”, Cluj-Napoca",8.0,8.18,7.82,26
2025,Cluj,"Școala Gimnazială „Ion Creangă”, Cluj-Napoca",7.99,8.31,7.67,140
2025,Cluj,"Școala Gimnazială Valea Ierii, Com. Valea Ierii",7.98,8.35,7.61,10
2025,Cluj,"Școala Gimnazială Chinteni, Com. Chinteni",7.97,8.31,7.64,7
2025,Cluj,"Școala Gimnazială Finișel, Com. Săvădisla",7.88,7.68,8.08,4
2025,Cluj,"Colegiul Național „George Barițiu”, Cluj-Napoca",7.86,8.16,7.56,42
2025,Cluj,"Liceul Teoretic „Alexandru Papiu Ilarian”, Dej",7.75,8.06,7.45,51
2025,Cluj,"Școala Gimnazială Chiuiești, Com. Chiuiești",7.7,8.18,7.23,22
2025,Cluj,"Școala Gimnazială „Borbély József”, Săvădisla, Com. Săvădisla",7.68,7.0,7.24,16
2025,Cluj,"Școala Gimnazială „Kos Karoly”, Izvoru Crișului, Com. Izvoru Crișului",7.67,6.83,7.27,14
2025,Cluj,"Școala Gimnazială „Ioan Opriș”, Turda",7.67,8.14,7.21,82
2025,Cluj,"Școala Gimnazială „Avram Iancu”, Dej",7.66,7.98,7.32,125
2025,Cluj,"Școala Gimnazială „Teodor Murășanu”, Turda",7.63,8.26,7.0,66
2025,Cluj,"Colegiul de Muzică „Sigismund Toduță”, Cluj-Napoca",7.61,7.99,6.93,64
2025,Cluj,"Școala Gimnazială Răchițele, Com. Mărgău",7.59,7.55,7.63,8
2025,Cluj,"Liceul de Coregrafie și Artă Dramatică „Octavian Stroia”, Cluj-Napoca",7.57,7.76,7.39,23
2025,Cluj,"Școala Gimnazială „Octavian Goga”, Ciucea, Com. Ciucea",7.57,7.88,7.26,10
2025,Cluj,"Școala Gimnazială „Horea”, Cluj-Napoca",7.56,7.81,7.31,73
2025,Cluj,"Liceul Teoretic „Mihai Eminescu”, Cluj-Napoca",7.53,7.84,7.23,55
2025,Cluj,"Școala Gimnazială Livada, Com. Iclod",7.51,7.37,7.67,11
2025,Cluj,"Școala Gimnazială „Octavian Goga”, Cluj-Napoca",7.49,7.66,7.18,71
2025,Cluj,"Liceul Tehnologic „Vlădeasa”, Huedin",7.49,7.65,7.09,47
2025,Cluj,"Liceul Teoretic „Eugen Pora”, Cluj-Napoca",7.47,7.63,7.32,73
2025,Cluj,Liceul Waldorf Cluj-Napoca,7.46,7.4,7.09,72
2025,Cluj,"Școala Gimnazială Nr. 1, Gherla",7.42,7.82,7.03,63
2025,Cluj,"Liceul Teoretic „Octavian Goga”, Huedin",7.37,7.63,7.12,32
2025,Cluj,"Școala Gimnazială „Mihai Vodă”, Mihai Viteazu, Com. Mihai Viteazu",7.33,8.02,6.64,35
2025,Cluj,"Liceul Greco-Catolic „Inochentie Micu”, Cluj-Napoca",7.33,7.65,7.01,19
2025,Cluj,"Liceul Teoretic „Ana Ipătescu”, Gherla",7.29,7.72,6.87,87
2025,Cluj,"Liceul Teoretic „Jósika Miklós”, Turda",7.29,6.87,6.83,16
2025,Cluj,"Școala Gimnazială „Mircea Luca”, Băișoara, Com. Băișoara",7.25,7.96,6.55,18
2025,Cluj,"Școala Gimnazială „Avram Iancu”, Turda",7.24,7.63,6.85,54
2025,Cluj,"Școala Gimnazială Sic, Com. Sic",7.16,6.26,6.86,20
2025,Cluj,"Liceul de Arte Vizuale „Romulus Ladea”, Cluj-Napoca",7.16,7.74,6.58,27
2025,Cluj,"Școala Gimnazială „Alexandru Vaida Voevod”, Cluj-Napoca",7.1,7.52,6.68,81
2025,Cluj,"Școala Gimnazială „Horea, Cloșca și Crișan”, Turda",7.06,7.46,6.67,51
2025,Cluj,"Liceul Teoretic „Kemény Zsigmond”, Gherla",7.05,7.25,5.98,39
2025,Cluj,"Școala Gimnazială „Constantin Brâncoveanu”, Baciu, Com. Baciu",7.01,7.37,6.65,23
2025,Cluj,"Școala Gimnazială Câțcău, Com. Câțcău",7.01,7.31,6.71,10
2025,Cluj,"Liceul Teoretic „Dumitru Tăuțan”, Florești",6.99,7.51,6.44,87
2025,Cluj,"Liceul Teoretic „Pavel Dan”, Câmpia Turzii",6.99,7.33,6.65,63
2025,Cluj,"Școala Gimnazială Călățele, Com. Călățele",6.96,7.8,6.12,9
2025,Cluj,"Școala Gimnazială Iara, Com. Iara",6.94,7.48,6.41,8
2025,Cluj,"Școala Gimnazială Aluniș, Com. Aluniș",6.94,7.11,6.76,8
2025,Cluj,"Școala Gimnazială Săcuieu, Com. Săcuieu",6.9,7.9,5.9,3
2025,Cluj,"Școala Gimnazială „Luna de Sus”, Com. Florești",6.89,7.28,6.08,19
2025,Cluj,"Școala Gimnazială Ciurila, Com. Ciurila",6.88,7.69,6.07,5
2025,Cluj,"Școala Gimnazială Viișoara, Com. Viișoara",6.88,7.41,6.2,31
2025,Cluj,"Școala Gimnazială „Mihai Eminescu”, Dej",6.87,7.49,6.26,78
2025,Cluj,"Școala Gimnazială „Mihai Viteazul”, Câmpia Turzii",6.84,7.46,6.22,72
2025,Cluj,"Școala Gimnazială Moldovenești, Com. Moldovenești",6.81,6.99,6.14,19
2025,Cluj,"Școala Gimnazială „Aurel Munteanu”, Valea Drăganului, Com. Poieni",6.8,7.49,6.12,7
2025,Cluj,"Școala Gimnazială „Pelaghia Roșu”, Mărișel, Com. Mărișel",6.8,6.76,6.84,14
2025,Cluj,"Liceul Teoretic „Brassai Samuel”, Cluj-Napoca",6.79,7.21,5.51,21
2025,Cluj,"Școala Gimnazială Geaca, Com. Geaca",6.75,7.79,5.71,12
2025,Cluj,"Școala Gimnazială „Pavel Dan”, Tritenii de Jos, Com. Tritenii de Jos",6.75,7.4,6.09,15
2025,Cluj,"Școala Gimnazială Nr. 1, Dej",6.74,7.37,5.91,51
2025,Cluj,"Școala Gimnazială Boian, Com. Ceanu Mare",6.74,7.55,5.93,7
2025,Cluj,"Școala Gimnazială Someșu Rece, Com. Gilău",6.73,6.88,6.58,10
2025,Cluj,"Școala Gimnazială „Avram Iancu”, Beliș, Com. Beliș",6.7,7.33,6.08,10
2025,Cluj,"Școala Gimnazială „George Barițiu”, Jucu de Sus, Com. Jucu",6.7,7.22,6.18,19
2025,Cluj,"Școala Gimnazială „Gheorghe Șincai”, Florești, Com. Florești",6.65,7.15,6.16,50
2025,Cluj,"Școala Gimnazială Rogojel, Com. Săcuieu",6.64,7.46,5.83,5
2025,Cluj,"Școala Gimnazială Cătina, Com. Cătina",6.62,7.22,5.49,10
2025,Cluj,"Liceul Teoretic „Gelu Voievod”, Gilău",6.62,6.63,6.53,55
2025,Cluj,"Școala Gimnazială Căpușu Mare, Com. Căpușu Mare",6.61,6.23,6.32,17
2025,Cluj,"Școala Gimnazială Ploscoș, Com. Ploscoș",6.56,6.77,6.35,5
2025,Cluj,"Școala Gimnazială „Ștefan Pascu”, Apahida, Com. Apahida",6.55,7.06,6.05,59
2025,Cluj,"Școala Gimnazială Negreni, Com. Negreni",6.52,7.03,6.02,12
2025,Cluj,"Școala Gimnazială Sânnicoara, Com. Apahida",6.49,7.19,5.8,11
2025,Cluj,"Școala Gimnazială Mintiu Gherlii, Com. Mintiu Gherlii",6.49,7.22,5.77,9
2025,Cluj,"Școala Gimnazială Rugășești, Com. Cășeiu",6.47,6.74,6.22,12
2025,Cluj,"Școala Gimnazială „Liviu Dan Mociu”, Com. Mociu",6.45,7.21,5.69,14
2025,Cluj,"Școala Gimnazială Cămărașu, Com. Cămărașu",6.43,7.3,5.57,3
2025,Cluj,"Școala Profesională „Ady Endre”, Sâncraiu, Com. Sâncraiu",6.43,5.09,5.96,10
2025,Cluj,"Școala Gimnazială „Nicolae Iorga”, Cluj-Napoca",6.39,6.73,6.05,10
2025,Cluj,"Școala Gimnazială „Ioan Bujor”, Petreștii de Jos, Com. Petreștii de Jos",6.38,6.37,6.4,6
2025,Cluj,"Școala Gimnazială Borșa, Com. Borșa",6.37,7.3,5.45,6
2025,Cluj,"Școala Gimnazială Soporu de Câmpie, Com. Frata",6.36,6.96,5.77,10
2025,Cluj,"Liceul Special pentru Deficienți de Vedere, Cluj-Napoca",6.35,7.44,5.26,7
2025,Cluj,"Școala Gimnazială Ceanu Mare, Com. Ceanu Mare",6.25,6.91,5.59,15
2025,Cluj,"Liceul Tehnologic Special pentru Deficienți de Auz, Cluj-Napoca",6.25,6.45,6.05,9
2025,Cluj,"Școala Gimnazială Iclod, Com. Iclod",6.23,6.36,6.11,14
2025,Cluj,"Școala Gimnazială „Iuliu Hațieganu”, Panticeu, Com. Panticeu",6.23,6.88,5.59,8
2025,Cluj,"Școala Gimnazială „Traian Gărduș”, Luncani, Com. Luna",6.21,7.0,5.43,14
2025,Cluj,"Școala Gimnazială „Ioan Alexandru”, Sânpaul, Com. Sânpaul",6.21,6.99,5.44,16
2025,Cluj,"Școala Gimnazială „Andrei Șaguna”, Turda",6.2,6.68,5.72,21
2025,Cluj,"Școala Gimnazială „Gelu Românul”, Dăbâca, Com. Dăbâca",6.13,6.69,5.57,9
2025,Cluj,"Școala Gimnazială „Tamas Gyula”, Mera, Com. Baciu",6.11,5.54,5.78,8
2025,Cluj,"Școala Gimnazială Aghireșu - Fabrici, Com. Aghireșu",6.11,6.68,5.46,19
2025,Cluj,"Școala Gimnazială Vad, Com. Vad",6.07,6.31,5.83,18
2025,Cluj,"Școala Gimnazială Căianu, Com. Căianu",6.06,6.84,5.29,4
2025,Cluj,"Școala Gimnazială Frata, Com. Frata",6.03,6.13,5.78,23
2025,Cluj,"Școala Gimnazială „Alexandru Vaida Voevod”, Bobâlna, Com. Bobâlna",6.03,6.61,5.45,10
2025,Cluj,"Școala Gimnazială Râșca, Com. Râșca",6.02,6.29,5.76,4
2025,Cluj,"Școala Gimnazială Călărași, Com. Călărași",6.02,6.62,5.43,12
2025,Cluj,"Școala Gimnazială Tureni, Com. Tureni",5.99,6.43,5.56,16
2025,Cluj,"Școala Gimnazială Așchileu Mare, Com. Așchileu",5.86,6.47,5.26,5
2025,Cluj,"Școala Gimnazială Aghireșu, Com. Aghireșu",5.86,6.44,5.29,7
2025,Cluj,Centrul Școlar Pentru Educație Incluzivă Cluj-Napoca,5.85,6.23,5.48,2
2025,Cluj,"Școala Gimnazială Nireș, Com. Mica",5.83,5.98,5.68,16
2025,Cluj,"Școala Gimnazială „Simion Balint”, Copăceni, Com. Săndulești",5.8,6.33,5.28,7
2025,Cluj,"Școala Gimnazială „Măguri Bogdănești”, Com. Măguri Răcătău",5.8,6.14,5.47,9
2025,Cluj,Liceul cu Program Sportiv Cluj-Napoca,5.75,6.21,5.29,50
2025,Cluj,"Școala Gimnazială Poieni, Com. Poieni",5.74,6.4,5.09,18
2025,Cluj,"Școala Gimnazială Bonțida, Com. Bonțida",5.74,6.42,5.07,23
2025,Cluj,"Școala Gimnazială „Lia Manoliu”, Cornești, Com. Cornești",5.72,6.18,5.26,6
2025,Cluj,"Școala Profesională Răscruci, Com. Bonțida",5.69,6.09,5.29,9
2025,Cluj,"Centrul Școlar Pentru Educație Incluzivă „Miron Ionescu”, Cluj-Napoca",5.67,6.47,4.88,3
2025,Cluj,"Școala Gimnazială Pădureni, Com. Tritenii de Jos",5.66,5.68,5.65,5
2025,Cluj,"Școala Gimnazială Hășdate - Finișel, Com. Săvădisla",5.65,6.26,5.04,6
2025,Cluj,"Școala Gimnazială „Ștefan Micle”, Feleacu, Com. Feleacu",5.47,6.53,4.43,7
2025,Cluj,"Școala Gimnazială „Muntele Rece”, Com. Măguri Răcătău",5.45,6.29,4.61,7
2025,Cluj,"Școala Gimnazială Cuzdrioara, Com. Cuzdrioara",5.26,5.66,4.88,12
2025,Cluj,"Școala Gimnazială Măguri Răcătău, Com. Măguri Răcătău",5.22,5.48,4.96,8
2025,Cluj,"Școala Gimnazială Buza, Com. Buza",5.14,5.93,4.14,10
2025,Cluj,"Școala Gimnazială Specială Pentru Deficienți de Auz „Kozmutza Flora”, Cluj-Napoca",5.12,4.58,4.16,5
2025,Cluj,"Școala Gimnazială Cășeiu, Com. Cășeiu",5.12,5.74,4.5,17
2025,Cluj,"Școala Gimnazială Suceagu, Com. Baciu",5.06,5.0,5.12,3
2025,Cluj,"Școala Gimnazială Batin, Com. Unguraș",4.85,5.4,4.31,6
2025,Cluj,"Școala Gimnazială „Alexandru Bohațiel”, Vultureni, Com. Vultureni",4.77,4.84,4.7,10
2025,Cluj,"Școala Gimnazială Mănăstireni, Com. Mănăstireni",4.55,5.29,3.82,8
2025,Cluj,"Școala Gimnazială Gârbău, Com. Gârbău",4.33,4.32,4.35,3
2025,Cluj,"Școala Gimnazială Suatu, Com. Suatu",4.21,3.84,3.89,7
2025,Cluj,"Școala Gimnazială Cara, Com. Cojocna",4.17,4.49,3.85,23
2025,Cluj,"Școala Gimnazială Luna, Com. Luna",4.08,5.04,3.12,10
2025,Cluj,"Școala Gimnazială Cojocna, Com. Cojocna",3.98,4.6,3.37,16
2025,Cluj,"Școala Gimnazială Palatca, Com. Palatca",3.8,4.14,3.46,6
2025,Cluj,"Școala Profesională, Poiana Turda",3.48,3.42,3.37,17
2025,Cluj,"Școala Gimnazială „Traian Dârjan”, Cluj-Napoca",2.97,3.26,2.43,21
2025,Constanța,"Liceul Teoretic „Ovidius”, Constanța",9.47,9.47,9.48,84
2025,Constanța,"Colegiul Național „Mircea cel Bătrân”, Constanța",9.42,9.35,9.48,115
2025,Constanța,"Liceul Teoretic „Traian”, Constanța",9.1,9.13,9.07,57
2025,Constanța,Școala Gimnazială „Colibri” Constanța,8.85,8.74,8.98,8
2025,Constanța,"Colegiul Național „Mihai Eminescu”, Constanța",8.76,8.93,8.58,31
2025,Constanța,Școala Gimnazială „School Of London” Constanța,8.73,8.85,8.6,13
2025,Constanța,"Liceul Teoretic „Decebal”, Constanța",8.62,8.63,8.61,55
2025,Constanța,"Școala Gimnazială „Spectrum”, Constanța",8.6,8.8,8.41,57
2025,Constanța,"Liceul Teoretic „Educational Center”, Constanța",8.59,8.7,8.48,28
2025,Constanța,"Școala Gimnazială „Petre Ispirescu”, Constanța",8.57,8.79,8.35,15
2025,Constanța,"Școala Gimnazială Nr. 30 „Gheorghe Țițeica”, Constanța",8.41,8.57,8.24,144
2025,Constanța,"Școala Gimnazială Nr. 24 „Ion Jalea”, Constanța",8.31,8.55,8.08,162
2025,Constanța,"Școala Gimnazială Nr. 7 „Remus Opreanu”, Constanța",8.3,8.53,8.08,112
2025,Constanța,"Școala Gimnazială Nr. 43 „Ferdinand”, Constanța",8.3,8.64,7.97,91
2025,Constanța,"Școala Gimnazială Nr. 28 „Dan Barbilian”, Constanța",8.26,8.63,7.89,77
2025,Constanța,"Școala Gimnazială Nr. 29 „Mihai Viteazul”, Constanța",8.21,8.4,8.02,101
2025,Constanța,"Școala Gimnazială Nr. 39 „Nicolae Tonitza”, Constanța",8.04,8.21,7.87,165
2025,Constanța,"Școala Gimnazială Nr. 3 „Ciprian Porumbescu”, Constanța",7.98,8.14,7.81,54
2025,Constanța,"Școala Gimnazială Nr. 18 „Jean Bart”, Constanța",7.9,8.0,7.81,77
2025,Constanța,"Colegiul Național Pedagogic „Constantin Brătescu”, Constanța",7.88,8.17,7.59,94
2025,Constanța,"Școala Gimnazială Nr. 38 „Dimitrie Cantemir”, Constanța",7.83,8.14,7.54,102
2025,Constanța,"Liceul Teoretic „George Călinescu”, Constanța",7.82,8.15,7.48,24
2025,Constanța,"Liceul Teoretic „Emil Racoviță”, Techirghiol",7.76,7.83,7.69,53
2025,Constanța,"Școala Gimnazială Nr. 3, Mangalia",7.71,7.96,7.46,80
2025,Constanța,"Școala Gimnazială Nr. 37, Constanța",7.7,7.97,7.43,112
2025,Constanța,"Școala Gimnazială „George Coșbuc”, 23 August",7.58,7.91,7.25,27
2025,Constanța,"Școala Gimnazială „Gala Galaction”, Mangalia",7.57,8.06,7.08,69
2025,Constanța,"Liceul Teoretic „Lucian Blaga”, Constanța",7.53,7.85,7.23,106
2025,Constanța,"Școala Gimnazială Nr. 12 „B.P. Hașdeu”, Constanța",7.52,7.77,7.27,84
2025,Constanța,"Școala Gimnazială „George Enescu”, Năvodari",7.5,7.91,7.09,137
2025,Constanța,"Liceul Teoretic „Ioan Cotovu”, Hârșova",7.49,8.09,6.89,50
2025,Constanța,"Colegiul Național de Arte „Regina Maria”, Constanța",7.48,7.91,7.05,101
2025,Constanța,"Școala Gimnazială „Mircea Eliade”, Cernavodă",7.42,7.67,7.17,50
2025,Constanța,"Școala Gimnazială „Constantin Brâncuși”, Medgidia",7.39,7.84,6.94,101
2025,Constanța,"Școala Gimnazială Nr. 16 „Marin Ionescu Dobrogianu”, Constanța",7.36,7.76,6.97,94
2025,Constanța,"Școala Gimnazială Nr. 40 „Aurel Vlaicu”, Constanța",7.36,7.83,6.89,73
2025,Constanța,"Școala Gimnazială „Ion Borcea”, Agigea",7.35,7.68,7.03,51
2025,Constanța,"Școala Gimnazială „Lucian Grigorescu”, Medgidia",7.3,7.81,6.78,102
2025,Constanța,"Liceul Teoretic „Mihail Kogălniceanu”, Mihail Kogălniceanu",7.26,7.6,6.92,63
2025,Constanța,"Școala Gimnazială „Wilhelm Moldovan”, Constanța",7.24,7.92,6.57,7
2025,Constanța,"Școala Gimnazială Nr. 17 „Ion Minulescu”, Constanța",7.24,7.67,6.81,46
2025,Constanța,"Liceul Teoretic „Callatis”, Mangalia",7.22,7.64,6.81,73
2025,Constanța,"Școala Gimnazială Nr. 23 „Constantin Brâncoveanu”, Constanța",7.14,7.4,6.87,65
2025,Constanța,"Școala Gimnazială Nr. 1, Eforie Nord",7.13,7.59,6.67,49
2025,Constanța,"Școala Gimnazială Nr. 22 „I.C. Brătianu”, Constanța",7.08,7.68,6.49,32
2025,Constanța,"Școala Gimnazială Nr. 33 „Anghel Saligny”, Constanța",7.05,7.43,6.68,46
2025,Constanța,"Școala Gimnazială Nr. 1, Horia",7.01,7.35,6.67,8
2025,Constanța,"Liceul Teoretic „Carmen Sylva”, Eforie",7.0,7.35,6.65,37
2025,Constanța,"Școala Gimnazială Nr. 8, Constanța",7.0,7.64,6.35,62
2025,Constanța,"Școala Profesională, Ciobanu",6.99,7.7,6.29,16
2025,Constanța,"Școala Gimnazială „I.L. Caragiale”, Medgidia",6.99,7.56,6.42,63
2025,Constanța,"Școala Gimnazială Nr. 2 „Poet Ovidiu”, Ovidiu",6.97,7.45,6.5,52
2025,Constanța,"Școala Gimnazială Nr. 2, 2 Mai",6.95,7.24,6.66,21
2025,Constanța,"Școala Gimnazială „Grigore Moisil”, Năvodari",6.95,7.48,6.42,88
2025,Constanța,"Școala Gimnazială Nr. 1, Siminoc",6.94,7.78,6.11,7
2025,Constanța,"Liceul Teoretic „Anghel Saligny”, Cernavodă",6.94,7.32,6.56,44
2025,Constanța,"Școala Gimnazială Nr. 1, Biruința",6.86,7.44,6.28,5
2025,Constanța,"Școala Gimnazială Nr. 1, Istria",6.85,7.34,6.38,10
2025,Constanța,"Liceul „Regele Carol I”, Ostrov",6.84,7.63,6.05,22
2025,Constanța,"Școala Gimnazială „Mihai Eminescu”, Costinești",6.83,7.32,6.35,27
2025,Constanța,"Școala Gimnazială „Adrian V. Rădulescu”, Murfatlar",6.79,6.82,6.77,41
2025,Constanța,"Școala Gimnazială „Tudor Arghezi”, Năvodari",6.75,7.06,6.36,68
2025,Constanța,"Școala Gimnazială Nr. 1, Lumina",6.75,7.11,6.38,68
2025,Constanța,Liceul Teoretic Murfatlar,6.65,7.08,6.24,37
2025,Constanța,"Școala Gimnazială „Viceamiral Ioan Murgescu”, Valu Lui Traian",6.65,7.08,6.22,46
2025,Constanța,"Școala Gimnazială Nr. 1, Valu lui Traian",6.63,6.86,6.42,94
2025,Constanța,"Școala „Sfinții Martiri Brâncoveni”, Constanța",6.63,7.06,6.2,15
2025,Constanța,"Școala Gimnazială „Iuliu Valaori”, Nisipari",6.56,6.32,6.8,22
2025,Constanța,"Școala Gimnazială Nr. 2, Cernavodă",6.55,6.72,6.38,32
2025,Constanța,"Școala Gimnazială „S.A. Esenin”, Ghindărești",6.54,6.92,6.16,21
2025,Constanța,"Școala Gimnazială Nr. 1, Poarta Albă",6.51,6.96,6.07,42
2025,Constanța,"Școala Gimnazială Nr. 1, Tuzla",6.5,6.91,6.1,61
2025,Constanța,"Școala Gimnazială „Vasile Alecsandri”, Corbu",6.48,7.18,5.79,19
2025,Constanța,"Școala Gimnazială Nr. 1, Târgușor",6.41,6.78,6.04,16
2025,Constanța,"Școala Gimnazială „Gheorghe Lazăr”, Corbu",6.38,6.84,5.93,38
2025,Constanța,Școala Gimnazială Nr. 1 Râmnicu de Jos,6.38,6.66,6.1,7
2025,Constanța,Liceul Tehnologic „I.C. Brătianu” Nicolae Bălcescu,6.36,7.03,5.69,25
2025,Constanța,"Școala Gimnazială Nr. 1, Mircea Vodă",6.33,6.49,6.18,8
2025,Constanța,"Liceul Tehnologic „Nicolae Dumitrescu”, Cumpăna",6.3,6.6,6.0,115
2025,Constanța,"Școala Gimnazială Nr. 1, Dorobanțu",6.3,6.86,5.74,12
2025,Constanța,"Liceul Tehnologic „Ion Podaru”, Ovidiu",6.25,6.45,6.06,38
2025,Constanța,Liceul Cobadin,6.25,6.55,5.96,70
2025,Constanța,"Școala Gimnazială Nr. 2, Oituz",6.25,6.66,5.85,13
2025,Constanța,"Școala Gimnazială „Dimitrie Știubei”, Constanța",6.21,6.42,6.01,20
2025,Constanța,"Școala Gimnazială Nr. 1, Cernavodă",6.19,6.33,6.05,15
2025,Constanța,"Școala Gimnazială Nr. 2, Ciocârlia de Sus",6.19,6.64,5.74,14
2025,Constanța,"Școala Gimnazială „Cristea Caraman”, Cogealac",6.12,6.78,5.45,26
2025,Constanța,"Liceul cu Program Sportiv „Nicolae Rotaru”, Constanța",6.09,6.56,5.62,59
2025,Constanța,"Școala Gimnazială „Nicolae Maraloi”, Sărăiu",6.09,6.85,5.33,6
2025,Constanța,"Școala Gimnazială Nr. 1, Hârșova",6.06,6.6,5.53,25
2025,Constanța,"Școala Gimnazială „Ion Ghica”, Tortoman",6.04,6.07,6.03,21
2025,Constanța,"Școala Gimnazială Nr. 1, Peștera",6.03,6.43,5.64,25
2025,Constanța,"Școala Gimnazială Nr. 2, Nuntași",5.95,6.79,5.11,10
2025,Constanța,Liceul Tehnologic Crucea,5.94,6.58,5.31,24
2025,Constanța,Liceul Tehnologic Topraisar,5.93,6.5,5.36,42
2025,Constanța,"Școala Gimnazială „Sfântul Andrei”, Mangalia",5.92,6.47,5.37,70
2025,Constanța,"Școala Gimnazială „Nicolae Iorga”, Moșneni",5.9,6.38,5.42,9
2025,Constanța,"Școala Gimnazială Nr. 1, Fântânele",5.89,6.26,5.54,14
2025,Constanța,"Școala Gimnazială „Nichita Stănescu”, Mereni",5.89,6.69,5.09,16
2025,Constanța,"Liceul Tehnologic „Mihai Viteazul”, Mihai Viteazu",5.88,6.3,5.46,17
2025,Constanța,"Școala Gimnazială Nr. 1, Limanu",5.87,6.52,5.23,19
2025,Constanța,"Școala Gimnazială Nr. 1, Comana",5.86,6.44,5.3,17
2025,Constanța,"Școala Gimnazială „Adrian Ghencea”, Săcele",5.81,6.43,5.21,37
2025,Constanța,"Școala Gimnazială Nr. 1, Topalu",5.81,6.13,5.5,19
2025,Constanța,"Școala Gimnazială Nr. 1, Mangalia",5.74,6.58,4.91,19
2025,Constanța,"Școala Gimnazială „Marin Sorescu”, Constanța",5.67,6.79,4.56,20
2025,Constanța,"Școala Gimnazială Nr. 1 „Contraamiral Petrică Stoica”, Pecineaga",5.66,6.13,5.21,22
2025,Constanța,Liceul Agricol Poarta Albă,5.62,6.31,4.94,16
2025,Constanța,"Școala Gimnazială Nr. 14, Constanța",5.59,5.79,5.41,23
2025,Constanța,"Școala Gimnazială Nr. 1, Ciocârlia",5.59,5.58,5.6,20
2025,Constanța,"Școala Gimnazială Nr. 1, Siliștea",5.58,6.17,5.0,14
2025,Constanța,"Liceul Tehnologic „Nicolae Istrățoiu”, Deleni",5.57,6.23,4.91,18
2025,Constanța,"Școala Gimnazială „Emil Gârleanu”, Bărăganu",5.49,6.21,4.78,23
2025,Constanța,Liceul Teoretic Negru Vodă,5.47,5.89,5.05,44
2025,Constanța,"Școala Gimnazială Nr. 3, Culmea",5.44,6.42,4.46,8
2025,Constanța,Liceul Teoretic Băneasa,5.42,6.02,4.82,33
2025,Constanța,"Școala Gimnazială „Dan Spătaru”, Aliman",5.4,5.7,5.11,15
2025,Constanța,"Școala Gimnazială Nr. 1, Piatra",5.38,5.73,5.02,9
2025,Constanța,"Școala Gimnazială Nr. 2, Satu Nou",5.35,5.67,5.04,9
2025,Constanța,"Școala Profesională „Jean Dinu”, Adamclisi",5.34,6.06,4.62,16
2025,Constanța,"Școala Gimnazială Nr. 1, Saligny",5.34,5.6,5.09,23
2025,Constanța,"Școala Gimnazială Nr. 1, Castelu",5.31,5.16,5.47,18
2025,Constanța,"Școala Gimnazială Nr. 1 „Pericle Martinescu”, Viișoara",5.29,5.97,4.62,11
2025,Constanța,"Școala Gimnazială Nr. 2, Movilița",5.27,5.71,4.82,22
2025,Constanța,"Școala Gimnazială Nr. 1, Cotu Văii",5.18,5.81,4.56,10
2025,Constanța,"Școala Gimnazială Nr. 6 „Nicolae Titulescu”, Constanța",5.16,5.57,4.77,36
2025,Constanța,"Școala Gimnazială „Anastasia”, Constanța",5.15,5.45,4.86,9
2025,Constanța,"Școala Gimnazială Nr. 1, Grădina",5.01,5.29,4.74,5
2025,Constanța,"Școala Gimnazială „Ion Creangă”, Albești",4.98,6.31,3.66,12
2025,Constanța,"Școala Gimnazială Nr. 1, Oltina",4.92,5.39,4.46,26
2025,Constanța,"Școala Gimnazială Nr. 1, Seimeni",4.91,5.67,4.15,12
2025,Constanța,"Școala Gimnazială „Mircea Dragomirescu”, Medgidia",4.9,5.08,4.51,18
2025,Constanța,Liceul Tehnologic Independența,4.9,5.72,4.07,24
2025,Constanța,"Școala Gimnazială Nr. 1, Dunăreni",4.83,5.31,4.35,18
2025,Constanța,"Școala Gimnazială Nr. 1, Râșova",4.81,5.13,4.47,21
2025,Constanța,"Școala Gimnazială Nr. 1, Vulturu",4.76,5.63,3.89,8
2025,Constanța,"Școala Gimnazială „Dumitru Gavrilescu”, Gârliciu",4.72,4.79,4.66,13
2025,Constanța,"Școala Gimnazială „Marin Voinea”, Cerchezu",4.71,5.04,4.39,12
2025,Constanța,"Școala Gimnazială Nr. 2, Tariverde",4.62,4.96,4.28,4
2025,Constanța,"Școala Gimnazială Nr. 1, Pantelimon",4.6,5.31,3.89,15
2025,Constanța,"Școala Gimnazială Nr. 2, Plopeni",4.58,5.15,4.01,11
2025,Constanța,"Școala Gimnazială Nr. 10 „Mihail Koiciu”, Constanța",4.58,5.19,3.97,19
2025,Constanța,"Școala Gimnazială Nr. 1, Ion Corvin",4.53,4.52,4.55,19
2025,Constanța,"Școala Gimnazială Nr. 1, Chirnogeni",4.5,4.88,3.91,13
2025,Constanța,"Școala Gimnazială Nr. 1, Sinoie",4.44,4.7,4.18,18
2025,Constanța,"Școala Gimnazială „Spiru Haret”, Medgidia",4.42,5.08,3.78,8
2025,Constanța,"Școala Gimnazială Nr. 3, Coslugea",4.34,5.07,3.62,16
2025,Constanța,"Școala Gimnazială Nr. 31, Constanța",4.33,4.9,3.77,26
2025,Constanța,"Școala Gimnazială Nr. 1, Galița",4.17,4.88,3.46,10
2025,Constanța,Școala Gimnazială Nr. 2 „General Scărișoreanu”,4.13,4.39,3.87,14
2025,Constanța,"Școala Gimnazială Nr. 1, Cuza Vodă",3.91,4.14,3.69,54
2025,Constanța,"Școala Gimnazială Nr. 1, Amzacea",3.64,4.0,3.29,13
2025,Constanța,"Colegiul Național „Kemal Atatürk”, Medgidia",3.35,3.39,3.31,10
2025,Constanța,"Școala Gimnazială „Ioan Atanasiu”, Lipnița",3.22,3.52,2.93,5
2025,Constanța,"Școala Profesională „Radu Prișcu”, Dobromir",3.22,2.87,3.38,22
2025,Constanța,"Școala Gimnazială Nr. 1, Dumbrăveni",2.81,2.13,3.5,2
2025,Constanța,"Școala Gimnazială „Mihail Sadoveanu”, Medgidia",2.79,2.66,2.61,19
2025,Constanța,"Școala Gimnazială Nr. 1, Văleni",2.64,1.98,3.17,12
2025,Constanța,"Școala Gimnazială Nr. 1, Făurei",2.51,1.84,3.0,9
2025,Covasna,"Colegiul Național „Mihai Viteazul”, Sfântu Gheorghe",7.9,8.11,7.69,80
2025,Covasna,"Școala Gimnazială „Nicolae Russu”, Sita Buzăului",7.89,8.23,7.55,18
2025,Covasna,"Colegiul Național „Székely Mikó”, Sfântu Gheorghe",7.88,7.22,7.64,94
2025,Covasna,"Școala Gimnazială „Molnár Józsiás”, Târgu Secuiesc",7.68,6.93,7.06,43
2025,Covasna,"Școala Gimnazială „Avram Iancu”, Covasna",7.55,7.58,7.52,18
2025,Covasna,"Liceul Teoretic „Mikes Kelemen”, Sfântu Gheorghe",7.5,6.75,7.05,74
2025,Covasna,"Școala Gimnazială „Váradi József”, Sfântu Gheorghe",7.46,6.91,6.96,127
2025,Covasna,"Școala Gimnazială „Mihail Sadoveanu”, Întorsura Buzăului",7.45,7.82,7.08,64
2025,Covasna,"Școala Gimnazială „Turóczi Mózes”, Târgu Secuiesc",7.31,6.53,7.18,46
2025,Covasna,Liceul Teologic Reformat Sfântu Gheorghe,7.26,6.52,6.72,26
2025,Covasna,Școala Gimnazială „Gheorghe Zaharia Brădet”,7.26,8.07,6.45,16
2025,Covasna,"Colegiul Național „Nagy Mózes”, Târgu Secuiesc",7.25,6.64,6.56,41
2025,Covasna,"Școala Gimnazială „Petőfi Sándor”, Târgu Secuiesc",6.91,6.02,6.48,45
2025,Covasna,"Școala Gimnazială, Dobârlău",6.83,7.29,6.38,21
2025,Covasna,"Școala Gimnazială „Kun Kocsárd”, Ojdula",6.81,5.69,6.01,12
2025,Covasna,"Școala Gimnazială Nr. 3, Sita Buzăului",6.7,6.96,6.45,11
2025,Covasna,"Școala Gimnazială „Bem József”, Lemnia",6.6,6.13,5.9,13
2025,Covasna,"Liceul „Kőrösi Csoma Sándor”, Covasna",6.58,5.77,6.1,63
2025,Covasna,"Școala Gimnazială „Trefán Leonárd”, Poian",6.57,5.85,5.54,16
2025,Covasna,"Școala Gimnazială „Andrei Șaguna”, Barcani",6.56,7.69,5.45,28
2025,Covasna,"Școala Gimnazială Nr. 2, Ciumernic",6.55,6.87,6.23,9
2025,Covasna,"Școala Gimnazială „Nicolae Colan”, Sfântu Gheorghe",6.53,6.09,5.77,58
2025,Covasna,"Liceul de Arte „Plugor Sándor”, Sfântu Gheorghe",6.45,5.25,6.2,48
2025,Covasna,"Școala Gimnazială „Benkő József”, Brăduț",6.44,4.98,6.29,12
2025,Covasna,"Școala Gimnazială „Konsza Samu”, Bățanii Mari",6.41,4.65,6.28,15
2025,Covasna,Școala Gimnazială Filia,6.34,5.62,5.4,10
2025,Covasna,"Școala Gimnazială „Ajtai Abod Mihály”, Aita Seacă",6.34,4.35,6.73,4
2025,Covasna,"Școala Gimnazială „Kelemen Didák”, Mereni",6.32,4.97,6.36,9
2025,Covasna,"Școala Gimnazială „Gaál Mózes”, Baraolt",6.3,5.04,5.52,51
2025,Covasna,"Școala Gimnazială „Végh Antal”, Cernat",6.23,4.99,5.36,12
2025,Covasna,"Școala Gimnazială „Apor István”, Sânzieni",6.21,4.82,5.9,18
2025,Covasna,"Școala Gimnazială „Borbáth Károly”, Vârghiș",6.18,4.79,5.8,12
2025,Covasna,"Școala Gimnazială „Comenius”, Brețcu",6.17,5.94,5.54,23
2025,Covasna,"Școala Gimnazială „Bibó József”, Brateș",6.05,4.82,5.37,12
2025,Covasna,"Școala Gimnazială „Nagy Mózes”, Estelnic",6.04,4.85,5.78,12
2025,Covasna,"Școala Gimnazială „Jancsó Benedek”, Ghelința",5.91,4.76,5.12,36
2025,Covasna,"Școala Gimnazială „Bálint Gábor”, Catalina",5.89,5.89,4.54,7
2025,Covasna,"Școala Gimnazială „Mikes Ármin”, Bixad",5.85,4.38,5.83,7
2025,Covasna,"Școala Gimnazială „Horn Dávid”, Comandău",5.79,4.92,5.53,8
2025,Covasna,"Școala Gimnazială „Kriza János”, Aita Mare",5.78,4.69,5.02,17
2025,Covasna,"Școala Gimnazială „Fejér Ákos”, Micfalău",5.74,4.78,4.76,13
2025,Covasna,"Școala Gimnazială „Dr. Gelei József”, Arcuș",5.57,4.67,4.56,5
2025,Covasna,Școala Gimnazială Păpăuți,5.5,5.54,4.64,15
2025,Covasna,"Școala Gimnazială „Mihai Eminescu”, Valea Mare",5.48,7.04,3.93,8
2025,Covasna,"Școala Gimnazială „Bod Péter”, Cernat",5.39,3.7,4.95,7
2025,Covasna,"Școala Gimnazială „Bartha Károly”, Boroșneu Mare",5.38,3.99,5.63,15
2025,Covasna,"Școala Gimnazială Nr. 1, Zăbala",5.23,4.43,4.93,26
2025,Covasna,"Școala Gimnazială „Tatrangi Sándor”, Ozun",5.06,3.16,5.3,20
2025,Covasna,"Școala Gimnazială „Gábor Áron”, Chichiș",4.94,3.33,5.17,3
2025,Covasna,Școala Gimnazială Băcel,4.8,6.0,3.6,1
2025,Covasna,"Școala Gimnazială „Mikes Kelemen”, Zagon",4.74,4.47,4.11,33
2025,Covasna,"Școala Gimnazială „Bölöni Farkas Sándor”, Belin",4.7,3.86,4.96,34
2025,Covasna,"Școala Gimnazială „Néri Szent Fülöp”, Sfântu Gheorghe",4.58,2.38,3.6,15
2025,Covasna,"Școala Gimnazială „Kovács Ferenc”, Petriceni",4.56,3.36,4.01,4
2025,Covasna,Școala Gimnazială Mărtineni,4.53,2.97,4.19,6
2025,Covasna,"Școala Gimnazială „Kicsi Antal”, Turia",4.49,3.21,3.91,19
2025,Covasna,"Școala Gimnazială „Darkó Jenő”, Dalnic",4.47,2.06,5.01,9
2025,Covasna,"Școala Gimnazială „Antos János”, Reci",4.45,3.09,3.92,16
2025,Covasna,"Școala Gimnazială „Czetz János”, Ghidfalău",4.36,2.2,3.6,1
2025,Covasna,"Școala Gimnazială „Henter Károly”, Bodoc",4.34,2.74,3.79,18
2025,Covasna,"Școala Gimnazială „Thury Gergely”, Tamașfalău",4.34,2.55,4.02,5
2025,Covasna,"Școala Gimnazială „Gödri Ferenc”, Sfântu Gheorghe",4.33,3.32,3.55,17
2025,Covasna,"Școala Gimnazială „Ady Endre”, Sfântu Gheorghe",4.3,3.03,4.22,21
2025,Covasna,"Școala Gimnazială „Tőkés József”, Malnaș",4.28,2.45,3.5,3
2025,Covasna,"Școala Gimnazială, Lădăuți",4.26,5.45,3.08,6
2025,Covasna,"Școala Gimnazială „László Lukács”, Ilieni",4.18,2.73,3.66,4
2025,Covasna,Școala Gimnazială Doboșeni,3.99,2.82,3.88,25
2025,Covasna,"Școala Gimnazială „Orbán Balázs”, Moacșa",3.95,2.69,3.83,7
2025,Covasna,Școala Gimnazială Vâlcele,3.92,4.24,3.13,25
2025,Covasna,"Școala Gimnazială „Romulus Cioflec”, Araci",3.81,4.14,3.49,33
2025,Covasna,Școala Gimnazială Hăghig,3.56,3.82,3.1,15
2025,Covasna,"Școala Gimnazială Specială, Sfântu Gheorghe",3.38,2.58,2.68,6
2025,Covasna,"Școala Gimnazială „Máthé János”, Herculian",3.19,2.62,3.33,20
2025,Covasna,"Școala Gimnazială „Kálnoky Ludmilla”, Valea Crișului",3.04,2.2,2.97,9
2025,Călărași,"Colegiul Național „Neagoe Basarab”, Oltenița",8.84,9.17,8.52,28
2025,Călărași,"Liceul Teoretic „Mihai Eminescu”, Călărași",7.98,8.26,7.71,66
2025,Călărași,"Școala Gimnazială Nr. 1, Lehliu-Gara",7.57,8.17,6.97,46
2025,Călărași,"Școala Gimnazială „Mihai Viteazul”, Călărași",7.43,7.82,7.04,87
2025,Călărași,"Școala Gimnazială „Nicolae Titulescu”, Călărași",7.41,7.74,7.08,84
2025,Călărași,Colegiul Economic Călărași,7.38,7.83,6.93,41
2025,Călărași,"Școala Gimnazială Nr. 2, Borcea",7.36,7.82,6.91,30
2025,Călărași,"Școala Gimnazială „Dragoș Marin”, Ștefan cel Mare",7.31,7.62,7.01,25
2025,Călărași,"Colegiul Național „Barbu Știrbei”, Călărași",7.23,7.64,6.82,28
2025,Călărași,"Școala Gimnazială „Alexandru Vlahuță”, Oltenița",7.19,7.71,6.69,34
2025,Călărași,Liceul Tehnologic nr. 1 Borcea,7.18,7.82,6.54,18
2025,Călărași,"Școala Gimnazială „Carol I”, Călărași",7.07,7.57,6.57,53
2025,Călărași,"Școala Gimnazială Nr. 1, Belciugatele",6.99,7.13,6.87,10
2025,Călărași,"Școala Gimnazială „Nicolae Petrescu”, Crivăț",6.99,7.55,6.44,11
2025,Călărași,"Școala Gimnazială „Spiru Haret”, Oltenița",6.98,7.55,6.43,59
2025,Călărași,"Școala Gimnazială Nr. 1, Ciocănești",6.88,7.4,6.37,31
2025,Călărași,"Școala Gimnazială Nr. 1, Ștefan Vodă",6.88,6.93,6.83,7
2025,Călărași,"Școala Gimnazială Nr. 2, Sultana",6.79,7.38,6.21,10
2025,Călărași,"Școala Gimnazială Nr. 1, Dor Marunt Sat",6.72,7.8,5.63,15
2025,Călărași,"Școala Gimnazială „Mircea Vodă”, Călărași",6.68,6.93,6.44,48
2025,Călărași,"Școala Gimnazială Nr. 3, Chirnogi",6.63,6.54,6.73,23
2025,Călărași,"Școala Gimnazială Nr. 1, Dichiseni",6.56,7.44,5.69,14
2025,Călărași,"Școala Gimnazială „Dimitrie Ion Ghica”, Radovanu",6.49,7.12,5.87,16
2025,Călărași,"Școala Gimnazială „Tudor Vladimirescu”, Călărași",6.47,7.13,5.82,54
2025,Călărași,"Școala Gimnazială Nr. 1, Sărulești Gara",6.42,7.27,5.57,29
2025,Călărași,"Școala Gimnazială Prof. Lucian Pavel, Oltenița",6.33,6.92,5.73,19
2025,Călărași,"Școala Gimnazială Nr. 1, Rasa",6.28,7.33,5.23,6
2025,Călărași,"Școala Gimnazială Nr. 1, Unirea",6.28,6.47,6.09,17
2025,Călărași,"Școala Gimnazială Nr. 1, Radu Vodă",6.25,6.68,5.82,26
2025,Călărași,"Școala Gimnazială „Mircea Eliade”, Oltenița",6.21,6.85,5.58,23
2025,Călărași,"Liceul Tehnologic nr. 1, Fundulea",6.2,6.68,5.73,33
2025,Călărași,"Școala Gimnazială Nr. 1, Valea Roșie",6.19,6.4,5.99,12
2025,Călărași,"Școala Gimnazială Nr. 1, Perișoru",6.19,6.92,5.46,31
2025,Călărași,"Școala Gimnazială Nr. 2, Dor Marunt Gara",6.17,7.12,5.23,12
2025,Călărași,"Școala Gimnazială „Matei Basarab”, Mânăstirea",6.11,6.59,5.64,25
2025,Călărași,"Școala Gimnazială Nr. 3, Borcea",6.05,6.36,5.75,10
2025,Călărași,"Școala Gimnazială Nr. 2, Progresu",6.04,7.1,4.98,5
2025,Călărași,Școala Gimnazială Nr. 1 „Cuza Vodă”,5.98,6.69,5.27,15
2025,Călărași,"Școala Gimnazială Nr. 1, Nicolae Bălcescu",5.97,6.76,5.18,11
2025,Călărași,"Școala Gimnazială „Constantin George Călinescu”, Grădiștea",5.96,6.72,5.21,13
2025,Călărași,"Școala Gimnazială „Alexandru D. Ghica”, Oltenița",5.92,6.5,5.25,41
2025,Călărași,"Liceul „Danubius”, Călărași",5.87,6.16,5.59,13
2025,Călărași,"Școala Gimnazială Nr. 1, Dragalina",5.82,6.95,4.7,40
2025,Călărași,"Școala Gimnazială Nr. 1, Chiselet",5.78,6.2,5.37,20
2025,Călărași,"Școala Gimnazială „Constantin Brâncoveanu”, Văsălati",5.76,5.97,5.57,29
2025,Călărași,"Școala Gimnazială Nr. 2, Perișoru",5.68,5.89,5.47,6
2025,Călărași,"Școala Gimnazială „Grigore Moisil”, Ulmeni",5.66,5.88,5.2,18
2025,Călărași,"Școala Gimnazială Nr. 1, Spântov",5.57,5.67,5.48,17
2025,Călărași,"Școala Gimnazială „George Valsan”, Independenta",5.56,6.66,4.46,24
2025,Călărași,"Școala Gimnazială Nr. 1, Ulmu",5.55,6.04,5.08,4
2025,Călărași,"Școala Gimnazială „Constantin Brâncoveanu”, Călărași",5.54,6.31,4.77,22
2025,Călărași,"Școala Gimnazială Nr. 1, Lehliu",5.51,6.27,4.76,20
2025,Călărași,"Școala Gimnazială Nr. 1, Tămădău Mare",5.48,6.02,4.95,17
2025,Călărași,"Școala Gimnazială „Prof. Univ. Dr. Adrian V. Rădulescu”, Dorobanțu",5.48,5.91,5.06,12
2025,Călărași,"Școala Gimnazială Nr. 1, Răzvani",5.47,5.98,4.96,22
2025,Călărași,"Școala Gimnazială Nr. 1, Jegalia",5.44,5.64,5.24,27
2025,Călărași,"Școala Gimnazială „Iancu Rosetti”, Roșeti",5.41,6.06,4.72,33
2025,Călărași,"Școala Gimnazială Nr. 1, Dalga Gara",5.39,5.08,5.7,8
2025,Călărași,"Școala Gimnazială Nr. 1, Cascioarele",5.36,6.07,4.66,9
2025,Călărași,"Școala Gimnazială „Mircea Nedelciu”, Fundulea",5.34,5.55,5.15,29
2025,Călărași,"Școala Gimnazială Nr. 1, Luica",5.3,5.3,4.73,14
2025,Călărași,"Școala Gimnazială Nr. 1, Plătărești",5.24,5.89,4.43,44
2025,Călărași,Școala Gimnazială Nr. 1 „Nicolae Bălcescu” (Preasna),5.24,6.22,4.26,11
2025,Călărași,"Școala Gimnazială Nr. 2, Modelu",5.22,5.92,4.53,21
2025,Călărași,"Școala Gimnazială Nr. 1, Ileana",5.19,5.59,4.79,18
2025,Călărași,"Școala Gimnazială Nr. 1, Gurbănești",5.12,5.25,5.0,6
2025,Călărași,"Școala Gimnazială Nr. 1, Modelu",5.08,5.95,4.21,27
2025,Călărași,"Școala Gimnazială Nr. 1, Vlad Țepeș",5.06,5.76,4.37,10
2025,Călărași,"Școala Gimnazială Nr. 1, Chirnogi",5.02,4.85,5.19,26
2025,Călărași,"Școala Gimnazială Nr. 1, Curcani",5.01,5.16,4.8,43
2025,Călărași,"Școala Gimnazială Nr. 1, Frumușani",5.01,5.61,4.36,50
2025,Călărași,"Școala Gimnazială Nr. 2, Mitreni",4.82,5.86,3.8,11
2025,Călărași,"Școala Gimnazială „Florenta Albu”, Vălcelele",4.78,5.27,4.29,14
2025,Călărași,"Școala Gimnazială Nr. 1, Fundeni",4.72,5.06,4.34,39
2025,Călărași,"Școala Gimnazială Nr. 1, Nana",4.65,4.85,4.46,30
2025,Călărași,"Școala Gimnazială Nr. 1, Gălbinași",4.64,5.01,4.23,49
2025,Călărași,Școala Gimnazială Nr. 1 „Dragoș Vodă”,4.6,5.22,3.99,19
2025,Călărași,"Școala Gimnazială „Constantin Teodorescu”, Soldanu",4.58,4.94,4.23,33
2025,Călărași,"Școala Gimnazială Nr. 1, Aprozi",4.47,4.6,4.34,6
2025,Călărași,"Școala Gimnazială Nr. 2, Stancea",4.42,4.72,4.04,31
2025,Călărași,"Școala Gimnazială Nr. 1, Frăsinet",4.39,4.76,4.02,13
2025,Călărași,"Școala Gimnazială Nr. 1, Sohatu",4.25,4.85,3.65,12
2025,Călărași,"Școala Gimnazială Nr. 7, Călărași",4.21,4.51,3.92,7
2025,Călărași,"Școala Gimnazială Nr. 1, Gostilele",4.19,4.31,4.08,6
2025,Călărași,"Școala Gimnazială Nr. 1, Valea Argovei",3.99,4.07,3.92,21
2025,Călărași,"Școala Gimnazială „Gheorghe Manu”, Budești",3.97,4.28,3.58,52
2025,Călărași,"Școala Gimnazială Nr. 2, Ulmeni",3.7,3.55,3.84,8
2025,Dolj,Școala Româno-Britanică Craiova,9.46,9.55,9.37,32
2025,Dolj,"Școala Gimnazială Terraveda, Craiova",9.08,9.14,9.02,20
2025,Dolj,"Școala Gimnazială „Mircea Eliade”, Craiova",8.88,8.97,8.78,135
2025,Dolj,"Școala Gimnazială „Traian”, Craiova",8.86,9.02,8.71,129
2025,Dolj,"Colegiul Național „Frații Buzești”, Craiova",8.77,8.81,8.73,147
2025,Dolj,"Colegiul Național „Carol I”, Craiova",8.61,8.74,8.49,132
2025,Dolj,"Colegiul Național Pedagogic „Ștefan Velovan”, Craiova",8.32,8.61,8.03,139
2025,Dolj,"Școala Gimnazială „Gheorghe Titeica”, Craiova",8.31,8.62,8.01,125
2025,Dolj,"Școala Gimnazială „Sf. Gheorghe”, Craiova",8.26,8.51,8.02,142
2025,Dolj,"Școala Gimnazială „Sf. Dumitru”, Craiova",8.24,8.41,8.07,110
2025,Dolj,"Colegiul Național „Elena Cuza”, Craiova",8.22,8.42,8.02,86
2025,Dolj,"Școala Gimnazială „Alexandru Macedonski”, Craiova",8.06,8.49,7.65,105
2025,Dolj,"Liceul Teoretic „Independența”, Calafat",8.02,8.26,7.79,48
2025,Dolj,"Școala Gimnazială Nr. 5, Av. P. Ivanovici, Băilești",8.02,8.58,7.46,51
2025,Dolj,"Liceul Teoretic „Henri Coandă”, Craiova",8.02,8.18,7.87,76
2025,Dolj,"Școala Gimnazială „Nicolae Romanescu”, Craiova",7.97,8.26,7.68,89
2025,Dolj,Liceul Teoretic Bechet,7.82,8.28,7.38,8
2025,Dolj,"Școala Gimnazială „Nicolae Bălcescu”, Craiova",7.79,8.08,7.5,106
2025,Dolj,"Școala Gimnazială Decebal, Craiova",7.79,8.09,7.49,49
2025,Dolj,"Liceul Teoretic „Tudor Arghezi”, Craiova",7.71,7.99,7.37,69
2025,Dolj,"Școala Gimnazială Particulară Ethos, Craiova",7.65,8.23,7.07,34
2025,Dolj,"Școala Gimnazială „Mihai Eminescu”, Craiova",7.55,7.65,7.45,54
2025,Dolj,Liceul Teologic Adventist Craiova,7.48,7.93,7.04,28
2025,Dolj,"Școala Gimnazială „Mihai Viteazul”, Craiova",7.46,7.76,7.16,96
2025,Dolj,"Colegiul Național „Nicolae Titulescu”, Craiova",7.45,7.77,7.12,21
2025,Dolj,Școala Gimnazială Palilula,7.42,8.59,6.26,6
2025,Dolj,"Școala Gimnazială „Constantin Gerota”, Calafat",7.39,7.63,7.16,42
2025,Dolj,"Școala Gimnazială, Călărași",7.29,7.1,7.49,16
2025,Dolj,Școala Gimnazială Ostroveni,7.2,7.57,6.83,18
2025,Dolj,"Școala Gimnazială „Elena Farago”, Craiova",7.17,7.45,6.9,83
2025,Dolj,Școala Gimnazială Sadova,7.15,7.54,6.76,9
2025,Dolj,"Liceul Tehnologic „Horia Vintilă”, Segarcea",7.12,7.83,6.4,19
2025,Dolj,"Liceul „Matei Basarab”, Craiova",6.99,7.21,6.78,38
2025,Dolj,Școala Gimnazială Sărata,6.98,6.74,7.21,12
2025,Dolj,"Liceul Teoretic „Mihai Viteazul”, Băilești",6.89,7.08,6.7,31
2025,Dolj,"Liceul cu Program Sportiv „Petrache Triscu”, Craiova",6.88,6.99,6.77,48
2025,Dolj,"Școala Gimnazială „Sf. Dumitru”, Măceșu de Sus",6.87,7.65,6.1,8
2025,Dolj,"Școala Gimnazială „Alecsandru Nicolaid”, Mischii",6.86,7.61,6.12,5
2025,Dolj,Școala Gimnazială Piscu Nou,6.86,7.25,6.48,8
2025,Dolj,"Școala Gimnazială „Ion Creangă”, Craiova",6.85,7.06,6.64,15
2025,Dolj,Școala Gimnazială Cotofenii din Fata,6.85,7.28,6.42,14
2025,Dolj,Școala Gimnazială Predești,6.83,7.16,6.51,14
2025,Dolj,Școala Gimnazială Bucovat,6.76,7.6,5.94,16
2025,Dolj,"Școala Gimnazială, Filiași",6.74,7.05,6.44,107
2025,Dolj,"Școala Gimnazială „Gheorghe Brăescu”, Calafat",6.7,7.23,6.19,17
2025,Dolj,Liceul Energetic Craiova,6.67,7.04,6.31,26
2025,Dolj,Școala Gimnazială Ghercești,6.66,6.93,6.4,6
2025,Dolj,Școala Gimnazială Silistea Crucii,6.66,6.68,6.63,7
2025,Dolj,"Școala Gimnazială „Nica Barbu Locusteanu”, Leu",6.62,6.85,6.4,14
2025,Dolj,"Școala Gimnazială „Eliza Opran”, Isalnița",6.6,7.17,6.04,22
2025,Dolj,Școala Gimnazială Negoiesti,6.6,7.49,5.72,12
2025,Dolj,Școala Gimnazială Tuglui,6.56,6.41,6.72,13
2025,Dolj,"Școala Gimnazială „Ion Tuculescu”, Craiova",6.55,7.11,6.01,36
2025,Dolj,"Școala Gimnazială Nr. 3, Dăbuleni",6.53,6.55,6.52,23
2025,Dolj,"Liceul de Arte „Marin Sorescu”, Craiova",6.48,6.97,5.99,50
2025,Dolj,"Școala Gimnazială „Constantin Gheorghita”, Podari",6.47,7.19,5.75,20
2025,Dolj,Școala Gimnazială Brăloștița,6.47,6.95,5.99,24
2025,Dolj,Școala Gimnazială Giubega,6.45,7.26,5.64,12
2025,Dolj,"Școala Gimnazială Nr. 1, Dăbuleni",6.45,6.5,6.4,15
2025,Dolj,Școala Gimnazială „Lesile”,6.44,6.3,6.59,26
2025,Dolj,Școala Gimnazială Castranova,6.4,6.99,5.8,20
2025,Dolj,Școala Gimnazială Dragotești,6.36,6.61,6.11,12
2025,Dolj,"Școala Gimnazială „Petrache Poenaru”, Brădești",6.34,6.52,6.18,18
2025,Dolj,Școala Gimnazială Cioroiași,6.34,6.58,6.1,14
2025,Dolj,Școala Gimnazială Apele Vii,6.32,6.71,5.93,13
2025,Dolj,"Școala Gimnazială Nr. 2, Poiana Mare",6.31,6.93,5.71,18
2025,Dolj,Școala Gimnazială Dobrotești,6.3,6.37,6.24,15
2025,Dolj,Școala Gimnazială Mihăița,6.3,6.67,5.93,20
2025,Dolj,"Școala Gimnazială „Gheorghe Bibescu”, Craiova",6.23,6.49,5.88,50
2025,Dolj,Școala Gimnazială Teasc,6.21,6.85,5.58,20
2025,Dolj,Școala Gimnazială Negoi,6.2,6.5,5.9,8
2025,Dolj,Scoala Gimnaziala Bratovoesti,6.16,6.2,5.87,19
2025,Dolj,"Școala Gimnazială „Amza Pellea”, Băilești",6.06,6.71,5.42,11
2025,Dolj,Școala Gimnazială Fratoștița,6.06,6.14,5.98,12
2025,Dolj,Școala Gimnazială Puturi,6.04,6.25,5.84,11
2025,Dolj,Școala Gimnazială Zănoaga,6.02,6.79,5.24,9
2025,Dolj,Școala Gimnazială Segarcea,5.99,6.12,5.49,14
2025,Dolj,"Liceul Teoretic „Gh. Vasilichi”, Cetate",5.96,6.58,5.36,29
2025,Dolj,Școala Gimnazială Malu Mare,5.96,6.43,5.51,20
2025,Dolj,Școala Gimnazială Cosoveni,5.96,6.12,5.81,17
2025,Dolj,"Școala Profesională „Constantin Argetoianu”, Argetoaia",5.94,6.85,5.02,40
2025,Dolj,Școala Gimnazială Pielești,5.93,5.86,6.01,20
2025,Dolj,Școala Gimnazială Ghindeni,5.92,6.44,5.4,12
2025,Dolj,"Școala Gimnazială „Nicolae Caras”, Ciupercenii Noi",5.91,5.86,5.96,17
2025,Dolj,Școala Gimnazială Radovan,5.89,6.27,5.51,8
2025,Dolj,Școala Gimnazială Valea Fântânilor,5.89,6.24,5.54,15
2025,Dolj,Școala Gimnazială Unirea,5.85,6.46,5.25,26
2025,Dolj,Școala Gimnazială Drănic,5.83,5.9,5.77,16
2025,Dolj,Școala Gimnazială Afumați,5.8,6.24,5.36,11
2025,Dolj,Școala Gimnazială Ghidici,5.77,5.93,5.61,12
2025,Dolj,Școala Gimnazială Orodel,5.77,6.04,5.5,28
2025,Dolj,Școala Gimnazială Plesoi,5.76,6.67,4.85,10
2025,Dolj,"Școala Gimnazială „Marin Sorescu”, Bulzești",5.76,6.19,5.33,13
2025,Dolj,Școala Gimnazială Calopăr,5.69,6.34,5.05,12
2025,Dolj,Școala Gimnazială Bistreț,5.67,6.29,5.05,24
2025,Dolj,Școala Gimnazială Giurgița,5.65,5.43,5.86,22
2025,Dolj,"Școala Gimnazială Nr. 1, Poiana Mare",5.58,5.78,5.38,22
2025,Dolj,Școala Gimnazială Talpaș,5.57,6.07,5.07,11
2025,Dolj,Școala Gimnazială „Verbita”,5.57,5.7,5.44,13
2025,Dolj,Liceul de Industrie Alimentară Craiova,5.55,5.94,5.16,12
2025,Dolj,"Școala Gimnazială, Goiești",5.52,5.75,5.3,15
2025,Dolj,Școala Gimnazială Horezu-Poenari,5.52,5.93,5.11,11
2025,Dolj,"Liceul Tehnologic „Alexandru Macedonski”, Melinești",5.45,6.12,4.78,12
2025,Dolj,Școala Gimnazială Brăbeți,5.44,6.0,4.88,11
2025,Dolj,Școala Gimnazială Vartop,5.44,5.64,5.24,13
2025,Dolj,"Școala Gimnazială Nr. 3, Poiana Mare",5.41,5.75,5.08,20
2025,Dolj,"Școala Gimnazială „Ion Pachia Tatomirescu”, Tatomirești",5.4,4.92,5.88,3
2025,Dolj,"Școala Gimnazială „Gh. Jienescu”, Rast",5.4,5.86,4.94,17
2025,Dolj,"Școala Gimnazială „Barbu Ionescu”, Urzicuța",5.39,5.08,5.7,15
2025,Dolj,Școala Gimnazială Izvoare,5.38,6.65,4.12,10
2025,Dolj,Școala Gimnazială Piscu Sadovei,5.35,5.25,5.45,4
2025,Dolj,Școala Profesională Daneti,5.33,5.7,4.98,14
2025,Dolj,"Școala Gimnazială Nr. 1, Motatei",5.32,5.77,4.84,33
2025,Dolj,Școala Gimnazială Belcinu,5.3,6.3,4.3,2
2025,Dolj,Școala Gimnazială Teslui,5.3,5.63,4.97,13
2025,Dolj,Școala Gimnazială „Sărbătoarea”,5.3,6.17,4.43,6
2025,Dolj,"Școala Gimnazială Damian, Sadova",5.28,5.46,5.1,14
2025,Dolj,"Liceul Teoretic „Adrian Păunescu”, Bârca",5.25,5.75,4.76,21
2025,Dolj,"Școala Gimnazială Nr. 1, Mărșani",5.24,6.14,4.34,11
2025,Dolj,Școala Gimnazială Desa,5.22,5.97,4.48,29
2025,Dolj,Școala Gimnazială Dobrești,5.2,5.23,5.19,10
2025,Dolj,Școala Gimnazială Cerat,5.18,5.13,5.23,18
2025,Dolj,Școala Gimnazială Murgăși,5.16,5.36,4.97,9
2025,Dolj,Școala Gimnazială Breasta,5.15,5.51,4.8,15
2025,Dolj,"Școala Gimnazială „Inv. M. Georgescu”, Celaru",5.14,5.56,4.73,29
2025,Dolj,"Școala Gimnazială „Carol al II-lea”, Diosti",5.13,4.88,5.38,4
2025,Dolj,"Școala Gimnazială Opsichie Cazacu, Seaca de Pădure",5.11,6.65,3.58,3
2025,Dolj,Școala Gimnazială Rojiște,5.1,5.39,4.82,13
2025,Dolj,Școala Gimnazială Vârvoru de Jos,5.08,5.82,4.36,10
2025,Dolj,"Liceul Tehnologic „Constantin Ianculescu”, Carcea",5.08,5.2,4.96,15
2025,Dolj,Școala Gimnazială Plenița,5.07,5.66,4.49,28
2025,Dolj,Școala Gimnazială Robăneștii de Jos,5.07,4.78,5.36,10
2025,Dolj,Școala Gimnazială Piscu Vechi,5.0,5.42,4.59,14
2025,Dolj,Școala Gimnazială Caraula,4.97,6.22,3.72,10
2025,Dolj,Școala Gimnazială Fărcaș,4.95,5.85,4.05,15
2025,Dolj,Liceul Teoretic Amarăștii de Jos,4.94,5.39,4.49,13
2025,Dolj,"Școala Gimnazială Nr. 1, Băilești",4.93,5.14,4.73,11
2025,Dolj,"Școala Gimnazială „Lascar Catargiu”, Craiova",4.87,4.54,4.9,13
2025,Dolj,"Școala Gimnazială Nr. 3, Băilești",4.85,5.3,4.41,11
2025,Dolj,Școala Gimnazială Ciocănești,4.83,5.67,4.0,3
2025,Dolj,Școala Gimnazială Cleanov,4.82,5.7,3.95,10
2025,Dolj,"Școala Gimnazială „Ilie Murgulescu”, Vela",4.82,4.43,5.21,8
2025,Dolj,Școala Gimnazială Carna,4.8,5.0,4.61,16
2025,Dolj,Școala Gimnazială Radomir,4.76,5.36,4.15,9
2025,Dolj,"Școala Gimnazială „Ion Gh. Pleșa”, Almaj",4.73,5.24,4.23,4
2025,Dolj,Școala Gimnazială Gighera,4.72,5.15,4.29,18
2025,Dolj,"Școala Gimnazială „Ștefan Ispas”, Maglavit",4.72,4.96,4.48,15
2025,Dolj,Școala Gimnazială Sălcuța,4.63,3.95,5.03,4
2025,Dolj,Școala Gimnazială Galiciuica,4.61,5.7,3.53,5
2025,Dolj,"Școala Gimnazială „Henri Coandă”, Perișor",4.57,5.36,3.79,10
2025,Dolj,Școala Gimnazială Terpezița,4.55,5.04,4.06,10
2025,Dolj,Liceul Tehnologic de Transporturi Auto Craiova,4.54,4.79,4.3,10
2025,Dolj,Școala Gimnazială Belot,4.53,4.73,4.34,17
2025,Dolj,"Școala Gimnazială „Eufrosina Popescu”, Botoșești-Paia",4.52,5.05,4.0,1
2025,Dolj,Școala Gimnazială Galicea Mare,4.5,4.51,4.49,18
2025,Dolj,"Școala Gimnazială „Petre Manarcescu”, Lipovu",4.46,4.9,4.07,11
2025,Dolj,Școala Gimnazială Valea Lui Patru,4.45,5.18,3.72,17
2025,Dolj,Liceul Tehnologic Auto Craiova,4.43,4.77,4.09,23
2025,Dolj,"Școala Gimnazială „Tudor Segarceanu”, Goicea",4.41,4.91,3.83,22
2025,Dolj,Școala Gimnazială Salcia,4.4,5.1,3.7,6
2025,Dolj,Școala Gimnazială Carpen,4.35,4.06,4.64,5
2025,Dolj,Școala Gimnazială Amarăștii de Sus,4.25,4.2,4.31,9
2025,Dolj,"Școala Gimnazială „Petrache Cernătescu”, Cernătești",4.24,4.3,4.18,18
2025,Dolj,Școala Gimnazială Grecești,4.22,4.48,3.96,9
2025,Dolj,Școala Gimnazială Gangiova,4.17,4.69,3.66,12
2025,Dolj,Școala Gimnazială Catane,4.17,4.44,3.84,10
2025,Dolj,Școala Gimnazială Sălcuța-Calopăr,4.14,4.18,4.1,3
2025,Dolj,"Școala Profesională, Valea Stânciului",4.06,4.3,3.6,23
2025,Dolj,"Școala Gimnazială „Ilie Martin”, Brabova",3.88,4.43,3.34,7
2025,Dolj,Școala Gimnazială Gubaucea,3.88,3.23,4.53,2
2025,Dolj,"Școala Gimnazială Nr. 26, Craiova-Mofleni",3.83,4.17,3.5,7
2025,Dolj,"Școala Gimnazială „Nicolae Gh. Popescu”, Intorsura",3.77,3.56,3.99,8
2025,Dolj,"Liceul Tehnologic „Dimitrie Filisanu”, Filiași",3.75,3.75,3.76,8
2025,Dolj,"Școala Gimnazială Nr. 38, Craiova",3.7,3.63,3.4,7
2025,Dolj,"Școala Gimnazială „Anton Pann”, Craiova",3.69,3.89,3.5,41
2025,Dolj,Școala Gimnazială Tândăra,3.53,4.4,2.67,3
2025,Dolj,"Școala Gimnazială Nr. 2, Băilești",3.51,3.71,3.31,9
2025,Dolj,"Școala Gimnazială, Secu",3.38,3.82,2.94,7
2025,Dolj,"Liceul Tehnologic Special „Pelendava”, Craiova",2.71,2.51,2.93,6
2025,Dolj,"Școala Gimnazială Nr. 6, Băilești",2.65,2.82,2.13,8
2025,Dolj,Școala Gimnazială Ocolna,2.58,1.97,3.1,33
2025,Dolj,Școala Gimnazială Listeava,2.29,1.83,2.75,5
2025,Dâmbovița,"Colegiul Național „Constantin Carabella”, Târgoviște",9.19,9.07,9.31,29
2025,Dâmbovița,"Colegiul Național „Ienăchiță Văcărescu”, Târgoviște",9.12,9.2,9.05,57
2025,Dâmbovița,"Colegiul Național Pedagogic „Constantin Cantacuzino”, Târgoviște",8.59,8.77,8.42,86
2025,Dâmbovița,"Școala Gimnazială „Coresi”, Târgoviște",8.37,8.62,8.13,145
2025,Dâmbovița,"Colegiul Național „Ion Luca Caragiale”, Moreni",8.35,8.47,8.23,29
2025,Dâmbovița,"Colegiul Național „Nicolae Titulescu”, Pucioasa",8.23,8.58,7.88,25
2025,Dâmbovița,"Școala Gimnazială „Matei Basarab”, Târgoviște",8.11,8.45,7.78,85
2025,Dâmbovița,"Școala Gimnazială „I. Alexandru Brătescu Voinești”, Târgoviște",8.06,8.35,7.79,92
2025,Dâmbovița,"Colegiul Național „Vladimir Streinu”, Găești",8.02,8.56,7.48,49
2025,Dâmbovița,"Școala Gimnazială Nr. 4 „Elena Donici Cantacuzino”, Pucioasa",7.91,8.36,7.47,65
2025,Dâmbovița,"Școala Gimnazială „Mihai Viteazul”, Târgoviște",7.87,8.22,7.53,117
2025,Dâmbovița,"Școala Gimnazială „Mihai Viteazul”, Pucioasa",7.65,8.15,7.14,40
2025,Dâmbovița,"Școala Gimnazială „Ion Ciorănescu”, Moroeni",7.62,8.25,7.0,19
2025,Dâmbovița,"Școala Gimnazială „Vasile Cîrlova”, Târgoviște",7.57,8.06,7.09,87
2025,Dâmbovița,"Școala Gimnazială Cătunu, Cornești",7.53,8.2,6.86,8
2025,Dâmbovița,"Școala Gimnazială „Șerban Cioculescu”, Găești",7.49,7.95,7.04,83
2025,Dâmbovița,"Școala Gimnazială „Grigore Rădulescu”, Bezdead",7.43,7.65,7.22,12
2025,Dâmbovița,"Liceul de Arte „Bălașa Doamna”, Târgoviște",7.37,7.95,6.79,51
2025,Dâmbovița,"Școala Gimnazială „Iancu Văcărescu”, Văcărești",7.36,7.7,7.02,14
2025,Dâmbovița,"Școala Gimnazială „Pictor Nicolae Grigorescu”, Titu",7.34,7.64,7.03,78
2025,Dâmbovița,"Liceul Teoretic „Iancu C. Vissarion”, Titu",7.26,7.68,6.85,41
2025,Dâmbovița,Școala Gimnazială Brezoaele,7.24,7.59,6.89,14
2025,Dâmbovița,"Școala Gimnazială „Radu cel Mare”, Târgoviște",7.2,7.58,6.83,36
2025,Dâmbovița,"Școala Gimnazială Nr. 4, Moreni",7.19,7.61,6.77,46
2025,Dâmbovița,"Școala Gimnazială, Gura Ocniței",7.08,7.89,6.29,11
2025,Dâmbovița,"Școala Gimnazială „Tudor Vladimirescu”, Târgoviște",7.07,7.79,6.36,59
2025,Dâmbovița,"Școala Gimnazială, Vulcana Pandele",7.0,7.88,6.13,20
2025,Dâmbovița,Școala Gimnazială Perșinari,6.96,7.81,6.12,13
2025,Dâmbovița,Școala Gimnazială Vârfuri,6.95,7.5,6.41,10
2025,Dâmbovița,"Școala Gimnazială „Diaconu Coresi”, Fieni",6.91,7.35,6.47,40
2025,Dâmbovița,"Școala Gimnazială Petrești, Corbii Mari",6.9,7.72,6.09,15
2025,Dâmbovița,"Școala Gimnazială, Ocnița",6.89,7.57,6.15,25
2025,Dâmbovița,"Școala Gimnazială Frasinu, Cornești",6.86,7.24,6.48,9
2025,Dâmbovița,"Școala Gimnazială „Dora Dalles”, Bucșani",6.86,7.4,6.32,32
2025,Dâmbovița,"Școala Gimnazială „Prof. Paul Bănică”, Târgoviște",6.85,7.22,6.49,50
2025,Dâmbovița,"Școala Gimnazială Decindeni, Dragomirești",6.84,7.27,6.4,23
2025,Dâmbovița,"Școala Gimnazială „Cazaci”, Nucet",6.82,7.65,6.0,19
2025,Dâmbovița,"Școala Gimnazială „Dr. Mioara Mincu”, Conțești",6.79,7.08,6.51,19
2025,Dâmbovița,"Școala Gimnazială Râncaciov, Dragomirești",6.78,7.68,5.89,13
2025,Dâmbovița,"Liceul Tehnologic „Udrea Băleanu”, Băleni",6.72,7.01,6.44,73
2025,Dâmbovița,"Școala Gimnazială Scheiu de Jos, Ludești",6.71,7.92,5.5,13
2025,Dâmbovița,"Școala Gimnazială „Ion Mareș”, Vulcana Băi",6.71,7.08,6.35,14
2025,Dâmbovița,"Școala Gimnazială, Slobozia Moară",6.7,7.42,5.98,12
2025,Dâmbovița,"Școala Gimnazială „Radu cel Mare”, Găești",6.66,7.33,6.0,53
2025,Dâmbovița,"Școala Gimnazială, Raciu",6.64,6.39,6.89,15
2025,Dâmbovița,"Școala Gimnazială, Produlești",6.63,7.45,5.83,24
2025,Dâmbovița,"Școala Gimnazială Nr. 1, Moreni",6.63,7.0,6.26,49
2025,Dâmbovița,"Școala Gimnazială, Dragomirești",6.61,7.02,6.2,15
2025,Dâmbovița,"Școala Gimnazială Urziceanca, Ciocănești",6.6,6.8,6.41,14
2025,Dâmbovița,"Școala Gimnazială „Constantin Secăreanu”, Runcu",6.6,7.23,5.97,26
2025,Dâmbovița,Școala Gimnazială Râu Alb de Jos,6.58,6.98,6.19,5
2025,Dâmbovița,"Școala Gimnazială, Gura Suții",6.57,6.73,6.42,32
2025,Dâmbovița,"Școala Gimnazială Nr. 2 „Picior de Munte”, Boboci Dragodana",6.57,7.06,6.08,32
2025,Dâmbovița,"Școala Gimnazială, Gura Bărbulețului",6.57,7.5,5.64,9
2025,Dâmbovița,"Școala Gimnazială Nr. 3, Moreni",6.52,6.77,6.27,23
2025,Dâmbovița,"Școala Gimnazială „Matei Gr. Vlădeanu”, Cândești-Vale",6.51,7.3,5.72,15
2025,Dâmbovița,"Școala Gimnazială „Iosif Gabrea”, Văleni Dâmbovița",6.5,6.94,6.06,19
2025,Dâmbovița,Școala Gimnazială Răcari,6.5,7.3,5.7,36
2025,Dâmbovița,Școala Gimnazială Uliești,6.46,6.79,6.15,13
2025,Dâmbovița,"Școala Gimnazială Telești, Ludești",6.42,7.48,5.38,31
2025,Dâmbovița,"Școala Gimnazială Hăbeni, Bucșani",6.4,6.95,5.86,16
2025,Dâmbovița,Școala Gimnazială Voinești,6.36,6.95,5.71,43
2025,Dâmbovița,"Școala Gimnazială Nr. 3, Doicești",6.36,7.14,5.58,14
2025,Dâmbovița,"Școala Gimnazială „Panait Georgescu”, Dobra",6.35,7.16,5.54,19
2025,Dâmbovița,"Școala Gimnazială „Buică Ionescu”, Glodeni",6.34,7.11,5.58,30
2025,Dâmbovița,"Școala Gimnazială, Lucieni",6.33,7.07,5.59,15
2025,Dâmbovița,Școala Gimnazială Buciumeni,6.32,6.74,5.72,20
2025,Dâmbovița,"Școala Gimnazială Căpșuna, Cobia",6.32,7.29,5.35,17
2025,Dâmbovița,"Școala Gimnazială „Ion Constantinescu”, Viișoara Ulmi",6.31,7.78,4.84,4
2025,Dâmbovița,Școala Gimnazială „Malu cu Flori”,6.27,6.56,5.99,14
2025,Dâmbovița,"Școala Gimnazială Nr. 2, Lungulețu",6.25,6.89,5.61,15
2025,Dâmbovița,"Școala Gimnazială „Sf. Nicolae”, Pietroșița",6.24,7.0,5.49,18
2025,Dâmbovița,"Școala Gimnazială Nr. 1, Ungureni, Corbii Mari",6.2,7.23,5.17,16
2025,Dâmbovița,Școala Gimnazială Tărtășești,6.19,6.81,5.58,22
2025,Dâmbovița,"Școala Gimnazială Poroinica, Mătăsaru",6.19,6.63,5.76,16
2025,Dâmbovița,Școala Gimnazială Dărmănești,6.19,6.88,5.42,36
2025,Dâmbovița,Școala Gimnazială Tătărani,6.19,6.93,5.45,17
2025,Dâmbovița,Școala Gimnazială Ciocănești,6.18,6.77,5.6,18
2025,Dâmbovița,Școala Gimnazială Valea Mare,6.11,6.41,5.81,14
2025,Dâmbovița,"Școala Gimnazială Gheboaia, Finta",6.09,6.55,5.49,20
2025,Dâmbovița,"Școala Gimnazială „Șuța Seacă”, Raciu",6.06,5.91,6.21,15
2025,Dâmbovița,"Școala Gimnazială „Prof. Ilie Popescu”, Șotânga",6.05,7.11,4.99,20
2025,Dâmbovița,"Școala Gimnazială Grozăvești, Corbii Mari",6.05,6.6,5.42,27
2025,Dâmbovița,"Școala Gimnazială „Mircea Vodă”, Sălcioara",6.05,6.44,5.66,10
2025,Dâmbovița,Școala Gimnazială Nucet,6.03,6.79,5.28,10
2025,Dâmbovița,Școala Gimnazială Răzvad,6.03,6.52,5.54,32
2025,Dâmbovița,"Școala Gimnazială Jugureni, Uliești",6.01,6.31,5.71,15
2025,Dâmbovița,"Școala Gimnazială „Grigore Gheorghe”, Dârza Crevedia",5.98,6.68,5.29,20
2025,Dâmbovița,"Liceul Teoretic „Mihai Viteazul”, Vișina",5.97,6.45,5.49,26
2025,Dâmbovița,"Școala Gimnazială Ghinești, Sălcioara",5.96,6.4,5.52,12
2025,Dâmbovița,"Școala Gimnazială, Comișani",5.95,6.76,5.14,18
2025,Dâmbovița,"Școala Gimnazială Lazuri, Comișani",5.95,6.42,5.48,12
2025,Dâmbovița,Școala Gimnazială Petrești,5.91,6.66,5.18,15
2025,Dâmbovița,Școala Gimnazială Mănești,5.88,6.34,5.43,20
2025,Dâmbovița,"Seminarul Teologic Ortodox „Sf. Ioan Gură de Aur”, Târgoviște",5.81,6.54,5.09,17
2025,Dâmbovița,"Școala Gimnazială Nr. 1, Lungulețu",5.8,6.22,5.38,16
2025,Dâmbovița,"Școala Gimnazială, Cricov Valea Lungă",5.78,6.41,5.16,22
2025,Dâmbovița,"Școala Gimnazială Bălteni, Conțești",5.77,5.31,6.24,17
2025,Dâmbovița,"Școala Gimnazială Nr. 2, Șotânga",5.76,6.49,5.04,8
2025,Dâmbovița,"Școala Gimnazială „Brezoaia”, Brezoaele",5.73,5.72,5.76,19
2025,Dâmbovița,Liceul Tehnologic de Petrol Moreni,5.72,6.15,5.31,15
2025,Dâmbovița,"Școala Gimnazială Nr. 1, Hulubești",5.71,6.56,4.87,23
2025,Dâmbovița,Școala Gimnazială Mătăsaru,5.71,6.65,4.78,18
2025,Dâmbovița,"Școala Gimnazială, Morteni",5.68,6.07,5.29,20
2025,Dâmbovița,Școala Gimnazială Aninoasa,5.66,6.23,5.1,27
2025,Dâmbovița,"Școala Gimnazială, Cornești",5.66,5.96,5.37,16
2025,Dâmbovița,Școala Gimnazială Costești Vale,5.65,5.77,5.4,27
2025,Dâmbovița,"Școala Gimnazială Ungureni, Dragomirești",5.63,6.37,4.9,10
2025,Dâmbovița,"Școala Gimnazială „Nicolae Vlad”, Pucheni",5.61,6.93,4.3,10
2025,Dâmbovița,"Școala Gimnazială, Corbii Mari",5.57,6.1,5.04,24
2025,Dâmbovița,"Școala Gimnazială „Stan Ștefan”, Vlădeni",5.57,5.69,5.44,19
2025,Dâmbovița,"Școala Gimnazială Nr. 1 „Ghirdoveni”, I. L. Caragiale",5.57,6.16,4.81,17
2025,Dâmbovița,Școala Gimnazială Răscăeți,5.53,5.4,5.55,25
2025,Dâmbovița,Școala Gimnazială Brănești,5.53,6.28,4.78,12
2025,Dâmbovița,Școala Gimnazială Șelaru,5.48,6.29,4.66,14
2025,Dâmbovița,"Școala Gimnazială Fierbinți, Șelaru",5.47,6.13,4.8,16
2025,Dâmbovița,"Școala Gimnazială Nr. 2, Titu Târg",5.45,5.85,5.05,34
2025,Dâmbovița,Școala Gimnazială Niculești,5.43,5.7,5.16,29
2025,Dâmbovița,"Școala Gimnazială, Pietrari",5.43,6.06,4.8,20
2025,Dâmbovița,"Școala Gimnazială, Gura Foii",5.41,6.15,4.67,13
2025,Dâmbovița,Școala Gimnazială Potlogi,5.41,5.83,5.0,24
2025,Dâmbovița,"Școala Gimnazială Gherghești, Petrești",5.39,5.9,4.9,13
2025,Dâmbovița,"Școala Gimnazială Bâldana, Tărtășești",5.38,5.66,5.1,11
2025,Dâmbovița,"Școala Gimnazială, Odobești",5.35,5.91,4.79,26
2025,Dâmbovița,"Școala Gimnazială Serdanu, Lungulețu",5.29,5.66,4.93,15
2025,Dâmbovița,"Școala Gimnazială, Bilciurești",5.29,5.91,4.67,22
2025,Dâmbovița,"Școala Gimnazială Ciocănari, Niculești",5.28,5.82,4.74,19
2025,Dâmbovița,Liceul Tehnologic Nucet,5.23,5.15,5.33,13
2025,Dâmbovița,Școala Gimnazială Ulmi,5.22,5.77,4.68,12
2025,Dâmbovița,"Școala Gimnazială „Spiru Haret”, Braniștea",5.21,5.82,4.62,20
2025,Dâmbovița,"Școala Gimnazială „Smaranda Dumitru Roman”, Vizurești, Ciocănești",5.12,5.66,4.58,12
2025,Dâmbovița,"Școala Gimnazială Nr. 1, Poiana",5.08,5.64,4.52,35
2025,Dâmbovița,"Școala Gimnazială „Colacu”, Răcari",5.06,5.55,4.59,14
2025,Dâmbovița,"Școala Gimnazială Ghergani, Răcari",5.06,5.38,4.75,10
2025,Dâmbovița,"Școala Gimnazială „Mareșal Constantin Prezan”, Butimanu",5.05,5.52,4.59,18
2025,Dâmbovița,"Școala Gimnazială „Mărginenii de Sus”, Dărmănești",5.02,5.7,4.34,13
2025,Dâmbovița,Școala Gimnazială Dragodana,4.96,5.73,4.21,10
2025,Dâmbovița,"Școala Gimnazială, Crevedia",4.91,5.21,4.62,15
2025,Dâmbovița,Școala Gimnazială Mogoșani,4.82,5.11,4.37,20
2025,Dâmbovița,Școala Gimnazială Vișinești,4.64,5.15,4.13,2
2025,Dâmbovița,"Școala Gimnazială Pitaru, Potlogi",4.61,5.2,4.03,13
2025,Dâmbovița,Școala Gimnazială Iedera de Jos,4.5,4.62,4.33,26
2025,Dâmbovița,"Școala Gimnazială Glod, Moroeni",4.4,4.96,3.84,24
2025,Dâmbovița,"Școala Gimnazială Căprioru, Tătărani",4.27,5.14,3.4,10
2025,Dâmbovița,"Școala Gimnazială Drăgăești Pământeni, Mănești",4.2,4.89,3.52,15
2025,Dâmbovița,"Școala Gimnazială, Cojasca",4.16,4.51,3.82,41
2025,Dâmbovița,"Școala Gimnazială „Grigore Alexandrescu”, Târgoviște",4.03,4.45,3.48,38
2025,Dâmbovița,"Școala Gimnazială Crovu, Odobești",3.98,4.04,3.88,19
2025,Dâmbovița,Școala Gimnazială Cornățelu,3.81,3.78,3.83,10
2025,Dâmbovița,"Școala Gimnazială „Smaranda Gheorghiu”, Târgoviște",3.49,3.42,3.4,18
2025,Dâmbovița,Liceul Tehnologic Cojasca,3.43,3.46,3.41,10
2025,Dâmbovița,Școala Gimnazială Nr. 1 „I. L. Caragiale”,3.28,3.34,3.23,18
2025,Dâmbovița,"Școala Gimnazială Românești, Potlogi",3.21,3.38,2.96,61
2025,Dâmbovița,"Școala Gimnazială Bădulești, Crângurile",3.02,2.78,3.23,18
2025,Dâmbovița,"Școala Gimnazială Nr. 2, Moreni",3.0,2.92,2.94,7
2025,Dâmbovița,"Școala Gimnazială Pătroaia Vale, Crângurile",2.9,2.96,2.85,16
2025,Galați,"Colegiul Național „Vasile Alecsandri”, localitatea Galați",9.58,9.61,9.55,52
2025,Galați,"Colegiul Național „Mihail Kogălniceanu”, Localitatea Galați",9.32,9.28,9.36,30
2025,Galați,"Liceul Teoretic „Dunărea”, localitatea Galați",8.97,9.13,8.82,24
2025,Galați,"Colegiul Național „Costache Negri”, Localitatea Galați",8.81,9.05,8.57,51
2025,Galați,"Liceul Teoretic „Emil Racoviță”, localitatea Galați",8.67,8.74,8.61,30
2025,Galați,"Scoala Gimnaziala Nr.28, Localitatea Galati",8.63,8.81,8.47,117
2025,Galați,"Școala Gimnazială Nr. 29, Localitatea Galați",8.47,8.64,8.29,133
2025,Galați,"Colegiul Național „Spiru Haret”, Localitatea Tecuci",8.46,8.72,8.21,24
2025,Galați,"Colegiul Național „Calistrat Hogaș”, Localitatea Tecuci",8.41,8.76,8.06,28
2025,Galați,"Scoala Gimnaziala Nr.25, Localitatea Galati",8.4,8.76,8.04,46
2025,Galați,"Scoala Gimnaziala Stefan cel Mare, Localitatea Galati",8.35,8.69,8.01,93
2025,Galați,"Scoala Gimnaziala Iorgu Iordan, Localitatea Tecuci",8.35,8.42,8.28,72
2025,Galați,"Școala Gimnazială Româno-Britanică, Localitatea Galați",8.33,8.5,8.17,17
2025,Galați,"Școala Gimnazială „Mihail Sadoveanu”, Localitatea Galați",8.31,8.6,8.01,101
2025,Galați,"Colegiul Național „Alexandru Ioan Cuza”, localitatea Galați",8.22,8.49,7.94,54
2025,Galați,"Scoala Gimnaziala Nr.22, Localitatea Galati",8.15,8.4,7.91,79
2025,Galați,"Scoala Gimnaziala Miron Costin, Localitatea Galati",8.15,8.56,7.75,90
2025,Galați,"Scoala Gimnaziala Nr.7, Localitatea Galati",8.12,8.22,8.03,64
2025,Galați,"Scoala Gimnaziala Nr.26, Localitatea Galati",7.97,8.3,7.63,32
2025,Galați,"Scoala Gimnaziala Dimitrie Sturdza, Localitatea Tecuci",7.89,8.34,7.44,74
2025,Galați,"Seminarul Teologic Ortodox „Sf. Andrei”, Localitatea Galați",7.85,8.08,7.62,32
2025,Galați,"Școala Gimnazială „Sfinții Împărați”, Localitatea Galați",7.84,8.5,7.18,46
2025,Galați,"Scoala Gimnaziala Nr.3, Localitatea Galati",7.76,7.93,7.41,35
2025,Galați,"Scoala Gimnaziala Nr.17, Localitatea Galati",7.75,8.15,7.35,38
2025,Galați,"Scoala Gimnaziala Dan Barbilian, Localitatea Galati",7.74,7.99,7.49,80
2025,Galați,"Școala Gimnazială „Sfântul Grigorie Teologul”, Localitatea Galați",7.7,7.96,7.45,46
2025,Galați,"Școala Gimnazială „Gheorghe Munteanu”, Localitatea Galați",7.65,7.73,7.58,26
2025,Galați,"Scoala Gimnaziala Nr.9, Localitatea Galati",7.59,8.28,6.91,37
2025,Galați,"Liceul Teoretic „Mircea Eliade”, localitatea Galați",7.58,7.92,7.25,37
2025,Galați,"Scoala Gimnaziala Nr.33, Localitatea Galati",7.58,7.95,7.21,62
2025,Galați,"Școala Gimnazială „Gabriel Drăgan”, Comuna Nicorești",7.57,8.12,7.03,17
2025,Galați,"Liceul Tehnologic nr. 1, comuna Cudalbi",7.51,8.06,6.95,13
2025,Galați,"Școala Gimnazială Nr. 2, Comuna Barcea",7.5,7.88,7.12,16
2025,Galați,"Școala Gimnazială Nr. 1, Sat Coasta Lupei, Comuna Nicorești",7.44,7.59,7.29,10
2025,Galați,"Școala Gimnazială „Constantin Gh. Marinescu”, Localitatea Galați",7.38,7.83,6.93,61
2025,Galați,"Școala Gimnazială Nr. 2, Comuna Independența",7.31,7.85,6.77,11
2025,Galați,"Școala Gimnazială Nr. 1, Comuna Băneasa",7.25,8.16,6.33,15
2025,Galați,"Școala Gimnazială Nr. 1, Comuna Liesti",7.22,7.89,6.55,25
2025,Galați,"Școala Gimnazială „Sfântul Ierarh Nicolae”, Comuna Vladesti",7.21,7.12,7.3,16
2025,Galați,"Școala Gimnazială „Negoită Dănăilă”, Sat Bucești, Comuna Ivesti",7.2,7.72,6.69,33
2025,Galați,"Școala Gimnazială Prof. Emil Panaitescu, Comuna Cudalbi",7.18,7.66,6.7,35
2025,Galați,"Școala Gimnazială „Dimitrie Cantemir”, Comuna Matca",7.18,7.19,7.17,43
2025,Galați,"Școala Gimnazială Nr. 1, Sat Condrea, Comuna Umbrărești",7.13,7.89,6.38,13
2025,Galați,"Școala Gimnazială „Florea Julea”, Comuna Negrilești",7.13,7.35,6.91,16
2025,Galați,"Școala Gimnazială Nr. 1, Comuna Independența",7.13,7.81,6.45,15
2025,Galați,"Scoala Gimnaziala Elena Doamna, Localitatea Tecuci",7.13,7.54,6.72,17
2025,Galați,"Școala Gimnazială Nr. 1, Comuna Băleni",7.09,7.37,6.81,10
2025,Galați,"Școala Gimnazială Nr.1, Sat Fântânele, Comuna Scânteiești",7.08,8.04,6.14,7
2025,Galați,"Scoala Gimnaziala Stefan Octavian Iosif, Localitatea Tecuci",7.08,7.4,6.76,31
2025,Galați,"Școala Gimnazială Nr. 1, Comuna Munteni",7.08,7.04,7.12,20
2025,Galați,"Școala Gimnazială Nr. 1, Comuna Slobozia Conachi",7.07,7.33,6.8,31
2025,Galați,"Școala Gimnazială „Sfântul Nicolae”, Comuna Liesti",7.06,7.6,6.54,17
2025,Galați,"Școala Gimnazială Nr. 1, Comuna Rediu",7.06,7.48,6.65,16
2025,Galați,"Scoala Gimnaziala Iulia Hasdeu, Localitatea Galati",7.05,7.85,6.26,22
2025,Galați,"Școala Gimnazială „Grigore Moisil”, Localitatea Galați",7.02,7.49,6.55,73
2025,Galați,"Școala Gimnazială Nr. 1, Comuna Pechea",7.02,7.52,6.53,16
2025,Galați,"Școala Gimnazială „Unirea”, Comuna Braniștea",7.02,7.6,6.43,25
2025,Galați,"Scoala Gimnaziala Nr.5, Localitatea Galati",7.01,7.47,6.55,62
2025,Galați,"Școala Gimnazială Nr. 1, Comuna Rădești",7.01,7.45,6.58,6
2025,Galați,"Școala Gimnazială Nr. 1, Comuna Corod",7.0,7.63,6.37,14
2025,Galați,"Școala Gimnazială „Sf. Stelian”, Sat Umbrărești Deal, Comuna Umbrărești",6.97,7.61,6.33,16
2025,Galați,"Școala Gimnazială „Tudor Pamfile”, Comuna Tepu",6.92,7.43,6.42,17
2025,Galați,"Școala Gimnazială „Doamna Nica”, Comuna Valea Marului",6.91,6.84,6.99,23
2025,Galați,"Școala Gimnazială Nr. 3, Comuna Liesti",6.9,7.49,6.31,18
2025,Galați,"Școala Gimnazială „Sfântul Nicolae”, Comuna Vânători",6.89,7.32,6.47,23
2025,Galați,"Liceul Tehnologic nr. 1, Comuna Corod",6.85,7.53,6.19,18
2025,Galați,"Liceul Tehnologic „Costache Conachi”, comuna Pechea",6.8,7.2,6.41,34
2025,Galați,"Școala Gimnazială Nr. 1, Comuna Matca",6.79,6.86,6.72,73
2025,Galați,"Școala Gimnazială Nr. 2, Comuna Liesti",6.78,7.13,6.44,21
2025,Galați,"Școala Gimnazială Nr. 3, Comuna Pechea",6.77,7.07,6.14,11
2025,Galați,"Liceul Tehnologic „Paul Bujor”, oraș Beresti",6.73,6.98,6.48,20
2025,Galați,"Școala Gimnazială Nr. 1, Comuna Sendreni",6.72,7.45,6.0,27
2025,Galați,"Liceul de Arte „Dimitrie Cuclin”, localitatea Galați",6.7,7.46,5.95,32
2025,Galați,"Școala Gimnazială „Dumitru Căpraru”, comuna Grivița",6.7,7.04,6.36,27
2025,Galați,"Școala Gimnazială „Lascar Catargiu”, Comuna Schela",6.69,7.22,6.17,28
2025,Galați,"Școala Gimnazială Nr. 1, Sat Bucești, Comuna Ivesti",6.67,7.18,6.17,16
2025,Galați,"Școala Gimnazială „Elena Doamna”, Comuna Cuza Vodă",6.62,6.84,6.41,22
2025,Galați,"Școala Gimnazială Nr. 1, Comuna Tulucești",6.61,7.41,5.82,25
2025,Galați,"Școala Gimnazială Nr. 1, Comuna Namoloasa",6.61,7.22,6.0,12
2025,Galați,"Scoala Gimnaziala Nr.18, Localitatea Galati",6.56,6.89,6.24,62
2025,Galați,"Scoala Gimnaziala Anghel Rugina, Localitatea Tecuci",6.52,7.28,5.77,21
2025,Galați,"Școala Gimnazială „Mihail și Gavril”, Sat Mihail Kogălniceanu, Comuna Smârdan",6.52,7.16,5.88,13
2025,Galați,"Școala Gimnazială „Sfânta Cuvioasă Parascheva”, Comuna Smârdan",6.51,7.08,5.95,16
2025,Galați,"Scoala Gimnaziala Nr.10, Localitatea Galati",6.48,7.24,5.73,19
2025,Galați,"Școala Gimnazială „Dimitrie Luchian”, Comuna Piscu",6.42,7.02,5.82,38
2025,Galați,"Școala Gimnazială Nr. 1, Comuna Bălășești",6.42,6.52,6.32,14
2025,Galați,"Liceul cu Program Sportiv, Localitatea Galați",6.41,6.92,5.9,23
2025,Galați,"Liceul Tehnologic „Tudor Vladimirescu”, Comuna Tudor Vladimirescu",6.39,6.65,6.13,35
2025,Galați,"Școala Gimnazială Nr. 1, Sat Adam, Comuna Dragușeni",6.35,7.08,5.63,6
2025,Galați,"Școala Gimnazială Nr. 1, Comuna Suhurlui",6.34,6.48,6.2,2
2025,Galați,"Școala Gimnazială „Alexei Mateevici”, Comuna Movileni",6.33,6.49,6.18,16
2025,Galați,"Școala Gimnazială „Maria Grecu”, Sat Odaia Manolache, Comuna Vânători",6.29,6.91,5.67,12
2025,Galați,"Școala Gimnazială Nr. 1, Comuna Varlezi",6.27,6.99,5.56,12
2025,Galați,"Școala Gimnazială Nr. 1, Sat Sivita, Comuna Tulucești",6.27,7.09,5.45,12
2025,Galați,"Școala Gimnazială „Smaranda Braiescu”, Sat Hănțești, Comuna Buciumeni",6.25,7.41,5.1,13
2025,Galați,"Școala Gimnazială „Gheorghe Poalelungi”, Comuna Mastacani",6.24,6.74,5.76,12
2025,Galați,"Liceul Tehnologic „Eremia Grigorescu”, oraș Tg. Bujor",6.23,6.9,5.57,20
2025,Galați,"Școala Gimnazială Nr. 1, Sat Furcenii Noi, Comuna Cosmești",6.21,6.59,5.84,19
2025,Galați,"Școala Gimnazială „Petru Rareș”, Comuna Frumușita",6.2,6.58,5.81,17
2025,Galați,"Școala Gimnazială „Ștefan Istrate”, comuna Fârțănești",6.15,6.5,5.81,14
2025,Galați,"Școala Gimnazială Nr. 1, Comuna Dragușeni",6.14,7.35,4.93,25
2025,Galați,"Școala Gimnazială Nr. 2, Sat Chiraftei, Comuna Măstăcani",6.12,6.35,5.91,12
2025,Galați,"Școala Gimnazială „Sfântul Gheorghe”, Comuna Cuca",6.12,6.3,5.93,12
2025,Galați,"Școala Gimnazială Nr. 1, Comuna Umbrărești",6.07,6.54,5.51,18
2025,Galați,"Școala Gimnazială „George Ivașcu”, Comuna Certești",6.03,6.2,5.86,26
2025,Galați,"Scoala Gimnaziala Nr.24, Localitatea Galati",6.02,6.4,5.65,10
2025,Galați,"Școala Gimnazială Nr. 4, Comuna Pechea",6.0,6.83,5.17,13
2025,Galați,"Școala Gimnazială Nr. 1, Sat Berheci, Comuna Gohor",5.98,6.78,5.19,11
2025,Galați,"Școala Gimnazială Nr. 1, Comuna Gohor",5.92,6.04,5.81,12
2025,Galați,"Școala Gimnazială „Sf. Trei Ierarhi”, Sat Hanu Conachi, Comuna Fundeni",5.89,6.59,5.2,27
2025,Galați,"Scoala Gimnaziala Nr.16, Localitatea Galati",5.86,6.5,5.22,24
2025,Galați,"Școala Gimnazială Nr. 1, Sat Malu Alb, Comuna Drăgănești",5.83,6.69,4.96,15
2025,Galați,"Școala Gimnazială Nr. 1, Comuna Barcea",5.78,6.69,4.88,17
2025,Galați,"Școala Gimnazială „Gheorghe și Maria Tasca”, Comuna Balabanesti",5.77,6.34,5.21,13
2025,Galați,"Școala Gimnazială „Elena Negri”, Comuna Costache Negri",5.77,6.0,5.54,31
2025,Galați,"Școala Gimnazială Nr. 2, Comuna Fărțănești",5.76,6.49,5.03,11
2025,Galați,"Școala Gimnazială „Natalia Negru”, Comuna Buciumeni",5.74,5.64,5.15,5
2025,Galați,"Școala Gimnazială „Grigore Hagiu”, Oraș Tg. Bujor",5.71,6.32,5.1,25
2025,Galați,"Școala Gimnazială Nr. 1, Sat Viile, Comuna Fărțănești",5.56,6.96,4.16,5
2025,Galați,"Școala Gimnazială „Stroe S. Belloescu”, Sat Plesa, Comuna Beresti-Meria",5.51,6.43,4.6,5
2025,Galați,"Școala Gimnazială „Ludovic Cosma”, Localitatea Galați",5.43,6.39,4.48,10
2025,Galați,"Școala Gimnazială Nr. 1, Comuna Priponesti",5.38,5.53,5.23,19
2025,Galați,"Școala Gimnazială „Ion Creangă”, Sat Talpigi, Comuna Ghidigeni",5.37,5.13,5.42,29
2025,Galați,"Școala Gimnazială Nr. 1, Comuna Frumușita",5.36,6.31,4.41,16
2025,Galați,"Școala Gimnazială Nr. 1, Comuna Drăgănești",5.36,6.16,4.57,16
2025,Galați,"Școala Gimnazială „Vasile Seicaru”, Comuna Oancea",5.36,5.48,5.24,5
2025,Galați,"Școala Gimnazială Nr. 1, Sat Fundeanu, Comuna Dragușeni",5.33,5.46,5.21,15
2025,Galați,"Școala Gimnazială Nr. 1, Comuna Foltesti",5.29,5.87,4.63,18
2025,Galați,"Școala Gimnazială „Mihai Viteazul”, Localitatea Galați",5.21,5.73,4.69,17
2025,Galați,"Școala Gimnazială Nr. 1, Comuna Cavadinesti",5.17,6.42,3.92,11
2025,Galați,"Școala Gimnazială „General Dumitru Dămăceanu”, Comuna Coșmești",5.16,5.4,4.89,29
2025,Galați,"Școala Gimnazială Nr. 1, Comuna Brahașești",5.02,5.56,4.37,29
2025,Galați,"Scoala Gimnaziala Nr.1, Sat Balintesti, Comuna Beresti-Meria",4.98,5.26,4.71,6
2025,Galați,"Scoala Gimnaziala Nr.20, Localitatea Galati",4.89,5.74,4.04,11
2025,Galați,"Școala Gimnazială Nr. 1, Comuna Poiana",4.83,5.59,4.07,11
2025,Galați,"Școala Gimnazială Nr. 1, Comuna Jorăști",4.72,5.38,4.06,16
2025,Galați,"Școala Gimnazială Nr. 1, Sat Slivna, Comuna Beresti-Meria",4.61,4.75,4.48,7
2025,Galați,"Școala Gimnazială „Vasile Burlui”, Comuna Suceveni",4.6,4.6,4.6,13
2025,Galați,"Școala Gimnazială Nr. 1, Sat Maciseni, Comuna Corni",4.5,4.98,4.02,7
2025,Galați,"Școala Gimnazială Nr. 1, Sat Ungureni, Comuna Munteni",4.48,4.9,4.07,12
2025,Galați,"Școala Gimnazială Nr. 1, Comuna Ghidigeni",4.33,4.9,3.76,21
2025,Galați,"Școala Gimnazială Nr. 1, Sat Blanzi, Comuna Corod",4.33,5.04,3.62,12
2025,Galați,"Școala Gimnazială „Victor Ion Popa”, Comuna Ivesti",4.18,4.05,4.11,13
2025,Galați,"Școala Gimnazială „Ene Patriciu”, Comuna Smulti",4.05,4.84,3.28,4
2025,Galați,"Școala Profesională „Hortensia Papadat Bengescu”, comuna Ivesti",4.04,4.14,3.75,10
2025,Galați,"Scoala Gimnaziala Ion Petrovici, Localitatea Tecuci",4.01,4.52,3.51,12
2025,Galați,"Scoala Gimnaziala Elena Cuza, Localitatea Galati",3.9,4.05,3.75,8
2025,Galați,"Școala Gimnazială Specială „Constantin Pufan”, Localitatea Galați",3.71,2.69,4.74,5
2025,Galați,"Școala Gimnazială „Sfinții Apostoli Petru și Pavel”, Localitatea Galați",3.64,4.28,3.0,3
2025,Galați,"Școala Gimnazială Nr. 1, Sat Toflea, Comuna Brahașești",3.5,3.73,3.5,8
2025,Galați,"Școala Profesională Specială „Emil Gârleanu”, Localitatea Galați",2.96,2.77,3.14,13
2025,Galați,"Scoala Gimnaziala Gheorghe Petrascu, Localitatea Tecuci",2.85,3.01,2.81,10
2025,Galați,"Scoala Gimnaziala „Nicolae Bălcescu”, Localitatea Tecuci",2.5,2.45,2.57,10
2025,Giurgiu,"Școala Gimnazială Nr. 2, Dărăști Vlașca",8.32,8.36,8.28,4
2025,Giurgiu,"Școala Gimnazială Nr. 2, Stoenești",8.24,8.47,8.01,22
2025,Giurgiu,"Colegiul Național „Ion Maiorescu”, Giurgiu",7.85,8.29,7.42,55
2025,Giurgiu,"Școala Gimnazială Nr. 3, Palanca",7.83,8.0,7.66,21
2025,Giurgiu,"Școala Gimnazială Nr. 7, Giurgiu",7.82,7.84,7.79,60
2025,Giurgiu,"Școala Gimnazială Nr. 1, Adunații Copăceni",7.68,7.69,7.67,24
2025,Giurgiu,"Școala Gimnazială Nr. 1, Colibași",7.64,8.12,7.15,13
2025,Giurgiu,Școala Gimnazială „Înv. Aurel Pascu”,7.6,8.04,7.16,5
2025,Giurgiu,Școala Gimnazială „Dumitru Constantin Mihai Bravu”,7.56,7.4,7.73,15
2025,Giurgiu,"Școala Gimnazială „Elina Basarab”, Herăști",7.49,7.46,7.54,17
2025,Giurgiu,"Școala Profesională, Clejani",7.47,7.4,7.54,22
2025,Giurgiu,"Școala Gimnazială Nr. 1, Greaca",7.46,7.92,7.0,3
2025,Giurgiu,"Școala Gimnazială Nr. 1, Joița",7.33,8.02,6.64,17
2025,Giurgiu,"Școala Gimnazială „Mihai Eminescu”, Giurgiu",7.3,7.49,7.1,47
2025,Giurgiu,"Școala Gimnazială „Academician Marin Voiculescu”, Giurgiu",7.28,7.65,6.93,122
2025,Giurgiu,"Școala Gimnazială Nr. 2, Cîmpurelu",7.28,7.69,6.88,15
2025,Giurgiu,"Școala Gimnazială Nr. 1, Oinacu",7.16,7.14,7.19,24
2025,Giurgiu,"Școala Gimnazială Nr. 1, Buturugeni",7.11,7.29,6.94,17
2025,Giurgiu,"Liceul Tehnologic „Tiu Dumitrescu”, Mihăilești",7.07,6.95,7.12,61
2025,Giurgiu,"Școala Gimnazială Nr. 1, Găiseni",7.05,6.43,7.68,39
2025,Giurgiu,"Școala Gimnazială Nr. 1, Bolintin-Vale",6.99,7.43,6.55,45
2025,Giurgiu,"Școala Gimnazială Nr. 1, Malu Spart",6.98,7.24,6.73,25
2025,Giurgiu,"Școala Gimnazială „Nicolae Lahovary”, Trestieni",6.93,7.5,6.36,53
2025,Giurgiu,"Școala Gimnazială Nr. 1, Grădinari",6.9,7.48,6.33,14
2025,Giurgiu,"Școala Gimnazială Nr. 2, Căscioarele",6.9,6.29,7.51,29
2025,Giurgiu,"Școala Gimnazială Nr. 2, Hulubești",6.87,7.44,6.3,4
2025,Giurgiu,"Școala Gimnazială Nr. 1, Popești",6.83,6.75,6.92,21
2025,Giurgiu,"Școala Gimnazială Nr. 2, Cartojani",6.79,7.4,6.19,30
2025,Giurgiu,"Școala Gimnazială „Sfântul Nectarie”, Ogrezeni",6.79,7.36,6.22,21
2025,Giurgiu,"Școala Gimnazială „Sfinții Martiri Brâncoveni”, Giurgiu",6.79,7.38,6.19,40
2025,Giurgiu,"Școala Gimnazială Nr. 1, Daia",6.73,7.52,5.94,10
2025,Giurgiu,"Școala Gimnazială Nr. 1, Călugăreni",6.71,7.29,6.13,17
2025,Giurgiu,"Școala Gimnazială Nr. 1, Florești",6.7,6.92,6.49,23
2025,Giurgiu,"Școala Gimnazială Nr. 1, Poenari",6.7,6.85,6.56,29
2025,Giurgiu,"Școala Gimnazială „Dumitru Pătrașcu”, Crevedia Mică",6.69,7.16,6.23,14
2025,Giurgiu,"Școala Gimnazială „Banu Băleanu”, Bolintin-Deal",6.69,7.42,5.97,43
2025,Giurgiu,"Școala Gimnazială Nr. 1, Valea Dragului",6.67,6.48,6.87,16
2025,Giurgiu,"Școala Gimnazială „Sfântul Gheorghe”, Giurgiu",6.63,7.19,6.07,40
2025,Giurgiu,"Școala Gimnazială Nr. 1, Singureni",6.56,7.13,6.0,12
2025,Giurgiu,"Școala Gimnazială „Aurel Solacolu”, Ogrezeni",6.56,6.94,6.19,18
2025,Giurgiu,"Școala Gimnazială Nr. 2, Podu Doamnei",6.54,6.3,6.78,33
2025,Giurgiu,"Școala Gimnazială Nr. 2, Milcovățu",6.54,7.33,5.74,9
2025,Giurgiu,"Școala Gimnazială Nr. 2, Bâcu",6.53,6.96,6.1,17
2025,Giurgiu,"Școala Gimnazială „Remus Begnescu”, Pietrele",6.45,6.82,6.08,15
2025,Giurgiu,"Școala Gimnazială Nr. 1, Cosoba",6.42,6.34,6.51,33
2025,Giurgiu,"Școala Gimnazială Nr. 2, Tântava",6.31,6.73,5.89,9
2025,Giurgiu,"Școala Gimnazială „Nicolae Crevedia”, Crevedia Mare",6.29,6.52,6.06,23
2025,Giurgiu,"Școala Gimnazială Nr. 1, Gostinari",6.25,6.68,5.83,10
2025,Giurgiu,"Școala Gimnazială „Nichifor Crainic”, Bulbucata",6.24,6.94,5.56,12
2025,Giurgiu,"Școala Gimnazială Nr. 1, Iepurești",6.23,6.71,5.76,11
2025,Giurgiu,"Școala Gimnazială Nr. 1, Frătești",6.15,7.18,5.12,3
2025,Giurgiu,"Școala Gimnazială Nr. 2, Pădureni",6.13,6.82,5.44,21
2025,Giurgiu,"Școala Gimnazială Nr. 1, Putineiu",6.11,6.8,5.43,11
2025,Giurgiu,"Școala Gimnazială Nr. 2, Remuș",6.09,7.3,4.9,10
2025,Giurgiu,"Școala Gimnazială „Savin Popescu”, Giurgiu",6.09,6.71,5.48,16
2025,Giurgiu,"Școala Gimnazială „Petre Adameșteanu”, Toporu",6.09,6.53,5.65,3
2025,Giurgiu,"Școala Gimnazială Nr. 1, Vlad Țepeș",6.07,6.63,5.51,7
2025,Giurgiu,"Școala Gimnazială Nr. 1, Letca Nouă",6.02,5.95,6.09,6
2025,Giurgiu,"Școala Gimnazială Nr. 3, Vânătorii Mari",6.0,6.99,5.0,8
2025,Giurgiu,"Școala Gimnazială Nr. 1, Prundu",5.97,6.94,5.01,14
2025,Giurgiu,"Școala Gimnazială Nr. 1, Vărăști",5.97,6.36,5.59,20
2025,Giurgiu,"Școala Gimnazială Nr. 1, Mârșa",5.96,6.87,5.04,17
2025,Giurgiu,"Școala Gimnazială Nr. 5, Giurgiu",5.94,6.27,5.62,15
2025,Giurgiu,"Școala Gimnazială Nr. 3, Giurgiu",5.88,6.95,4.81,11
2025,Giurgiu,"Școala Gimnazială Nr. 1, Roata de Jos",5.86,6.17,5.57,25
2025,Giurgiu,"Liceul „Udriște Năsturel”, Hotarele",5.85,6.56,5.15,29
2025,Giurgiu,"Școala Gimnazială Nr. 1, Slobozia",5.84,6.84,4.83,8
2025,Giurgiu,"Școala Gimnazială „Marin M. Țiculescu”, Băneasa",5.81,6.53,5.1,19
2025,Giurgiu,"Școala Gimnazială „Anghel Mareș”, Gostinu",5.8,7.15,4.46,10
2025,Giurgiu,"Școala Gimnazială Nr. 2, Grădiștea",5.78,5.91,5.66,25
2025,Giurgiu,"Școala Gimnazială Nr. 4, Zădăriciu",5.77,6.39,5.16,10
2025,Giurgiu,"Școala Gimnazială „Mircea cel Bătrân”, Giurgiu",5.76,7.24,4.29,4
2025,Giurgiu,"Școala Gimnazială Nr. 3, Letca Veche",5.7,5.4,6.0,2
2025,Giurgiu,"Școala Gimnazială „Ioan Badilă”, Malu",5.67,6.02,5.32,9
2025,Giurgiu,"Școala Gimnazială Nr. 1, Bucșani",5.65,6.0,5.3,29
2025,Giurgiu,Școala Gimnazială Prof. „Dinu Nicolae Vlașin”,5.64,6.75,4.54,10
2025,Giurgiu,"Școala Gimnazială Nr. 3, Comana",5.63,5.97,5.3,11
2025,Giurgiu,"Școala Gimnazială Nr. 1, Vânătorii Mici",5.61,6.21,5.01,8
2025,Giurgiu,"Școala Gimnazială „Drăghici Davila”, Găujani",5.59,6.3,4.89,5
2025,Giurgiu,"Școala Gimnazială Nr. 1, Stoenești",5.59,6.44,4.75,7
2025,Giurgiu,"Școala Gimnazială Nr. 1, Stănești",5.59,6.24,4.94,12
2025,Giurgiu,"Școala Gimnazială Nr. 2, Izvorul",5.46,5.62,5.3,7
2025,Giurgiu,"Școala Gimnazială Nr. 2, Dobreni",5.42,5.94,4.9,13
2025,Giurgiu,"Școala Gimnazială „Apostol Arsache”, Vedea",5.31,5.54,5.09,11
2025,Giurgiu,"Școala Gimnazială „Constantin Stăncescu”, Răsuceni",5.29,5.58,5.0,7
2025,Giurgiu,"Școala Gimnazială Nr. 1, Săbăreni",5.2,5.28,5.12,23
2025,Giurgiu,"Școala Gimnazială „Stolnicul Constantin Cantacuzino”, Isvoarele",4.77,5.24,4.31,8
2025,Giurgiu,"Școala Gimnazială Nr. 2, Chiriacu",4.73,5.37,4.1,14
2025,Giurgiu,"Școala Gimnazială „Marin Gh. Popescu”, Gogoșari",4.66,5.24,4.08,13
2025,Giurgiu,"Școala Gimnazială Nr. 1, Ghimpați",4.66,5.11,4.2,27
2025,Giurgiu,"Școala Gimnazială Nr. 2, Naipu",4.49,4.75,4.23,12
2025,Giurgiu,"Școala Gimnazială Nr. 1, Cucuruzu",4.45,4.4,4.5,3
2025,Giurgiu,"Școala Gimnazială Nr. 2, Vadu Lat",4.36,5.22,3.52,10
2025,Giurgiu,"Școala Gimnazială Nr. 1, Izvoarele",4.19,4.29,4.1,13
2025,Gorj,"Colegiul Național „Ecaterina Teodoroiu”, Târgu Jiu",8.71,8.93,8.5,29
2025,Gorj,"Colegiul Național „Tudor Vladimirescu”, Târgu Jiu",8.63,8.71,8.56,81
2025,Gorj,Școala Gimnazială Arcani,8.6,8.95,8.25,3
2025,Gorj,"Școala Gimnazială „Alexandru Ștefulescu”, Târgu Jiu",8.57,8.62,8.52,169
2025,Gorj,"Școala Gimnazială „Constantin Săvoiu”, Târgu Jiu",8.52,8.6,8.43,163
2025,Gorj,"Școala Gimnazială „Constantin Brâncuși”, Târgu Jiu",8.45,8.66,8.24,68
2025,Gorj,"Colegiul Național „Spiru Haret”, Târgu Jiu",8.02,8.39,7.65,93
2025,Gorj,"Școala Gimnazială „Gheorghe Tătărescu”, Târgu Jiu",8.01,8.28,7.75,60
2025,Gorj,"Școala Gimnazială „Sfântul Nicolae”, Târgu Jiu",7.91,7.96,7.83,93
2025,Gorj,"Școala Gimnazială Pociovaliștea, Novaci",7.63,8.35,6.91,20
2025,Gorj,Școala Gimnazială Săulești,7.58,8.13,7.04,9
2025,Gorj,"Școala Gimnazială Fântânele, Urdari",7.48,7.52,7.43,15
2025,Gorj,"Colegiul Național „George Coșbuc”, Motru",7.39,7.58,7.21,30
2025,Gorj,"Școala Gimnazială „Poiana-Seciuri”, Bustuchin",7.34,7.59,7.09,11
2025,Gorj,"Școala Gimnazială „Ion Grigoroiu”, Lelești",7.27,7.76,6.79,6
2025,Gorj,"Școala Gimnazială, Bumbești-Pițic",7.27,7.57,6.97,11
2025,Gorj,"Școala Gimnazială Nr. 1, Motru",7.24,7.61,6.88,120
2025,Gorj,Liceul Tehnologic Turceni,7.2,7.71,6.7,64
2025,Gorj,Școala Gimnazială Scoarța,7.18,7.44,6.93,14
2025,Gorj,"Școala Gimnazială „Pompiliu Marcea”, Târgu Jiu",7.18,7.34,7.02,36
2025,Gorj,"Școala Gimnazială „Nicolae Tomovici-Plopșor”, Plopșoru",7.09,7.01,7.18,19
2025,Gorj,"Școala Gimnazială „Victor Popescu”, Valea cu Apă, Fărcășești",7.09,7.3,6.88,13
2025,Gorj,"Școala Gimnazială Nr. 1, Rovinari",6.99,7.07,6.92,60
2025,Gorj,"Liceul Tehnologic „General Constantin Șandru”, Bâlta, Runcu",6.99,7.41,6.57,15
2025,Gorj,"Școala Gimnazială Budieni, Scoarța",6.98,7.06,6.36,8
2025,Gorj,Școala Gimnazială Săcelu,6.96,7.5,6.42,13
2025,Gorj,Liceul Tehnologic Baia de Fier,6.93,6.83,7.04,38
2025,Gorj,"Școala Gimnazială „Grigore Geamănu”, Turcinești",6.9,7.36,6.44,9
2025,Gorj,Școala Gimnazială Novaci,6.89,7.54,6.25,37
2025,Gorj,"Școala Gimnazială Nr. 1, Albeni",6.88,6.71,7.06,15
2025,Gorj,"Școala Gimnazială Groșerea, Aninoasa",6.88,7.83,5.94,7
2025,Gorj,"Școala Gimnazială „Nicolae Costescu”, Bolboși",6.86,7.29,6.44,16
2025,Gorj,"Școala Gimnazială Nr. 1 „G. Uscătescu”, Târgu Cărbunești",6.85,6.87,6.84,68
2025,Gorj,"Școala Gimnazială „Strâmba Jiu”, Turceni",6.84,7.74,5.94,13
2025,Gorj,"Școala Gimnazială „Ion Popescu Voitești”, Voitești Vale, Bălănești",6.83,7.29,6.39,9
2025,Gorj,Școala Gimnazială Hurezani,6.83,7.29,6.37,22
2025,Gorj,"Școala Gimnazială Cărpiniș, Crasna",6.82,7.09,6.55,26
2025,Gorj,"Școala Gimnazială Nr. 1, Poiana, Turburea",6.76,7.53,6.0,14
2025,Gorj,"Liceul Tehnologic Roșia Jiu, Fărcașești",6.73,7.14,6.33,20
2025,Gorj,"Școala Gimnazială Nr. 1, Telești",6.72,6.72,6.71,17
2025,Gorj,"Școala Gimnazială „Celei”, Tismana",6.67,7.26,6.09,9
2025,Gorj,"Școala Gimnazială Nr. 1, Bumbești-Jiu",6.66,6.93,6.4,41
2025,Gorj,"Școala Gimnazială Nr. 1 Florești, Tânțăreni",6.66,7.09,6.23,26
2025,Gorj,"Școala Gimnazială Piscuri, Plopșoru",6.66,6.57,6.75,8
2025,Gorj,Școala Gimnazială Runcu,6.65,6.89,6.41,16
2025,Gorj,"Școala Gimnazială Lihulești, Berlești",6.62,7.0,6.24,13
2025,Gorj,Liceul Teologic Târgu Jiu,6.57,6.67,6.48,14
2025,Gorj,"Școala Gimnazială, Alimpești",6.56,6.72,6.41,13
2025,Gorj,"Școala Gimnazială Negreni, Comuna Licurici",6.56,6.36,6.75,14
2025,Gorj,Liceul Tehnologic Bâlteni,6.53,7.09,5.97,30
2025,Gorj,"Școala Gimnazială „Ion Popescu”, Bărbătești",6.5,7.2,5.79,13
2025,Gorj,"Școala Gimnazială Nr. 1, Urdari",6.5,6.71,6.29,13
2025,Gorj,"Școala Gimnazială Cornești, Bălești",6.46,7.48,5.44,10
2025,Gorj,Liceul Tehnologic Roșia de Amaradia,6.44,6.28,6.61,15
2025,Gorj,Școala Gimnazială Ionești,6.43,6.71,6.15,18
2025,Gorj,Școala Gimnazială Ciuperceni,6.43,7.83,5.03,7
2025,Gorj,"Școala Gimnazială „Ion Vîlceanu”, Drăgotești",6.42,6.81,6.04,17
2025,Gorj,Școala Gimnazială Samarinești,6.42,5.79,7.06,10
2025,Gorj,"Școala Gimnazială Nr. 1, Peștișani",6.37,6.73,6.0,28
2025,Gorj,Liceul Mătăsari,6.36,6.9,5.83,41
2025,Gorj,"Școala Gimnazială „Aurel Teodorescu”, Stejari",6.34,7.02,5.67,17
2025,Gorj,Școala Gimnazială Câlnic,6.32,6.89,5.76,8
2025,Gorj,"Școala Gimnazială, Jupânești",6.29,5.75,6.83,6
2025,Gorj,"Școala Gimnazială Nr.1 Valea, Bolboși",6.28,6.48,6.1,10
2025,Gorj,"Școala Gimnazială Pocruia, Tismana",6.28,6.56,6.0,14
2025,Gorj,"Școala Gimnazială, Slivilești",6.23,6.31,6.16,11
2025,Gorj,"Școala Gimnazială, Drăguțești",6.16,6.95,5.38,15
2025,Gorj,"Școala Gimnazială Nr. 1, Țicleni",6.16,6.35,5.98,14
2025,Gorj,"Școala Gimnazială, Târgu Logrești",6.12,6.23,6.01,19
2025,Gorj,"Școala Gimnazială Prof. Nicolae Caranda, Glogova",6.1,6.31,5.89,9
2025,Gorj,Liceul cu Program Sportiv Târgu Jiu,6.09,6.32,5.86,21
2025,Gorj,Școala Gimnazială Prigoria,6.08,6.16,6.0,20
2025,Gorj,"Școala Gimnazială „Mazilu Vipie Gheorghe”, Valea Mănăstirii, Cătunele",6.03,6.04,6.02,7
2025,Gorj,"Școala Gimnazială Bălcești, Bengești-Ciocadia",6.02,5.59,6.46,9
2025,Gorj,"Școala Gimnazială Nr. 1, Polovragi",6.01,6.59,5.44,16
2025,Gorj,"Școala Gimnazială „Tudor Vladimirescu”, Andreești, Vladimir",5.98,6.79,5.18,10
2025,Gorj,Școala Gimnazială Mușetești,5.98,6.5,5.46,10
2025,Gorj,"Școala Gimnazială Nr. 1, Negomir",5.97,6.2,5.74,13
2025,Gorj,"Liceul de Arte „Constantin Brăiloiu”, Târgu Jiu",5.96,6.54,5.38,20
2025,Gorj,Școala Gimnazială Aninoasa,5.94,6.32,5.56,17
2025,Gorj,"Școala Gimnazială Raci, Negomir",5.93,6.62,5.24,18
2025,Gorj,"Școala Gimnazială Nr. 1, Dănești",5.91,6.74,5.09,18
2025,Gorj,"Școala Gimnazială Nr. 7, Târgu Jiu",5.87,6.3,5.44,11
2025,Gorj,"Școala Gimnazială „Ecaterina Teodoroiu”, Târgu Jiu",5.86,6.13,5.59,23
2025,Gorj,"Școala Gimnazială Nr. 3, Rovinari",5.85,5.86,5.84,23
2025,Gorj,"Școala Gimnazială „Cornelius Radu”, Rădinești, Dănciulești",5.79,5.92,5.66,8
2025,Gorj,Școala Gimnazială Godinești,5.78,5.98,5.59,12
2025,Gorj,"Școala Gimnazială Nr. 2, Motru",5.74,5.57,5.91,28
2025,Gorj,Școala Gimnazială Crușeț,5.66,5.97,5.36,24
2025,Gorj,Liceul Tehnologic Turburea,5.66,5.92,5.4,12
2025,Gorj,Școala Gimnazială Padeș,5.62,6.59,4.65,19
2025,Gorj,"Școala Gimnazială „Antonie Mogoș Ceauru”, Bălești",5.61,5.28,5.95,16
2025,Gorj,"Școala Gimnazială Izvoarele, Plopșoru",5.51,5.39,5.63,18
2025,Gorj,Școala Gimnazială Căpreni,5.5,5.09,5.93,10
2025,Gorj,"Școala Gimnazială Ruget, Roșia de Amaradia",5.49,5.11,5.65,7
2025,Gorj,Liceul Tehnologic Tismana,5.45,5.84,5.06,14
2025,Gorj,Școala Gimnazială Stănești,5.44,5.58,5.31,7
2025,Gorj,"Școala Gimnazială „Voievod Litovoi”, Târgu Jiu",5.44,5.43,5.46,27
2025,Gorj,"Școala Gimnazială Nr. 1 Peșteana Jiu, Bâlteni",5.4,5.97,4.84,19
2025,Gorj,"Școala Gimnazială „Capu Dealului”, Brănești",5.38,5.61,5.06,20
2025,Gorj,Școala Gimnazială Țânțăreni,5.37,5.25,5.51,16
2025,Gorj,Școala Gimnazială Borăscu,5.3,5.42,5.18,19
2025,Gorj,"Școala Gimnazială Sâmbotin, Schela",5.08,4.28,5.88,6
2025,Gorj,Liceul Tehnologic Bustuchin,5.06,5.61,4.53,13
2025,Gorj,"Școala Gimnazială Nr. 1, Văgiulești",5.03,4.85,5.21,11
2025,Gorj,Liceul Tehnologic Stoina,4.84,4.63,4.74,6
2025,Gorj,Școala Gimnazială Bălești,4.71,4.81,4.48,12
2025,Gorj,"Școala Gimnazială Cernădia, Baia de Fier",4.22,3.39,4.86,6
2025,Gorj,"Centrul Școlar Pentru Educație Incluzivă, Târgu Jiu",2.34,2.31,2.38,4
2025,Harghita,"Liceul Teoretic „Tamási Áron”, Odorheiu Secuiesc",8.3,7.35,8.49,23
2025,Harghita,"Liceul Pedagogic „Benedek Elek”, Odorheiu Secuiesc",7.98,7.59,7.34,28
2025,Harghita,"Școala Gimnazială „Orbán Balázs”, Odorheiu Secuiesc",7.95,7.6,7.01,59
2025,Harghita,"Colegiul Reformat „Báczkamadarasi Kis Gergely”, Odorheiu Secuiesc",7.87,7.33,7.3,57
2025,Harghita,"Liceul Teoretic „O.C. Tăslăuanu”, Toplița",7.8,8.04,7.57,30
2025,Harghita,"Liceul Teologic Romano-Catolic „Segítő Mária”, Miercurea Ciuc",7.63,7.21,6.77,27
2025,Harghita,"Colegiul Național „Octavian Goga”, Miercurea Ciuc",7.51,7.94,7.08,43
2025,Harghita,"Școala Gimnazială „Berzenczei László”, Lutița",7.49,6.49,7.01,13
2025,Harghita,"Școala Gimnazială „Fogarasy Mihály”, Gheorgheni",7.43,6.59,6.89,78
2025,Harghita,"Școala Gimnazială „Imets Fülöp Jákó”, Tușnad",7.37,6.8,6.72,13
2025,Harghita,"Liceul de Arte „Dr. Palló Imre”, Odorheiu Secuiesc",7.36,6.36,6.79,42
2025,Harghita,"Liceul Tehnologic „Petőfi Sándor”, Dănești",7.35,6.46,7.04,11
2025,Harghita,"Liceul de Arte „Nagy István”, Miercurea Ciuc",7.32,6.54,6.56,48
2025,Harghita,"Școala Gimnazială „József Attila” -2, Miercurea Ciuc",7.31,6.42,6.82,77
2025,Harghita,"Școala Gimnazială „Teodor Chindea”, Voșlăbeni",7.3,6.44,7.3,4
2025,Harghita,"Școala Gimnazială „Petőfi Sándor”, Miercurea Ciuc",7.26,6.09,6.92,65
2025,Harghita,"Școala Gimnazială „László Gyula”, Sânpaul",7.24,6.8,6.62,6
2025,Harghita,"Școala Gimnazială „Sfântu Ilie”, Toplița",7.21,7.04,7.39,31
2025,Harghita,"Școala Gimnazială „Bethlen Gábor”, Odorheiu Secuiesc",7.21,6.37,6.85,50
2025,Harghita,"Școala Gimnazială „József Attila”, Vărșag",7.19,6.1,6.31,4
2025,Harghita,"Liceul Teoretic „Kemény János”, Toplița",7.16,7.04,6.71,9
2025,Harghita,"Școala Gimnazială „Gál Sándor”, Ciucsângeorgiu",7.15,6.49,6.15,7
2025,Harghita,"Școala Gimnazială „Nagy Imre”, Miercurea Ciuc",7.14,6.46,6.28,108
2025,Harghita,"Școala Gimnazială „Márton Áron”, Brădești",7.05,6.17,6.79,17
2025,Harghita,"Școala Gimnazială „Petőfi Sándor”, Cristuru Secuiesc",7.04,6.0,6.38,29
2025,Harghita,"Școala Gimnazială, Valea Lui Pavel",6.98,5.5,6.52,3
2025,Harghita,"Școala Gimnazială „Dr. P. Benedek Fidél”, Bisericani",6.96,5.62,6.6,21
2025,Harghita,"Școala Gimnazială „Arany János”, Mihăileni",6.96,5.82,7.11,28
2025,Harghita,"Școala Gimnazială „Vaskertes”, Gheorgheni",6.95,5.54,6.87,49
2025,Harghita,"Școala Gimnazială, Tulgheș",6.89,7.67,6.04,23
2025,Harghita,Școala Gimnazială „Márton Ferenc Bancu”,6.87,5.43,6.87,20
2025,Harghita,"Școala Gimnazială „Móra Ferenc”, Odorheiu Secuiesc",6.83,5.77,6.08,74
2025,Harghita,"Școala Gimnazială „Fülöp Áron”, Feliceni",6.81,5.7,6.64,26
2025,Harghita,"Liceul Teoretic „Orbán Balázs”, Cristuru Secuiesc",6.81,5.6,6.23,21
2025,Harghita,"Liceul Tehnologic „Sövér Elek”, Joseni",6.81,5.8,6.59,47
2025,Harghita,"Școala Gimnazială „Endes József”, Sânsimion",6.8,5.41,6.15,15
2025,Harghita,"Liceul Teologic Unitarian „Berde Mózes”, Cristuru Secuiesc",6.76,5.61,6.04,26
2025,Harghita,"Școala Gimnazială „Román Viktor”, Mărtiniș",6.76,5.26,6.55,7
2025,Harghita,"Școala Gimnazială „Mártonffi János”, Vlăhița",6.73,5.89,6.29,37
2025,Harghita,"Școala Gimnazială „Geo Bogza”, Bălan",6.73,6.97,6.49,13
2025,Harghita,"Școala Gimnazială „O.C. Tăslăuanu”, Bilbor",6.72,7.31,6.14,17
2025,Harghita,"Liceul Teoretic „Sfântu Nicolae”, Gheorgheni",6.72,7.37,6.07,27
2025,Harghita,"Școala Gimnazială „Siklódi Lőrinc”, Ditrău",6.7,5.48,6.3,30
2025,Harghita,"Școala Gimnazială „Székely Mózes”, Lueta",6.68,5.57,6.01,41
2025,Harghita,"Școala Gimnazială „Bálint Vilmos”, Tomești",6.65,5.8,5.82,22
2025,Harghita,"Școala Gimnazială „Liviu Rebreanu”, Miercurea Ciuc",6.65,7.39,5.92,32
2025,Harghita,"Școala Gimnazială „Sükösd Ferenc”, Ocna de Jos",6.64,5.28,6.26,13
2025,Harghita,"Școala Gimnazială „Áprily Lajos”, Praid",6.59,5.48,5.83,20
2025,Harghita,"Școala Gimnazială, Armășeni",6.57,5.74,5.92,10
2025,Harghita,"Școala Gimnazială „Elekes Vencel”, Suseni",6.57,5.01,6.41,21
2025,Harghita,"Școala Gimnazială, Corbu",6.56,7.08,6.04,20
2025,Harghita,"Școala Gimnazială „Márton Áron”, Sândominic",6.56,4.85,6.15,46
2025,Harghita,"Școala Gimnazială „Petőfi Sándor”, Dealu",6.51,5.52,6.11,16
2025,Harghita,Școala Gimnazială Livezi,6.5,7.18,5.84,4
2025,Harghita,"Școala Gimnazială „Kriza János”, Căpâlnița",6.46,5.09,6.34,23
2025,Harghita,"Liceul Tehnologic „Tivai Nagy Imre”, Sânmartin",6.43,5.54,5.87,25
2025,Harghita,"Școala Gimnazială „Mártonffy György”, Cârța",6.41,4.73,6.36,33
2025,Harghita,"Școala Gimnazială „Kiss Ferenc”, Mădăraș",6.4,5.68,5.58,9
2025,Harghita,"Școala Gimnazială „Fráter György”, Remetea",6.35,4.88,5.91,38
2025,Harghita,"Școala Gimnazială „Tamási Áron”, Vlăhița",6.34,4.89,5.66,35
2025,Harghita,"Școala Gimnazială „Domokos Pál Péter”, Lunca de Sus",6.32,5.58,5.54,17
2025,Harghita,"Liceul Tehnologic „Zimmethausen”, Borsec",6.26,5.8,5.1,14
2025,Harghita,"Școala Gimnazială „Köllő Miklós”, Ciumani",6.24,5.27,5.85,31
2025,Harghita,"Liceul Teoretic „Dr. P. Boros Fortunat”, Zetea",6.24,5.09,5.62,43
2025,Harghita,"Școala Gimnazială „Arany János”, Sântimbru",6.17,4.02,6.07,16
2025,Harghita,"Școala Gimnazială „Tamási Áron”, Lupeni",6.15,5.11,5.38,24
2025,Harghita,"Școala Gimnazială „Márton Ferenc”, Păuleni-Ciuc",6.13,4.9,5.34,13
2025,Harghita,Școala Gimnazială Nicolești,6.09,4.55,6.23,18
2025,Harghita,Școala Gimnazială Toplița-Călimănel,6.05,6.08,6.02,18
2025,Harghita,"Școala Gimnazială „Majláth Gusztáv Károly”, Lunca de Jos",5.99,3.93,6.78,45
2025,Harghita,"Școala Gimnazială „Bethlen Gábor”, Lăzarea",5.98,4.69,5.37,24
2025,Harghita,"Liceul „Marin Preda”, Odorheiu Secuiesc",5.97,6.62,5.33,8
2025,Harghita,"Școala Gimnazială „Jókai Mór”, Băile Tușnad",5.95,4.78,5.39,11
2025,Harghita,"Școala Gimnazială „Miron Cristea”, Toplița",5.94,6.66,5.22,43
2025,Harghita,"Școala Gimnazială „Körösi Csoma Sándor”, Vărșag",5.94,4.15,5.6,17
2025,Harghita,"Școala Gimnazială „Nyirő József”, Satu Mare",5.89,4.9,5.31,13
2025,Harghita,"Școala Gimnazială „Kányádi Sándor”, Porumbenii Mari",5.87,3.96,6.07,7
2025,Harghita,"Liceul Teologic Romano-Catolic „Szent Erzsébet”, Lunca de Sus",5.86,4.35,5.25,19
2025,Harghita,"Școala Gimnazială „Szent István”, Sâncrai",5.83,5.1,5.1,14
2025,Harghita,"Școala Gimnazială „Kelemen Imre”, Ocland",5.81,4.51,5.32,10
2025,Harghita,"Școala Gimnazială „Nyirő József”, Frumoasa",5.71,4.19,5.34,14
2025,Harghita,"Școala Gimnazială „Vitos Mózes”, Sâncrăieni",5.68,3.76,5.21,7
2025,Harghita,Școala Gimnazială Fântâna Brazilor,5.66,4.75,4.5,1
2025,Harghita,"Școala Gimnazială „Dumitru Gafton”, Gălăuțaș",5.64,6.75,4.55,15
2025,Harghita,"Școala Gimnazială „Dávid Ferenc”, Merești",5.63,4.47,5.38,8
2025,Harghita,Școala Gimnazială Crișeni,5.62,3.52,6.32,8
2025,Harghita,"Școala Gimnazială „Zöld Péter”, Siculeni",5.59,4.37,5.34,25
2025,Harghita,"Școala Gimnazială „Kájoni János”, Ciceu",5.56,4.28,4.97,26
2025,Harghita,"Liceul „Miron Cristea”, Subcetate",5.56,5.75,5.37,20
2025,Harghita,"Școala Gimnazială „Erőss Zsolt”, Jolotca",5.55,4.33,5.14,5
2025,Harghita,Liceul Tehnologic Corund,5.53,4.29,5.02,31
2025,Harghita,"Școala Gimnazială „Balás Jenő”, Remetea Ciutac",5.52,3.93,5.8,13
2025,Harghita,"Școala Gimnazială „Dr. Csiby Andor”, Ditrău",5.5,4.48,4.13,3
2025,Harghita,"Școala Gimnazială „Cserei Mihály”, Racu",5.48,3.73,5.04,15
2025,Harghita,"Școala Gimnazială „Kós Károly”, Gheorgheni",5.45,4.4,4.43,15
2025,Harghita,Școala Gimnazială Valea Rece,5.44,4.06,4.95,18
2025,Harghita,"Școala Gimnazială „Sfântu Andrei”, Sărmaș",5.31,6.03,4.47,18
2025,Harghita,"Școala Gimnazială „Tarisznyás Márton”, Valea Strâmbă",5.27,3.38,5.6,7
2025,Harghita,"Școala Gimnazială „Pécsi Simon”, Eliseni",5.26,4.13,4.25,8
2025,Harghita,"Școala Gimnazială „Székely Mózes”, Ocna de Sus",5.24,3.59,5.1,10
2025,Harghita,"Școala Gimnazială „Tuzson János”, Cășinu Nou",5.23,3.79,5.17,5
2025,Harghita,"Școala Gimnazială, Mugeni",5.19,3.19,5.14,17
2025,Harghita,"Școala Gimnazială „Nagy István”, Misentea",5.15,4.35,4.38,8
2025,Harghita,"Școala Gimnazială „Dr. Lukács Mihály”, Plăieșii de Jos",5.03,3.7,4.41,15
2025,Harghita,"Școala Gimnazială „Tompa László”, Odorheiu Secuiesc",5.03,3.25,4.62,26
2025,Harghita,"Școala Gimnazială „Toró Tibor”, Ulieș",4.82,2.99,4.39,4
2025,Harghita,"Școala Gimnazială „Jósika Miklós”, Atid",4.63,2.81,5.07,14
2025,Harghita,"Școala Gimnazială „Imets Fülöp Jákó”, Tușnadu Nou",4.44,3.35,3.78,10
2025,Harghita,"Școala Gimnazială „Benedek Elek”, Avrămești",4.39,3.49,3.62,8
2025,Harghita,"Școala Gimnazială „Bem József”, Secuieni",4.37,2.86,4.19,10
2025,Harghita,"Școala Gimnazială „János Zsigmond”, Dârjiu",4.28,2.48,4.28,7
2025,Harghita,"Școala Gimnazială „Augusztinovics Pál”, Șoimușu Mic",3.85,2.57,3.58,11
2025,Harghita,"Școala Gimnazială Nr. 1, Bălan",3.65,3.0,4.17,3
2025,Harghita,"Școala Gimnazială „Dr. Boga Alajos”, Cozmeni",3.55,1.9,3.48,14
2025,Harghita,"Școala Gimnazială „Makkai András”, Rugănești",3.28,1.63,3.33,5
2025,Harghita,"Școala Gimnazială „Móra Ferenc”, Goagiu",2.95,1.54,3.09,8
2025,Harghita,"Școala Gimnazială „Marosi Gergely”, Șimonești",2.82,1.88,3.25,6
2025,Harghita,"Școala Gimnazială „Xántus János”, Miercurea Ciuc",2.69,1.63,2.75,20
2025,Harghita,"Școala Gimnazială „Fabrica de Cărămidă”, Gheorgheni",2.45,1.42,2.91,8
2025,Hunedoara,Școala Gimnazială Gurasada,8.15,8.44,7.86,8
2025,Hunedoara,"Colegiul Național „Decebal”, Deva",8.01,8.38,7.84,103
2025,Hunedoara,"Colegiul Național Pedagogic „Regina Maria”, Deva",7.99,8.32,7.67,130
2025,Hunedoara,"Școala Gimnazială „Preot Iosif Comșa”, Ribița",7.95,8.38,7.53,2
2025,Hunedoara,"Școala Gimnazială „Andrei Șaguna”, Deva",7.93,8.17,7.69,99
2025,Hunedoara,"Colegiul Național „Aurel Vlaicu”, Orăștie",7.81,8.12,7.51,30
2025,Hunedoara,"Liceul Teoretic „I. C. Brătianu”, Hațeg",7.73,8.14,7.33,29
2025,Hunedoara,"Colegiul Național „Iancu de Hunedoara”, Hunedoara",7.56,7.83,7.29,73
2025,Hunedoara,"Școala Gimnazială „Ion Gheorghe Duca”, Petroșani",7.48,7.93,7.03,85
2025,Hunedoara,"Școala Gimnazială „Aron Densusianu”, Hațeg",7.38,7.58,7.18,44
2025,Hunedoara,"Școala Gimnazială „Dr. Aurel Vlad”, Orăștie",7.35,7.85,6.86,75
2025,Hunedoara,"Liceul Teoretic „Traian Lalescu”, Hunedoara",7.35,7.83,6.88,66
2025,Hunedoara,"Școala Gimnazială „Mircea Sântimbreanu”, Brad",7.35,7.8,6.91,58
2025,Hunedoara,"Școala Gimnazială Nr. 6, Petrila",7.23,7.72,6.74,16
2025,Hunedoara,"Școala Gimnazială, Densuș",7.02,7.04,6.99,8
2025,Hunedoara,"Școala Gimnazială „Sabin Oprean”, Bucureșci",7.02,7.41,6.63,4
2025,Hunedoara,"Școala Gimnazială „Horea, Cloșca și Crișan”, Brad",6.99,7.84,6.14,36
2025,Hunedoara,"Liceul de Arte „Sigismund Toduță”, Deva",6.96,7.57,6.35,52
2025,Hunedoara,"Școala Gimnazială „Ovid Densușianu”, Hațeg",6.9,7.45,6.36,41
2025,Hunedoara,Școala Gimnazială Călan,6.87,7.45,6.3,63
2025,Hunedoara,"Școala Gimnazială „Ion Desideriu Sîrbu”, Petrila",6.84,7.32,6.37,43
2025,Hunedoara,"Școala Gimnazială, Râu de Mori",6.8,7.28,6.32,11
2025,Hunedoara,"Școala Gimnazială „Dominic Stanca”, Orăștie",6.77,7.08,6.46,64
2025,Hunedoara,"Școala Gimnazială „Avram Iancu”, Baia de Criș",6.74,7.53,5.96,9
2025,Hunedoara,"Școala Gimnazială „Constantin Daicoviciu”, Beriu",6.72,7.13,6.32,10
2025,Hunedoara,"Liceul Teoretic „Silviu Dragomir”, Ilia",6.72,6.86,6.58,26
2025,Hunedoara,"Școala Gimnazială „Avram Stanca”, Petroșani",6.7,7.22,6.2,84
2025,Hunedoara,"Școala Gimnazială Nr. 5, Vulcan",6.7,7.28,6.11,43
2025,Hunedoara,Școala Gimnazială Bănița,6.68,7.12,6.25,4
2025,Hunedoara,Școala Gimnazială Șoimuș,6.68,7.78,5.58,11
2025,Hunedoara,"Școala Gimnazială Nr. 7, Hunedoara",6.67,7.03,6.32,54
2025,Hunedoara,"Școala Gimnazială Nr. 2, Uricani",6.66,6.97,6.35,30
2025,Hunedoara,"Liceul cu Program Sportiv „Cetate”, Deva",6.65,6.99,6.31,45
2025,Hunedoara,"Școala Gimnazială „Hadrian Daicoviciu”, Orăștioara de Sus",6.64,7.78,5.5,10
2025,Hunedoara,"Colegiul Tehnic „Transilvania”, Deva",6.59,7.02,6.16,30
2025,Hunedoara,"Colegiul Economic „Emanuil Gojdu”, Hunedoara",6.54,7.14,5.94,86
2025,Hunedoara,Școala Gimnazială Băcia,6.53,6.93,6.13,7
2025,Hunedoara,Școala Gimnazială Boșorod,6.5,7.4,5.6,6
2025,Hunedoara,"Școala Gimnazială, Băiești",6.49,7.04,5.94,11
2025,Hunedoara,"Școala Gimnazială, Luncoiu de Jos",6.49,7.08,5.9,6
2025,Hunedoara,"Liceul Teoretic „Téglás Gábor”, Deva",6.43,6.1,6.03,21
2025,Hunedoara,"Liceul Tehnologic Energetic „Dragomir Hurmuzescu”, Deva",6.43,6.8,6.06,54
2025,Hunedoara,"Școala Gimnazială, Bretea Română",6.42,7.24,5.61,11
2025,Hunedoara,"Școala Gimnazială Nr. 6, Hunedoara",6.32,6.62,6.02,41
2025,Hunedoara,"Școala Gimnazială, Ohaba",6.28,6.79,5.77,16
2025,Hunedoara,"Școala Gimnazială Nr. 4, Vulcan",6.26,6.47,6.06,57
2025,Hunedoara,Școala Gimnazială Vălișoara,6.26,7.2,5.33,5
2025,Hunedoara,"Liceul Tehnologic „Crișan”, Crișcior",6.24,6.7,5.78,20
2025,Hunedoara,"Școala Gimnazială Nr. 3, Lupeni",6.24,6.8,5.67,38
2025,Hunedoara,"Școala Gimnazială, Romos",6.22,6.6,5.85,27
2025,Hunedoara,Școala Gimnazială Răchitova,6.16,6.36,5.96,5
2025,Hunedoara,Școala Gimnazială „Zam”,6.11,6.37,5.84,12
2025,Hunedoara,"Școala Gimnazială, Certeju de Sus",6.1,6.31,5.89,10
2025,Hunedoara,"Școala Gimnazială Nr. 2, Lupeni",6.07,6.36,5.78,33
2025,Hunedoara,"Liceul Prof. „Bora Tit Liviu”, Baru",6.06,6.28,5.85,24
2025,Hunedoara,"Școala Gimnazială „Sigismund Toduță”, Simeria",6.06,6.39,5.74,100
2025,Hunedoara,"Școala Gimnazială Nr. 7, Petroșani",5.89,6.73,5.05,37
2025,Hunedoara,Școala Gimnazială Vața de Jos,5.83,6.2,5.47,13
2025,Hunedoara,"Școala Gimnazială Nr. 2, Hunedoara",5.77,6.47,5.07,52
2025,Hunedoara,"Liceul Tehnologic „Mihai Viteazu”, Vulcan",5.73,6.22,5.24,23
2025,Hunedoara,"Școala Gimnazială „Carmen Sylva”, Petroșani",5.72,6.54,4.92,38
2025,Hunedoara,"Liceul Tehnologic „Retezat”, Uricani",5.71,6.09,5.35,19
2025,Hunedoara,Școala Gimnazială Pui,5.7,6.28,5.12,15
2025,Hunedoara,Școala Gimnazială Dobra,5.68,5.96,5.4,38
2025,Hunedoara,"Liceul Tehnologic Agricol „Alexandru Borza”, Geoagiu",5.66,6.18,5.15,26
2025,Hunedoara,Școala Gimnazială Hărău,5.65,6.26,5.04,9
2025,Hunedoara,"Școala Gimnazială Nr. 5, Petrila",5.57,6.34,4.81,31
2025,Hunedoara,"Școala Gimnazială, Teliucu Inferior",5.57,6.11,5.03,4
2025,Hunedoara,"Școala Gimnazială Nr. 1, Lupeni",5.5,6.28,4.73,22
2025,Hunedoara,"Școala Gimnazială, Rapoltu Mare",5.5,6.33,4.68,12
2025,Hunedoara,"Școala Gimnazială „Nicolae Țic”, Brănișca",5.5,5.91,5.09,4
2025,Hunedoara,Școala Gimnazială Vețel,5.48,5.82,5.15,14
2025,Hunedoara,Școala Gimnazială Sîntămăria-Orlea,5.48,6.15,4.81,17
2025,Hunedoara,"Școala Gimnazială, Lunca Cernii de Jos",5.47,5.45,5.5,1
2025,Hunedoara,"Colegiul Tehnic „Constantin Brâncuși”, Petrila",5.37,5.83,4.92,40
2025,Hunedoara,"Școala Gimnazială „Ion Buteanu”, Buceș",5.33,5.88,4.78,5
2025,Hunedoara,"Școala Gimnazială Nr. 2, Petroșani",5.3,6.22,4.4,13
2025,Hunedoara,Școala Gimnazială Sarmizegetusa,5.3,5.49,5.11,7
2025,Hunedoara,"Școala Gimnazială, Sălașu de Sus",5.09,5.93,4.26,7
2025,Hunedoara,Școala Gimnazială Băița,5.07,5.56,4.58,19
2025,Hunedoara,"Școala Gimnazială „Sfânta Varvara”, Aninoasa",5.05,5.55,4.46,18
2025,Hunedoara,"Școala Gimnazială, Ghelari",4.87,6.07,3.67,5
2025,Hunedoara,"Școala Gimnazială Nr. 1, Hunedoara",4.81,5.19,4.44,24
2025,Hunedoara,"Școala Gimnazială Nr. 6, Vulcan",4.59,4.92,4.12,24
2025,Ialomița,"Colegiul Național „Mihai Viteazul”, Slobozia",8.75,8.69,8.82,26
2025,Ialomița,"Liceul Teoretic „Carol I”, Fetești",8.7,9.03,8.37,31
2025,Ialomița,"Colegiul Național „Grigore Moisil”, Urziceni",7.96,8.32,7.6,29
2025,Ialomița,"Școala Gimnazială „Sf. Andrei”, Slobozia",7.87,8.26,7.49,103
2025,Ialomița,"Școala Gimnazială Nr. 3, Slobozia",7.78,8.24,7.33,85
2025,Ialomița,Școala Gimnazială Platonești,7.65,7.54,7.77,11
2025,Ialomița,"Liceul Pedagogic „Matei Basarab”, Slobozia",7.61,7.92,7.31,45
2025,Ialomița,"Liceul de Arte „Ionel Perlea”, Slobozia",7.54,7.84,7.24,101
2025,Ialomița,Școala Profesională „Areta Teodorescu” Grivița,7.46,8.47,6.46,17
2025,Ialomița,"Școala Gimnazială „Alexandru Odobescu”, Urziceni",7.46,8.03,6.9,70
2025,Ialomița,"Școala Gimnazială „Dimitrie Cantemir”, Fetești",7.17,7.58,6.76,24
2025,Ialomița,Școala Gimnazială Manasia,7.13,7.33,6.94,27
2025,Ialomița,"Liceul Teoretic „Paul Georgescu”, Tăndărei",7.13,7.73,6.54,20
2025,Ialomița,Școala Profesională Reviga,7.09,7.09,7.1,14
2025,Ialomița,"Școala Gimnazială „Spiru Haret”, Țăndărei",7.08,7.66,6.51,29
2025,Ialomița,Școala Gimnazială Dridu,7.01,7.13,6.89,16
2025,Ialomița,"Școala Gimnazială „Ion Heliade Rădulescu”, Urziceni",6.91,7.39,6.43,67
2025,Ialomița,"Școala Gimnazială „George Vâlsan”, Amara",6.85,7.26,6.44,40
2025,Ialomița,"Școala Gimnazială „Aurel Vlaicu”, Fetești",6.8,7.52,6.09,75
2025,Ialomița,Școala Gimnazială Făcăeni,6.68,7.59,5.78,14
2025,Ialomița,Școala Gimnazială „Gheorghe Doja”,6.64,7.26,6.03,21
2025,Ialomița,"Școala Gimnazială „Căpitan Aviator Constantin M. Cantacuzino”, Jilavele",6.61,7.29,5.94,14
2025,Ialomița,"Școala Gimnazială „Arhanghelii Mihail și Gavriil”, Munteni-Buzău",6.6,7.32,5.89,29
2025,Ialomița,Școala Gimnazială Miloșești,6.59,7.64,5.54,13
2025,Ialomița,Școala Gimnazială Adâncata,6.55,7.07,6.04,13
2025,Ialomița,Școala Gimnazială „Arhimandrit Teofil Balaciu”,6.54,7.91,5.17,6
2025,Ialomița,Școala Gimnazială Mihail Kogălniceanu,6.51,6.69,6.33,16
2025,Ialomița,"Școala Gimnazială, Săveni",6.46,7.53,5.39,19
2025,Ialomița,"Școala Gimnazială Malu Roșu, Lic. Teh. Armășești",6.45,6.92,5.99,18
2025,Ialomița,Liceul Tehnologic Fierbinți-Târg,6.39,6.99,5.8,40
2025,Ialomița,"Școala Gimnazială „Constantin Ștefan”, Albești",6.34,6.87,5.82,22
2025,Ialomița,"Școala Gimnazială „Roman Ialomițeanul”, Axintele",6.29,6.72,5.88,16
2025,Ialomița,"Liceul Tehnologic „Înălțarea Domnului”, Slobozia",6.29,6.77,5.82,16
2025,Ialomița,Școala Gimnazială Gârbovi,6.26,6.67,5.85,23
2025,Ialomița,Școala Gimnazială Cocora,6.25,7.11,5.39,12
2025,Ialomița,"Școala Gimnazială „Sfântul Ierarh Nicolae”, Bucu",6.23,7.15,5.32,14
2025,Ialomița,Școala Gimnazială Ciochina,6.15,6.51,5.79,19
2025,Ialomița,"Școala Gimnazială, Coșereni",6.11,6.68,5.55,35
2025,Ialomița,"Școala Gimnazială, Perieți",6.08,6.85,5.31,37
2025,Ialomița,"Școala Gimnazială „Ionel Perlea”, Ograda",5.93,6.72,5.16,23
2025,Ialomița,Școala Gimnazială Vlădeni,5.85,6.78,4.67,16
2025,Ialomița,"Școala Gimnazială Nr. 5 Slobozia-Lic.Teh. „Înălțarea Domnului”, Slob.",5.83,6.56,5.12,11
2025,Ialomița,"Școala Gimnazială „Constantin Gurgu” Nr.2, Luciu - Șc. Gim. Nr.1, Gura Ialomiței",5.79,6.58,5.0,12
2025,Ialomița,Școala Gimnazială Sinești,5.76,6.4,5.13,27
2025,Ialomița,"Școala Gimnazială „Ștefan Copoiu”, Andrășești",5.74,6.23,5.26,17
2025,Ialomița,"Liceul Tehnologic „Anghel Saligny”, Fetești",5.71,6.11,5.31,15
2025,Ialomița,Școala Gimnazială Bărcănești,5.68,6.58,4.78,13
2025,Ialomița,"Școala Gimnazială, Giurgeni",5.67,5.7,5.65,1
2025,Ialomița,Școala Gimnazială Maltezi,5.64,6.43,4.85,8
2025,Ialomița,"Școala Gimnazială, Căzănești",5.64,5.8,5.48,15
2025,Ialomița,"Școala Gimnazială, Colelia",5.59,6.54,4.64,8
2025,Ialomița,Școala Gimnazială Ciulnița,5.56,5.63,5.48,19
2025,Ialomița,Școala Gimnazială Cegani-Șc.Prof.Bordușani,5.56,6.48,4.63,11
2025,Ialomița,Școala Gimnazială Valea Măcrișului,5.55,6.44,4.66,14
2025,Ialomița,Școala Gimnazială „Gheorghe Lazăr”,5.51,5.91,5.11,11
2025,Ialomița,"Școala Gimnazială „Alexandru Aldea Voievod”, Alexeni",5.48,6.6,4.38,19
2025,Ialomița,Școala Gimnazială Grindu,5.44,5.68,5.21,21
2025,Ialomița,"Școala Gimnazială „Apostol D. Culea”, Sudiți",5.44,5.78,5.09,13
2025,Ialomița,Școala Gimnazială Scânteia,5.37,5.76,4.99,15
2025,Ialomița,"Școala Profesională, Traian",5.35,6.42,4.29,19
2025,Ialomița,"Școala Gimnazială „Gheorghe Lazăr”, Slobozia-Lic.Teh.Înalțarea Domnului Slob.",5.35,6.14,4.57,13
2025,Ialomița,Liceul Tehnologic de Industrie Alimentară Fetești,5.26,6.3,4.22,23
2025,Ialomița,"Școala Gimnazială „Mihai Viteazul”, Fetești",5.25,5.9,4.6,42
2025,Ialomița,Școala Gimnazială „Ferdinand I Movilă”,5.24,6.39,4.1,5
2025,Ialomița,"Școala Profesională, Bordușani",5.22,5.84,4.61,32
2025,Ialomița,Școala Gimnazială Valea Ciorii,5.21,5.92,4.5,12
2025,Ialomița,"Școala Gimnazială, Cosâmbești",5.19,6.03,4.35,8
2025,Ialomița,"Școala Gimnazială Nr. 4 Fetești-Șc. Gim. „Radu Vodă”, Fetești",5.12,6.06,4.18,10
2025,Ialomița,"Școala Gimnazială „Barbu Catargiu”, Maia",5.09,5.55,4.64,11
2025,Ialomița,Școala Gimnazială Borănești,4.94,5.69,4.2,14
2025,Ialomița,"Școala Gimnazială „Evanghelie Zappa”, Broșteni-Șc.Prof.Prof.Ioan Man Ion Roată",4.92,5.64,4.2,11
2025,Ialomița,"Școala Profesională „Profesor Ioan Man”, Ion Roată",4.87,5.87,3.88,9
2025,Ialomița,"Școala Gimnazială, Movilița",4.8,5.36,4.25,30
2025,Ialomița,"Școala Gimnazială „Alexandru Rădulescu”, Mărculești",4.65,5.09,4.21,10
2025,Ialomița,"Școala Gimnazială „Maica Domnului”, Roșiori",4.64,5.35,3.93,15
2025,Ialomița,Școala Gimnazială Rădulești,4.62,5.05,4.2,11
2025,Ialomița,"Școala Gimnazială, Malu",4.44,5.22,3.67,14
2025,Ialomița,"Școala Gimnazială, Sărățeni",4.4,4.81,4.0,9
2025,Ialomița,"Școala Gimnazială „Bora-Lic.de Arte”, Slobozia",4.24,4.31,4.19,17
2025,Ialomița,Școala Gimnazială Sălcioara,4.14,4.65,3.63,21
2025,Ialomița,Școala Gimnazială Bărbulești,3.58,3.72,3.42,13
2025,Ialomița,"Școala Gimnazială Nr. 3 Urziceni - Lic. Teh. „Sf. Ecaterina”, Urz.",3.55,3.59,3.51,5
2025,Ialomița,Școala Gimnazială Nr. 1 Țăndărei-Lic.Teh. Țăndărei,3.36,3.07,3.67,4
2025,Ialomița,"Școala Gimnazială „Radu Vodă”, Fetești",2.96,3.18,2.75,4
2025,Iași,"Colegiul Național „Emil Racoviță”, Iași",9.53,9.43,9.63,108
2025,Iași,"Colegiul Național, Iași",9.49,9.5,9.48,131
2025,Iași,"Colegiul Național „Costache Negruzzi”, Iași",9.32,9.29,9.35,141
2025,Iași,"Liceul Teoretic Paradis, Iași",9.27,9.35,9.2,34
2025,Iași,"Școala Gimnazială Euroed, Iași",9.23,9.39,9.08,11
2025,Iași,"Liceul Teoretic de Informatică „Grigore Moisil”, Iași",9.21,9.14,9.28,86
2025,Iași,"Liceul Teoretic „Varlaam Mitropolitul”, Iași",9.09,9.17,9.01,37
2025,Iași,"Colegiul Național „Ștefan cel Mare”, Hârlău",9.03,9.18,8.89,28
2025,Iași,"Colegiul Național „Mihai Eminescu”, Iași",9.0,9.12,8.88,106
2025,Iași,"Colegiul Național „Vasile Alecsandri”, Iași",8.87,8.97,8.76,75
2025,Iași,"Școala Gimnazială Internațională Spectrum, Iași",8.84,8.92,8.77,20
2025,Iași,"Liceul Teoretic „Dimitrie Cantemir”, Iași",8.76,8.88,8.66,58
2025,Iași,"Colegiul „Richard Wurmbrand”, Iași",8.76,8.85,8.68,40
2025,Iași,"Școala Gimnazială „Ștefan Bârsănescu”, Iași",8.65,8.71,8.59,133
2025,Iași,"Liceul Universității „Alexandru Ioan Cuza” din Iași, Iași",8.64,8.7,8.59,24
2025,Iași,"Școala Gimnazială „Titu Maiorescu”, Iași",8.37,8.57,8.17,145
2025,Iași,"Colegiul Național „Mihail Sadoveanu”, Pașcani",8.36,8.63,8.09,57
2025,Iași,"Liceul Teoretic „Ion Neculce”, Târgu Frumos",8.34,8.47,8.21,30
2025,Iași,"Liceul Teoretic „Alexandru Ioan Cuza”, Iași",8.32,8.31,8.35,55
2025,Iași,"Colegiul Național „Garabet Ibrăileanu”, Iași",8.31,8.49,8.12,60
2025,Iași,"Liceul Teoretic Waldorf, Iași",8.26,8.56,7.96,53
2025,Iași,"Școala Gimnazială „Alexandru cel Bun”, Iași",8.22,8.41,8.03,130
2025,Iași,"Școala Gimnazială „Dimitrie A. Sturdza”, Iași",8.18,8.47,7.9,53
2025,Iași,"Colegiul Național Pedagogic „Vasile Lupu”, Iași",8.11,8.25,7.98,26
2025,Iași,"Școala Gimnazială „Bogdan Petriceicu Hașdeu”, Iași",8.07,8.38,7.77,161
2025,Iași,"Școala Gimnazială „Otilia Cazimir”, Iași",8.06,8.22,7.91,107
2025,Iași,"Liceul „Profesor Mihai Dumitriu”, Valea Lupului",8.06,8.25,7.88,55
2025,Iași,"Liceul Teoretic „Eviss”, Valea Adâncă (Asociația Eviss)",8.05,8.11,8.0,10
2025,Iași,"Școala Gimnazială „Ion Creangă”, Iași",8.03,8.19,7.88,86
2025,Iași,"Școala Gimnazială „Ion Ghica”, Iași",7.97,8.36,7.6,70
2025,Iași,"Școala Gimnazială „Ion Simionescu”, Iași",7.95,8.21,7.69,112
2025,Iași,"Liceul Teoretic „Miron Costin”, Iași",7.8,7.93,7.67,74
2025,Iași,"Școala Gimnazială „Nicolae Iorga”, Iași",7.76,8.09,7.44,85
2025,Iași,"Școala Gimnazială „Gheorghe I. Brătianu”, Iași",7.51,7.9,7.13,62
2025,Iași,"Școala Gimnazială „D. D. Pătrășcanu”, Tomești",7.5,7.84,7.16,60
2025,Iași,"Școala Gimnazială „Alecu Russo”, Iași",7.49,7.84,7.14,57
2025,Iași,"Școala Gimnazială „Vasile Conta”, Iași",7.48,7.54,7.43,110
2025,Iași,"Școala Gimnazială, Țuțora",7.44,7.53,7.37,17
2025,Iași,"Colegiul Național de Artă „Octav Băncilă”, Iași",7.4,7.98,6.83,130
2025,Iași,"Liceul Teoretic „Miron Costin”, Pașcani",7.39,7.84,6.95,86
2025,Iași,"Școala Gimnazială Ruși, Belcești",7.34,8.23,6.45,11
2025,Iași,"Școala Gimnazială Nr. 1, Comarna",7.33,7.77,6.89,11
2025,Iași,"Școala Profesională „Ștefan cel Mare”, Cotnari",7.31,7.58,7.04,18
2025,Iași,"Școala Gimnazială „Ștefan cel Mare și Sfânt”, Dobrovăț",7.31,7.84,6.78,12
2025,Iași,"Școala Gimnazială „George Coșbuc”, Iași",7.3,7.79,6.81,47
2025,Iași,"Școala Gimnazială, Prisăcani",7.21,7.68,6.75,28
2025,Iași,"ȘCOALA GIMNAZIALĂ, BOURENI",7.19,7.29,7.1,14
2025,Iași,"Liceul Tehnologic, Vladeni",7.18,7.29,7.08,20
2025,Iași,"Școala Gimnazială, Ciurea",7.17,8.44,5.9,14
2025,Iași,"Școala Gimnazială, Sticlăria",7.14,7.39,6.91,11
2025,Iași,"Școala Gimnazială „Petru Anghel”, Probota",7.12,8.02,6.24,10
2025,Iași,"Liceul Tehnologic Economic „Nicolae Iorga”, Pașcani",7.11,7.2,7.02,40
2025,Iași,"Școala Gimnazială, Popricani",7.08,7.32,6.85,21
2025,Iași,"Școala Gimnazială, Bălțați",7.08,7.86,6.31,13
2025,Iași,"Școala Gimnazială „Elena Cuza”, Iași",7.08,7.47,6.68,71
2025,Iași,"Școala Gimnazială „Petru Rareș”, Hârlău",7.07,7.29,6.85,52
2025,Iași,"Școala Gimnazială, Mânzătești",7.06,7.46,6.68,8
2025,Iași,"Școala Gimnazială, Osoi",7.04,7.53,6.55,15
2025,Iași,"Liceul Tehnologic „Mihai Busuioc”, Pașcani",7.01,7.33,6.68,23
2025,Iași,"Liceul Teoretic „Comandor Alexandru Cătuneanu”, Lunca Cetățuii",7.0,7.68,6.33,37
2025,Iași,"Școala Gimnazială, Lețcani",6.99,7.32,6.66,34
2025,Iași,"Școala Gimnazială, Cozmești",6.97,6.87,7.07,13
2025,Iași,"Liceul Tehnologic „Victor Mihăilescu Craiu”, Belcești",6.96,7.58,6.34,24
2025,Iași,"Școala Gimnazială „Ioanid Romanescu”, Voinești",6.95,7.44,6.47,36
2025,Iași,"Școala Gimnazială, Vânători - Com. Popricani",6.95,7.76,6.15,19
2025,Iași,"Școala Gimnazială, Tansa",6.95,7.69,5.97,9
2025,Iași,"Școala Gimnazială, Dumbrava",6.93,7.21,6.65,14
2025,Iași,"Școala Gimnazială, Costuleni",6.91,7.87,5.95,16
2025,Iași,"Școala Gimnazială „Carmen Sylva”, Iași",6.89,7.2,6.59,9
2025,Iași,"Școala Gimnazială, Boroșești",6.89,7.77,6.03,8
2025,Iași,"Școala Gimnazială „Aron Vodă”, Aroneanu",6.88,7.73,6.04,13
2025,Iași,"Școala Gimnazială, Conțești",6.87,7.21,6.54,12
2025,Iași,"Școala Gimnazială „Anastasie N. Barbu”, Tabăra",6.86,7.07,6.66,10
2025,Iași,"Școala Gimnazială, Brătești",6.83,6.85,6.81,12
2025,Iași,"Școala Gimnazială „George Călinescu”, Iași",6.82,7.31,6.33,72
2025,Iași,"Școala Gimnazială „Ion Creangă”, Târgu Frumos",6.82,7.12,6.41,62
2025,Iași,"Școala Gimnazială, Liteni",6.8,6.66,6.95,23
2025,Iași,"Școala Gimnazială, Sârca",6.8,7.18,6.43,19
2025,Iași,"Școala Profesională, Focuri",6.8,7.38,6.22,17
2025,Iași,"Școala Gimnazială, Hârtoape",6.79,7.61,5.98,17
2025,Iași,"Școala Gimnazială „Mihai Codreanu”, Iași",6.76,7.1,6.42,31
2025,Iași,"Școala Gimnazială, Pietrosu",6.76,7.01,6.51,13
2025,Iași,"Școala Gimnazială Nr. 1, Icușeni",6.75,7.2,6.31,7
2025,Iași,"Școala Gimnazială „Iordache Cantacuzino”, Pașcani",6.73,7.4,6.06,58
2025,Iași,"Școala Gimnazială „Ionel Teodoreanu”, Iași",6.7,7.11,6.29,53
2025,Iași,"Școala Gimnazială, Covasna",6.66,7.33,6.0,12
2025,Iași,"Școala Gimnazială „Nicolae Iorga”, Buhalnița",6.64,7.06,6.23,22
2025,Iași,"Școala Gimnazială, Bârnova",6.63,7.22,6.04,14
2025,Iași,"Școala Gimnazială, Butea",6.62,6.68,6.56,23
2025,Iași,"Școala Gimnazială, Sirețel",6.61,7.44,5.78,31
2025,Iași,"Școala Gimnazială „Colonel Constantin Langa”, Miroslava",6.6,7.15,6.06,56
2025,Iași,"Școala Profesională, Tătăruși",6.6,7.09,6.11,11
2025,Iași,"Școala Gimnazială, Răchiteni",6.6,7.17,6.03,19
2025,Iași,"Școala Profesională, Brăești",6.57,7.39,5.75,17
2025,Iași,"Școala Gimnazială, Larga Jijia",6.57,7.25,5.88,22
2025,Iași,"Școala Gimnazială, Dorobanț",6.56,7.23,5.9,19
2025,Iași,"Școala Gimnazială, Dolhești",6.55,7.14,5.96,14
2025,Iași,"Școala Gimnazială, Cârniceni",6.54,6.89,6.2,12
2025,Iași,"Școala Profesională „Nicolae Bălăuță”, Șcheia",6.54,7.38,5.7,21
2025,Iași,"Școala Gimnazială, Strunga",6.53,7.15,5.93,10
2025,Iași,"Școala Gimnazială, Chișcăreni",6.53,7.06,5.8,15
2025,Iași,"Școala Gimnazială, Deleni",6.51,6.88,6.15,39
2025,Iași,"Școala Gimnazială, Slobozia",6.51,7.13,5.89,12
2025,Iași,"Școala Gimnazială, Bogdănești",6.5,7.44,5.56,8
2025,Iași,"Școala Gimnazială, Bosia",6.49,7.01,5.98,7
2025,Iași,"Școala Gimnazială Nr. 1, Picioru Lupului",6.49,7.49,5.49,13
2025,Iași,"Școala Gimnazială „Dimitrie Sturdza”, Popești",6.49,6.83,6.15,14
2025,Iași,"Școala Gimnazială „Ștefan cel Mare”, Dancu",6.48,6.78,6.09,51
2025,Iași,"Școala Gimnazială, Bivolari",6.45,6.93,5.98,12
2025,Iași,"Școala Gimnazială, Heci",6.43,6.81,6.06,16
2025,Iași,"Școala Gimnazială „Constantin Erbiceanu”, Erbiceni",6.43,7.12,5.75,16
2025,Iași,"Școala Profesională „Ionel Teodoreanu”, Victoria",6.42,6.95,5.9,17
2025,Iași,"Școala Gimnazială Nr. 1, Todirești",6.4,7.21,5.6,45
2025,Iași,"Școala Gimnazială „Victor Iamandi”, Munteni",6.39,7.08,5.7,7
2025,Iași,"Școala Gimnazială, Hermeziu",6.39,7.46,5.31,11
2025,Iași,"Școala Gimnazială „Garabet Ibrăileanu”, Târgu Frumos",6.36,7.28,5.36,60
2025,Iași,"Școala Gimnazială, Vânători - Com. Vânători",6.34,7.36,5.33,9
2025,Iași,"Școala Gimnazială „Axinte Uricariul”, Scânteia",6.34,7.26,5.42,16
2025,Iași,"Școala Gimnazială, Hărpășești",6.34,6.65,6.03,8
2025,Iași,"Școala Gimnazială „Ion Neculce”, Iași",6.33,6.43,6.23,12
2025,Iași,"Școala Gimnazială, Fărcășeni",6.32,6.93,5.71,12
2025,Iași,"Școala Gimnazială, Oboroceni",6.29,7.26,5.33,11
2025,Iași,"Școala Gimnazială, Măxuț",6.28,7.06,5.49,18
2025,Iași,"Școala Gimnazială, Cârjoaia",6.27,7.11,5.43,16
2025,Iași,"Școala Gimnazială, Scobinți",6.25,7.02,5.49,18
2025,Iași,"ȘCOALA GIMNAZIALĂ, HORLEŞTI",6.25,7.07,5.42,19
2025,Iași,"Școala Gimnazială, Buznea",6.24,7.01,5.48,12
2025,Iași,"Școala Gimnazială „Alexandru Vlahuță”, Iași",6.23,6.64,5.82,34
2025,Iași,"Școala Gimnazială, Hărmăneștii Vechi",6.2,6.5,5.91,30
2025,Iași,"Școala Gimnazială, Golăiești",6.2,7.01,5.29,32
2025,Iași,"Școala Gimnazială Nr. 2, Focuri",6.18,7.41,4.95,10
2025,Iași,"Școala Gimnazială, Ciortești",6.16,6.47,5.86,6
2025,Iași,"Școala Gimnazială, Gorban",6.16,6.45,5.87,18
2025,Iași,"Școala Gimnazială „Ion Creangă”, Gâștești",6.16,6.27,6.05,9
2025,Iași,"Școala Gimnazială „Petru Poni”, Cucuteni",6.15,6.88,5.43,10
2025,Iași,"Școala Gimnazială, Poiana",6.14,6.48,5.8,12
2025,Iași,"Școala Gimnazială, Poieni",6.14,6.81,5.47,16
2025,Iași,"Școala Gimnazială, Cristești - Com. Cristești",6.12,6.74,5.5,32
2025,Iași,"Școala Gimnazială, Coropceni",6.11,6.94,5.28,9
2025,Iași,"Școala Profesională, Gropnița",6.1,6.53,5.69,18
2025,Iași,"Școala Gimnazială, Moșna",6.09,6.44,5.75,16
2025,Iași,"Școala Gimnazială „Constantin Palade”, Totoești",6.09,6.54,5.64,16
2025,Iași,"Școala Gimnazială, Iugani",6.08,6.6,5.57,20
2025,Iași,"Școala Gimnazială, Heleșteni",6.05,7.16,4.94,16
2025,Iași,"Școala Gimnazială, Pârcovaci",6.05,6.58,5.52,35
2025,Iași,"Liceul Teoretic „Lascar Rosetti”, Răducăneni",6.04,6.86,5.18,52
2025,Iași,"Școala Gimnazială, Buda",6.03,6.78,5.3,10
2025,Iași,"Școala Gimnazială, Lunca",6.0,6.91,5.1,17
2025,Iași,"Școala Gimnazială „Cezar Petrescu”, Hodora",6.0,6.33,5.68,13
2025,Iași,"Școala Gimnazială, Șcheia",6.0,6.73,5.27,21
2025,Iași,"Școala Gimnazială, Budăi",5.99,6.81,5.16,12
2025,Iași,"Liceul cu Program Sportiv, Iași",5.97,6.42,5.52,66
2025,Iași,"Școala Gimnazială „Iacob Negruzzi”, Trifești",5.97,6.69,5.17,17
2025,Iași,"Școala Gimnazială „Gheorghe Ciobanu”, Andrieșeni",5.96,6.56,5.36,26
2025,Iași,"Școala Profesională, Fântânele",5.96,6.67,5.25,36
2025,Iași,"Școala Gimnazială, Rediu, Com. Ruginoasa",5.95,6.69,5.21,15
2025,Iași,"Liceul Tehnologic de Electronică și Telecomunicații „Gheorghe Mârzescu”, Iași",5.92,6.41,5.44,15
2025,Iași,"Școala Gimnazială, Borosoaia",5.9,6.31,5.18,14
2025,Iași,"Școala Gimnazială, Săveni",5.89,6.39,5.39,16
2025,Iași,"Școala Gimnazială „Ioanid Romanescu”, Românești",5.88,6.51,5.26,12
2025,Iași,"Școala Gimnazială „Alexandru Ioan Cuza”, Ruginoasa",5.88,6.55,5.22,20
2025,Iași,"Școala Gimnazială, Moțca",5.85,6.1,5.6,39
2025,Iași,"Școala Gimnazială, Ciohorăni",5.85,5.77,5.99,10
2025,Iași,"Școala Gimnazială „Grigore Ureche”, Ceplenița",5.84,6.33,5.36,17
2025,Iași,"Școala Profesională, Cozmești",5.84,6.2,5.49,10
2025,Iași,"Școala Gimnazială, Dumești",5.84,6.3,5.39,24
2025,Iași,"Școala Gimnazială „Constantin Teodorescu”, Războieni",5.83,6.61,5.06,13
2025,Iași,"ȘCOALA GIMNAZIALĂ, SATU NOU",5.82,6.42,5.22,22
2025,Iași,"Liceul Teoretic „Bogdan Vodă”, Hălăucești",5.81,6.12,5.51,34
2025,Iași,"Școala Gimnazială „Vasile Alecsandri”, Mircești",5.8,6.25,5.34,13
2025,Iași,"Școala Gimnazială, Uda",5.78,6.56,5.01,11
2025,Iași,"Școala Gimnazială, Oțeleni",5.78,6.0,5.56,24
2025,Iași,"Școala Gimnazială Nr. 1, Bârlești",5.78,6.4,5.17,15
2025,Iași,"Școala Gimnazială, Balș",5.78,6.71,4.85,10
2025,Iași,"Școala Gimnazială, Rediu - Com. Rediu",5.76,5.79,5.73,14
2025,Iași,"Școala Gimnazială „Isaia Teodorescu”, Cogeasca",5.75,6.7,4.82,10
2025,Iași,"Școala Gimnazială, Topile",5.74,6.7,4.78,15
2025,Iași,"Școala Gimnazială, Mădârjac",5.71,6.0,5.42,9
2025,Iași,"Școala Gimnazială, Grozești",5.71,6.6,4.81,12
2025,Iași,"Școala Gimnazială „Miron Barnovschi”, Uricani",5.7,6.29,5.03,13
2025,Iași,"Școala Profesională, Lespezi",5.69,6.5,4.88,9
2025,Iași,"Școala Profesională, Stolniceni-Prăjescu",5.66,5.63,5.71,6
2025,Iași,"Școala Gimnazială, Mânăstirea",5.61,6.5,4.72,13
2025,Iași,"Școala Gimnazială, Stornești",5.6,6.28,4.93,18
2025,Iași,"Școala Gimnazială, Miroslovești",5.57,5.19,5.78,15
2025,Iași,"Școala Gimnazială „Veniamin Costachi”, Sinești",5.53,6.52,4.55,22
2025,Iași,"Școala Gimnazială, Chicerea",5.49,6.28,4.71,7
2025,Iași,"Școala Gimnazială, Suhuleț",5.42,6.18,4.68,10
2025,Iași,"Școala Gimnazială, Bodești",5.4,5.98,4.84,10
2025,Iași,"Școala Gimnazială, Feredeni",5.36,6.07,4.66,7
2025,Iași,"Școala Gimnazială, Boureni",5.36,4.94,5.79,9
2025,Iași,"Școala Gimnazială, Satu Nou",5.35,5.66,5.06,8
2025,Iași,"Școala Gimnazială, Gura Bohotin",5.35,5.84,4.86,11
2025,Iași,"Școala Gimnazială, Drăgușeni",5.35,6.39,4.38,13
2025,Iași,"Școala Gimnazială, Muncelu de Sus",5.32,5.84,4.8,18
2025,Iași,"Liceul Tehnologic „Petre P. Carp”, Țibanesti",5.3,6.12,4.48,39
2025,Iași,"Școala Gimnazială, Mihail Kogălniceanu",5.29,5.98,4.6,29
2025,Iași,"Școala Gimnazială „Veronica Micle”, Iași",5.27,5.63,4.85,27
2025,Iași,"Școala Gimnazială, Goești",5.26,5.85,4.68,11
2025,Iași,"Școala Gimnazială, Rădeni",5.26,6.46,4.07,10
2025,Iași,"Școala Gimnazială „Al. I. Cuza”, Podu Iloaiei",5.26,5.93,4.61,83
2025,Iași,"Școala Profesională, Mogoșești",5.25,5.94,4.48,28
2025,Iași,"Școala Gimnazială Nr. 1, Costești",5.22,6.35,4.1,14
2025,Iași,"Școala Gimnazială, Glodenii Gândului",5.21,5.35,4.95,37
2025,Iași,"Școala Profesională de Industrie Alimentară, Țibana",5.21,5.61,4.81,22
2025,Iași,"Școala Gimnazială, Păușești",5.21,5.95,4.46,14
2025,Iași,"Școala Gimnazială „Olga Sturdza”, Holboca",5.18,5.13,5.24,32
2025,Iași,"Școala Gimnazială „Ion Haulică”, Ipatele",5.18,5.86,4.51,8
2025,Iași,"Școala Gimnazială „Grigore Sturdza”, Perieni",5.14,5.82,4.48,17
2025,Iași,"Școala Gimnazială „Dimitrie Anghel”, Cornești",5.13,5.84,4.43,8
2025,Iași,"Școala Gimnazială, Cristești",5.11,5.86,4.37,7
2025,Iași,"Școala Gimnazială, Crivești",5.1,5.98,4.22,16
2025,Iași,"Școala Profesională, Plugari",5.07,5.71,4.43,21
2025,Iași,"Școala Gimnazială, Valea Oilor",5.06,5.23,4.91,6
2025,Iași,"Școala Gimnazială, Sodomeni",5.05,5.71,4.4,9
2025,Iași,"Școala Gimnazială, Șipote",5.05,5.6,4.5,12
2025,Iași,"Școala Gimnazială, Grajduri",5.03,5.66,4.41,12
2025,Iași,"Școala Profesională, Dagâța",4.94,5.66,4.23,23
2025,Iași,"Școala Gimnazială, Roșu",4.93,5.56,4.3,6
2025,Iași,"Școala Gimnazială, Brădicești",4.92,5.35,4.5,12
2025,Iași,"Școala Gimnazială, Gârbești",4.91,5.01,4.82,31
2025,Iași,"Școala Gimnazială, Șerbești",4.89,6.28,3.5,4
2025,Iași,"Școala Gimnazială, Hălceni",4.87,6.05,3.71,10
2025,Iași,"Școala Gimnazială, Podolenii de Sus",4.83,5.06,4.61,14
2025,Iași,"Liceul Special „Moldova”, Târgu Frumos",4.77,6.25,3.3,5
2025,Iași,"Școala Gimnazială, Hadâmbu",4.6,4.92,4.28,20
2025,Iași,"Școala Gimnazială, Borșa",4.51,4.44,4.59,20
2025,Iași,"Școala Gimnazială, Mironeasa",4.51,5.05,3.9,19
2025,Iași,"Școala Gimnazială, Valea Seacă",4.49,5.13,3.86,13
2025,Iași,"Școala Gimnazială, Urșița",4.47,5.13,3.81,14
2025,Iași,"Școala Profesională, Coarnele Caprei",4.4,4.41,4.4,11
2025,Iași,"Școala Gimnazială, Dumbrăvița",4.38,4.87,3.89,13
2025,Iași,"Școala Gimnazială, Zbereni",4.36,5.36,3.36,7
2025,Iași,"Școala Gimnazială Nr. 1, Domnița",4.34,4.87,3.71,18
2025,Iași,"Școala Gimnazială, Alexeni",4.28,5.16,3.41,9
2025,Iași,"ȘCOALA GIMNAZIALĂ, SLOBOZIA",4.18,4.74,3.63,14
2025,Iași,"Școala Gimnazială, Runcu",4.18,4.52,3.84,9
2025,Iași,"Școala Gimnazială, Humosu",4.17,5.01,3.32,18
2025,Iași,"Liceul Tehnologic Special „Vasile Pavelcu”, Iași",4.1,5.2,3.0,1
2025,Iași,"Școala Gimnazială, Zmeu",3.82,3.83,3.69,27
2025,Iași,"Școala Gimnazială, Crucea",3.79,3.65,3.89,24
2025,Iași,"Școala Profesională Nr. 41, Iași",2.87,2.25,3.5,1
2025,Ilfov,"Școala Gimnazială „Pro Ingenio”, Bragadiru",9.04,8.96,9.13,11
2025,Ilfov,"Școala Gimnazială „Hermann Oberth”, Voluntari",9.01,8.99,8.92,18
2025,Ilfov,"Liceul Bilingv „Olga Gudynn”, Voluntari",8.83,8.97,8.7,33
2025,Ilfov,"Școala Gimnazială „Mark Twain International School”, Voluntari",8.82,8.75,8.88,19
2025,Ilfov,"Școala Gimnazială „Questfield”, Voluntari",8.73,8.93,8.53,2
2025,Ilfov,"Școala Gimnazială „Kids Club Militari”, Roșu-Chiajna",8.56,8.68,8.44,13
2025,Ilfov,"Școala Gimnazială Discovery, Voluntari",8.44,8.7,8.18,20
2025,Ilfov,"Liceul Teoretic „Little London”, Voluntari",8.15,8.31,8.0,34
2025,Ilfov,"Școala Internațională „Clas”, Ciofliceni - Snagov",8.1,7.35,8.85,1
2025,Ilfov,"Școala Gimnazială Nr. 1, Buftea",7.93,8.02,7.83,141
2025,Ilfov,"Liceul Teoretic „Ioan Petruș”, Otopeni",7.6,7.85,7.36,282
2025,Ilfov,"Liceul „Maarif - International School Of Bucharest”, Voluntari",7.55,8.1,7.0,6
2025,Ilfov,"Școala Gimnazială „Alexandru Odobescu”, Chiajna",7.37,7.78,6.96,77
2025,Ilfov,"Școala Gimnazială Nr. 2, Buftea",7.33,7.59,7.07,73
2025,Ilfov,"Liceul Teoretic „Traian Lalescu”, Brănești",7.29,7.74,6.85,52
2025,Ilfov,"Școala Gimnazială „Ioan Bădescu”, Popești Leordeni",7.22,7.58,6.86,104
2025,Ilfov,"Școala Gimnazială „Explore 100”, Mogoșoaia",7.21,7.37,7.05,3
2025,Ilfov,"Școala Gimnazială Nr. 1, Bragadiru",7.17,7.62,6.71,134
2025,Ilfov,"Liceul Teoretic „Horia Hulubei”, Măgurele",7.15,7.53,6.78,152
2025,Ilfov,"Școala Gimnazială Nr. 1, Berceni",7.14,7.72,6.57,100
2025,Ilfov,"Școala Gimnazială Nr. 2, Cățelu - Glina",7.11,6.95,7.28,19
2025,Ilfov,Școala Gimnazială Nr.2 Chitila,7.09,7.47,6.72,57
2025,Ilfov,"Școala Gimnazială Nr. 3, Voluntari",7.06,7.43,6.71,51
2025,Ilfov,"Școala Gimnazială Nr. 2, Voluntari",6.98,7.44,6.52,47
2025,Ilfov,"Liceul cu Program Sportiv „Helmut Duckadam”, Clinceni",6.94,7.24,6.65,64
2025,Ilfov,"Școala Gimnazială Nr. 1, Afumați",6.94,7.46,6.42,51
2025,Ilfov,"Școala Gimnazială Nr. 1, Dragomirești Vale",6.86,7.08,6.65,20
2025,Ilfov,"Școala Gimnazială Nr. 2, Moara Vlăsiei",6.85,7.33,6.38,22
2025,Ilfov,"Liceul Teoretic „Radu Popescu”, Popești-Leordeni",6.78,6.92,6.64,69
2025,Ilfov,Școala Gimnazială „Petru Rareș” Chiajna,6.77,7.0,6.54,51
2025,Ilfov,"Școala Gimnazială „Mihai Eminescu”, Ghermănești - Snagov",6.75,7.25,6.26,34
2025,Ilfov,"Școala Gimnazială Nr. 1, Brănești",6.73,7.02,6.45,59
2025,Ilfov,"Școala Gimnazială Nr. 2, Fundeni - Dobroești",6.71,7.47,5.96,42
2025,Ilfov,"Școala Gimnazială Nr. 3, Buftea",6.68,7.53,5.84,10
2025,Ilfov,"Școala Gimnazială Nr. 2, Crețești - Vidra",6.67,7.51,5.84,16
2025,Ilfov,"Liceul Teoretic „Alexandru Rosetti”, Vidra",6.64,7.21,6.08,29
2025,Ilfov,"Școala Gimnazială Nr. 1, Ciorogârla",6.6,7.28,5.93,56
2025,Ilfov,"Școala Gimnazială Nr. 2, Periș",6.59,6.99,6.2,38
2025,Ilfov,"Școala Gimnazială Nr. 3, Siliștea Snagovului - Gruiu",6.58,7.36,5.8,10
2025,Ilfov,"Școala Gimnazială Nr. 1, Dărăști",6.52,6.68,6.36,18
2025,Ilfov,"Școala Gimnazială Nr. 2, Dragomirești Deal - Dragomirești Vale",6.46,6.73,6.2,23
2025,Ilfov,"Școala Gimnazială „Anton Pann”, Voluntari",6.46,6.87,6.04,254
2025,Ilfov,"Școala Gimnazială Nr. 1, Cornetu",6.43,6.83,6.04,66
2025,Ilfov,"Școala Gimnazială „Gheorghe Corneliu”, Domnești",6.4,6.97,5.83,73
2025,Ilfov,"Școala Gimnazială Nr. 1, Ciolpani",6.37,7.05,5.69,33
2025,Ilfov,"Școala Gimnazială Nr. 1, Jilava",6.35,6.64,6.07,49
2025,Ilfov,"Școala Gimnazială Nr. 1, Corbeanca",6.34,6.6,6.09,17
2025,Ilfov,"Școala Gimnazială Nr. 1, Balotești",6.25,6.71,5.8,66
2025,Ilfov,"Liceul Tehnologic „Doamna Chiajna”, Roșu - Chiajna",6.22,6.93,5.51,26
2025,Ilfov,"Școala Gimnazială Nr. 1, Pantelimon",6.16,6.74,5.58,144
2025,Ilfov,Liceul Teoretic nr. 1 Periș,6.15,6.42,5.76,31
2025,Ilfov,"Școala Gimnazială Nr. 1, Moara Vlăsiei",6.1,6.79,5.41,27
2025,Ilfov,"Școala Gimnazială Prof. „Ion Vișoiu”, Chitila",6.08,6.51,5.65,67
2025,Ilfov,"Școala Gimnazială Nr. 1, Cernica",6.08,6.77,5.39,29
2025,Ilfov,"Școala Gimnazială Nr. 1, Copăceni",6.08,7.06,5.1,20
2025,Ilfov,"Școala Gimnazială Nr. 1, Tunari",6.05,5.62,6.49,27
2025,Ilfov,"Școala Gimnazială Nr. 1, Grădiștea",6.05,6.37,5.6,35
2025,Ilfov,Școala Gimnazială Prof. „Ion Ioniță” Buriaș - Periș,6.02,6.49,5.56,22
2025,Ilfov,"Școala Gimnazială Nr. 1, 1 Decembrie",6.02,6.52,5.52,63
2025,Ilfov,"Școala Gimnazială Nr. 1, Dascălu",6.0,6.5,5.42,24
2025,Ilfov,"Liceul Teoretic „Mihail Kogălniceanu”, Snagov",5.89,6.55,5.24,28
2025,Ilfov,"Școala Gimnazială Nr. 3, Popești Leordeni",5.78,6.73,4.85,10
2025,Ilfov,"Școala Gimnazială Nr. 1, Dobroești",5.76,6.54,4.98,23
2025,Ilfov,"Școala Gimnazială Nr. 3, Bobești - Glina",5.74,4.89,6.56,25
2025,Ilfov,"Școala Gimnazială Nr. 1, Nuci",5.7,5.4,6.01,17
2025,Ilfov,"Școala Gimnazială Nr. 4, Buftea",5.69,5.93,5.46,9
2025,Ilfov,"Școala Gimnazială Nr. 2, Tamași - Corbeanca",5.69,6.24,5.14,16
2025,Ilfov,"Școala Gimnazială Nr. 3, Bălăceanca-Cernica",5.55,6.09,5.02,24
2025,Ilfov,"Școala Gimnazială Nr. 1, Glina",5.48,5.46,5.51,13
2025,Ilfov,"Școala Gimnazială Nr. 1, Gruiu",5.48,5.92,5.05,27
2025,Ilfov,"Școala Gimnazială Nr. 1, Petrăchioaia",5.41,5.39,5.43,35
2025,Ilfov,"Școala Gimnazială „Constantin Băicoianu”, Tâncăbești - Snagov",5.38,5.72,5.05,17
2025,Ilfov,"Școala Gimnazială Nr. 1, Mogoșoaia",5.28,5.68,4.81,33
2025,Ilfov,Școala Gimnazială Nr. 2 „Tânganu - Cernica”,4.84,5.18,4.51,33
2025,Ilfov,"Școala Gimnazială Nr. 2, Lipia - Gruiu",4.77,5.3,3.94,10
2025,Ilfov,"Școala Gimnazială Nr. 3, Șindrilița - Găneasa",4.75,5.7,3.8,8
2025,Ilfov,"Școala Gimnazială Nr. 1, Găneasa",4.74,6.23,3.25,2
2025,Ilfov,"Școala Gimnazială Nr. 2, Jilava",4.6,5.2,4.0,18
2025,Ilfov,Centrul Școlar Pentru Educație Incluzivă Periș,4.6,4.35,4.85,2
2025,Ilfov,"Școala Gimnazială Nr. 1, Ștefăneștii de Jos",4.39,4.77,3.98,60
2025,Ilfov,"Școala Gimnazială Nr. 3, Sintești - Vidra",4.39,4.34,4.43,10
2025,Ilfov,"Școala Gimnazială Nr. 2, Dârvari-Ciorogârla",4.36,4.68,4.04,22
2025,Ilfov,"Școala Gimnazială Nr. 2, Piteasca - Găneasa",4.31,5.0,3.62,7
2025,Maramureș,"Colegiul Național „Gheorghe Șincai”, Baia Mare",9.2,9.24,9.18,58
2025,Maramureș,"Colegiul Național „Vasile Lucăciu”, Baia Mare",8.91,9.06,8.76,59
2025,Maramureș,"Colegiul Național „Dragoș Vodă”, Sighetu Marmației",8.55,8.78,8.33,28
2025,Maramureș,Liceul Internațional Baia Mare,8.55,8.75,8.35,12
2025,Maramureș,Liceul Borșa,8.49,8.7,8.28,28
2025,Maramureș,"Școala Gimnazială „Lucian Blaga”, Baia Mare",8.06,8.45,7.68,103
2025,Maramureș,"Școala Gimnazială „Dimitrie Cantemir”, Baia Mare",7.77,8.13,7.42,115
2025,Maramureș,"Școala Gimnazială „George Coșbuc”, Baia Mare",7.72,7.93,7.51,85
2025,Maramureș,"Școala Gimnazială „Nichita Stănescu”, Baia Mare",7.69,7.89,7.49,56
2025,Maramureș,"Școala Gimnazială „Nicolae Iorga”, Baia Mare",7.68,8.13,7.17,87
2025,Maramureș,"Școala Gimnazială „Avram Iancu”, Baia Mare",7.65,8.05,7.26,55
2025,Maramureș,Școala Gimnazială Cetatele,7.61,7.93,7.29,5
2025,Maramureș,"Școala Gimnazială „Octavian Goga”, Baia Mare",7.59,7.95,7.24,28
2025,Maramureș,"Școala Gimnazială „Vasile Ghetie”, Berinta",7.55,8.8,6.3,1
2025,Maramureș,Colegiul de Arte Baia Mare,7.49,8.03,6.95,71
2025,Maramureș,"Școala Gimnazială „Gheorghe Lupan”, Grosi",7.47,7.62,7.34,13
2025,Maramureș,"Școala Gimnazială „George Coșbuc”, Sighetu Marmatiei",7.46,7.73,7.2,107
2025,Maramureș,Liceul Tehnologic Ocna Șugatag,7.45,7.85,7.06,20
2025,Maramureș,"Școala Profesională, Farcașa",7.44,7.74,7.14,28
2025,Maramureș,"Școala Gimnazială „Simion Bărnuțiu”, Baia Mare",7.41,7.68,7.14,15
2025,Maramureș,Școala Gimnazială Preluca Nouă,7.4,7.8,7.02,3
2025,Maramureș,Liceul Tehnologic de Transporturi Auto Baia Sprie,7.38,7.71,6.92,26
2025,Maramureș,Școala Gimnazială „Ep. Dr. Alexandru Rusu” Baia Mare,7.38,7.88,6.88,14
2025,Maramureș,"Școala Gimnazială „Dr. Gheorghe Tite”, Săpânța",7.3,7.8,6.81,22
2025,Maramureș,"Școala Gimnazială „Alexandru Ivasiuc”, Baia Mare",7.27,7.29,7.24,39
2025,Maramureș,"Școala Gimnazială Nr. 18, Baia Mare",7.23,7.69,6.77,27
2025,Maramureș,"Școala Gimnazială, Viseu de Jos",7.23,7.62,6.84,21
2025,Maramureș,"Școala Gimnazială „Ion Luca Caragiale”, Baia Mare",7.22,7.44,7.0,15
2025,Maramureș,Școala Gimnazială Crasna Viseului,7.21,7.76,6.65,8
2025,Maramureș,"Școala Gimnazială Nr. 7, Viseu de Sus",7.19,7.77,6.62,50
2025,Maramureș,Școala Gimnazială Ciocotis,7.19,7.53,6.85,7
2025,Maramureș,Școala Gimnazială Fericea,7.16,8.8,5.53,4
2025,Maramureș,"Liceul Teoretic „Petru Rareș”, Târgu Lăpuș",7.15,7.84,6.46,47
2025,Maramureș,Școala Gimnazială Preluca Veche,7.13,8.13,6.13,6
2025,Maramureș,Școala Gimnazială „Bogdan Vodă”,7.11,7.62,6.59,16
2025,Maramureș,"Școala Gimnazială Nr. 1, Moisei",7.08,7.39,6.77,42
2025,Maramureș,"Colegiul Național Pedagogic „Regele Ferdinand”, Sighetu Marmației",7.06,7.57,6.55,60
2025,Maramureș,"Liceul Tehnologic Agricol „Alexiu Berinde”, Seini",7.02,7.36,6.68,62
2025,Maramureș,"Școala Gimnazială Dr. Victor Babeș, Baia Mare",7.0,7.42,6.5,43
2025,Maramureș,"Școala Gimnazială „Alexandru Ioan Cuza”, Baia Mare",6.98,7.55,6.41,50
2025,Maramureș,"Școala Gimnazială „Mihai Eminescu”, Săliștea de Sus",6.98,7.4,6.55,25
2025,Maramureș,Școala Gimnazială Sălsig,6.88,7.17,6.59,8
2025,Maramureș,"Școala Profesională, Dumbrăvița",6.88,7.38,6.38,13
2025,Maramureș,"Liceul Tehnologic „Alexandru Filipascu”, Petrova",6.88,7.57,6.19,13
2025,Maramureș,Școala Gimnazială Băița de Sub Codru,6.88,7.7,6.06,12
2025,Maramureș,Școala Gimnazială Sat Sugatag,6.86,6.79,6.94,10
2025,Maramureș,Școala Gimnazială Rogoz,6.86,7.63,6.09,11
2025,Maramureș,"Liceul Teoretic „Ioan Buteanu”, Șomcuta Mare",6.83,7.33,6.34,46
2025,Maramureș,Școala Gimnazială Vadu Izei,6.81,7.11,6.53,17
2025,Maramureș,"Școala Gimnazială „Mihail Sadoveanu”, Baia Mare",6.8,7.48,6.12,13
2025,Maramureș,"Școala Gimnazială „Dr. Teodor Mihali”, Boiu Mare",6.8,7.03,6.57,3
2025,Maramureș,Școala Gimnazială Budești,6.79,7.02,6.57,27
2025,Maramureș,"Liceul Teoretic „Németh László”, Baia Mare",6.78,6.24,5.99,4
2025,Maramureș,Școala Profesională Ruscova,6.78,7.64,5.92,25
2025,Maramureș,Școala Gimnazială Gardani,6.74,8.18,5.31,5
2025,Maramureș,Liceul Teologic Penticostal Baia Mare,6.73,6.81,6.66,22
2025,Maramureș,Școala Gimnazială Breb,6.72,7.1,6.36,11
2025,Maramureș,Școala Gimnazială Săcel,6.72,7.34,6.11,19
2025,Maramureș,"Școala Gimnazială „Florea Mureșanu”, Suciu de Sus",6.7,7.2,6.2,16
2025,Maramureș,"Liceul Tehnologic „Grigore C. Moisil”, Târgu Lăpuș",6.7,7.17,6.24,47
2025,Maramureș,Școala Gimnazială Valea Viseului,6.67,6.8,5.15,15
2025,Maramureș,Școala Gimnazială Bicaz,6.65,7.45,5.86,4
2025,Maramureș,Școala Gimnazială Pribilești,6.63,6.91,6.35,9
2025,Maramureș,Școala Gimnazială Cupseni,6.57,7.22,5.93,8
2025,Maramureș,"Școala Gimnazială „Dragoș Vodă”, Moisei",6.57,6.87,6.27,28
2025,Maramureș,Școala Gimnazială Lucăcești,6.55,7.04,6.07,10
2025,Maramureș,"Școala Gimnazială „Kos Karoly”, Arduzel",6.54,6.08,5.29,13
2025,Maramureș,"Școala Gimnazială Nr. 4, Borsa",6.52,6.89,6.15,32
2025,Maramureș,"Școala Gimnazială Dr. Ilie Lazăr, Giulești",6.52,6.97,6.07,11
2025,Maramureș,"Școala Gimnazială, Recea",6.51,6.83,6.2,12
2025,Maramureș,"Școala Gimnazială „Tiberiu Utan”, Văleni",6.5,7.05,5.95,15
2025,Maramureș,Școala Gimnazială Ieud,6.49,7.35,5.62,22
2025,Maramureș,Școala Gimnazială Sieu,6.48,6.95,6.01,19
2025,Maramureș,"Școala Gimnazială „Dr. Ioan Mihalyi de Apsa”, Sighetu Marmatiei",6.44,7.09,5.81,72
2025,Maramureș,Școala Gimnazială Vima Mica,6.44,6.78,6.1,8
2025,Maramureș,"Școala Gimnazială, Lunca la Tisa",6.44,7.13,5.75,2
2025,Maramureș,"Școala Gimnazială „Nicolae Steinhardt”, Rohia",6.43,7.4,5.45,2
2025,Maramureș,"Școala Gimnazială „Vasile Alecsandri”, Baia Mare",6.41,7.0,5.72,37
2025,Maramureș,"Școala Gimnazială Nr. 1, Strâmțura",6.41,6.84,5.98,15
2025,Maramureș,"Școala Gimnazială Nr. 2, Sighetu Marmatiei",6.39,6.82,5.97,24
2025,Maramureș,Școala Gimnazială Trestia,6.38,6.76,6.0,5
2025,Maramureș,"Școala Gimnazială Maidan-Crasna, Viseului",6.38,7.14,5.62,6
2025,Maramureș,"Școala Gimnazială Vasile Berci, Călinești",6.37,6.94,5.8,21
2025,Maramureș,"Școala Gimnazială Nr. 1, Leordina",6.36,6.9,5.82,9
2025,Maramureș,Școala Gimnazială Nistru,6.35,6.6,6.1,10
2025,Maramureș,"Școala Gimnazială, Bârsana",6.34,7.09,5.59,31
2025,Maramureș,"Liceul Tehnologic „Traian Vuia”, Tăuții-Măgherăuș",6.32,7.02,5.63,22
2025,Maramureș,"Școala Gimnazială „Mihai Viteazu”, Valea Chioarului",6.32,6.69,5.95,4
2025,Maramureș,"Școala Gimnazială, Baia Sprie",6.28,6.85,5.72,29
2025,Maramureș,Școala Gimnazială Botiza,6.26,6.97,5.56,15
2025,Maramureș,"Școala Gimnazială, Asuaju de Sus",6.25,7.1,5.4,14
2025,Maramureș,"Școala Profesională, Repedea",6.23,6.99,5.47,36
2025,Maramureș,Școala Gimnazială Câmpulung la Tisa,6.23,6.73,5.67,12
2025,Maramureș,"Școala Profesională Româno-Germană, Vișeu de Sus",6.23,6.61,5.7,48
2025,Maramureș,"Școala Gimnazială „Augustin Buzura”, Copalnic-Mănăștur",6.19,6.82,5.57,25
2025,Maramureș,Școala Gimnazială Săcalășeni,6.17,6.91,5.45,20
2025,Maramureș,Școala Gimnazială Rus,6.14,6.61,5.67,12
2025,Maramureș,"Școala Gimnazială „Constantin Dipse”, Surdești",6.13,6.55,5.72,13
2025,Maramureș,"Școala Gimnazială Nr. 2, Bârsana",6.13,6.71,5.56,9
2025,Maramureș,Școala Gimnazială Ilba,6.11,6.85,5.37,13
2025,Maramureș,Școala Gimnazială Poienile Izei,6.1,5.9,6.3,3
2025,Maramureș,"Școala Gimnazială Nr. 10, Sighetu Marmatiei",6.09,6.6,5.58,31
2025,Maramureș,"Școala Gimnazială „Vasile Lucaciu”, Sisești",6.07,5.77,6.38,7
2025,Maramureș,Școala Gimnazială Oncești,6.03,6.83,5.23,3
2025,Maramureș,"Școala Gimnazială „Liviu Rebreanu”, Dragomirești",6.02,6.63,5.41,12
2025,Maramureș,Școala Gimnazială Mireșu Mare,6.01,6.78,5.25,24
2025,Maramureș,"Școala Gimnazială, Lăpuș",6.0,6.38,5.63,34
2025,Maramureș,"Școala Gimnazială „Ben Corlaciu”, Groșii Țibleșului",6.0,6.39,5.61,8
2025,Maramureș,Școala Gimnazială Cernesti,5.97,6.16,5.79,13
2025,Maramureș,"Școala Gimnazială, Desesti",5.96,5.61,6.32,9
2025,Maramureș,"Școala Gimnazială Nr. 9, Borsa",5.95,6.74,5.17,89
2025,Maramureș,"Școala Profesională, Rozavlea",5.87,6.69,5.05,16
2025,Maramureș,Școala Gimnazială Razoare,5.82,6.11,5.54,12
2025,Maramureș,"Școala Gimnazială „Ion Popescu de Coaș”, Coaș",5.81,6.46,5.17,11
2025,Maramureș,"Școala Gimnazială Nr. 1, Borsa",5.81,6.02,5.6,20
2025,Maramureș,"Școala Gimnazială Nr. 2, Ruscova",5.8,6.39,5.22,7
2025,Maramureș,"Școala Gimnazială, Crăciunești",5.75,6.04,5.47,16
2025,Maramureș,"Școala Gimnazială „Ioan Slavici”, Tăuții de Sus",5.71,6.33,5.09,17
2025,Maramureș,Școala Gimnazială Oarta de Sus,5.69,6.43,4.95,4
2025,Maramureș,"Liceul Tehnologic „Dr. Florian Ulmeanu”, Ulmeni",5.66,6.34,4.98,32
2025,Maramureș,"Școala Gimnazială Nr. 8, Borsa",5.64,5.88,5.39,20
2025,Maramureș,Școala Gimnazială Rona de Sus,5.61,6.19,5.04,34
2025,Maramureș,Școala Gimnazială Sărăsău,5.59,7.02,4.17,11
2025,Maramureș,Școala Gimnazială Cicârlău,5.56,6.39,4.74,13
2025,Maramureș,Școala Profesională Poienile de Sub Munte,5.56,6.09,5.03,32
2025,Maramureș,Școala Gimnazială „Codru Buteșii”,5.39,5.63,5.15,2
2025,Maramureș,Școala Gimnazială Remetea Chioarului,5.37,5.82,4.74,8
2025,Maramureș,Școala Gimnazială Bistra,5.29,5.55,5.04,5
2025,Maramureș,Școala Gimnazială Coroieni,5.25,5.79,4.71,10
2025,Maramureș,"Școala Gimnazială Nr. 5, Sighetu Marmatiei",5.24,5.82,4.67,13
2025,Maramureș,"Școala Gimnazială „Mihai Olos”, Ariniș",5.22,5.37,5.07,3
2025,Maramureș,Școala Gimnazială Satulung,5.2,5.44,4.86,26
2025,Maramureș,"Școala Gimnazială „Regina Elisabeta”, Băiuț",5.18,5.34,5.03,8
2025,Maramureș,"Școala Gimnazială Nr. 7, Borsa",5.17,5.15,5.06,21
2025,Maramureș,Liceul cu Program Sportiv Baia Mare,5.15,5.83,4.47,47
2025,Maramureș,"Școala Gimnazială „Laurențiu Ulici”, Rona de Jos",5.14,5.94,4.34,11
2025,Maramureș,"Colegiul Economic „Pintea Viteazul”, Căvnic",5.04,5.67,4.42,35
2025,Maramureș,Școala Gimnazială Băsești,5.04,5.17,4.92,10
2025,Maramureș,Școala Gimnazială Faurești,4.96,5.41,4.51,6
2025,Maramureș,Școala Gimnazială Ardusat,4.86,4.92,4.51,12
2025,Maramureș,Școala Gimnazială Remeti,4.86,5.48,4.15,27
2025,Maramureș,"Școala Gimnazială Nr. 2, Repedea",4.73,5.39,4.08,26
2025,Maramureș,"Școala Gimnazială Nr. 4, Poienile de Sub Munte",4.64,4.81,4.43,42
2025,Maramureș,"Școala Gimnazială Nr. 1, Sighetu Marmatiei",4.6,4.81,4.4,4
2025,Maramureș,"Școala Profesională Nr. 4, Viseu de Sus",4.54,4.7,4.4,21
2025,Maramureș,"Școala Gimnazială „Nicolae Bălcescu”, Baia Mare",4.42,4.03,4.81,4
2025,Maramureș,"Școala Gimnazială „Petőfi Sándor”, Colțău",4.39,4.17,4.21,9
2025,Maramureș,"Școala Gimnazială Nr. 2, Poienile de Sub Munte",4.18,4.82,3.55,8
2025,Maramureș,"Școala Gimnazială „Benko Ferenc”, Dămăcușeni",4.16,4.55,3.92,3
2025,Maramureș,"Școala Gimnazială Nr. 3, Poienile de Sub Munte",3.7,4.31,3.08,8
2025,Maramureș,Scoala Gimnaziala Finteusu Mic,3.62,3.81,3.43,13
2025,Maramureș,Școala Gimnazială Chelinta,3.58,3.6,3.56,25
2025,Maramureș,"Liceul Pedagogic „Taras Șevcenko”, Sighetu Marmației",3.45,2.48,3.0,2
2025,Maramureș,"Școala Gimnazială „Petre Dulfu”, Baia Mare",3.44,3.71,3.18,13
2025,Maramureș,"Școala Gimnazială Nr. 2, Șomcuta Mare",2.75,2.49,3.0,18
2025,Maramureș,"Centrul Școlar de Educație Incluzivă, Baia Mare",1.88,2.25,1.5,4
2025,Mehedinți,Colegiul Național „Traian”,9.01,9.02,9.0,57
2025,Mehedinți,Colegiul Național „Gheorghe Țițeica”,8.37,8.64,8.1,97
2025,Mehedinți,Școala Gimnazială Mărășești,8.12,8.21,8.04,12
2025,Mehedinți,"Școala Gimnazială „Alice Voinescu”, Drobeta Turnu Severin",7.9,8.35,7.46,55
2025,Mehedinți,Școala Gimnazială Șovarna,7.49,8.06,6.93,7
2025,Mehedinți,"Școala Gimnazială Nr. 14, Drobeta Turnu Severin",7.44,8.09,6.79,44
2025,Mehedinți,Școala Gimnazială Dâlma,7.37,8.5,6.25,2
2025,Mehedinți,"Școala Gimnazială Nr. 6, Drobeta Turnu Severin",7.33,7.75,6.92,105
2025,Mehedinți,Școala Gimnazială Șimian,7.24,7.54,6.93,20
2025,Mehedinți,"Școala Gimnazială „Petre Sergescu”, Drobeta Turnu Severin",7.2,7.69,6.71,30
2025,Mehedinți,Colegiul Național Pedagogic „Ștefan Odobleja”,7.11,7.49,6.73,90
2025,Mehedinți,"Școala Gimnazială „Mihai Viteazul”, Strehaia",7.03,7.74,6.33,39
2025,Mehedinți,"Școala Gimnazială „Theodor Costescu”, Drobeta Turnu Severin",6.93,7.56,6.31,54
2025,Mehedinți,"Școala Gimnazială „Regele Mihai I”, Drobeta Turnu Severin",6.91,7.46,6.36,27
2025,Mehedinți,"Școala Gimnazială, Bistrița",6.54,7.46,5.63,8
2025,Mehedinți,"Școala Profesională, Corlățel",6.53,7.46,5.6,15
2025,Mehedinți,"Școala Gimnazială Nr. 3, Drobeta Turnu Severin",6.45,7.33,5.57,27
2025,Mehedinți,"Școala Gimnazială Nr. 15, Drobeta Turnu Severin",6.35,6.76,5.95,36
2025,Mehedinți,"Școala Gimnazială „Dimitrie Grecescu”, Drobeta Turnu Severin",6.35,7.01,5.7,21
2025,Mehedinți,"Școala Gimnazială, Devesel",6.33,6.9,5.76,13
2025,Mehedinți,"Școala Gimnazială „Petru Dumitriu”, Orșova",6.29,6.62,5.97,35
2025,Mehedinți,Școala Gimnazială Prunișor,6.28,6.77,5.79,8
2025,Mehedinți,Liceul de Arte „I. St. Paulian”,6.27,6.83,5.72,47
2025,Mehedinți,Colegiul Tehnologic „Constantin Brâncoveanu”,6.25,6.49,5.88,43
2025,Mehedinți,"Școala Gimnazială „Constantin Negreanu”, Drobeta Turnu Severin",6.22,6.32,5.99,19
2025,Mehedinți,Școala Gimnazială Stângaceaua,6.2,7.18,5.23,7
2025,Mehedinți,"Școala Gimnazială, Obârșia de Câmp",6.17,6.61,5.74,10
2025,Mehedinți,Școala Gimnazială Broșteni,6.16,6.23,6.1,10
2025,Mehedinți,"Școala Gimnazială „Pamfil Șeicaru”, Orșova",6.14,6.81,5.47,55
2025,Mehedinți,"Școala Gimnazială Nr. 5, Drobeta Turnu Severin",6.11,6.87,5.36,20
2025,Mehedinți,Școala Gimnazială Jidoștița,5.99,6.45,5.55,10
2025,Mehedinți,Școala Gimnazială Ilovița,5.97,7.37,4.57,9
2025,Mehedinți,Școala Gimnazială Gogoșu,5.91,6.85,4.99,7
2025,Mehedinți,Școala Gimnazială Vânju Mare,5.9,6.41,5.4,18
2025,Mehedinți,Liceul Teoretic Cujmir,5.9,6.41,5.39,19
2025,Mehedinți,"Școala Gimnazială „Dumitru Crașoveanu”, Izvoru Bârzii",5.89,6.77,5.02,5
2025,Mehedinți,"Școala Gimnazială, Salcia",5.82,6.23,5.42,19
2025,Mehedinți,Școala Gimnazială Malovăț,5.8,6.45,4.9,13
2025,Mehedinți,Școala Gimnazială Cireșu,5.77,7.22,4.32,3
2025,Mehedinți,Școala Gimnazială Eșelnița,5.73,6.17,5.29,13
2025,Mehedinți,"Școala Gimnazială „Constantin Trușcă”, Pătulele",5.64,6.46,4.83,26
2025,Mehedinți,"Școala Gimnazială „Dr. Alexandru M. Popescu”, Ponoarele",5.58,6.37,4.8,13
2025,Mehedinți,"Școala Gimnazială „Constantin Rădulescu”, Motru Butoiești",5.55,5.89,5.22,7
2025,Mehedinți,Școala Gimnazială Jiana,5.5,5.59,5.41,17
2025,Mehedinți,"Școala Gimnazială, Obârșia Cloșani",5.5,5.78,5.22,5
2025,Mehedinți,Școala Gimnazială Eibenthal,5.47,5.68,5.27,3
2025,Mehedinți,Școala Gimnazială Căzănești,5.46,5.93,5.0,18
2025,Mehedinți,Școala Gimnazială Breznița-Motru,5.44,6.93,3.96,5
2025,Mehedinți,Școala Gimnazială Bâcleș,5.41,5.79,5.04,10
2025,Mehedinți,"Școala Gimnazială, Husnicioara",5.37,5.92,4.82,8
2025,Mehedinți,Școala Gimnazială Bâlvănești,5.36,5.74,4.99,10
2025,Mehedinți,"Școala Gimnazială, Corcova",5.34,6.12,4.57,26
2025,Mehedinți,Școala Gimnazială Balta,5.29,4.99,5.6,4
2025,Mehedinți,Școala Gimnazială Greci,5.29,6.79,3.79,7
2025,Mehedinți,Școala Gimnazială Aurora,5.26,6.04,4.48,6
2025,Mehedinți,Școala Gimnazială Ilovăț,5.23,5.98,4.48,6
2025,Mehedinți,Școala Gimnazială Vânjuleț,5.21,6.1,4.33,15
2025,Mehedinți,Școala Gimnazială Dănceu,5.19,5.83,4.55,3
2025,Mehedinți,Școala Gimnazială Bala,5.18,5.61,4.75,14
2025,Mehedinți,Școala Gimnazială Gârla Mare,5.18,5.07,5.29,12
2025,Mehedinți,Școala Gimnazială Braniștea,5.17,5.44,4.92,13
2025,Mehedinți,Școala Gimnazială Grozești,5.11,6.65,3.58,8
2025,Mehedinți,"Școala Gimnazială „Gheorghe Enescu”, Tâmna",5.11,6.01,4.21,10
2025,Mehedinți,Școala Gimnazială Dumbrava de Jos,5.08,5.79,4.38,10
2025,Mehedinți,Școala Gimnazială Vânători,5.06,5.23,4.9,11
2025,Mehedinți,Școala Gimnazială Dârvari,5.03,5.39,4.67,12
2025,Mehedinți,Școala Gimnazială Florești,5.01,5.65,4.37,14
2025,Mehedinți,"Școala Gimnazială, Cerneți",4.99,5.65,4.34,24
2025,Mehedinți,Școala Gimnazială Gruia,4.95,5.41,4.32,27
2025,Mehedinți,Liceul Teoretic „Gheorghe Ionescu Șișești”,4.95,4.87,5.04,17
2025,Mehedinți,Liceul Teoretic „Dr. Victor Gomoiu”,4.85,5.02,4.69,16
2025,Mehedinți,Școala Gimnazială Jirov,4.8,5.3,4.31,13
2025,Mehedinți,Școala Gimnazială Izvorălu,4.77,5.63,3.91,6
2025,Mehedinți,Școala Gimnazială Burila Mare,4.68,5.57,3.8,8
2025,Mehedinți,Școala Gimnazială Pristol,4.67,5.8,3.55,3
2025,Mehedinți,Școala Gimnazială Rogova,4.63,5.06,4.21,6
2025,Mehedinți,Școala Gimnazială Gemeni,4.63,4.95,4.31,12
2025,Mehedinți,Liceul Tehnologic „Matei Basarab”,4.6,4.81,4.09,25
2025,Mehedinți,"Școala Gimnazială, Svinița",4.57,5.8,3.35,2
2025,Mehedinți,Liceul Teoretic „Șerban Cioculescu”,4.49,5.1,3.89,7
2025,Mehedinți,Școala Gimnazială Breznița-Ocol,4.47,5.11,3.83,11
2025,Mehedinți,"Școala Gimnazială, Isverna",4.4,4.99,3.82,18
2025,Mehedinți,Școala Gimnazială Bălăcița,4.36,4.81,3.92,11
2025,Mehedinți,"Școala Gimnazială „Dumitru Bodin”, Comanda",4.3,3.49,4.87,4
2025,Mehedinți,"Școala Gimnazială, Livezile",4.29,4.82,3.77,14
2025,Mehedinți,"Școala Gimnazială, Hinova",4.27,4.86,3.68,4
2025,Mehedinți,"Școala Gimnazială „Preda Buzescu”, Vlădaia",4.25,4.55,3.95,11
2025,Mehedinți,Școala Gimnazială Vrata,4.15,4.62,3.69,9
2025,Mehedinți,Școala Gimnazială „Crainici”,3.95,5.38,2.53,2
2025,Mehedinți,Școala Gimnazială Oprișor,3.93,4.31,3.0,6
2025,Mehedinți,Școala Gimnazială Voloiac,3.89,4.11,3.67,14
2025,Mehedinți,Școala Gimnazială Noapteșa,3.89,4.44,3.34,5
2025,Mehedinți,"Școala Gimnazială, Punghina",3.71,3.66,3.77,11
2025,Mehedinți,Școala Gimnazială Jiana Veche,2.97,3.28,2.67,7
2025,Mureș,"Colegiul Național „Alexandru Papiu Ilarian”, Târgu Mureș",8.76,8.95,8.57,35
2025,Mureș,"Liceul Teoretic „Bolyai Farkas”, Târgu Mureș",8.51,8.02,8.17,51
2025,Mureș,"Colegiul Național „Unirea”, Târgu Mureș",8.5,8.72,8.28,25
2025,Mureș,"Școala Gimnazială „Omega”, Târgu Mureș",8.44,8.45,8.45,36
2025,Mureș,"Școala Gimnazială Dacia, Târgu Mureș",8.43,8.54,8.15,105
2025,Mureș,"Școala Gimnazială Europa, Târgu Mureș",8.28,8.26,8.02,91
2025,Mureș,"Școala Gimnazială „Romulus Guga”, Târgu Mureș",8.05,8.12,7.76,70
2025,Mureș,"Școala Gimnazială „Mirona”, Reghin",8.01,8.17,7.85,17
2025,Mureș,"Școala Gimnazială „Dr. Bernady Gyorgy”, Târgu Mureș",7.99,7.92,7.4,79
2025,Mureș,"Școala Gimnazială „Tudor Vladimirescu”, Târgu Mureș",7.96,7.98,7.64,76
2025,Mureș,"Școala Gimnazială „George Coșbuc”, Târgu Mureș",7.87,7.96,7.55,67
2025,Mureș,"Liceul Vocational Reformat, Târgu Mureș",7.75,7.22,7.15,26
2025,Mureș,"Școala Gimnazială „Friedrich Schiller”, Târgu Mureș",7.68,7.84,7.02,50
2025,Mureș,"Școala Gimnazială „Alexandru Ceușianu”, Reghin",7.66,7.72,7.31,110
2025,Mureș,"Colegiul Național de Artă, Târgu Mureș",7.65,7.59,7.07,64
2025,Mureș,"Școala Gimnazială „Mihai Viteazul”, Târgu Mureș",7.52,7.56,7.19,74
2025,Mureș,Școala Gimnazială Măgherani,7.49,6.39,7.73,8
2025,Mureș,"Liceul Teoretic „Joseph Haltrich”, Sighișoara",7.44,7.96,6.87,47
2025,Mureș,"Școala Gimnazială „Augustin Maior”, Reghin",7.35,7.76,6.86,64
2025,Mureș,"Școala Gimnazială, Răstolița",7.34,7.6,7.09,14
2025,Mureș,"Școala Gimnazială, Sâncraiu de Mureș",7.33,7.45,6.69,31
2025,Mureș,"Școala Gimnazială Nr. 2, Sovata",7.33,6.84,6.81,27
2025,Mureș,"Școala Gimnazială „Liviu Rebreanu”, Târgu Mureș",7.3,7.2,6.91,125
2025,Mureș,Școala Gimnazială Vețca,7.27,4.98,7.53,4
2025,Mureș,"Școala Gimnazială „Dosa Daniel”, Valea Izvoarelor",7.26,7.54,5.43,9
2025,Mureș,"Școala Gimnazială, Nazna",7.18,7.4,6.96,20
2025,Mureș,"Școala Gimnazială „Petres Kálmán”, Sâmbriaș",7.16,6.15,6.45,4
2025,Mureș,"Școala Gimnazială „Alexandru Ioan Cuza”, Târgu Mureș",7.15,7.32,6.78,100
2025,Mureș,"Școala Gimnazială Nr. 7, Târgu Mureș",7.14,7.13,6.46,43
2025,Mureș,"Școala Gimnazială, Periș",7.12,6.48,6.2,17
2025,Mureș,"Școala Gimnazială, Lunca Bradului",7.11,7.3,6.93,4
2025,Mureș,"Școala Gimnazială Nr. 1, Crăciunești",7.07,6.3,6.04,14
2025,Mureș,"Școala Gimnazială „Apafi Mihaly”, Ernei",7.05,6.04,6.26,20
2025,Mureș,"Școala Gimnazială „Ioan Vladuțiu”, Luduș",7.02,7.51,6.54,70
2025,Mureș,"Școala Gimnazială „Kádár Márton”, Pănet",6.97,5.95,6.7,23
2025,Mureș,Școala Gimnazială Vătava,6.96,6.67,6.67,11
2025,Mureș,"Școala Gimnazială „S. Illyes Lajos”, Sovata",6.93,5.66,6.66,52
2025,Mureș,"Școala Gimnazială „Adorjáni Károly”, Glodeni",6.9,6.33,6.42,19
2025,Mureș,"Școala Gimnazială „Nicolae Bălcescu”, Târgu Mureș",6.89,6.67,6.44,69
2025,Mureș,"Liceul cu Program Sportiv „Szasz Adalbert”, Târgu Mureș",6.88,6.96,6.04,28
2025,Mureș,Școala Gimnazială Cornești-Crăciunești,6.88,6.22,6.53,9
2025,Mureș,"Școala Gimnazială „Sfântul Gheorghe”, Sângeorgiu de Mureș",6.86,6.53,6.46,49
2025,Mureș,Școala Gimnazială Cozma,6.86,7.63,6.1,3
2025,Mureș,"Școala Gimnazială „Avram Iancu”, Târnăveni",6.86,7.27,6.46,67
2025,Mureș,"Școala Gimnazială „Aurel Moșora”, Sighișoara",6.86,6.96,6.34,42
2025,Mureș,"Școala Gimnazială „Traian”, Târnăveni",6.85,7.36,6.21,76
2025,Mureș,"Școala Gimnazială „Rákosi Lajos”, Gheorghe Doja",6.76,5.97,6.03,13
2025,Mureș,"Școala Gimnazială „Iuliu Grama”, Chiheru de Jos",6.69,6.84,6.55,14
2025,Mureș,"Școala Gimnazială, Breaza",6.63,6.77,6.5,9
2025,Mureș,"Școala Gimnazială Nr. 1, Luduș",6.58,6.96,5.78,46
2025,Mureș,Școala Gimnazială Sântioana de Mureș,6.57,5.83,5.67,18
2025,Mureș,"Școala Gimnazială „Dr. Nyulas Ferenc”, Eremitu",6.55,5.69,5.85,13
2025,Mureș,"Colegiul „Petru Maior”, Reghin",6.5,6.75,5.84,63
2025,Mureș,"Școala Gimnazială „Cornel Regman”, Daneș",6.49,6.72,6.08,19
2025,Mureș,Școala Gimnazială Gurghiu,6.49,7.12,5.87,28
2025,Mureș,"Școala Gimnazială „Kiss Gergely”, Păsăreni",6.49,5.63,5.81,11
2025,Mureș,Școala Gimnazială Vărgata,6.47,5.13,6.24,10
2025,Mureș,"Școala Gimnazială „Octavian Goga”, Sighișoara",6.43,6.7,6.16,14
2025,Mureș,Școala Gimnazială Solovastru,6.42,6.78,6.08,8
2025,Mureș,"Școala Gimnazială, Adămuș",6.4,6.89,5.91,9
2025,Mureș,"Școala Gimnazială „Emil Drăgan”, Ungheni",6.33,7.08,5.58,22
2025,Mureș,"Școala Gimnazială „Nicolae Iorga”, Sighișoara",6.32,7.16,5.48,11
2025,Mureș,"Școala Gimnazială „Florea Bogdan”, Reghin",6.29,6.8,5.58,41
2025,Mureș,Școala Gimnazială Dedrad,6.27,7.31,5.24,16
2025,Mureș,Școala Gimnazială Fântânele,6.25,4.94,6.12,22
2025,Mureș,"Școala Gimnazială „Victor Jinga”, Sighișoara",6.24,7.04,5.44,12
2025,Mureș,"Școala Gimnazială „Radu Popa”, Sighișoara",6.24,6.81,5.67,22
2025,Mureș,"Școala Gimnazială „Zaharia Boiu”, Sighișoara",6.18,6.74,5.62,30
2025,Mureș,Școala Gimnazială Fărăgău,6.17,6.73,5.62,3
2025,Mureș,"Școala Gimnazială, Ideciu de Jos",6.15,7.1,5.19,17
2025,Mureș,Școala Gimnazială Dâmbău,6.15,5.94,5.61,7
2025,Mureș,Școala Gimnazială Ibanești-Pădure,6.12,6.65,5.6,22
2025,Mureș,"Școala Gimnazială, Crăiești",6.07,7.43,4.73,4
2025,Mureș,"Școala Gimnazială „Kemeny János”, Brâncovenești",6.07,6.19,5.55,18
2025,Mureș,"Școala Gimnazială „Bordi András”, Idrifaia",6.07,5.58,5.36,11
2025,Mureș,"Școala Gimnazială „Tholdalagi Mihály”, Corunca",6.02,4.99,5.14,6
2025,Mureș,"Școala Gimnazială „Torok János”, Bălăușeri",5.97,5.63,4.82,13
2025,Mureș,"Școala Gimnazială „Deák Farkas”, Miercurea Nirajului",5.92,4.42,5.35,23
2025,Mureș,Școala Gimnazială Valea Largă,5.86,5.85,5.88,19
2025,Mureș,"Liceul Teoretic „Dr. Lind”, Câmpenița",5.84,5.39,5.6,8
2025,Mureș,Școala Gimnazială Ibanești,5.82,6.65,5.0,12
2025,Mureș,"Școala Gimnazială „Fogarasi Samuel”, Gănești",5.81,5.2,5.63,22
2025,Mureș,"Școala Gimnazială „Sf. Nicolae”, Laslău Mare",5.79,6.07,5.52,9
2025,Mureș,"Școala Gimnazială „Dănila Stupar”, Rușii-Munți",5.78,5.99,5.58,13
2025,Mureș,Școala Gimnazială Szabedi Laslo Săbed,5.78,4.9,5.05,4
2025,Mureș,"Școala Gimnazială „Serafim Duicu”, Târgu Mureș",5.75,5.95,5.43,33
2025,Mureș,Școala Gimnazială Ulieș,5.69,6.35,5.03,8
2025,Mureș,"Școala Gimnazială, Chețani",5.68,6.8,4.56,11
2025,Mureș,Școala Gimnazială Jabenița,5.6,5.2,6.0,3
2025,Mureș,Școala Gimnazială Acățari,5.57,4.41,5.08,24
2025,Mureș,"Școala Gimnazială, Stânceni",5.56,6.29,4.84,9
2025,Mureș,"Școala Gimnazială „Sfântul Petru”, Sânpetru de Câmpie",5.56,6.21,4.91,20
2025,Mureș,"Școala Profesională „Gheorghe Șincai”, Râciu",5.54,5.85,5.24,17
2025,Mureș,"Școala Gimnazială, Albești",5.53,6.28,4.79,7
2025,Mureș,"Școala Gimnazială, Chirileu",5.51,6.03,5.0,8
2025,Mureș,"Școala Gimnazială, Suseni",5.5,5.6,5.4,11
2025,Mureș,"Școala Gimnazială „Vasile Moldovan”, Târnăveni",5.47,4.89,6.06,7
2025,Mureș,"Liceul Teoretic „Samuil Micu”, Sărmașu",5.47,6.17,4.67,25
2025,Mureș,Școala Gimnazială Deaj,5.47,5.8,4.92,21
2025,Mureș,Școala Gimnazială Voivodeni,5.45,4.43,4.7,8
2025,Mureș,"Școala Gimnazială „Matyus István”, Chibed",5.42,3.64,5.61,10
2025,Mureș,"Școala Gimnazială, Lunca",5.42,5.65,5.19,6
2025,Mureș,"Liceul Tehnologic „Vasile Netea”, Deda",5.42,5.99,4.86,42
2025,Mureș,Școala Gimnazială Cuci,5.41,5.72,5.1,12
2025,Mureș,"Școala Gimnazială, Iernut",5.36,5.73,4.98,56
2025,Mureș,Școala Gimnazială „Papiu Ilarian”,5.34,4.98,5.14,5
2025,Mureș,"Școala Gimnazială „Dr. Vasile Pop”, Cipăieni",5.33,5.77,4.9,5
2025,Mureș,"Școala Gimnazială „Wesselenyi Miklos”, Ghindari",5.33,3.58,5.28,10
2025,Mureș,Școala Gimnazială Pădureni,5.32,4.35,5.08,7
2025,Mureș,Școala Gimnazială Cristești,5.3,4.87,5.01,19
2025,Mureș,"Liceul Tehnologic „Sfântul Gheorghe”, Sângeorgiu de Pădure",5.3,4.17,5.29,17
2025,Mureș,Școala Gimnazială Beica de Jos,5.3,4.8,5.8,14
2025,Mureș,Școala Gimnazială Sărmășel Gară,5.3,5.82,4.78,9
2025,Mureș,"Școala Gimnazială „Pataky Agótha”, Mădăraș",5.25,3.81,4.59,12
2025,Mureș,"Școala Gimnazială „Miron Neagu”, Sighișoara",5.22,5.93,4.39,15
2025,Mureș,"Școala Gimnazială, Archita",5.19,6.27,4.13,9
2025,Mureș,"Școala Gimnazială, Zau de Câmpie",5.19,5.58,4.63,20
2025,Mureș,"Școala Gimnazială „Palko Attila”, Aluniș",5.17,4.71,4.35,26
2025,Mureș,Școala Gimnazială Ațintiș,5.17,5.64,4.7,9
2025,Mureș,Școala Gimnazială „Șardu Nirajului”,5.17,5.08,5.26,10
2025,Mureș,Școala Gimnazială Neaua,5.14,4.39,4.27,6
2025,Mureș,Școala Gimnazială Mărculeni,5.13,3.51,5.05,9
2025,Mureș,"Școala Gimnazială „Samuel József”, Chendu",5.12,3.98,4.32,12
2025,Mureș,Școala Gimnazială Toaca,5.11,5.86,4.37,17
2025,Mureș,"Școala Gimnazială „Szentiváni Mihály”, Gălești",5.1,3.58,5.27,14
2025,Mureș,Școala Gimnazială „Trei Sate”,5.02,2.86,4.38,5
2025,Mureș,Școala Gimnazială Batoș,4.96,5.86,4.08,13
2025,Mureș,Școala Gimnazială Pogăceaua,4.96,5.65,4.29,23
2025,Mureș,"Școala Gimnazială, Petelea",4.95,4.28,5.62,31
2025,Mureș,Școala Gimnazială Glăjărie,4.9,4.57,4.62,13
2025,Mureș,Școala Gimnazială Șăulia,4.87,5.53,4.21,14
2025,Mureș,"Școala Gimnazială „Vasile Oprea”, Sânmărtinu de Câmpie",4.87,5.14,4.6,4
2025,Mureș,Școala Gimnazială Șeulia de Mureș,4.85,4.8,4.91,5
2025,Mureș,"Școala Gimnazială „Ion Chinezu”, Sântana de Mureș",4.85,4.78,3.95,11
2025,Mureș,Școala Gimnazială Balda,4.74,4.92,4.56,9
2025,Mureș,Școala Gimnazială Boiu,4.74,5.27,4.21,6
2025,Mureș,"Școala Gimnazială, Ceuașu de Câmpie",4.73,4.47,4.33,12
2025,Mureș,"Școala Gimnazială „Petru Maior”, Căpușu de Câmpie",4.73,4.61,4.85,17
2025,Mureș,Școala Gimnazială Tăureni,4.72,4.03,3.5,3
2025,Mureș,Școala Gimnazială Hăranglab,4.71,4.31,4.81,4
2025,Mureș,"Școala Gimnazială, Miheșu de Câmpie",4.7,5.01,4.39,11
2025,Mureș,Școala Gimnazială Gogan,4.68,5.38,3.98,3
2025,Mureș,Școala Gimnazială Ivănești,4.65,4.9,4.42,5
2025,Mureș,"Școala Gimnazială „Ion Dacian”, Saschiz",4.64,4.69,4.59,8
2025,Mureș,Școala Gimnazială Sânpaul,4.57,5.0,4.13,14
2025,Mureș,"Școala Gimnazială, Sânger",4.54,5.22,3.82,25
2025,Mureș,Școala Gimnazială Tirimia,4.48,4.69,4.27,7
2025,Mureș,"Școala Gimnazială Nr. 3, Târnăveni",4.48,3.52,5.42,11
2025,Mureș,"Școala Gimnazială „Teleki Domokos”, Gornești",4.46,4.04,4.15,16
2025,Mureș,Școala Gimnazială „Șincai”,4.45,4.41,4.3,13
2025,Mureș,"Școala Gimnazială, Bogata",4.42,5.1,3.75,10
2025,Mureș,Școala Gimnazială Băgaciu,4.42,4.91,3.93,20
2025,Mureș,Școala Gimnazială Coroisânmărtin,4.42,5.16,3.43,5
2025,Mureș,Școala Gimnazială Sântioana,4.34,4.97,3.71,7
2025,Mureș,Școala Gimnazială Călușeri,4.34,2.95,4.15,8
2025,Mureș,Școala Profesională Band,4.32,4.4,3.82,46
2025,Mureș,"Școala Gimnazială „Belle József”, Ceuaș",4.25,4.67,3.75,6
2025,Mureș,"Școala Gimnazială „Benedek Elek”, Livezeni",4.24,3.29,4.67,10
2025,Mureș,"Școala Gimnazială „Nicolae Gheorghe”, Reghin",4.21,3.44,4.67,18
2025,Mureș,Școala Gimnazială Șaeș,4.21,4.49,3.93,7
2025,Mureș,"Școala Gimnazială, Sărățeni",4.19,3.25,3.74,8
2025,Mureș,"Școala Gimnazială, Bahnea",4.19,4.59,3.56,24
2025,Mureș,"Școala Gimnazială, Călimănești",4.17,2.09,4.35,4
2025,Mureș,"Școala Gimnazială, Hodac",4.1,4.37,3.83,23
2025,Mureș,"Școala Gimnazială „Vasile Pop Grebenișu”, de Câmpie",4.09,4.35,3.83,20
2025,Mureș,Școala Gimnazială Hădăreni,4.09,5.18,3.0,2
2025,Mureș,Școala Gimnazială „Mătrici”,3.97,2.67,3.17,10
2025,Mureș,"Școala Gimnazială „Înv. Stroiescu Ioan”, Criș",3.96,4.88,3.03,3
2025,Mureș,Școala Gimnazială Ogra,3.89,3.78,4.0,12
2025,Mureș,"Școala Gimnazială „Soli Deo Gloria”, Vaideiu",3.86,3.87,3.84,14
2025,Mureș,"Școala Gimnazială, Ormeniș",3.83,4.4,3.26,5
2025,Mureș,Școala Gimnazială Țigmandru,3.81,4.08,3.54,8
2025,Mureș,Școala Gimnazială Bărboși,3.8,4.1,3.5,1
2025,Mureș,"Școala Gimnazială „Teleki Samuel”, Dumbrăvioara",3.8,2.21,3.72,14
2025,Mureș,"Școala Gimnazială, Apold",3.74,3.93,3.33,11
2025,Mureș,Școala Gimnazială Vidrașău,3.65,3.91,3.4,6
2025,Mureș,Școala Gimnazială Idiciu,3.56,3.5,3.17,5
2025,Mureș,Școala Gimnazială Bichiș,3.44,3.63,3.25,2
2025,Mureș,"Școala Gimnazială, Seleuș",3.35,3.03,3.68,6
2025,Mureș,Școala Gimnazială Tonciu,3.17,3.45,3.08,13
2025,Mureș,"Școala Gimnazială „Petre N. Popescu”, Vânători",3.13,3.13,3.17,26
2025,Mureș,Școala Gimnazială Senereuș,3.09,2.93,3.25,7
2025,Mureș,Școala Gimnazială Zagăr,2.31,2.03,2.58,6
2025,Neamț,"Colegiul Național „Petru Rareș”, municipiul Piatra-Neamț",9.29,9.39,9.2,35
2025,Neamț,"Colegiul Național „Calistrat Hogaș”, municipiul Piatra-Neamț",9.04,9.19,8.9,32
2025,Neamț,"Colegiul Național de Informatică, municipiul Piatra-Neamț",8.82,8.92,8.72,65
2025,Neamț,"Colegiul Național „Roman Vodă”, municipiul Roman",8.52,8.6,8.44,63
2025,Neamț,"Colegiul Tehnologic „Spiru Haret”, municipiul Piatra-Neamț",8.17,8.39,7.96,64
2025,Neamț,"Școala Gimnazială „Domnească”, Oraș Târgu Neamț",8.1,8.2,8.0,62
2025,Neamț,"Școala Gimnazială Nr. 3, Municipiul Piatra-Neamț",8.08,8.27,7.89,97
2025,Neamț,"Liceul „Vasile Conta”, oraș Târgu Neamț",8.05,8.42,7.68,69
2025,Neamț,"Școala Gimnazială, Comuna Bălțătești",8.01,8.24,7.78,22
2025,Neamț,"Școala Gimnazială Nr. 2, Municipiul Piatra-Neamț",7.98,8.21,7.75,145
2025,Neamț,"Colegiul Tehnic „Ion Creangă”, oraș Târgu Neamț",7.9,7.85,7.95,29
2025,Neamț,"Școala Gimnazială „Vasile Alecsandri”, Municipiul Roman",7.86,8.32,7.41,123
2025,Neamț,"Școala Gimnazială „Elena Cuza”, Municipiul Piatra-Neamț",7.79,8.28,7.31,91
2025,Neamț,"Școala Gimnazială Vaduri, Comuna Alexandru cel Bun",7.78,8.2,7.35,17
2025,Neamț,"Școala Gimnazială „Vasile Mitru”, Comuna Tașca",7.72,7.99,7.46,15
2025,Neamț,"Școala Gimnazială „Iulia Hălăucescu”, Comuna Tarcău",7.7,8.1,7.31,14
2025,Neamț,"Școala Gimnazială „I. Gervescu”, Comuna Săvinești",7.62,7.95,7.3,14
2025,Neamț,"Școala Gimnazială, Comuna Bodești",7.54,7.39,7.69,11
2025,Neamț,"Școala Gimnazială, Comuna Tămășeni",7.48,7.71,7.25,44
2025,Neamț,"Școala Gimnazială Nr. 5, Municipiul Piatra-Neamț",7.42,7.8,7.04,85
2025,Neamț,"Școala Gimnazială „Antonie Mureșianu”, Comuna Bira",7.4,7.72,7.08,16
2025,Neamț,"Școala Gimnazială Nr. 1, Comuna Bicaz-Chei",7.37,7.75,7.01,33
2025,Neamț,"Școala Gimnazială „Pluton”, Comuna Pipirig",7.32,8.1,6.54,4
2025,Neamț,"Școala Gimnazială, Comuna Rediu",7.29,7.71,6.87,34
2025,Neamț,"Școala Gimnazială „Regina Maria”, Oraș Bicaz",7.24,7.8,6.68,53
2025,Neamț,"Școala Profesională Adjudeni, comuna Tămășeni",7.23,7.65,6.83,42
2025,Neamț,"Școala Gimnazială, Comuna Dămuc",7.23,7.44,7.02,22
2025,Neamț,"Școala Gimnazială „Daniela Cuciuc”, Municipiul Piatra-Neamț",7.2,7.65,6.76,40
2025,Neamț,"Școala Gimnazială Dumbrava, Comuna Timișești",7.1,7.47,6.73,12
2025,Neamț,"Școala Gimnazială „Ștefan cel Mare”, Sat Mastacăn, Comuna Borlești",7.09,7.66,6.52,10
2025,Neamț,"Școala Gimnazială „Nicu Albu”, Municipiul Piatra-Neamț",7.08,7.53,6.64,40
2025,Neamț,"Colegiul Național „Ștefan cel Mare”, oraș Târgu Neamț",7.08,7.58,6.59,64
2025,Neamț,"Școala Gimnazială „Episcop Melchisedec Stefănescu”, Comuna Gârcina",7.07,7.22,6.92,19
2025,Neamț,"Școala Gimnazială „Alexandru Ioan Cuza”, Municipiul Roman",7.04,7.53,6.55,90
2025,Neamț,"Școala de Artă „Sergiu Celibidache”, Municipiul Roman",7.03,7.43,6.64,18
2025,Neamț,"Școala Gimnazială „Iustin Pirvu”, Comuna Poiana Teiului",7.02,7.08,6.97,25
2025,Neamț,"Școala Gimnazială Nr. 11, Municipiul Piatra-Neamț",7.02,7.47,6.56,15
2025,Neamț,"Liceul „Mihail Sadoveanu”, comuna Borca",6.96,7.25,6.66,50
2025,Neamț,"Școala Gimnazială „Petru Vodă”, Comuna Poiana Teiului",6.92,6.95,6.9,13
2025,Neamț,"Liceul de Arte „Victor Brauner”, Municipiul Piatra-Neamț",6.91,7.31,6.52,45
2025,Neamț,"Școala Gimnazială Nr. 1, Comuna Zănești",6.9,7.13,6.67,18
2025,Neamț,"Școala Profesională, comuna Petricani",6.83,7.3,6.35,19
2025,Neamț,"Școala Gimnazială Barticești, Comuna Botești",6.79,7.32,6.27,19
2025,Neamț,"Liceul Tehnologic „Arhimandrit Chiriac Nicolau”, Comuna Vânători-Neamț",6.77,7.07,6.47,49
2025,Neamț,"Școala Gimnazială „Ion Creangă”, Oraș Târgu Neamț",6.76,7.35,6.19,14
2025,Neamț,"Școala Gimnazială, Comuna Piatra Șoimului",6.75,7.3,6.2,24
2025,Neamț,"Școala Gimnazială Nr. 1, Sat Boboiești, Comuna Pipirig",6.72,7.07,6.38,10
2025,Neamț,"Școala Gimnazială, Comuna Borlești",6.69,7.01,6.37,14
2025,Neamț,"Școala Gimnazială „Nicolae Grigorescu”, Comuna Agapia",6.68,7.44,5.94,26
2025,Neamț,"Liceul „Gh. Ruset Roznovanu”, Oraș Roznov",6.68,7.37,6.0,60
2025,Neamț,"Școala Gimnazială „Gheorghe Nicolau”, Comuna Români",6.67,7.72,5.62,14
2025,Neamț,"Școala Gimnazială Valea Seacă, Comuna Bălțătești",6.59,7.28,5.91,15
2025,Neamț,"Școala Gimnazială Prof. „Mihai Emilian Mancaș”, Comuna Dobreni",6.57,7.95,5.19,5
2025,Neamț,"Școala Gimnazială Nr. 1, Comuna Bicazu Ardelean",6.52,6.74,6.3,15
2025,Neamț,"Școala Gimnazială Nr. 1, Comuna Cordun",6.5,7.2,5.8,14
2025,Neamț,"Școala Gimnazială Nr. 1, Comuna Săvinești",6.5,7.19,5.81,5
2025,Neamț,"Școala Gimnazială „Carmen Sylva”, Comuna Horia",6.49,7.31,5.68,11
2025,Neamț,"Școala Gimnazială, Comuna Moldoveni",6.49,6.88,6.1,12
2025,Neamț,"Școala Gimnazială „Grigore Ungureanu”, Comuna Ceahlău",6.46,6.31,6.61,18
2025,Neamț,"Școala Gimnazială „Constantin Panțiru”, Comuna Grințieș",6.46,7.11,5.81,18
2025,Neamț,"Școala Gimnazială „Dr. Emanuiel Rigler”, Comuna Ștefan cel Mare",6.46,7.01,5.91,19
2025,Neamț,"Școala Gimnazială, Comuna Cândești",6.44,6.94,5.95,23
2025,Neamț,"Școala Gimnazială „Dumitru Almaș”, Comuna Negrești",6.42,6.96,5.88,9
2025,Neamț,"Școala Gimnazială Nr. 1, Comuna Dumbrava Roșie",6.42,7.08,5.76,30
2025,Neamț,"Liceul Tehnologic Nișiporești, comuna Botești",6.41,7.1,5.73,15
2025,Neamț,"Școala Gimnazială Nr. 1, Sat Pildești, Comuna Cordun",6.41,6.93,5.9,37
2025,Neamț,"Școala Gimnazială Magazia, Comuna Crăcăoani",6.39,6.59,6.18,15
2025,Neamț,"Școala Gimnazială Nr. 2, Comuna Zănești",6.35,6.79,5.93,10
2025,Neamț,"Școala Gimnazială Nr. 8, Municipiul Piatra-Neamț",6.35,6.69,6.01,35
2025,Neamț,"Școala Gimnazială, Comuna Gherăești",6.33,6.62,6.04,38
2025,Neamț,"Școala Gimnazială „Roman Mușat”, Municipiul Roman",6.29,6.99,5.6,20
2025,Neamț,"Școala Gimnazială „Mihai Eminescu”, Municipiul Roman",6.23,6.8,5.62,62
2025,Neamț,"Școala Gimnazială Bistrița, Comuna Alexandru cel Bun",6.22,6.76,5.69,16
2025,Neamț,"Școala Gimnazială, Comuna Trifești",6.21,6.73,5.7,21
2025,Neamț,"Liceul Teoretic „Vasile Alecsandri”, comuna Săbăoani",6.21,6.87,5.55,54
2025,Neamț,"Școala Gimnazială „Miron Costin”, Comuna Trifești",6.18,6.91,5.45,8
2025,Neamț,"Școala Gimnazială „Vasile Conta”, Comuna Ghindăoani",6.17,6.41,5.92,7
2025,Neamț,"Școala Gimnazială, Comuna Hangu",6.15,6.64,5.66,18
2025,Neamț,"Școala Gimnazială „Ieremia Irimescu”, Comuna Brusturi",6.14,6.59,5.7,35
2025,Neamț,"Școala Gimnazială Nr. 2, Sat Târpești, Comuna Petricani",6.13,6.34,5.92,21
2025,Neamț,"Școala Gimnazială „Gheorghe Pătrașcu”, Sat Buruienești, Comuna Doljești",6.12,6.41,5.82,25
2025,Neamț,"Școala Gimnazială „Nicolae Buleu”, Comuna Mărgineni",6.07,6.0,6.13,30
2025,Neamț,"Liceul Teologic Ortodox „Sfinții Împărați Constantin și Elena”, Municipiul Piatra-Neamț",6.03,6.68,5.39,19
2025,Neamț,"Școala Gimnazială, Comuna Costișa",6.01,7.04,4.99,15
2025,Neamț,"Școala Gimnazială, Comuna Grumăzești",6.0,6.68,5.32,34
2025,Neamț,"Școala Gimnazială, Comuna Drăgănești",6.0,6.4,5.6,10
2025,Neamț,"Școala Gimnazială, Comuna Bozieni",5.99,6.08,5.91,29
2025,Neamț,"Școala Gimnazială Cuejdiu, Comuna Gârcina",5.98,5.85,6.12,12
2025,Neamț,"Școala Gimnazială, Comuna Ion Creangă",5.97,6.65,5.3,36
2025,Neamț,"Școala Gimnazială „Carol I”, Municipiul Roman",5.96,6.41,5.52,11
2025,Neamț,"Școala Gimnazială Prof. „Gheorghe Dumitreasa”, Comuna Girov",5.95,6.5,5.41,25
2025,Neamț,"Școala Gimnazială Nr. 2, Sat Davideni, Comuna Țibucani",5.94,6.24,5.64,13
2025,Neamț,"Școala Gimnazială Nr. 1, Comuna Răucești",5.92,6.38,5.48,15
2025,Neamț,"Școala Gimnazială Slobozia, Oraș Roznov",5.89,6.51,5.27,13
2025,Neamț,"Școala Gimnazială „Constantin Virgil Gheorghiu”, Comuna Războieni",5.89,6.38,5.41,10
2025,Neamț,"Școala Gimnazială „Mihail Kogălniceanu”, Comuna Răucești",5.86,6.37,5.35,13
2025,Neamț,"Școala Gimnazială „Ioan Grigore Teodorescu”, Sat Ruseni, Comuna Borlești",5.83,6.03,5.65,20
2025,Neamț,"Școala Gimnazială, Comuna Dulcești",5.82,6.77,4.88,11
2025,Neamț,"Școala Gimnazială „Otilia Cazimir”, Sat Cotu Vameș, Comuna Horia",5.8,6.6,5.01,14
2025,Neamț,"Școala Gimnazială Stejaru, Comuna Pângărați",5.8,6.69,4.92,24
2025,Neamț,"Școala Gimnazială, Comuna Urecheni",5.79,6.43,5.15,25
2025,Neamț,"Școala Gimnazială Prof. Vasile Gherasim, Comuna Țibucani",5.75,6.23,5.27,18
2025,Neamț,"Liceul Tehnologic „Ion Creangă”, comuna Pipirig",5.75,6.08,5.42,45
2025,Neamț,"Școala Gimnazială, Comuna Timișești",5.68,5.93,5.43,16
2025,Neamț,"Școala Gimnazială, Comuna Bârgăuani",5.64,7.17,4.12,12
2025,Neamț,"Liceul cu Program Sportiv, municipiul Piatra-Neamț",5.63,6.31,4.94,26
2025,Neamț,"Școala Gimnazială „Nicolae Iorga”, Sat Pângărăcior, Comuna Pângărați",5.59,6.32,4.86,7
2025,Neamț,"Școala Gimnazială, Comuna Stănița",5.57,6.0,5.15,23
2025,Neamț,"Școala Gimnazială Luminiș, Comuna Piatra Șoimului",5.53,6.82,4.24,9
2025,Neamț,"Școala Gimnazială „Ioan Luca”, Comuna Farcașa",5.51,5.8,5.23,25
2025,Neamț,"Școala Gimnazială Nr. 3, Sat Cut, Comuna Dumbrava Roșie",5.46,5.81,5.11,15
2025,Neamț,"Școala Gimnazială „Nicolae Apostol”, Comuna Ruginoasa",5.45,5.48,5.42,15
2025,Neamț,"Școala Gimnazială, Comuna Doljești",5.44,5.93,4.96,10
2025,Neamț,"Școala Profesională Oglinzi, comuna Răucești",5.41,6.07,4.76,38
2025,Neamț,"Școala Gimnazială, Comuna Boghicea",5.39,5.88,4.91,15
2025,Neamț,"Școala Gimnazială Bălușești, Comuna Icușești",5.38,6.43,4.34,23
2025,Neamț,"Școala Gimnazială, Comuna Secuieni",5.38,5.96,4.8,14
2025,Neamț,"Școala Gimnazială, Comuna Gâdinți",5.37,5.99,4.75,14
2025,Neamț,"Școala Gimnazială „Alexandru Podoleanu”, Comuna Podoleni",5.36,6.14,4.58,26
2025,Neamț,"Școala Gimnazială „I. I. Mironescu”, Comuna Tazlău",5.32,6.16,4.48,10
2025,Neamț,"Școala Gimnazială Nr. 1, Sat Siliștea, Comuna Români",5.31,6.28,4.34,12
2025,Neamț,"Școala Gimnazială Nr. 1, Comuna Făurei",5.25,5.99,4.52,19
2025,Neamț,"Școala Gimnazială Chilii, Comuna Valea Ursului",5.25,6.03,4.47,12
2025,Neamț,"Școala Gimnazială „Gheorghe Săvinescu”, Comuna Crăcăoani",5.24,5.46,5.03,9
2025,Neamț,"Școala Gimnazială, Comuna Poienari",5.24,5.41,5.07,11
2025,Neamț,"Școala Gimnazială, Comuna Sagna",5.21,5.89,4.53,36
2025,Neamț,"Școala Gimnazială, Comuna Tupilați",5.2,5.65,4.76,17
2025,Neamț,"Școala Gimnazială Nr. 1, Sat Rădeni, Comuna Păstrăveni",5.19,6.07,4.32,21
2025,Neamț,"Școala Gimnazială Nr. 1, Sat Țolici, Comuna Petricani",5.14,5.32,4.85,32
2025,Neamț,"Școala Gimnazială, Comuna Bahna",5.13,4.98,5.27,17
2025,Neamț,"Școala Gimnazială, Comuna Păstrăveni",5.1,5.86,4.35,16
2025,Neamț,"Școala Gimnazială Nr. 2, Comuna Piatra Șoimului",5.0,5.84,4.16,10
2025,Neamț,"Școala Gimnazială „Pr. Gheorghe Săndulescu”, Comuna Dragomirești",4.96,5.49,4.44,13
2025,Neamț,"Școala Gimnazială Nr. 1, Comuna Dochia",4.89,5.43,4.35,7
2025,Neamț,"Liceul cu Program Sportiv, municipiul Roman",4.84,5.29,4.4,45
2025,Neamț,"Școala Gimnazială „Vlad Dănulescu”, Comuna Pâncești",4.84,5.32,4.36,10
2025,Neamț,"Școala Gimnazială „Calistrat Hogaș”, Municipiul Roman",4.76,4.97,4.56,39
2025,Neamț,"Școala Gimnazială, Comuna Oniceni",4.76,5.35,4.18,21
2025,Neamț,"Liceul Particular nr. 1, Sat Bistrița, Comuna Alexandru cel Bun",4.74,4.92,4.57,10
2025,Neamț,"Școala Gimnazială Nr. 7, Municipiul Piatra-Neamț",4.66,3.8,4.96,8
2025,Neamț,"Școala Profesională, Comuna Valea Ursului",4.57,5.03,4.12,20
2025,Neamț,"Școala Gimnazială Slobozia, Comuna Boghicea",4.34,4.92,3.77,13
2025,Neamț,"Școala Gimnazială Stânca, Comuna Pipirig",4.19,4.7,3.67,15
2025,Neamț,"Școala Gimnazială Izvoare, Comuna Bahna",3.84,3.96,3.74,17
2025,Neamț,"Școala Gimnazială, Comuna Icușești",3.79,3.96,3.63,14
2025,Neamț,"Școala Gimnazială Solca, Comuna Oniceni",3.68,4.32,3.05,21
2025,Neamț,"Școala Gimnazială „Costache Negri”, Municipiul Roman",3.42,3.71,3.13,13
2025,Neamț,"Școala Gimnazială, Comuna Văleni",3.19,3.3,3.1,11
2025,Neamț,"Liceul Tehnologic „Dimitrie Leonida”, municipiul Piatra-Neamț",3.16,3.31,3.0,15
2025,Neamț,"Centrul Școlar Pentru Educație Incluzivă, Oraș Târgu Neamț",3.01,2.76,3.26,8
2025,Olt,"Colegiul Național „Ion Minulescu”, Slatina",8.41,8.67,8.16,145
2025,Olt,"Școala Gimnazială „Eugen Ionescu”, Slatina",8.25,8.5,8.01,71
2025,Olt,"Școala Gimnazială „George Poboran”, Slatina",8.24,8.67,7.82,74
2025,Olt,"Școala Gimnazială „Mihail Drumeș”, Balș",8.21,8.51,7.92,52
2025,Olt,"Școala Gimnazială „Constantin Brâncoveanu”, Slatina",8.14,8.34,7.95,82
2025,Olt,"Școala Gimnazială Nr. 2, Caracal",7.94,8.27,7.61,68
2025,Olt,"Școala Gimnazială „Vlaicu Vodă”, Slatina",7.83,8.11,7.55,54
2025,Olt,"Școala Gimnazială Nr. 3, Slatina",7.76,8.38,7.14,75
2025,Olt,Școala Gimnazială Cârlogani,7.76,8.28,7.24,6
2025,Olt,"Colegiul Național „Radu Greceanu”, Slatina",7.67,8.34,6.99,24
2025,Olt,"Școala Gimnazială „Gheorghe Magheru”, Caracal",7.66,7.98,7.35,77
2025,Olt,"Școala Gimnazială „Virgil Mazilescu”, Corabia",7.62,7.82,7.43,34
2025,Olt,Liceul cu Program Sportiv Slatina,7.62,7.72,7.53,92
2025,Olt,Școala Gimnazială Baldovinești,7.61,8.7,6.52,5
2025,Olt,"Școala Gimnazială „Ștefan Protopopescu”, Slatina",7.55,8.16,6.94,41
2025,Olt,"Liceul Teoretic „Alexandru Ioan Cuza”, Corabia",7.46,7.94,6.99,24
2025,Olt,"Școala Gimnazială, Deveselu",7.42,7.92,6.92,17
2025,Olt,"Liceul Tehnologic „Ion Popescu-Cilieni”, Cilieni",7.37,8.11,6.64,12
2025,Olt,Școala Gimnazială Pârșcoveni,7.27,7.8,6.29,9
2025,Olt,Școala Gimnazială Pleșoiu,7.25,7.73,6.77,15
2025,Olt,Liceul Tehnologic Tufeni,7.23,7.71,6.75,11
2025,Olt,"Școala Gimnazială, Izbiceni",7.13,7.43,6.84,16
2025,Olt,Școala Gimnazială Priseaca,7.11,7.53,6.7,2
2025,Olt,Școala Gimnazială Fărcașele,7.08,7.82,6.35,16
2025,Olt,"Școala Gimnazială „Nicolae Iorga”, Slatina",7.07,7.37,6.77,40
2025,Olt,"Școala Gimnazială „Neda Marinescu”, Grădinile",7.01,7.48,6.56,10
2025,Olt,"Școala Gimnazială „Mihai Viteazul”, Băbiciu",7.01,7.42,6.61,7
2025,Olt,Școala Gimnazială Alimanesti,6.99,7.5,6.49,15
2025,Olt,"Școala Gimnazială „Ion I. Graure”, Bălteni",6.99,7.5,6.49,14
2025,Olt,"Liceul Teoretic „Nicolae Titulescu”, Slatina",6.96,7.34,6.58,78
2025,Olt,"Școala Gimnazială „Nicolae Titulescu”, Caracal",6.94,7.44,6.44,60
2025,Olt,"Liceul Teoretic „Tudor Vladimirescu”, Drăgănești-Olt",6.91,7.07,6.76,45
2025,Olt,Școala Gimnazială Curtișoara,6.91,7.46,6.36,15
2025,Olt,Școala Gimnazială Stoenești,6.85,7.6,6.12,10
2025,Olt,Liceul Tehnologic nr. 1 Bălș,6.83,7.59,6.07,46
2025,Olt,"Școala Gimnazială, Gura Padinii",6.82,7.26,6.39,7
2025,Olt,Școala Gimnazială Morunglav,6.78,7.86,5.72,9
2025,Olt,"Școala Gimnazială, Ipotești",6.77,8.0,5.55,18
2025,Olt,"Școala Gimnazială, Perieți",6.77,7.86,5.68,10
2025,Olt,Școala Gimnazială Tătulești,6.74,8.6,4.88,3
2025,Olt,Școala Gimnazială Gârcov,6.72,7.1,6.35,16
2025,Olt,"Liceul Teoretic „Ioniță Asan”, Caracal",6.68,7.22,6.14,35
2025,Olt,"Liceul Teoretic „Petre Pandrea”, Bălș",6.67,7.47,5.88,43
2025,Olt,Școala Gimnazială Mărunței,6.63,6.89,6.38,9
2025,Olt,Școala Gimnazială Valea Mare,6.6,6.99,6.21,21
2025,Olt,Școala Gimnazială Hotărani,6.58,7.84,5.33,16
2025,Olt,"Școala Gimnazială, Studina",6.56,6.94,6.19,15
2025,Olt,"Școala Gimnazială „Aviator Alexandru Șerbănescu”, Colonești",6.55,6.71,6.4,11
2025,Olt,"Școala Gimnazială, Osica de Jos",6.52,7.56,5.48,5
2025,Olt,"Școala Gimnazială „Voievod Brâncoveanu”, Brâncoveni",6.51,7.22,5.81,16
2025,Olt,Școala Gimnazială Olari,6.51,7.3,5.72,11
2025,Olt,"Școala Gimnazială, Orlea",6.51,7.11,5.91,10
2025,Olt,Școala Gimnazială Strejeștii de Jos,6.47,7.28,5.67,11
2025,Olt,Liceul Tehnologic Iancu Jianu,6.46,6.58,6.35,13
2025,Olt,"Școala Gimnazială „Nicolae Coculescu”, Scornicești",6.41,6.86,5.97,51
2025,Olt,Școala Gimnazială Traian,6.4,6.42,6.38,13
2025,Olt,Școala Gimnazială Ghimpețeni,6.39,6.03,6.75,8
2025,Olt,"Școala Gimnazială, Drăghiceni",6.37,7.23,5.53,4
2025,Olt,"Liceul Teoretic „Ion Gh. Roșca”, Osica de Sus",6.37,6.89,5.85,24
2025,Olt,Școala Gimnazială Vâlcele,6.33,7.34,5.33,12
2025,Olt,Școala Gimnazială Găvănești,6.32,7.11,5.54,9
2025,Olt,"Școala Gimnazială, Scărișoara",6.3,6.8,5.8,22
2025,Olt,"Liceul „Ștefan Diaconescu”, Potcoava",6.29,6.59,5.89,37
2025,Olt,"Școala Gimnazială „Florian Dițuleasa”, Vitănești",6.23,6.6,5.86,10
2025,Olt,Liceul Tehnologic Vitomirești,6.23,6.43,6.03,18
2025,Olt,"Școala Gimnazială, Dobrosloveni",6.21,6.64,5.79,10
2025,Olt,Școala Gimnazială Oporelu,6.21,6.85,5.56,8
2025,Olt,Școala Gimnazială Stoboraști,6.2,7.25,5.16,6
2025,Olt,"Școala Gimnazială Celeiu, Corabia",6.17,6.33,6.01,10
2025,Olt,Școala Gimnazială Mărgăritești,6.13,6.63,5.64,18
2025,Olt,Școala Gimnazială Găneasa,6.13,6.47,5.79,12
2025,Olt,Școala Gimnazială Vișina,6.1,6.36,5.86,19
2025,Olt,Școala Gimnazială Bărăști de Vede,6.08,6.71,5.45,7
2025,Olt,"Școala Gimnazială „Mihai Eminescu”, Corabia",6.06,5.83,6.3,10
2025,Olt,"Școala Gimnazială „Leonida Marineanu”, Tia Mare",6.06,5.83,6.3,16
2025,Olt,Școala Gimnazială Bacea,6.04,6.7,5.39,21
2025,Olt,Școala Gimnazială Vădastra,6.03,6.55,5.52,8
2025,Olt,Școala Gimnazială Poganu,6.01,6.35,5.69,14
2025,Olt,Școala Gimnazială Bircii,6.01,6.5,5.53,9
2025,Olt,Școala Gimnazială Vulpeni,6.01,6.25,5.77,13
2025,Olt,Școala Gimnazială Cungrea,6.0,6.88,5.13,5
2025,Olt,Liceul Tehnologic Crâmpoia,5.99,6.61,5.38,23
2025,Olt,Școala Gimnazială Reșca,5.97,6.31,5.64,9
2025,Olt,Școala Gimnazială Rotunda,5.96,6.51,5.42,17
2025,Olt,Școala Gimnazială Redea,5.95,6.7,5.21,7
2025,Olt,Școala Gimnazială „Ștefan cel Mare”,5.95,6.67,5.24,8
2025,Olt,"Școala Gimnazială, Urzica",5.93,6.22,5.64,16
2025,Olt,"Școala Gimnazială „Ion Popescu Negreni”, Negreni",5.92,6.42,5.42,13
2025,Olt,Liceul Tehnologic Piatra-Olt,5.91,6.66,5.17,12
2025,Olt,Școala Gimnazială Vădăstrița,5.83,6.21,5.44,17
2025,Olt,Școala Gimnazială Giuvărăști,5.81,6.4,5.22,10
2025,Olt,"Liceul Tehnologic „Tănase Constantin”, Izvoarele",5.79,7.3,4.29,6
2025,Olt,"Școala Gimnazială „Decebal”, Dobrețu",5.79,7.12,4.46,9
2025,Olt,Școala Gimnazială Dăneasa,5.77,6.1,5.46,11
2025,Olt,"Școala Gimnazială, Osica de Sus",5.77,6.32,5.22,17
2025,Olt,"Școala Gimnazială Nr. 1, Caracal",5.74,5.57,5.92,10
2025,Olt,"Școala Gimnazială „Dumitru Popovici”, Șerbănești",5.74,5.93,5.54,21
2025,Olt,"Școala Gimnazială Nr. 3, Caracal",5.73,5.88,5.58,17
2025,Olt,Școala Gimnazială Drănovățu,5.72,6.09,5.34,10
2025,Olt,Școala Gimnazială Fărcașu de Jos,5.71,6.67,4.75,13
2025,Olt,Școala Gimnazială Seaca,5.7,6.42,4.99,11
2025,Olt,Școala Gimnazială Fălcoiu,5.68,6.49,4.88,21
2025,Olt,Școala Gimnazială Schitu,5.68,6.78,4.58,13
2025,Olt,Școala Gimnazială Vișina Nouă,5.67,6.25,5.09,7
2025,Olt,Școala Gimnazială „Milcovu din Deal”,5.66,6.38,4.94,10
2025,Olt,Școala Gimnazială Vlădila,5.66,6.79,4.53,10
2025,Olt,Școala Gimnazială Oboga,5.62,5.98,5.26,5
2025,Olt,Școala Gimnazială Brastavățu,5.58,5.83,5.34,31
2025,Olt,Școala Gimnazială Călui,5.55,6.43,4.68,3
2025,Olt,"Școala Gimnazială „Ion Conea”, Coteana",5.49,6.1,4.9,11
2025,Olt,"Școala Gimnazială, Radomirești",5.48,5.87,5.1,15
2025,Olt,Școala Gimnazială Rusănești,5.48,5.91,5.06,30
2025,Olt,"Școala Gimnazială, Strejeștii de Sus",5.45,5.74,5.17,10
2025,Olt,"Școala Gimnazială „Nicolae Marineanu”, Cezieni",5.45,5.26,5.64,11
2025,Olt,Școala Gimnazială Dobrun,5.43,5.67,5.2,16
2025,Olt,Școala Gimnazială Teslui,5.43,5.93,4.94,11
2025,Olt,Școala Gimnazială Topana,5.42,6.35,4.5,2
2025,Olt,Școala Gimnazială Icoana,5.42,5.97,4.87,14
2025,Olt,Școala Gimnazială Grojdibodu,5.41,5.51,5.32,11
2025,Olt,Școala Gimnazială Piatra,5.4,6.14,4.66,19
2025,Olt,Școala Gimnazială Făgețelu,5.36,6.33,4.4,5
2025,Olt,Școala Gimnazială Bucinișu,5.35,5.73,4.98,15
2025,Olt,"Școala Gimnazială, Brebeni",5.32,4.68,5.96,10
2025,Olt,"Școala Gimnazială „Ada Umbra”, Ianca",5.3,5.16,5.45,11
2025,Olt,"Școala Gimnazială Comani, Drăgănești-Olt",5.24,5.06,5.43,19
2025,Olt,Școala Gimnazială Dobroteasa,5.24,6.0,4.49,12
2025,Olt,Școala Gimnazială Poboru,5.2,5.3,4.58,11
2025,Olt,Școala Gimnazială Gostavățu,5.19,5.66,4.73,15
2025,Olt,Școala Gimnazială Șopârlița,5.18,5.97,4.4,6
2025,Olt,Liceul Tehnologic Văleni,5.08,5.72,4.45,12
2025,Olt,"Școala Gimnazială, Corbu",5.05,5.65,4.45,16
2025,Olt,Școala Gimnazială Leotești,5.01,5.79,4.24,15
2025,Olt,Școala Gimnazială Stoicănești,5.0,5.81,4.2,10
2025,Olt,"Școala Gimnazială, Leleasca",4.97,5.27,4.67,6
2025,Olt,"Școala Gimnazială „Dumitru Buzdun”, Corabia",4.93,4.61,5.26,13
2025,Olt,Școala Gimnazială Vulturești,4.91,4.81,5.01,15
2025,Olt,"Școala Gimnazială „Gheorghe Popescu”, Mărgineni, Slobozia",4.82,5.1,4.55,23
2025,Olt,"Școala Gimnazială, Sprâncenata",4.82,5.18,4.45,14
2025,Olt,Școala Gimnazială Mihăești,4.69,5.59,3.79,8
2025,Olt,Școala Gimnazială Sâmburești,4.64,5.4,3.88,4
2025,Olt,Școala Gimnazială Alunișu,4.49,5.33,3.64,6
2025,Olt,"Școala Gimnazială „Pan M. Vizirescu”, Braneț",4.42,4.71,4.13,12
2025,Olt,"Școala Gimnazială Nr. 1, Slatina",4.22,4.65,3.72,28
2025,Olt,"Școala Gimnazială, Obîrșia",4.18,4.45,3.65,12
2025,Olt,Școala Gimnazială Optași-Măgura,4.11,4.26,3.97,5
2025,Olt,Școala Gimnazială Grădinari,3.45,3.41,3.5,18
2025,Olt,Școala Gimnazială „Iancu Jianu”,3.0,2.75,3.26,8
2025,Prahova,"Colegiul Național „Mihai Viteazul”, Municipiul Ploiești",9.14,9.23,9.05,80
2025,Prahova,"Colegiul Național „Nichita Stănescu”, Municipiul Ploiești",9.13,9.22,9.04,58
2025,Prahova,"Colegiul Național „Nicolae Iorga”, Orașul Vălenii de Munte",9.02,9.06,8.99,32
2025,Prahova,"Colegiul Național „Ion Luca Caragiale”, Municipiul Ploiești",8.83,8.97,8.69,88
2025,Prahova,"Colegiul Național „Alexandru Ioan Cuza”, Municipiul Ploiești",8.66,8.87,8.44,62
2025,Prahova,"Colegiul Național Pedagogic „Regina Maria”, Municipiul Ploiești",8.56,8.81,8.33,123
2025,Prahova,"Școala Gimnazială Internațională „Spectrum”, Municipiul Ploiești",8.4,8.5,8.31,30
2025,Prahova,"Școala Gimnazială „George Coșbuc”, Municipiul Ploiești",8.36,8.37,8.35,50
2025,Prahova,"Colegiul Național „Nicolae Grigorescu”, municipiul Câmpina",8.29,8.6,7.99,53
2025,Prahova,"Școala Gimnazială, Comuna Cerașu",8.19,8.38,8.02,11
2025,Prahova,"Școala Gimnazială „Excelsis”, Municipiul Ploiești",8.06,8.25,7.87,12
2025,Prahova,"Școala Gimnazială „Profesor Nicolae Simache”, Municipiul Ploiești",8.05,8.47,7.63,86
2025,Prahova,"Școala Gimnazială Centrală, Municipiul Câmpina",7.96,8.28,7.65,91
2025,Prahova,"Școala Gimnazială „I.A. Bassarabescu”, Municipiul Ploiești",7.95,8.21,7.71,110
2025,Prahova,"Școala Gimnazială „Henri Mathias Berthelot”, Municipiul Ploiești",7.94,8.31,7.57,107
2025,Prahova,"Liceul Tehnologic „Constantin Cantacuzino”, Orașul Băicoi",7.92,8.42,7.43,50
2025,Prahova,"Școala Gimnazială, Comuna Tinosu",7.9,8.68,7.12,6
2025,Prahova,"Colegiul de Artă „Carmen Sylva”, Municipiul Ploiești",7.85,8.44,7.27,58
2025,Prahova,"Liceul Teoretic „Aurel Vlaicu”, Orașul Breaza",7.8,8.33,7.28,68
2025,Prahova,"Școala Gimnazială „B.P. Hașdeu”, Municipiul Câmpina",7.8,8.23,7.38,65
2025,Prahova,"Școala Gimnazială, Sat Tătărani, Comuna Bărcănești",7.8,8.14,7.46,13
2025,Prahova,"Școala Gimnazială „George Emil Palade”, Municipiul Ploiești",7.79,8.16,7.42,86
2025,Prahova,"Școala Gimnazială Nistorești, Orașul Breaza",7.79,8.24,7.34,4
2025,Prahova,"Școala Gimnazială „Sfânta Vineri”, Municipiul Ploiești",7.77,8.15,7.4,114
2025,Prahova,"Școala Gimnazială „Grigore Moisil”, Municipiul Ploiești",7.76,8.06,7.48,91
2025,Prahova,"Școala Gimnazială, Comuna Vadu Săpat",7.76,7.63,7.9,8
2025,Prahova,"Școala Gimnazială, Sat Ostrovu, Comuna Aluniș",7.76,8.15,7.38,13
2025,Prahova,"Școala Gimnazială, Comuna Ștefești",7.73,8.1,7.36,17
2025,Prahova,"Liceul Teoretic „Grigore Tocilescu”, Orașul Mizil",7.72,8.07,7.37,32
2025,Prahova,"Școala Gimnazială Nr. 1, Orașul Mizil",7.71,8.28,7.14,69
2025,Prahova,"Școala Gimnazială „Sfântul Vasile”, Municipiul Ploiești",7.7,8.13,7.27,131
2025,Prahova,"Școala Gimnazială „Profesor Cristea Stănescu”, Comuna Cornu",7.64,7.76,7.52,18
2025,Prahova,"Liceul „Carol I”, Orașul Plopeni",7.64,8.08,7.2,42
2025,Prahova,"Școala Gimnazială, Sat Măneciu-Pământeni, Comuna Măneciu",7.63,8.14,7.13,40
2025,Prahova,"Școala Gimnazială „Radu Tudoran”, Comuna Blejoi",7.56,7.99,7.14,39
2025,Prahova,"Școala Gimnazială, Comuna Gornet",7.55,7.56,7.54,13
2025,Prahova,"Liceul Teoretic, Orașul Azuga",7.55,8.14,6.96,17
2025,Prahova,"Școala Gimnazială, Sat Schiulești, Comuna Izvoarele",7.51,8.33,6.7,4
2025,Prahova,"Școala Gimnazială Nr. 2, Orașul Comarnic",7.51,7.86,7.17,19
2025,Prahova,"Școala Gimnazială „Nicolae Titulescu”, Municipiul Ploiești",7.51,8.02,7.0,25
2025,Prahova,"Școala Gimnazială „Platon Mocanu”, Sat Drajna de Jos, Comuna Drajna",7.49,8.03,6.95,17
2025,Prahova,"Școala Gimnazială „George Enescu”, Orașul Sinaia",7.48,7.69,7.28,70
2025,Prahova,"Școala Gimnazială, Comuna Măgurele",7.47,7.81,7.14,26
2025,Prahova,"Școala Gimnazială „Mihai Eminescu”, Municipiul Ploiești",7.46,7.74,7.17,42
2025,Prahova,"Școala Gimnazială, Sat Ologeni, Comuna Poienarii Burchii",7.45,8.12,6.8,16
2025,Prahova,"Școala Gimnazială „Erou Înv. I. Drăgănescu”, Sat Trăisteni, Comuna Valea Doftanei",7.42,7.84,7.01,15
2025,Prahova,"Școala Gimnazială „Ion Câmpineanu”, Municipiul Câmpina",7.42,7.73,7.11,61
2025,Prahova,"Școala Gimnazială „Toma Caragiu”, Municipiul Ploiești",7.41,7.92,6.9,57
2025,Prahova,"Școala Gimnazială „Elena Doamna”, Municipiul Ploiești",7.4,7.7,7.11,19
2025,Prahova,"Școala Gimnazială Țintea, Orașul Băicoi",7.38,7.58,7.18,9
2025,Prahova,"Școala Gimnazială „Mihai Viteazul”, Orașul Boldești-Scăeni",7.36,7.85,6.88,54
2025,Prahova,"Școala Gimnazială, Sat Pietriceaua, Comuna Brebu",7.35,7.97,6.74,13
2025,Prahova,"Școala Gimnazială „Învățător Radu Ion”, Sat Vadu Părului, Comuna Albești-Paleologu",7.34,8.04,6.64,15
2025,Prahova,"Școala Gimnazială Liliești, Orașul Băicoi",7.33,7.72,6.95,49
2025,Prahova,"Școala Gimnazială „Traian Săvulescu”, Comuna Izvoarele",7.32,8.1,6.55,14
2025,Prahova,"Școala Gimnazială „Nicolae Bălcescu”, Municipiul Ploiești",7.3,7.67,6.94,68
2025,Prahova,"Școala Gimnazială „Andrei Mureșanu”, Municipiul Ploiești",7.28,7.7,6.87,47
2025,Prahova,"Școala Gimnazială, Comuna Plopu",7.27,7.6,6.94,11
2025,Prahova,"Școala Gimnazială, Sat Cătina, Comuna Florești",7.26,7.85,6.67,17
2025,Prahova,"Școala Gimnazială, Sat Pietroșani, Comuna Puchenii Mari",7.26,7.66,6.85,14
2025,Prahova,"Școala Gimnazială, Comuna Măgureni",7.23,7.49,6.98,32
2025,Prahova,"Școala Gimnazială „Moise Vasilescu”, Sat Olteni, Comuna Teișani",7.23,7.88,6.59,8
2025,Prahova,"Școala Gimnazială, Sat Homorâciu, Comuna Izvoarele",7.21,7.93,6.49,16
2025,Prahova,"Școala Gimnazială „Ioan Duhovnicul”, Comuna Bănești",7.2,7.63,6.78,15
2025,Prahova,"Școala Profesională, Comuna Starchiojd",7.17,7.74,6.61,30
2025,Prahova,"Școala Gimnazială, Comuna Cocorăștii Mislii",7.17,7.43,6.91,20
2025,Prahova,"Școala Gimnazială, Sat Poseștii-Pământeni, Comuna Posești",7.17,7.37,6.96,23
2025,Prahova,"Școala Gimnazială Ing. Gheorghe Pănculescu, Orașul Vălenii de Munte",7.16,7.41,6.91,70
2025,Prahova,"Școala Gimnazială, Sat Slon, Comuna Cerașu",7.15,8.09,6.22,24
2025,Prahova,"Liceul „Simion Stolnicu”, Orașul Comarnic",7.13,7.51,6.75,45
2025,Prahova,"Liceul Teoretic „Brâncoveanu Vodă”, Orașul Urlați",7.12,7.3,6.95,55
2025,Prahova,"Școala Gimnazială „Cănuță Ionescu”, Orașul Urlați",7.12,7.64,6.6,66
2025,Prahova,"Școala Gimnazială, Sat Plopeni, Comuna Dumbrăvești",7.09,7.88,6.3,12
2025,Prahova,"Școala Gimnazială, Comuna Cosminele",7.08,7.61,6.56,6
2025,Prahova,"Școala Gimnazială „Regina Elisabeta”, Orașul Bușteni",7.08,7.48,6.68,17
2025,Prahova,"Școala Gimnazială, Comuna Gornet-Cricov",7.04,7.19,6.9,15
2025,Prahova,"Școala Gimnazială, Sat Tăriceni, Comuna Șirna",7.04,7.27,6.66,30
2025,Prahova,"Școala Gimnazială „Dumitru Hera”, Sat Bătești, Comuna Brazi",7.04,7.3,6.78,23
2025,Prahova,"Școala Gimnazială Prof. „Dinu Mihail Dan”, Sat Magula, Comuna Tomșani",7.03,7.3,6.78,29
2025,Prahova,"Școala Gimnazială, Sat Dârvari, Comuna Valea Călugărească",7.03,7.61,6.45,10
2025,Prahova,"Școala Gimnazială „Dimitrie Sfetescu”, Comuna Albești-Paleologu",7.02,7.57,6.48,6
2025,Prahova,"Școala Gimnazială Nr. 1, Comuna Telega",7.02,7.48,6.56,24
2025,Prahova,"Liceul Tehnologic Agricol, Comuna Bărcănești",7.01,7.85,6.18,16
2025,Prahova,"Școala Gimnazială, Comuna Talea",6.99,7.48,6.49,7
2025,Prahova,"Școala Gimnazială „Lizeta-Paul Greceanu”, Sat Cioceni, Comuna Albești-Paleologu",6.98,7.43,6.55,8
2025,Prahova,"Liceul Teoretic „Șerban Vodă”, orașul Slănic",6.96,7.51,6.41,45
2025,Prahova,"Școala Gimnazială „Matei Basarab”, Comuna Brebu",6.96,7.44,6.47,32
2025,Prahova,"Școala Gimnazială „Alexandru Ioan Cuza”, Sat Potigrafu, Comuna Gorgota",6.95,7.62,6.29,15
2025,Prahova,"Școala Gimnazială, Comuna Vărbilău",6.95,7.31,6.59,17
2025,Prahova,"Școala Gimnazială, Sat Strejnicu, Comuna Târgșorul Vechi",6.94,7.48,6.41,51
2025,Prahova,"Liceul Teoretic, comuna Filipeștii de Pădure",6.94,7.62,6.26,46
2025,Prahova,"Liceul Tehnologic „Carol I”, comuna Valea Doftanei",6.93,7.25,6.62,33
2025,Prahova,"Liceul Tehnologic Agromontan „Romeo Constantinescu”, Orașul Vălenii de Munte",6.93,7.07,6.78,32
2025,Prahova,"Școala Gimnazială, Comuna Gura Vadului",6.93,7.19,6.66,24
2025,Prahova,"Școala Gimnazială „Laurențiu Fulga”, Sat Fulga de Sus, Comuna Fulga",6.92,8.17,5.67,15
2025,Prahova,"Școala Gimnazială, sat Sârca, comuna Scorțeni",6.91,7.91,5.91,15
2025,Prahova,"Școala Gimnazială „Nicolae Iorga”, Municipiul Ploiești",6.9,7.34,6.47,72
2025,Prahova,"Școala Gimnazială, Sat Vitioara de Sus, Comuna Predeal-Sărari",6.9,7.4,6.4,10
2025,Prahova,"Școala Gimnazială „Toma T. Socolescu”, Comuna Păulești",6.87,7.0,6.75,23
2025,Prahova,"Școala Gimnazială „Ienăchiță Văcărescu”, Municipiul Ploiești",6.87,7.31,6.44,30
2025,Prahova,"Școala Gimnazială, Sat Ogretin, Comuna Drajna",6.86,7.4,6.32,12
2025,Prahova,"Școala Gimnazială, Comuna Boldești-Grădiștea",6.85,7.99,5.71,7
2025,Prahova,"Școala Gimnazială, Comuna Bătrâni",6.84,6.94,6.75,14
2025,Prahova,"Școala Gimnazială, Comuna Apostolache",6.8,7.23,6.38,14
2025,Prahova,"Școala Gimnazială „Dumitru Ghenoiu”, Orașul Băicoi",6.8,7.1,6.49,10
2025,Prahova,"Școala Gimnazială „Nestor Urechia”, Orașul Bușteni",6.79,7.45,6.13,22
2025,Prahova,"Școala Gimnazială, Comuna Gura Vitioarei",6.79,7.17,6.41,22
2025,Prahova,"Școala Gimnazială, Sat Ploieștiori, Comuna Blejoi",6.78,7.04,6.52,32
2025,Prahova,"Liceul Tehnologic „Profesor Ilie Gavrilă”, Sat Cioranii de Jos, Comuna Ciorani",6.77,7.33,6.21,39
2025,Prahova,"Școala Gimnazială „Constantin Stere”, Comuna Bucov",6.73,7.22,6.24,39
2025,Prahova,"Școala Gimnazială, Sat Brătășanca, Comuna Filipeștii de Târg",6.73,7.22,6.25,13
2025,Prahova,"Școala Gimnazială „Gheorghe Costescu”, Comuna Aluniș",6.72,7.19,6.26,19
2025,Prahova,"Școala Gimnazială „Ion Ionescu”, Comuna Valea Călugărească",6.72,7.28,6.18,48
2025,Prahova,"Școala Gimnazială, Comuna Olari",6.72,7.45,6.0,11
2025,Prahova,"Școala Gimnazială, Sat Românești, Comuna Bărcănești",6.71,7.72,5.7,10
2025,Prahova,"Școala Gimnazială, Sat Lacu Turcului, Comuna Balta Doamnei",6.71,7.35,6.07,11
2025,Prahova,"Școala Gimnazială Învățător „Dinu Nicolae”, Comuna Dumbrava",6.7,7.67,5.73,17
2025,Prahova,"Școala Gimnazială Nr. 2, Orașul Boldești-Scăeni",6.68,7.48,5.88,18
2025,Prahova,"Școala Gimnazială „Dumitru Brezeanu”, Comuna Teișani",6.65,7.3,6.02,11
2025,Prahova,"Colegiul „Ferdinand I”, Comuna Măneciu",6.65,7.18,6.12,60
2025,Prahova,"Școala Gimnazială „Constantin Brâncoveanu”, Orașul Breaza",6.64,7.05,6.24,20
2025,Prahova,"Școala Gimnazială „Spirea Sorescu”, Sat Zamfira, Comuna Lipănești",6.63,7.32,5.94,14
2025,Prahova,"Școala Gimnazială, Comuna Filipeștii de Târg",6.62,7.03,6.2,21
2025,Prahova,"Școala Gimnazială, Comuna Surani",6.61,6.84,6.39,16
2025,Prahova,"Școala Gimnazială, Comuna Scorțeni",6.58,7.86,5.3,17
2025,Prahova,"Școala Gimnazială „Poiana Comarnic”, Orașul Comarnic",6.56,7.14,5.98,14
2025,Prahova,"Școala Gimnazială „Andrei Rădulescu”, Comuna Chiojdeanca",6.54,7.74,5.34,14
2025,Prahova,"Școala Gimnazială, Sat Rachieri, Comuna Valea Călugărească",6.52,7.53,5.52,15
2025,Prahova,"Școala Gimnazială, Sat Valea Plopului, Comuna Posești",6.52,6.74,6.31,13
2025,Prahova,"Școala Gimnazială „Mihai Vodă”, Sat Pleașa, Comuna Bucov",6.51,7.08,5.95,24
2025,Prahova,"Școala Gimnazială „Sfânta Maria”, Orașul Mizil",6.5,7.14,5.87,24
2025,Prahova,"Școala Gimnazială, Sat Inotești, Comuna Colceag",6.49,7.4,5.59,14
2025,Prahova,"Școala Gimnazială, Comuna Bertea",6.49,7.26,5.73,20
2025,Prahova,"Școala Profesională, comuna Bălțești",6.49,7.3,5.69,10
2025,Prahova,"Școala Gimnazială, Comuna Baba Ana",6.48,7.26,5.7,14
2025,Prahova,"Școala Gimnazială, Comuna Florești",6.48,7.11,5.84,21
2025,Prahova,"Școala Gimnazială, Sat Valea Dulce, Comuna Podenii Noi",6.47,7.39,5.56,11
2025,Prahova,"Școala Gimnazială, Sat Corlătești, Comuna Berceni",6.47,7.16,5.79,20
2025,Prahova,"Școala Gimnazială, Sat Poiana Copăceni, Comuna Gura Vitioarei",6.47,7.69,5.25,8
2025,Prahova,"Școala Gimnazială, Comuna Gherghița",6.45,7.18,5.72,21
2025,Prahova,"Școala Gimnazială „Antonie Vodă”, Sat Popești, Comuna Brazi",6.44,7.1,5.79,16
2025,Prahova,"Școala Gimnazială, Comuna Brazi",6.43,7.05,5.81,17
2025,Prahova,"Școala Gimnazială, Sat Poienarii Apostoli, Comuna Gorgota",6.41,6.98,5.84,17
2025,Prahova,"Școala Gimnazială, Comuna Cărbunești",6.4,7.28,5.54,10
2025,Prahova,"Școala Gimnazială, Comuna Fântânele",6.37,6.73,6.0,9
2025,Prahova,"Școala Gimnazială, Sat Fulga de Jos, Comuna Fulga",6.36,7.36,5.38,7
2025,Prahova,"Școala Gimnazială Înv. Athanasie Jan Stoicescu, Comuna Ariceștii Zeletin",6.3,6.82,5.79,10
2025,Prahova,"Școala Gimnazială, Comuna Jugureni",6.3,7.85,4.75,2
2025,Prahova,"Școala Gimnazială „Radu Stanian”, Municipiul Ploiești",6.29,6.77,5.82,35
2025,Prahova,"Școala Gimnazială, Sat Nedelea, Comuna Ariceștii Rahtivani",6.28,6.83,5.73,26
2025,Prahova,"Școala Gimnazială, Comuna Cocorăștii Colț",6.27,7.28,5.27,29
2025,Prahova,"Școala Gimnazială, Comuna Ariceștii Rahtivani",6.24,6.76,5.72,30
2025,Prahova,"Școala Gimnazială „Alexandru Popescu-Telega”, Comuna Telega",6.23,7.04,5.43,15
2025,Prahova,"Școala Gimnazială, Comuna Poienarii Burchii",6.22,7.32,5.12,9
2025,Prahova,"Școala Gimnazială Cezar Petrescu, Orașul Bușteni",6.22,6.83,5.61,7
2025,Prahova,"Liceul Tehnologic de Servicii „Sfântul Apostol Andrei”, Municipiul Ploiești",6.21,6.59,5.83,24
2025,Prahova,"Școala Gimnazială, Sat Mireșu Mare, Comuna Sângeru",6.2,6.59,5.81,20
2025,Prahova,"Școala Gimnazială, Comuna Vâlcănești",6.19,6.93,5.46,15
2025,Prahova,"Școala Gimnazială, Comuna Colceag",6.19,6.84,5.53,11
2025,Prahova,"Școala Gimnazială, Comuna Puchenii Mari",6.19,6.75,5.63,14
2025,Prahova,"Școala Gimnazială, Sat Cioranii de Sus, Comuna Ciorani",6.18,6.54,5.83,33
2025,Prahova,"Școala Gimnazială, Sat Stoenești, Comuna Ariceștii Rahtivani",6.18,6.97,5.39,16
2025,Prahova,"Școala Gimnazială „Alexandru Ioan Cuza”, Municipiul Câmpina",6.17,6.84,5.37,26
2025,Prahova,"Școala Gimnazială „Eroilor”, Comuna Lipănești",6.16,6.72,5.62,10
2025,Prahova,"Școala Gimnazială, Comuna Sălciile",6.16,6.57,5.76,9
2025,Prahova,"Școala Gimnazială „Minerva Alexandrescu”, Comuna Șoimari",6.12,6.9,5.25,22
2025,Prahova,"Școala Gimnazială „Învățător Ion Mateescu”, Comuna Poiana Câmpina",6.08,6.34,5.83,12
2025,Prahova,"Școala Gimnazială, Sat Conduratu, Comuna Baba Ana",6.01,6.85,5.17,5
2025,Prahova,"Școala Gimnazială, Comuna Târgșoru Vechi",6.01,6.47,5.55,21
2025,Prahova,"Școala Gimnazială, Comuna Șotrile",5.99,6.49,5.32,23
2025,Prahova,"Școala Gimnazială, Sat Ciupelnița, Comuna Dumbrava",5.97,5.99,5.95,21
2025,Prahova,"Școala Gimnazială „Rareș Vodă”, Municipiul Ploiești",5.96,6.58,5.35,40
2025,Prahova,"Școala Gimnazială, Sat Coțofenești, Comuna Vărbilău",5.9,7.0,4.8,3
2025,Prahova,"Școala Gimnazială „Gheorghe Lazăr”, Comuna Bărcănești",5.88,6.54,5.23,11
2025,Prahova,"Școala Gimnazială, Sat Buda, Comuna Râfov",5.88,6.71,5.06,9
2025,Prahova,"Școala Gimnazială „Ioan Grigorescu”, Municipiul Ploiești",5.88,6.51,5.26,36
2025,Prahova,"Școala Gimnazială „Nichita Stănescu”, Comuna Ceptura",5.87,6.71,5.04,30
2025,Prahova,"Școala Gimnazială „Radu și Severa Novian”, Comuna Adunați",5.84,6.29,5.41,10
2025,Prahova,"Școala Gimnazială, Comuna Drăgănești",5.84,6.58,5.11,21
2025,Prahova,"Școala Gimnazială „Gheorghe Diboș”, Comuna Mănești",5.83,6.6,5.05,29
2025,Prahova,"Școala Gimnazială „Erou Sergent Grigore Ioan”, Comuna Dumbrăvești",5.83,6.79,4.86,16
2025,Prahova,"Școala Profesională, comuna Sângeru",5.81,6.12,5.51,15
2025,Prahova,"Școala Gimnazială, Sat Puchenii Moșneni, Comuna Puchenii Mari",5.81,6.33,5.29,29
2025,Prahova,"Școala Gimnazială, Comuna Râfov",5.81,6.61,5.01,8
2025,Prahova,"Școala Gimnazială, Comuna Lapoș",5.73,6.97,4.5,12
2025,Prahova,"Școala Gimnazială, Comuna Podenii Noi",5.69,6.24,5.15,20
2025,Prahova,"Școala Gimnazială, Comuna Salcia",5.64,6.29,5.0,4
2025,Prahova,"Școala Gimnazială „Mitropolit Pimen Georgescu”, Comuna Provița de Sus",5.63,6.13,5.13,3
2025,Prahova,"Școala Gimnazială „Breaza de Jos”, Orașul Breaza",5.63,6.29,4.97,11
2025,Prahova,"Școala Gimnazială, Comuna Provița de Jos",5.6,6.23,4.97,9
2025,Prahova,"Școala Gimnazială, Sat Mehedința, Comuna Podenii Noi",5.56,6.73,4.4,9
2025,Prahova,"Școala Gimnazială, Comuna Secăria",5.56,6.05,5.08,10
2025,Prahova,"Școala Gimnazială „Vlad Mușatescu”, Sat Găgeni, Comuna Păulești",5.48,6.13,4.84,5
2025,Prahova,"Școala Gimnazială, Comuna Berceni",5.48,5.97,4.98,28
2025,Prahova,"Școala Gimnazială, Comuna Iordăcheanu",5.44,6.06,4.82,8
2025,Prahova,"Școala Gimnazială „Andrei Nicolescu-Păcureți”, Comuna Păcureți",5.37,6.16,4.58,12
2025,Prahova,"Școala Gimnazială, Sat Mărginenii de Jos, Comuna Filipeștii de Târg",5.32,5.91,4.73,22
2025,Prahova,"Școala Gimnazială, Sat Hăbud, Comuna Șirna",5.32,6.23,4.4,6
2025,Prahova,"Școala Gimnazială, Comuna Călugăreni",5.31,5.51,5.12,6
2025,Prahova,"Școala Gimnazială „Ioan Moga”, Sat Dițești, Comuna Filipeștii de Pădure",5.22,5.51,4.94,17
2025,Prahova,"Școala Gimnazială „Anton Pann”, Municipiul Ploiești",5.19,5.72,4.55,16
2025,Prahova,"Școala Gimnazială, Sat Bughea de Jos, Comuna Gura Vitioarei",5.06,6.09,4.03,12
2025,Prahova,"Școala Gimnazială, Sat Parepa-Rușani, Comuna Colceag",4.6,5.3,3.9,5
2025,Prahova,"Școala Gimnazială, Sat Vărbila, Comuna Iordăcheanu",4.54,5.08,4.01,18
2025,Prahova,"Liceul Tehnologic Mecanic, municipiul Câmpina",4.51,5.29,3.83,6
2025,Prahova,"Școala Gimnazială „Florin Comișel”, Municipiul Ploiești",4.49,4.46,4.53,15
2025,Prahova,"Școala Gimnazială „Sfântul Nicolae”, Orașul Mizil",4.19,4.54,3.83,12
2025,Prahova,"Școala Gimnazială Sanatorială Voila, Municipiul Câmpina",3.97,5.45,2.5,1
2025,Prahova,"Școala Gimnazială „Profesor Eugeniu Corbu”, Sat Podgoria, Comuna Tătaru",3.91,4.6,3.23,3
2025,Prahova,"Școala Gimnazială Nr. 13, Municipiul Ploiești",3.77,3.71,3.83,8
2025,Prahova,"Școala Gimnazială „Candiano Popescu”, Municipiul Ploiești",3.7,4.44,2.96,11
2025,Prahova,"Școala Gimnazială Nr. 3, Municipiul Câmpina",3.65,3.78,3.53,7
2025,Prahova,"Școala Gimnazială Nr. 19, Municipiul Ploiești",3.15,2.9,3.41,11
2025,Satu Mare,"Colegiul Național „Mihai Eminescu”, Satu Mare",9.16,9.04,9.28,26
2025,Satu Mare,"Colegiul Național „Ioan Slavici”, Satu Mare",8.93,9.13,8.73,26
2025,Satu Mare,Liceul Teoretic Negrești Oaș,8.33,8.42,8.24,28
2025,Satu Mare,"Școala Gimnazială „Grigore Moisil”, Satu Mare",8.07,8.03,8.11,79
2025,Satu Mare,"Școala Gimnazială „Constantin Brâncoveanu”, Satu Mare",7.99,7.89,8.1,66
2025,Satu Mare,"Colegiul Național „Kölcsey Ferenc”, Satu Mare",7.85,7.48,7.02,56
2025,Satu Mare,"Liceul Teologic Romano-Catolic „Ham János”, Satu Mare",7.77,6.97,7.53,26
2025,Satu Mare,Liceul Reformat Satu Mare,7.72,7.73,6.57,25
2025,Satu Mare,"Colegiul Național „Doamna Stancă”, Satu Mare",7.68,8.37,7.0,26
2025,Satu Mare,"Școala Gimnazială „Lucian Blaga”, Satu Mare",7.66,7.92,7.4,79
2025,Satu Mare,"Liceul Teoretic German „Johann Ettinger”, Satu Mare",7.58,8.07,6.74,77
2025,Satu Mare,"Liceul Romano-Catolic „Josephus Calasantius”, Carei",7.42,6.78,6.99,31
2025,Satu Mare,"Școala Gimnazială „Avram Iancu”, Satu Mare",7.41,7.47,7.07,66
2025,Satu Mare,"Liceul Tehnologic „Petru Cupcea”, Supuru de Jos",7.33,7.76,6.91,13
2025,Satu Mare,"Școala Gimnazială Nr. 1, Negrești Oaș",7.22,7.53,6.92,39
2025,Satu Mare,Școala Gimnazială Tășnad,7.15,7.37,6.86,37
2025,Satu Mare,Liceul Teoretic Carei,7.12,7.03,6.76,89
2025,Satu Mare,Școala Gimnazială Bârsău de Sus,7.12,7.57,6.66,15
2025,Satu Mare,"Școala Gimnazială „Rákóczi Ferenc”, Satu Mare",7.0,6.79,6.46,68
2025,Satu Mare,Școala Gimnazială Gherța Mica,6.99,7.58,6.4,19
2025,Satu Mare,"Școala Gimnazială Nr. 3, Negrești Oaș",6.96,7.27,6.66,61
2025,Satu Mare,"Școala Gimnazială „Bălcescu-Petofi”, Satu Mare",6.93,6.91,6.7,65
2025,Satu Mare,"Școala Gimnazială „Octavian Goga”, Satu Mare",6.85,7.61,6.09,39
2025,Satu Mare,"Școala Gimnazială, Foieni",6.85,5.71,6.43,11
2025,Satu Mare,"Școala Gimnazială „Mihai Viteazul”, Moftinu Mic",6.82,7.51,6.14,21
2025,Satu Mare,"Școala Gimnazială, Valea Vinului",6.8,7.31,6.29,22
2025,Satu Mare,Școala Gimnazială Moftinu Mare,6.79,7.13,6.46,9
2025,Satu Mare,"Școala Gimnazială „Vasile Lucaciu”, Carei",6.77,6.71,6.24,49
2025,Satu Mare,"Școala Gimnazială „Vasile Lucaciu”, Lucăceni",6.77,7.01,6.53,9
2025,Satu Mare,Școala Gimnazială Botiz,6.64,7.04,6.24,16
2025,Satu Mare,"Școala Gimnazială Nr. 1, Carei",6.64,6.64,6.24,36
2025,Satu Mare,"Școala Gimnazială „Mircea Eliade”, Satu Mare",6.62,6.96,6.16,76
2025,Satu Mare,Școala Gimnazială Ciumești,6.61,5.53,6.68,8
2025,Satu Mare,"Școala Gimnazială, Halmeu",6.59,6.59,6.13,45
2025,Satu Mare,Școala Gimnazială Vetiș,6.54,6.86,6.22,20
2025,Satu Mare,"Liceul de Arte „Aurel Popp”, Satu Mare",6.47,6.73,5.51,32
2025,Satu Mare,Școala Gimnazială Berveni,6.47,4.51,6.09,17
2025,Satu Mare,"Școala Gimnazială, Racșa",6.4,6.72,6.09,11
2025,Satu Mare,Școala Gimnazială Nisipeni,6.34,6.2,4.94,7
2025,Satu Mare,"Școala Gimnazială „Viorel Sălăgean”, Beltiug",6.28,5.97,5.9,22
2025,Satu Mare,"Școala Gimnazială „Petri Mor”, Bogdand",6.24,5.12,5.66,12
2025,Satu Mare,"Liceul Teologic Ortodox „Nicolae Steinhardt”, Satu Mare",6.1,6.36,5.85,30
2025,Satu Mare,"Școala Gimnazială, Turulung",6.09,3.93,6.28,12
2025,Satu Mare,"Liceul Tehnologic „Anghel Saligny”, Turt",6.04,6.29,5.79,38
2025,Satu Mare,Școala Gimnazială Bătarci,5.97,6.19,5.77,13
2025,Satu Mare,"Școala Gimnazială „Vasile Lucaciu”, Apa",5.93,6.09,5.78,26
2025,Satu Mare,Școala Gimnazială „Pir”,5.92,4.84,5.23,13
2025,Satu Mare,"Școala Gimnazială, Babța",5.91,6.16,5.66,10
2025,Satu Mare,"Școala Gimnazială, Culciu Mare",5.84,6.41,5.27,12
2025,Satu Mare,Școala Gimnazială Nadișu Hododului,5.83,5.01,5.46,5
2025,Satu Mare,Școala Gimnazială Orașu Nou,5.83,5.21,4.95,16
2025,Satu Mare,"Școala Gimnazială, Odoreu",5.82,6.28,5.36,25
2025,Satu Mare,Școala Gimnazială Sărăuad,5.81,6.55,5.08,2
2025,Satu Mare,"Școala Gimnazială „Wesselenyi”, Hodod",5.81,5.21,5.16,12
2025,Satu Mare,"Școala Gimnazială „Csury Bálint”, Agriș",5.76,4.86,5.01,7
2025,Satu Mare,"Școala Gimnazială „Dr. Joseph Szolomayer”, Cămin",5.75,4.33,5.33,10
2025,Satu Mare,Școala Gimnazială Gherța Mare,5.73,6.07,5.4,12
2025,Satu Mare,"Școala Gimnazială „Ion Creangă”, Satu Mare",5.72,5.87,4.92,51
2025,Satu Mare,Școala Gimnazială Doba,5.71,6.37,5.04,18
2025,Satu Mare,Școala Gimnazială Dara,5.68,4.74,4.65,10
2025,Satu Mare,Liceul cu Program Sportiv Satu Mare,5.67,6.11,5.24,18
2025,Satu Mare,"Școala Profesională „George Coșbuc”, Medieșu Aurit",5.64,6.11,5.19,43
2025,Satu Mare,Liceul Tehnologic Ardud,5.56,5.67,4.88,32
2025,Satu Mare,Școala Gimnazială Poiana Codrului,5.5,5.76,5.25,16
2025,Satu Mare,"Școala Gimnazială „Liviu Rebreanu”, Păulești",5.5,6.4,4.6,7
2025,Satu Mare,"Școala Gimnazială, Vama",5.46,6.0,4.65,36
2025,Satu Mare,"Școala Gimnazială, Sântău",5.4,5.66,5.15,16
2025,Satu Mare,Școala Gimnazială Homorodul de Mijloc,5.4,5.48,5.33,8
2025,Satu Mare,"Școala Gimnazială „Petőfi Sándor”, Livada",5.38,5.45,4.51,73
2025,Satu Mare,Școala Gimnazială Giorocuța,5.38,5.85,4.91,7
2025,Satu Mare,"Școala Gimnazială, Cehal",5.37,6.44,4.31,4
2025,Satu Mare,Școala Gimnazială Porumbești,5.34,4.05,5.01,19
2025,Satu Mare,"Școala Gimnazială „Aurel Haiduc”, Trip",5.33,6.19,4.48,14
2025,Satu Mare,Liceul Tehnologic Târna Mare,5.31,5.75,4.86,17
2025,Satu Mare,"Școala Gimnazială, Cehăluț",5.3,3.35,4.35,2
2025,Satu Mare,"Școala Gimnazială „Gheorghe Marina”, Pomi",5.28,5.78,4.8,35
2025,Satu Mare,"Școala Gimnazială, Drăgușeni",5.27,5.76,4.78,12
2025,Satu Mare,"Școala Gimnazială „Ion Barbu”, Ambud",5.22,3.15,4.88,5
2025,Satu Mare,"Școala Gimnazială „Gyorfi Endre”, Dobra",5.15,6.3,4.0,2
2025,Satu Mare,"Școala Gimnazială „Gellért Sándor”, Micula",5.02,4.86,4.84,43
2025,Satu Mare,Școala Gimnazială Oar,5.02,3.48,4.46,8
2025,Satu Mare,Școala Gimnazială Mădăras,4.98,5.77,4.19,7
2025,Satu Mare,Școala Gimnazială Săuca,4.97,6.35,3.6,3
2025,Satu Mare,Școala Gimnazială Socond,4.95,5.49,4.42,18
2025,Satu Mare,Școala Gimnazială Târșolț,4.92,5.73,4.13,2
2025,Satu Mare,Școala Gimnazială Terebești,4.89,5.18,4.61,23
2025,Satu Mare,"Școala Gimnazială, Certeze",4.8,3.6,6.0,1
2025,Satu Mare,"Școala Gimnazială Viile, Satu Mare",4.74,4.55,4.24,29
2025,Satu Mare,"Școala Gimnazială „Fenyi István”, Căpleni",4.72,3.28,4.74,10
2025,Satu Mare,"Școala Gimnazială Dr. Vasile Lucaciu, Satu Mare",4.71,4.13,4.52,23
2025,Satu Mare,"Școala Gimnazială, Călinești Oaș",4.69,5.24,4.15,25
2025,Satu Mare,Școala Gimnazială Tiream,4.66,4.01,4.24,20
2025,Satu Mare,Școala Gimnazială Ghenci,4.66,3.31,4.05,12
2025,Satu Mare,Școala Gimnazială Căuaș,4.65,5.29,4.01,11
2025,Satu Mare,Școala Gimnazială Cămărzana,4.64,4.93,4.37,6
2025,Satu Mare,Școala Gimnazială Cidreag,4.63,2.93,3.84,6
2025,Satu Mare,"Școala Gimnazială „Bem József”, Cărășeu",4.51,2.59,3.53,7
2025,Satu Mare,Școala Gimnazială Iojib,4.51,3.29,3.53,8
2025,Satu Mare,"Școala Gimnazială „Iuliu Coroianu”, Craidorolț",4.51,4.54,4.49,19
2025,Satu Mare,"Școala Gimnazială, Acâș",4.5,3.79,4.28,17
2025,Satu Mare,"Școala Gimnazială „Tempfli József”, Urziceni",4.47,3.65,4.25,5
2025,Satu Mare,"Școala Gimnazială „Gheorghe Bulgăr”, Sanislău",4.34,3.59,3.95,27
2025,Satu Mare,"Școala Gimnazială, Giurtelecu Hododului",4.33,5.0,3.67,3
2025,Satu Mare,Școala Gimnazială Becheni,4.07,2.82,4.4,7
2025,Satu Mare,"Școala Gimnazială, Pișcolt",4.07,3.6,4.08,30
2025,Satu Mare,Școala Gimnazială Andrid,4.05,3.8,4.22,19
2025,Satu Mare,Școala Gimnazială Săcășeni,3.9,2.3,5.5,2
2025,Satu Mare,Școala Gimnazială Rătești,3.85,4.7,3.0,11
2025,Satu Mare,Școala Gimnazială Dorolț,3.8,2.49,2.82,5
2025,Satu Mare,Școala Gimnazială Peleș,3.66,1.87,3.44,6
2025,Satu Mare,"Școala Gimnazială Nr. 11, Sătmărel",3.55,2.77,3.75,8
2025,Satu Mare,Școala Gimnazială „Irina”,3.39,2.1,2.88,6
2025,Satu Mare,"Școala Gimnazială „Petőfi Sándor”, Lăzuri",2.71,1.65,2.0,8
2025,Sibiu,"Colegiul Național „Gheorghe Lazăr”, Sibiu",9.44,9.35,9.53,58
2025,Sibiu,"Colegiul Național „Samuel von Brukenthal”, Sibiu",8.65,8.81,8.1,111
2025,Sibiu,"Școala Gimnazială „Nicolae Iorga”, Sibiu",8.32,8.5,8.09,186
2025,Sibiu,"Școala Gimnazială „Regina Maria”, Sibiu",8.27,8.46,8.08,97
2025,Sibiu,"Școala Gimnazială „Româno-Finlandeză”, Sibiu",8.22,8.51,7.94,18
2025,Sibiu,"Școala Gimnazială Nr. 18, Sibiu",8.18,8.26,8.11,84
2025,Sibiu,"Colegiul Național „Octavian Goga”, Sibiu",8.16,8.41,7.9,138
2025,Sibiu,"Școala Gimnazială Nr. 4, Sibiu",8.06,8.31,7.76,104
2025,Sibiu,"Școala Gimnazială Nr. 8, Sibiu",7.98,8.16,7.8,66
2025,Sibiu,"Școala Gimnazială „Ion Luca Caragiale”, Sibiu",7.96,8.19,7.66,82
2025,Sibiu,"Liceul Teoretic „Roth - Oberth”, Mediaș",7.95,8.13,7.05,73
2025,Sibiu,"Școala Gimnazială „Báthory István”, Mediaș",7.82,8.09,7.23,4
2025,Sibiu,"Liceul Teoretic „Onisifor Ghibu”, Sibiu",7.69,8.18,7.25,30
2025,Sibiu,"Școala Gimnazială „Mihai Eminescu”, Mediaș",7.68,8.12,7.24,46
2025,Sibiu,"Școala Gimnazială, Tălmaciu",7.67,7.99,7.36,12
2025,Sibiu,"Școala Gimnazială „Ioan Ban - Dascălu”, Poiana Sibiului",7.58,8.24,6.92,26
2025,Sibiu,"Liceul Teoretic „Constantin Noica”, Sibiu",7.54,7.84,7.25,59
2025,Sibiu,"Școala Gimnazială „Radu Selejan”, Sibiu",7.54,8.02,7.06,78
2025,Sibiu,"Școala Gimnazială „Constantin Ioan Motaș”, Mediaș",7.53,7.81,7.26,48
2025,Sibiu,"Școala Gimnazială Nr. 13, Sibiu",7.53,7.75,7.31,74
2025,Sibiu,"Școala Gimnazială Nr. 25, Sibiu",7.45,7.84,7.06,51
2025,Sibiu,"Școala Gimnazială Nr. 3, Copșa Mică",7.43,7.87,6.98,13
2025,Sibiu,"Școala Gimnazială Nr. 21, Sibiu",7.42,7.86,6.99,74
2025,Sibiu,"Școala Gimnazială „Georg Daniel Teutsch”, Agnita",7.4,7.6,7.25,32
2025,Sibiu,"Școala Gimnazială „Ioan Slavici”, Sibiu",7.38,7.48,7.3,53
2025,Sibiu,"Liceul Teoretic „Gustav Gundisch”, Cisnădie",7.38,7.62,6.9,48
2025,Sibiu,"Școala Gimnazială Nr. 3, Cisnădie",7.35,7.47,7.23,41
2025,Sibiu,"Școala Gimnazială Nr. 1, Sibiu",7.33,7.84,6.82,55
2025,Sibiu,"Școala Gimnazială „Mihai Viteazu”, Șelimbăr",7.33,7.67,6.98,45
2025,Sibiu,"Școala Gimnazială „Cireșarii”, Mediaș",7.32,7.53,7.11,43
2025,Sibiu,"Liceul Teoretic „Gheorghe Lazăr”, Avrig",7.2,7.56,6.84,48
2025,Sibiu,"Colegiul Național Pedagogic „Andrei Șaguna”, Sibiu",7.15,7.74,6.56,28
2025,Sibiu,Liceul Tehnologic Mârșa,7.12,7.67,6.58,10
2025,Sibiu,Școala Gimnazială Păuca,7.05,7.32,6.79,10
2025,Sibiu,"Liceul Tehnologic „Johannes Lebel”, Tălmaciu",6.97,7.2,6.76,36
2025,Sibiu,Școala Gimnazială Tilișca,6.93,7.5,6.36,14
2025,Sibiu,Liceul de Artă Sibiu,6.92,7.63,6.21,39
2025,Sibiu,"Liceul Tehnologic „Ioan Lupas”, Săliște",6.88,7.4,6.36,29
2025,Sibiu,Școala Gimnazială Agârbiciu,6.83,7.72,5.94,10
2025,Sibiu,"Școala Gimnazială „Corneliu Păcurariu”, Micăsasa",6.79,7.65,5.92,12
2025,Sibiu,"Școala Gimnazială, Porumbacu de Jos",6.78,7.68,5.89,10
2025,Sibiu,"Școala Gimnazială Nr. 12, Sibiu",6.76,7.27,6.26,12
2025,Sibiu,"Școala Gimnazială „Samuil Micu”, Sadu",6.72,7.21,6.24,26
2025,Sibiu,Școala Gimnazială Nocrich,6.72,6.96,6.33,16
2025,Sibiu,Școala Gimnazială Racovița,6.68,7.11,6.24,19
2025,Sibiu,"Școala Gimnazială Nr. 1, Copșa Mică",6.66,6.82,6.51,10
2025,Sibiu,"Liceul „August Treboniu Laurian”, Agnita",6.6,7.57,5.64,35
2025,Sibiu,"Școala Gimnazială „Octavian Goga”, Rășinari",6.59,7.17,6.02,36
2025,Sibiu,"Școala Gimnazială „Lucian Bologa”, Marpod",6.58,7.21,5.96,5
2025,Sibiu,"Școala Gimnazială „Ion Pop Reteganul”, Orlat",6.58,7.1,6.06,21
2025,Sibiu,"Școala Gimnazială „Aurel Decei”, Gura Râului",6.54,6.81,6.28,32
2025,Sibiu,"Școala Gimnazială Nr. 7, Mediaș",6.52,6.64,6.4,51
2025,Sibiu,Școala Gimnazială Loamneș,6.51,6.36,6.68,9
2025,Sibiu,"Școala Gimnazială Nr. 4, Mediaș",6.43,6.99,5.87,25
2025,Sibiu,Școala Gimnazială Tălmăcel,6.31,6.48,6.13,10
2025,Sibiu,"Școala Gimnazială „Ion Albescu”, Boița",6.3,6.96,5.65,6
2025,Sibiu,Școala Gimnazială „Axente Sever”,6.3,7.67,4.93,3
2025,Sibiu,"Școala Gimnazială „Matei Basarab”, Turnu Roșu",6.29,6.59,6.0,10
2025,Sibiu,"Școala Gimnazială „Badea Cîrțan”, Cârțișoara",6.28,7.15,5.41,13
2025,Sibiu,Școala Gimnazială Valchid,6.21,7.62,4.8,5
2025,Sibiu,Școala Gimnazială Boian,6.13,6.88,5.38,10
2025,Sibiu,"Școala Gimnazială Nr. 10, Sibiu",6.12,5.87,6.36,16
2025,Sibiu,"Școala Gimnazială Nr. 2, Sibiu",6.09,7.03,5.15,20
2025,Sibiu,"Școala Gimnazială „Regele Ferdinand”, Sibiu",6.08,6.79,5.38,56
2025,Sibiu,Școala Gimnazială Noiștat,6.04,6.15,5.94,7
2025,Sibiu,Școala Gimnazială Șeica Mare,6.03,6.59,5.47,34
2025,Sibiu,Liceul Tehnologic Iacobeni,5.98,5.96,6.01,39
2025,Sibiu,"Școala Gimnazială Nr. 23, Sibiu",5.98,6.39,5.57,17
2025,Sibiu,"Școala Gimnazială „Andrei Șaguna”, Șura Mare",5.98,6.5,5.29,22
2025,Sibiu,"Școala Gimnazială, Poplaca",5.94,6.53,5.35,13
2025,Sibiu,"Liceul „Timotei Cipariu”, Dumbrăveni",5.89,6.28,5.51,40
2025,Sibiu,"Școala Gimnazială, Slimnic",5.89,6.35,5.44,13
2025,Sibiu,Școala Gimnazială Șmig,5.86,5.19,6.53,4
2025,Sibiu,"Școala Gimnazială, Ocna Sibiului",5.85,6.04,5.58,32
2025,Sibiu,"Școala Gimnazială „Sava Popovici Barcianu”, Rășinari",5.84,6.53,5.16,13
2025,Sibiu,"Școala Gimnazială, Avrig",5.78,6.48,5.08,15
2025,Sibiu,Școala Gimnazială Șura Mică,5.69,6.38,5.0,17
2025,Sibiu,"Școala Gimnazială „Viorel Cucu”, Paltin Arpașu de Jos",5.68,6.34,5.02,14
2025,Sibiu,Școala Gimnazială Cârța,5.63,6.13,5.13,7
2025,Sibiu,"Școala Gimnazială, Roșia",5.61,6.64,4.59,5
2025,Sibiu,Școala Gimnazială Bruiu,5.54,6.63,4.45,3
2025,Sibiu,"Școala Gimnazială, Chirpăr",5.53,6.18,4.89,9
2025,Sibiu,"Școala Gimnazială Nr. 2, Cisnădie",5.51,6.01,5.01,17
2025,Sibiu,"Școala Gimnazială, Ruși",5.5,6.13,4.88,4
2025,Sibiu,Școala Gimnazială Șeica Mică,5.46,5.72,5.19,8
2025,Sibiu,"Școala Gimnazială, Daia",5.4,5.75,5.05,10
2025,Sibiu,"Școala Gimnazială, Brădeni",5.38,6.05,4.61,16
2025,Sibiu,"Școala Gimnazială, Jina",5.36,5.8,4.92,21
2025,Sibiu,"Școala Gimnazială, Biertan",5.26,5.66,4.87,13
2025,Sibiu,"Școala Gimnazială, Cristian",5.19,5.71,4.68,27
2025,Sibiu,Școala Gimnazială Șaroș pe Târnave,5.17,5.61,4.74,7
2025,Sibiu,"Școala Gimnazială „Aviator Ioan Sava”, Alțîna",5.12,5.29,4.82,12
2025,Sibiu,Școala Gimnazială Veștem,5.07,5.63,4.53,10
2025,Sibiu,Școala Gimnazială „Alma”,5.06,4.91,5.21,8
2025,Sibiu,Școala Gimnazială Bârghiș,5.05,6.1,4.01,8
2025,Sibiu,"Școala Gimnazială, Cașolț",4.88,5.58,4.19,8
2025,Sibiu,"Școala Gimnazială „George Popa”, Mediaș",4.85,5.36,4.34,20
2025,Sibiu,Școala Gimnazială Vurpăr,4.68,4.91,4.27,22
2025,Sibiu,"Liceul Tehnologic „Ilie Măcelariu”, Miercurea Sibiului",4.68,5.42,3.94,13
2025,Sibiu,"Școala Gimnazială, Apoldu de Sus",4.64,5.13,4.18,13
2025,Sibiu,"Școala Gimnazială, Apoldu de Jos",4.61,5.08,4.15,4
2025,Sibiu,Școala Gimnazială Buzd,4.59,5.12,4.06,10
2025,Sibiu,Școala Gimnazială Săcel,4.51,4.56,4.46,11
2025,Sibiu,"Școala Gimnazială, Merghindeal",4.46,4.09,4.35,7
2025,Sibiu,Școala Gimnazială Alămor,4.44,4.93,3.96,8
2025,Sibiu,"Școala Gimnazială, Laslea",4.4,4.43,4.37,11
2025,Sibiu,Școala Gimnazială „Nou”,4.39,4.99,3.78,15
2025,Sibiu,Școala Gimnazială Ațel,4.38,3.46,4.59,12
2025,Sibiu,Școala Gimnazială Curciu,4.35,4.32,4.39,9
2025,Sibiu,"Școala Gimnazială „Marțian Negrea”, Valea Viilor",4.35,4.16,4.55,6
2025,Sibiu,"Școala Gimnazială Nr. 5, Mediaș",4.31,4.37,3.9,8
2025,Sibiu,"Școala Gimnazială, Bazna",4.3,4.98,3.63,8
2025,Sibiu,"Școala Gimnazială, Brateiu",4.15,4.38,3.93,10
2025,Sibiu,Școala Gimnazială Mihăileni,4.1,4.59,3.6,16
2025,Sibiu,Școala Gimnazială Târnava,4.06,4.22,3.9,16
2025,Sibiu,"Școala Gimnazială „Stephan Ludwig Roth”, Moșna",3.98,4.32,3.57,27
2025,Sibiu,Școala Gimnazială Dobârca,3.89,3.71,3.3,8
2025,Sibiu,Școala Gimnazială Ighișu Nou,3.69,3.71,3.67,12
2025,Sibiu,"Școala Gimnazială „Ioan Moraru”, Dârlos",3.68,4.1,3.27,6
2025,Sibiu,Școala Gimnazială Hoghilag,3.51,3.89,3.14,6
2025,Sibiu,"Școala Gimnazială Nr. 11, Sibiu",3.49,3.38,3.6,6
2025,Sibiu,"Școala Gimnazială „Ilie Micu”, Ludoș",3.3,4.27,2.33,3
2025,Sibiu,Școala Gimnazială Mălâncrav,2.94,2.48,3.43,10
2025,Suceava,"Colegiul Național „Ștefan cel Mare”, Suceava",9.32,9.49,9.16,38
2025,Suceava,"Colegiul Național „Petru Rareș”, Suceava",8.95,9.14,8.78,50
2025,Suceava,"Colegiul Național „Nicu Gane”, Fălticeni",8.93,9.0,8.86,30
2025,Suceava,"Colegiul Național „Eudoxiu Hurmuzachi”, Rădăuți",8.86,9.02,8.7,27
2025,Suceava,"Școala Gimnazială Nr. 3, Suceava",8.26,8.47,8.06,133
2025,Suceava,"Școala Gimnazială „Teodor Bălan”, Gura Humorului",8.24,8.53,7.96,72
2025,Suceava,"Școala Gimnazială Nr. 4, Suceava",8.22,8.4,8.04,85
2025,Suceava,"Școala Gimnazială „Bogdan Vodă”, Rădăuți",8.09,8.58,7.61,51
2025,Suceava,"Școala Gimnazială „Bogdan Vodă”, Câmpulung Moldovenesc",7.98,8.5,7.47,80
2025,Suceava,"Școala Gimnazială Nr. 10, Suceava",7.92,8.38,7.46,104
2025,Suceava,"Școala Gimnazială „Mihai Eminescu”, Rădăuți",7.89,8.08,7.71,126
2025,Suceava,"Școala Gimnazială Nr. 1, Vatra Dornei",7.88,8.45,7.32,41
2025,Suceava,"Școala Gimnazială „Ion Creangă”, Suceava",7.85,8.19,7.52,152
2025,Suceava,"Liceul Teoretic „Filadelfia”, Suceava",7.82,8.12,7.54,70
2025,Suceava,"Colegiul Tehnic „Mihai Băcescu”, Fălticeni",7.81,8.24,7.37,30
2025,Suceava,"Școala Gimnazială Nr. 1, Suceava",7.8,8.07,7.53,98
2025,Suceava,"Colegiul Național „Mihai Eminescu”, Suceava",7.76,7.9,7.62,61
2025,Suceava,"Școala Gimnazială „George Tofan”, Bilca",7.75,8.24,7.26,22
2025,Suceava,Liceul Tehnologic Special Bivolărie,7.7,8.42,6.98,3
2025,Suceava,"Școala Gimnazială „Regina Elisabeta”, Rădăuți",7.69,8.24,7.14,53
2025,Suceava,"Liceul „Natanael”, Suceava",7.67,7.84,7.5,21
2025,Suceava,"Școala Gimnazială „Miron Costin”, Suceava",7.65,8.17,7.13,146
2025,Suceava,"Școala Gimnazială Nr. 2, Vatra Dornei",7.63,8.1,7.16,40
2025,Suceava,"Școala Gimnazială „Nicolae Labiș”, Mălini",7.6,8.19,7.0,27
2025,Suceava,"Școala Gimnazială „Ion Irimescu”, Fălticeni",7.59,8.37,6.81,83
2025,Suceava,"Școala Gimnazială Nr. 4, Vatra Dornei",7.55,8.07,7.04,44
2025,Suceava,Școala Gimnazială Dănila,7.53,7.89,7.18,4
2025,Suceava,"Școala Gimnazială „Henryk Sienkiewicz”, Solonețu Nou",7.53,7.83,7.23,11
2025,Suceava,Școala Gimnazială Măriței,7.5,8.16,6.84,18
2025,Suceava,"Școala Gimnazială „Traian Popovici”, Colacu",7.47,8.03,6.92,10
2025,Suceava,"Școala Gimnazială „Dimitrie Gusti”, Fundu Moldovei",7.47,7.64,7.3,13
2025,Suceava,"Școala Gimnazială „Artur Gorovei”, Bunești",7.42,7.27,7.58,15
2025,Suceava,"Școala Gimnazială Nr. 1, Gura Humorului",7.42,7.35,7.48,47
2025,Suceava,"Școala Gimnazială, Pojorâta",7.41,7.83,6.99,15
2025,Suceava,Școala Gimnazială Bivolarie,7.41,7.97,6.85,42
2025,Suceava,"Colegiul Tehnic „Lătcu Vodă”, Siret",7.4,8.08,6.72,30
2025,Suceava,"Școala Gimnazială Nr. 1, Iaslovăț",7.39,7.53,7.26,41
2025,Suceava,"Școala Gimnazială „Ioan Vicoveanu”, Vicovu de Jos",7.39,7.72,7.06,50
2025,Suceava,"Liceul Tehnologic „Tomsa Vodă”, Solca",7.35,7.28,7.43,29
2025,Suceava,Școala Gimnazială Bosanci,7.34,7.66,6.98,63
2025,Suceava,"Școala Gimnazială Nr. 2, Vicovu de Sus",7.33,7.47,7.19,42
2025,Suceava,"Școala Gimnazială Nr. 2, Vicovu de Jos",7.32,7.61,7.04,33
2025,Suceava,Școala Gimnazială Ulma,7.31,6.72,7.9,15
2025,Suceava,"Școala Gimnazială Nr. 1, Vicovu de Sus",7.3,7.51,7.09,43
2025,Suceava,Școala Gimnazială Sadova,7.27,7.59,6.96,20
2025,Suceava,Școala Gimnazială Șerbănești,7.26,7.99,6.54,12
2025,Suceava,"Școala Gimnazială „Vasile Tomegea”, Boroaia",7.25,8.01,6.5,22
2025,Suceava,"Școala Gimnazială „Dimitrie Onciul”, Straja",7.25,7.38,7.12,63
2025,Suceava,Școala Gimnazială Milișăuți,7.25,7.77,6.73,32
2025,Suceava,"Școala Gimnazială „Samuil Isopescul”, Costișa",7.24,7.86,6.62,15
2025,Suceava,"Școala Gimnazială „Petru Comarnescu”, Gura Humorului",7.24,7.52,6.96,55
2025,Suceava,"Școala Gimnazială „Samson Bodnărescu”, Gălănești",7.22,7.68,6.77,30
2025,Suceava,Școala Gimnazială Calafindești,7.22,7.51,6.93,39
2025,Suceava,"Școala Gimnazială Nr. 1, Bogdănești",7.21,8.17,6.26,13
2025,Suceava,Școala Gimnazială Băișești,7.2,7.2,7.21,18
2025,Suceava,"Școala Gimnazială „Ștefan cel Mare”, Cârlibaba",7.2,7.01,7.4,11
2025,Suceava,Școala Gimnazială Păltinoasa,7.2,7.96,6.44,23
2025,Suceava,"Liceul Tehnologic „Mihai Eminescu”, Dumbraveni",7.19,7.93,6.46,79
2025,Suceava,"Școala Gimnazială „Vasile Bumbac”, Costâna",7.17,7.45,6.89,15
2025,Suceava,"Liceul Tehnologic „Ion Nistor”, Vicovu de Sus",7.16,7.54,6.79,49
2025,Suceava,"Școala Gimnazială Nr. 8, Suceava",7.15,7.58,6.73,71
2025,Suceava,"Școala Gimnazială „Alexandru Ioan Cuza”, Fălticeni",7.15,7.53,6.78,60
2025,Suceava,Școala Gimnazială Cacica,7.15,7.38,6.93,10
2025,Suceava,"Liceul Tehnologic „Vasile Gherasim”, Marginea",7.15,7.48,6.82,51
2025,Suceava,"Școala Gimnazială „George Voevidca”, Câmpulung Moldovenesc",7.14,7.43,6.42,19
2025,Suceava,"Școala Gimnazială „Ioan Ciurea”, Fălticeni",7.14,7.93,6.36,41
2025,Suceava,"Școala Gimnazială „Dimitrie Cantemir”, Rădăuți",7.13,7.88,6.4,29
2025,Suceava,Școala Gimnazială Corocăiești,7.13,7.61,6.66,20
2025,Suceava,"Școala Gimnazială, Ipotești",7.12,7.52,6.73,82
2025,Suceava,"Școala Gimnazială „Krystyna Bochenek”, Poiana Micului",7.12,7.61,6.64,7
2025,Suceava,"Școala Gimnazială Nr. 2, Arbore",7.12,7.8,6.44,11
2025,Suceava,"Școala Gimnazială Nr. 2, Marginea",7.09,7.44,6.75,43
2025,Suceava,"Școala Gimnazială „Academician H. Mihăescu”, Udești",7.06,7.24,6.77,22
2025,Suceava,"Liceul Tehnologic „Iorgu Vîrnav Liteanu”, Liteni",7.06,7.84,6.28,55
2025,Suceava,"Colegiul de Artă „Ciprian Porumbescu”, Suceava",7.05,7.46,6.64,62
2025,Suceava,"Școala Gimnazială „Petru Mușat”, Siret",7.04,7.49,6.6,35
2025,Suceava,"Școala Gimnazială „Dimitrie Vatamaniuc”, Sucevița",7.04,7.23,6.86,19
2025,Suceava,"Școala Gimnazială „Ion Teodorescu”, Cotârgași",7.04,8.12,5.96,5
2025,Suceava,Școala Gimnazială Falcău,7.03,7.08,6.97,16
2025,Suceava,Școala Gimnazială Bălăceana,7.02,7.3,6.74,11
2025,Suceava,"Școala Gimnazială „I.G. Sbiera”, Horodnic de Jos",7.02,7.68,6.36,17
2025,Suceava,Școala Gimnazială Frătăuții Vechi,6.98,7.43,6.55,27
2025,Suceava,"Școala Gimnazială „Mihai Halunga”, Hănțești",6.95,8.01,5.9,32
2025,Suceava,Școala Gimnazială Siminicea,6.93,7.55,6.3,34
2025,Suceava,"Școala Gimnazială Moldova, Sulița",6.91,7.27,6.56,20
2025,Suceava,"Școala Gimnazială Nr. 3, Vicovu de Sus",6.9,6.83,6.99,15
2025,Suceava,"Școala Gimnazială „Ion Lovinescu”, Rădășeni",6.9,7.66,6.14,10
2025,Suceava,Școala Gimnazială Pârteștii de Sus,6.9,6.93,6.86,21
2025,Suceava,"Liceul Tehnologic „Nicanor Moroșan”, Pârteștii de Jos",6.9,6.89,6.9,26
2025,Suceava,"Școala Gimnazială „Alexandru Lăpușneanu”, Slatina",6.89,7.28,6.5,16
2025,Suceava,Școala Gimnazială Râșca,6.88,7.33,6.43,44
2025,Suceava,"Școala Gimnazială „Iacob Costache”, Văratec",6.88,7.71,6.05,23
2025,Suceava,Școala Gimnazială Șaru Dornei,6.87,7.6,6.14,15
2025,Suceava,"Liceul Tehnologic „Ștefan cel Mare”, Cajvana",6.83,6.78,6.89,106
2025,Suceava,"Școala Gimnazială „Vornicu Simion Tăutu”, Comănești",6.83,7.06,6.6,6
2025,Suceava,"Școala Gimnazială „Iraclie Porumbescu”, Frătăuții Noi",6.83,7.07,6.59,16
2025,Suceava,Școala Gimnazială Dornești,6.82,7.07,6.42,31
2025,Suceava,Școala Gimnazială Bursuceni,6.8,7.37,6.24,9
2025,Suceava,"Școala Gimnazială „Teodor V. Ștefanelli”, Câmpulung Moldovenesc",6.79,7.08,6.5,33
2025,Suceava,Școala Gimnazială Lupcina,6.78,6.65,6.93,12
2025,Suceava,Școala Gimnazială Brodina de Sus,6.77,7.9,5.65,6
2025,Suceava,"Școala Gimnazială „Aurelian Stanciu”, Salcea",6.75,7.42,6.08,41
2025,Suceava,Școala Gimnazială Zvoriștea,6.74,7.88,5.6,16
2025,Suceava,Școala Gimnazială „Luca Arbure Arbore”,6.74,6.95,6.53,52
2025,Suceava,Școala Gimnazială Ciocănești,6.72,7.42,6.03,9
2025,Suceava,Școala Gimnazială Botoșana,6.71,6.79,6.64,21
2025,Suceava,Școala Gimnazială Leucușești,6.71,7.62,5.8,13
2025,Suceava,"Școala Gimnazială „Nicolae Stoleru”, Baia",6.7,7.29,6.11,39
2025,Suceava,Școala Gimnazială Reuseni,6.69,7.04,6.34,18
2025,Suceava,Școala Gimnazială Buda,6.69,7.23,6.15,15
2025,Suceava,Școala Gimnazială Stulpicani,6.68,6.98,6.25,33
2025,Suceava,"Școala Gimnazială „Luca Gavril”, Drăgușeni",6.67,7.38,5.96,19
2025,Suceava,Școala Gimnazială Mihăiești,6.66,7.07,6.26,15
2025,Suceava,"Școala Gimnazială Nr. 2, Iaslovăț",6.66,6.8,6.52,28
2025,Suceava,Școala Gimnazială Bucșoaia,6.65,6.71,6.59,9
2025,Suceava,Liceul Tehnologic Dorna Candrenilor,6.64,7.2,6.1,16
2025,Suceava,"Școala Gimnazială, Poiana Mărului",6.64,7.24,6.06,22
2025,Suceava,"Școala Gimnazială „Mihail Sadoveanu”, Grănicești",6.63,7.03,6.23,29
2025,Suceava,"Școala Gimnazială „Ioan Băncescu”, Adâncata",6.63,7.63,5.63,30
2025,Suceava,Școala Gimnazială „Neagra Șarului”,6.62,7.26,5.99,15
2025,Suceava,Școala Gimnazială „Moara Nică”,6.62,7.18,6.07,16
2025,Suceava,"Școala Gimnazială „Mitropolit Iacob Putneanul”, Putna",6.62,6.82,6.43,12
2025,Suceava,"Școala Gimnazială Nr. 2, Mălini",6.62,7.17,6.07,14
2025,Suceava,Școala Gimnazială Frasin,6.61,7.05,6.18,17
2025,Suceava,Școala Gimnazială Paltinu,6.6,6.45,6.76,16
2025,Suceava,"Liceul Tehnologic „Nicolai Nanu”, Broșteni",6.58,7.07,6.1,37
2025,Suceava,"Școala Gimnazială „Grigore Ghica Voievod”, Suceava",6.57,7.0,6.15,14
2025,Suceava,"Școala Gimnazială „Iorgu G. Toma”, Vama",6.56,7.42,5.71,33
2025,Suceava,Școala Gimnazială Brodina,6.56,6.29,6.82,21
2025,Suceava,Școala Gimnazială Panaci,6.55,6.45,6.66,13
2025,Suceava,"Școala Gimnazială, Poiana Stampei",6.51,7.24,5.78,18
2025,Suceava,"Școala Gimnazială, Plăvălari",6.5,7.64,5.36,15
2025,Suceava,"Școala Gimnazială, Valea Glodului",6.49,6.89,6.1,18
2025,Suceava,Școala Gimnazială Dorna Arini,6.49,6.98,6.01,17
2025,Suceava,"Școala Gimnazială „Ion Șuhane”, Frumosu",6.49,7.04,5.94,27
2025,Suceava,"Școala Gimnazială Nr. 2, Horodnic de Sus",6.48,7.13,5.84,21
2025,Suceava,"Școala Gimnazială Poieni, Suceava",6.48,6.57,6.4,13
2025,Suceava,Școala Gimnazială Liteni,6.47,6.98,5.95,4
2025,Suceava,"Școala Gimnazială, Breaza",6.46,7.0,5.92,17
2025,Suceava,"Școala Gimnazială Poieni, Solca",6.45,6.74,6.16,23
2025,Suceava,Școala Gimnazială Hârtop,6.45,7.05,5.85,13
2025,Suceava,"Școala Gimnazială „Prof. Nicolae Ignat”, Doroteia",6.43,6.86,6.0,11
2025,Suceava,"Școala Gimnazială Nr. 2, Bogdănești",6.42,7.0,5.85,26
2025,Suceava,Școala Gimnazială Pâraie,6.41,7.02,5.81,12
2025,Suceava,Școala Gimnazială Roșcani,6.4,6.73,6.08,11
2025,Suceava,"Școala Gimnazială „Cristofor Simionescu”, Plopeni",6.39,7.35,5.35,28
2025,Suceava,"Liceul Tehnologic „Vasile Cocea”, Moldovița",6.38,6.71,5.93,39
2025,Suceava,Școala Gimnazială Șerbăuți,6.37,6.58,6.17,17
2025,Suceava,Școala Gimnazială Verești,6.34,6.86,5.83,12
2025,Suceava,"Școala Gimnazială „Constantin Tomescu”, Pleșești",6.34,6.83,5.86,18
2025,Suceava,"Școala Gimnazială „Hatmanul Șendrea”, Dolheștii Mari",6.33,6.6,5.97,16
2025,Suceava,"Școala Gimnazială „Iulian Vesper”, Horodnic de Sus",6.33,7.05,5.61,24
2025,Suceava,Școala Gimnazială Ostra,6.31,6.91,5.71,25
2025,Suceava,"Școala Gimnazială „Pahomie C. Vasiliu”, Grămești",6.3,6.45,6.16,15
2025,Suceava,Școala Gimnazială Negostina,6.29,7.0,5.6,15
2025,Suceava,Școala Gimnazială Herla,6.28,7.0,5.56,13
2025,Suceava,"Școala Gimnazială, Coșna",6.25,6.73,5.79,10
2025,Suceava,Școala Gimnazială Rotunda,6.25,6.74,5.77,20
2025,Suceava,Școala Gimnazială Călinești,6.25,6.64,5.86,11
2025,Suceava,"Școala Gimnazială, Vatra Moldoviței",6.24,6.21,6.28,23
2025,Suceava,"Școala Gimnazială „Ioan V. Rachieru”, Soloneț",6.21,6.33,6.1,21
2025,Suceava,Școala Gimnazială Preutești,6.21,6.7,5.72,19
2025,Suceava,"Școala Gimnazială, Mitocu Dragomirnei",6.2,6.95,5.46,40
2025,Suceava,Școala Gimnazială Burla,6.16,6.48,5.84,35
2025,Suceava,Școala Gimnazială Țibeni,6.16,6.47,5.85,16
2025,Suceava,"Școala Gimnazială „Liviu Suhar”, Iacobeni",6.15,7.05,5.26,5
2025,Suceava,"Școala Gimnazială Nr. 1, Vadu Moldovei",6.14,6.72,5.57,17
2025,Suceava,"Școala Gimnazială „Mandache Leocov”, Prelipca",6.13,6.79,5.48,15
2025,Suceava,"Școala Gimnazială „Simion Florea Marian”, Ilișești",6.12,6.87,5.39,18
2025,Suceava,Școala Gimnazială Todirești,6.11,7.04,5.18,20
2025,Suceava,"Școala Gimnazială „Maria Cantacuzino”, Horodniceni",6.09,6.59,5.59,13
2025,Suceava,Școala Gimnazială Dărmănești,6.07,6.34,5.81,16
2025,Suceava,"Școala Gimnazială Nr. 3, Marginea",6.07,6.58,5.56,24
2025,Suceava,"Școala Gimnazială „Dr. Simion Și Metzia Hîj”, Volovăț",6.07,6.42,5.69,78
2025,Suceava,Școala Gimnazială Moișa,6.06,7.13,5.0,13
2025,Suceava,Școala Gimnazială Oniceni,6.05,6.68,5.42,22
2025,Suceava,"Școala Gimnazială „Mihail Sadoveanu”, Fălticeni",6.05,6.8,5.3,48
2025,Suceava,"Liceul Tehnologic „Oltea Doamna”, Dolhasca",6.03,6.63,5.43,36
2025,Suceava,"Școala Gimnazială, Românești",6.03,6.76,5.3,13
2025,Suceava,"Școala Gimnazială, Gura Putnei",6.02,6.46,5.6,15
2025,Suceava,"Școala Gimnazială, Satu Mare",6.01,6.11,5.92,25
2025,Suceava,"Școala Gimnazială „Popinceanu Nicolae”, Mihoveni",5.99,6.78,5.2,27
2025,Suceava,Școala Gimnazială Voitinel,5.99,6.63,5.34,81
2025,Suceava,"Școala Gimnazială Nr. 2, Baia",5.96,6.63,5.29,12
2025,Suceava,"Școala Gimnazială „Jean Bart”, Suceava",5.9,6.2,5.61,29
2025,Suceava,Școala Gimnazială Arghira,5.89,6.57,5.23,19
2025,Suceava,Liceul cu Program Sportiv Suceava,5.89,6.79,4.99,30
2025,Suceava,"Școala Gimnazială „M. Eminescu”, Bănești",5.87,6.47,5.27,39
2025,Suceava,"Școala Gimnazială „Mihai Niculăiasa”, Lămășeni",5.87,6.01,5.73,4
2025,Suceava,"Școala Gimnazială Călinești, Enache",5.86,6.35,5.38,2
2025,Suceava,"Școala Gimnazială „Ion Aflorei”, Izvoarele Sucevei",5.85,6.06,5.64,4
2025,Suceava,Școala Gimnazială „Voievodeasa”,5.82,6.2,5.45,24
2025,Suceava,Școala Gimnazială Găinești,5.75,6.49,5.01,15
2025,Suceava,"Școala Gimnazială „Petru Rareș”, Probota",5.74,6.43,5.06,18
2025,Suceava,Școala Gimnazială Negrileasa,5.7,5.32,6.08,14
2025,Suceava,"Școala Gimnazială „Ieremia Valahul”, Sasca Mare",5.67,6.42,4.93,12
2025,Suceava,Școala Gimnazială Stroiești,5.66,6.24,5.08,25
2025,Suceava,"Școala Gimnazială Nr. 3, Horodnic de Sus",5.62,5.79,5.46,8
2025,Suceava,Școala Gimnazială Valea Moldovei,5.6,6.44,4.77,50
2025,Suceava,"Școala Gimnazială Nr. 6, Suceava",5.59,5.98,5.2,25
2025,Suceava,"Școala Gimnazială „Constantin Blănaru”, Cornu Luncii",5.59,6.56,4.62,23
2025,Suceava,"Școala Gimnazială, Drăgoiești",5.57,6.41,4.74,22
2025,Suceava,"Școala Gimnazială „Ion Muceleanu”, Fântâna Mare",5.54,5.58,5.51,10
2025,Suceava,Școala Gimnazială Manolea,5.51,6.33,4.7,12
2025,Suceava,Școala Gimnazială Dolheștii Mici,5.47,6.32,4.63,14
2025,Suceava,Școala Gimnazială Zamostea,5.47,5.93,5.01,21
2025,Suceava,"Școala Gimnazială, Poiana Negrii",5.44,5.97,4.92,13
2025,Suceava,"Școala Gimnazială „Gheorghe Popadiuc”, Rădăuți",5.43,5.86,4.98,24
2025,Suceava,"Școala Gimnazială „Ion Pintilie”, Măneuți",5.43,6.42,4.46,20
2025,Suceava,Școala Gimnazială „Moara Carp”,5.42,5.19,5.66,6
2025,Suceava,"Școala Gimnazială, Gura Solcii",5.31,5.74,4.9,19
2025,Suceava,"Școala Gimnazială, Slătioara",5.28,5.89,4.68,9
2025,Suceava,Școala Gimnazială Basarabi,5.25,5.77,4.73,9
2025,Suceava,"Școala Gimnazială, Berchișești",5.18,5.48,4.89,21
2025,Suceava,Școala Gimnazială Baineț,5.13,5.98,4.3,8
2025,Suceava,Școala Gimnazială Fântânele,5.1,5.54,4.67,15
2025,Suceava,Școala Gimnazială „Clit”,5.08,5.88,4.27,16
2025,Suceava,Școala Gimnazială „Știrbăț”,5.02,5.65,4.39,13
2025,Suceava,"Școala Gimnazială, Crucea",4.93,6.03,3.85,10
2025,Suceava,"Școala Gimnazială „Constantin Morariu”, Pătrăuți",4.93,5.42,4.22,35
2025,Suceava,"Școala Gimnazială, Budeni",4.86,5.19,4.54,13
2025,Suceava,Școala Gimnazială „Sfântu Ilie”,4.84,5.02,4.67,13
2025,Suceava,Școala Gimnazială Gulia,4.82,4.69,4.95,19
2025,Suceava,"Școala Gimnazială „Bogdan Vodă”, Capu Codrului",4.77,5.03,4.35,23
2025,Suceava,Școala Gimnazială Nigotești,4.69,5.18,4.19,10
2025,Suceava,"Școala Gimnazială „Ion Barbir”, Capu Câmpului",4.62,4.34,4.91,14
2025,Suceava,Școala Gimnazială Bălcăuți,4.6,4.73,4.48,7
2025,Suceava,Școala Gimnazială Argel,4.38,4.7,4.05,2
2025,Suceava,Școala Gimnazială „Ciprian Porumbescu”,4.36,4.8,3.93,18
2025,Suceava,Școala Gimnazială Humoreni,4.26,4.74,3.79,12
2025,Suceava,"Școala Gimnazială „Învățător Gheorghe Rădășanu”, Bogata",4.07,3.82,4.33,11
2025,Suceava,"Școala Gimnazială „Dimitrie Păcurariu”, Șcheia",3.98,4.32,3.66,14
2025,Suceava,"Școala Gimnazială „Învățător Vasile Hlihor”, Baia",3.56,3.86,3.26,12
2025,Sălaj,"Colegiul Național „Silvania”, Zalău",9.1,9.13,9.07,33
2025,Sălaj,"Liceul Pedagogic „Gheorghe Șincai”, Zalău",8.24,8.57,7.92,28
2025,Sălaj,"Școala Gimnazială „Gheorghe Lazăr”, Zalău",8.14,8.54,7.75,83
2025,Sălaj,"Școala Gimnazială „Simion Bărnuțiu”, Zalău",8.11,8.11,7.87,101
2025,Sălaj,Școala Gimnazială Guruslău,7.96,7.69,6.92,6
2025,Sălaj,"Școala Gimnazială „Mihai Eminescu”, Zalău",7.92,8.04,7.61,158
2025,Sălaj,"Școala Gimnazială Nr. 1, Marca",7.84,8.34,7.35,15
2025,Sălaj,"Școala Gimnazială „Gyulaffy László”, Cehu Silvaniei",7.7,7.55,6.79,18
2025,Sălaj,"Școala Gimnazială, Giurtelecu Șimleului",7.62,8.16,7.08,4
2025,Sălaj,"Școala Gimnazială Nr. 1, Jebucu",7.6,7.83,6.45,2
2025,Sălaj,"Liceul de Artă „Ioan Sima”, Zalău",7.56,8.05,7.07,25
2025,Sălaj,"Școala Gimnazială „Corneliu Coposu”, Zalău",7.3,7.68,6.93,66
2025,Sălaj,"Școala Gimnazială Nr. 1, Valcău de Jos",7.29,7.79,6.78,17
2025,Sălaj,"Liceul Reformat „Wesselényi”, Zalău",7.29,6.88,6.6,26
2025,Sălaj,"Școala Gimnazială „Silvania”, Șimleu Silvaniei",7.27,7.85,6.7,73
2025,Sălaj,"Școala Gimnazială „Báthory István”, Șimleu Silvaniei",7.24,6.82,6.43,20
2025,Sălaj,"Școala Gimnazială Nr. 1, Bănișor",7.24,7.72,6.76,14
2025,Sălaj,"Școala Gimnazială „Avram Iancu”, Halmășd",7.14,7.54,6.74,12
2025,Sălaj,"Liceul cu Program Sportiv „Avram Iancu”, Zalău",7.12,7.44,6.81,36
2025,Sălaj,"Școala Gimnazială Nr. 1, Borla",7.08,6.5,6.07,9
2025,Sălaj,"Școala Gimnazială „Horea”, Șimleu Silvaniei",7.06,7.25,6.87,24
2025,Sălaj,Școala Gimnazială „Archid”,7.03,6.16,5.79,4
2025,Sălaj,Liceul Tehnologic nr. 1 Sărmașag,7.02,6.9,5.86,21
2025,Sălaj,"Școala Gimnazială „Ady Endre”, Lompirt",6.82,5.92,6.01,9
2025,Sălaj,"Școala Gimnazială Porolissum, Zalău",6.73,7.11,6.36,41
2025,Sălaj,"Școala Gimnazială Nr. 1, Vârșolț",6.72,5.98,5.98,10
2025,Sălaj,"Școala Gimnazială Nr. 1, Măeriște",6.72,7.44,6.01,7
2025,Sălaj,"Școala Gimnazială Nr. 1, Zalha",6.65,6.62,6.7,3
2025,Sălaj,"Școala Gimnazială „Dr. Dimitrie Culcer”, Stârciu",6.63,7.05,6.22,11
2025,Sălaj,"Școala Gimnazială „Petri Mor”, Nușfalău",6.61,5.73,6.2,28
2025,Sălaj,"Școala Gimnazială „Iuliu Maniu”, Zalău",6.58,7.14,6.03,16
2025,Sălaj,"Școala Gimnazială „Aurelia și Lazăr Cosma”, Treznea",6.57,6.3,6.85,7
2025,Sălaj,"Liceul Tehnologic „Cserey-Goga”, Crasna",6.47,6.35,5.72,53
2025,Sălaj,Școala Gimnazială Gâlgău Almașului,6.46,7.45,5.46,4
2025,Sălaj,"Școala Gimnazială Nr. 1, Boghiș",6.39,5.52,5.7,24
2025,Sălaj,"Școala Gimnazială Nr. 1, Pericei",6.37,5.7,6.01,31
2025,Sălaj,"Școala Gimnazială Nr. 1, Horoatu Crasnei",6.36,6.68,6.05,6
2025,Sălaj,"Liceul Tehnologic „Octavian Goga”, Jibou",6.36,6.67,6.04,26
2025,Sălaj,"Școala Gimnazială Nr. 1, Hereclean",6.32,7.03,5.63,4
2025,Sălaj,"Școala Gimnazială Nr. 1, Bălan",6.28,6.49,6.08,15
2025,Sălaj,"Școala Gimnazială, Meseșenii de Sus",6.21,6.06,6.37,7
2025,Sălaj,"Școala Gimnazială Nr. 1, Panic",6.16,5.32,5.46,10
2025,Sălaj,"Liceul Tehnologic „Liviu Rebreanu”, Hida",6.1,6.76,5.45,17
2025,Sălaj,Școala Profesională SÂG,6.03,5.95,5.91,30
2025,Sălaj,"Școala Gimnazială „Vasile Lucăcel”, Someș Odorhei",5.92,7.1,4.75,13
2025,Sălaj,"Școala Gimnazială „Traian Crețu”, Năpradea",5.87,6.33,5.42,13
2025,Sălaj,"Școala Gimnazială „Gheorghe Șincai”, Bobota",5.86,6.37,5.36,12
2025,Sălaj,Școala Gimnazială Preoteasa,5.85,5.82,5.89,9
2025,Sălaj,"Școala Gimnazială Nr. 1, Făgetu",5.85,5.29,4.62,8
2025,Sălaj,"Școala Gimnazială Nr. 1, Buciumi",5.83,6.99,4.68,22
2025,Sălaj,"Școala Gimnazială „Lucian Blaga”, Jibou",5.82,6.08,5.43,55
2025,Sălaj,"Școala Gimnazială „Andrei Mureșanu”, Cehu Silvaniei",5.81,6.45,5.18,20
2025,Sălaj,Liceul Tehnologic nr. 1 Gâlgău,5.8,6.1,5.5,29
2025,Sălaj,Liceul Tehnologic nr. 1 Surduc,5.77,6.5,5.06,20
2025,Sălaj,"Liceul Ortodox „Sf. Nicolae”, Zalău",5.73,6.62,4.85,14
2025,Sălaj,"Școala Gimnazială Nr. 1, Letca",5.71,6.27,5.14,12
2025,Sălaj,"Școala Gimnazială Nr. 1, Sânmihaiu Almașului",5.71,6.32,5.1,13
2025,Sălaj,"Școala Gimnazială Nr. 1, Ip",5.69,5.47,5.06,21
2025,Sălaj,"Școala Gimnazială „Petre Dulfu”, Sălățig",5.66,5.78,5.54,8
2025,Sălaj,"Școala Gimnazială Nr. 1, Deja",5.65,4.14,5.39,8
2025,Sălaj,"Școala Gimnazială „Horea Cizer”,",5.64,6.14,5.14,17
2025,Sălaj,"Școala Gimnazială Nr. 1, Fildu de Mijloc",5.61,6.03,5.2,9
2025,Sălaj,"Școala Gimnazială Nr. 1, Românași",5.58,6.31,4.85,21
2025,Sălaj,"Școala Gimnazială „Vasile Breban”, Crișeni",5.55,5.29,5.81,5
2025,Sălaj,"Școala Gimnazială „Simion Bărnuțiu”, Bocșa",5.54,6.16,4.94,10
2025,Sălaj,"Școala Gimnazială, Derșida",5.52,6.0,5.04,10
2025,Sălaj,"Școala Gimnazială Nr. 1, Rus",5.5,5.94,5.06,7
2025,Sălaj,"Școala Gimnazială Nr. 1, Carastelec",5.5,4.38,4.95,18
2025,Sălaj,"Școala Gimnazială Nr. 1, Camăr",5.45,4.11,4.91,12
2025,Sălaj,"Liceul Tehnologic „Ioachim Pop”, Ileanda",5.38,5.76,5.01,22
2025,Sălaj,"Școala Gimnazială Nr. 1, Plopiș",5.36,5.79,4.94,11
2025,Sălaj,"Școala Gimnazială Nr. 1, Cristolț",5.29,5.67,4.92,3
2025,Sălaj,"Școala Gimnazială „Marcus Aurelius”, Creaca",5.26,5.47,5.04,16
2025,Sălaj,"Școala Gimnazială Nr. 1, Agrij",5.18,5.68,4.69,12
2025,Sălaj,"Școala Gimnazială Nr. 1, Zimbor",5.16,5.83,4.49,9
2025,Sălaj,"Școala Gimnazială Nr. 1, Gârbou",5.13,5.52,4.74,6
2025,Sălaj,Școala Gimnazială Iaz,5.09,5.44,4.74,4
2025,Sălaj,"Școala Gimnazială Nr. 1, Dobrin",5.03,5.57,4.49,7
2025,Sălaj,"Școala Gimnazială „Szikszai Lajos”, Șamșud",4.92,3.24,4.95,13
2025,Sălaj,"Școala Gimnazială Nr. 1, Aghireș",4.79,4.6,4.99,6
2025,Sălaj,"Școala Gimnazială Nr. 1, Chieșd",4.72,4.95,4.5,23
2025,Sălaj,"Școala Gimnazială Nr. 1, Mirșid",4.65,4.47,4.63,17
2025,Sălaj,"Școala Gimnazială Nr. 2, Sărmășag",4.56,5.22,4.01,6
2025,Sălaj,"Școala Gimnazială Nr. 1, Cuzăplac",4.56,5.51,3.62,11
2025,Sălaj,"Școala Gimnazială Nr. 1, Almașu",4.31,4.44,3.86,12
2025,Sălaj,"Școala Gimnazială „Gheorghe Munteanu”, Poiana Blenchii",4.27,5.14,3.41,8
2025,Sălaj,"Școala Gimnazială „Petre Hossu”, Cheud",4.17,4.94,3.4,5
2025,Sălaj,"Școala Gimnazială Nr. 1, Lozna",4.13,4.95,3.3,2
2025,Sălaj,"Școala Gimnazială „Avram Iancu”, Aluniș",3.78,4.19,3.37,8
2025,Sălaj,"Școala Gimnazială Nr. 1, Băbeni",3.77,4.06,3.49,8
2025,Sălaj,"Școala Gimnazială „George Coșbuc”, Zalău",2.95,2.4,3.5,6
2025,Sălaj,"Școala Gimnazială Nr. 1, Pusta",2.47,2.09,2.79,46
2025,Sălaj,"Școala Gimnazială Nr. 1, Șimișna",1.5,1.0,2.0,1
2025,Teleorman,"Școala Gimnazială „Mihai Viteazul”, Alexandria",7.99,8.35,7.64,83
2025,Teleorman,"Școala Gimnazială „Ștefan cel Mare”, Alexandria",7.83,8.17,7.49,129
2025,Teleorman,"Școala Gimnazială, Vitănești",7.8,8.02,7.58,11
2025,Teleorman,Școala Gimnazială Dracea,7.67,8.75,6.6,2
2025,Teleorman,"Școala Gimnazială „Zaharia Stancu”, Roșiori de Vede",7.65,7.8,7.51,82
2025,Teleorman,"Liceul Teoretic „Marin Preda”, Turnu Măgurele",7.57,7.64,7.51,43
2025,Teleorman,"Școala Gimnazială „Marin Preda”, Siliștea Gumești",7.36,7.05,7.67,17
2025,Teleorman,"Școala Gimnazială Nr. 2, Videle",7.32,7.82,6.83,45
2025,Teleorman,"Școala Gimnazială „Mihai Eminescu”, Roșiori de Vede",7.22,7.56,6.88,72
2025,Teleorman,Școala Gimnazială Gălăteni,7.1,7.6,6.6,14
2025,Teleorman,"Școala Gimnazială Nr. 7, Alexandria",7.07,7.49,6.65,54
2025,Teleorman,"Școala Gimnazială „Gala Galaction”, Didești",7.03,7.12,6.94,14
2025,Teleorman,"Școala Gimnazială „Mihai Eminescu”, Alexandria",6.91,7.56,6.27,74
2025,Teleorman,Școala Gimnazială Talpa,6.86,7.65,6.08,6
2025,Teleorman,Școala Gimnazială Moșteni,6.85,7.27,6.43,16
2025,Teleorman,"Școala Gimnazială „Mircea cel Bătrân”, Turnu Măgurele",6.84,7.09,6.6,48
2025,Teleorman,"Școala Gimnazială Nr. 1, Videle",6.79,7.28,6.29,44
2025,Teleorman,Școala Gimnazială Vârtoape,6.68,7.62,5.75,19
2025,Teleorman,"Școala Gimnazială, Conțești",6.68,7.07,6.3,10
2025,Teleorman,"Școala Gimnazială, Călmățuiu de Sus",6.68,7.35,6.01,16
2025,Teleorman,Școala Gimnazială Izvoarele,6.67,7.06,6.28,11
2025,Teleorman,Școala Gimnazială Mavrodin,6.66,7.11,6.21,8
2025,Teleorman,Școala Gimnazială Trivalea Moșteni,6.65,6.87,6.43,18
2025,Teleorman,Școala Gimnazială Drăcșenei,6.64,7.36,5.93,9
2025,Teleorman,"Școala Gimnazială „Miron Radu Paraschivescu”, Zimnicea",6.56,6.89,6.24,29
2025,Teleorman,"Școala Gimnazială, Vedea",6.42,7.08,5.76,16
2025,Teleorman,Școala Gimnazială Segarcea Vale,6.31,7.04,5.58,14
2025,Teleorman,"Școala Gimnazială, Necșești",6.3,6.7,5.9,2
2025,Teleorman,Școala Gimnazială Bujoru,6.3,6.77,5.84,13
2025,Teleorman,"Școala Gimnazială Nr. 4, Turnu Măgurele",6.3,6.62,5.98,32
2025,Teleorman,"Școala Gimnazială „Grigore Dimitrie Ghica”, Peretu",6.29,6.81,5.78,45
2025,Teleorman,Școala Gimnazială Călmățuiu,6.27,6.25,6.3,6
2025,Teleorman,Școala Gimnazială Purani,6.23,6.73,5.73,9
2025,Teleorman,Școala Gimnazială Stejaru,6.2,6.98,5.42,17
2025,Teleorman,"Școala Gimnazială „I. Gh. Duca”, Țigănești",6.17,7.07,5.27,15
2025,Teleorman,Școala Gimnazială Cervenia,6.17,7.1,5.24,19
2025,Teleorman,Școala Gimnazială „Gratia”,6.15,6.84,5.46,18
2025,Teleorman,"Școala Gimnazială Nr. 2, Orbeasca de Jos",6.14,6.55,5.74,12
2025,Teleorman,"Școala Gimnazială Nr. 3, Lăceni",6.12,7.0,5.26,17
2025,Teleorman,Școala Gimnazială Călinești,6.12,7.07,5.18,16
2025,Teleorman,Școala Gimnazială Rădoiești,6.11,6.93,5.3,8
2025,Teleorman,"Școala Gimnazială „Eftimie Croitoru”, Sfințești",6.09,7.32,4.86,5
2025,Teleorman,"Școala Gimnazială, Drăgănești de Vede",6.07,6.6,5.54,18
2025,Teleorman,Școala Gimnazială Sârbeni,6.03,6.78,5.29,10
2025,Teleorman,"Școala Gimnazială Nr. 1, Dobrotești",6.03,6.03,5.88,26
2025,Teleorman,Școala Gimnazială Beuca,6.03,6.79,5.27,10
2025,Teleorman,"Școala Gimnazială Nr. 3, Zimnicea",6.0,6.13,5.77,38
2025,Teleorman,Școala Gimnazială Ciolănești,5.97,7.25,4.69,10
2025,Teleorman,"Școala Gimnazială, Putineiu",5.96,6.49,5.43,10
2025,Teleorman,Școala Gimnazială Viișoara,5.96,6.58,5.34,8
2025,Teleorman,Școala Gimnazială „Bogdana”,5.93,6.31,5.57,12
2025,Teleorman,"Școala Gimnazială „Ion Preotu”, Troianul",5.93,7.33,4.53,11
2025,Teleorman,"Școala Gimnazială Nr. 2, Perii Broșteni",5.91,6.39,5.43,6
2025,Teleorman,Școala Gimnazială Crângeni,5.87,7.11,4.63,17
2025,Teleorman,"Școala Gimnazială Nr. 1, Lunca",5.85,6.28,5.44,16
2025,Teleorman,"Școala Gimnazială „Sfinții Voievozi”, Bragadiru",5.85,6.55,5.16,18
2025,Teleorman,"Școala Gimnazială „Alexandru Depărățeanu”, Roșiori de Vede",5.81,6.38,5.26,23
2025,Teleorman,"Școala Gimnazială, Siliștea",5.79,7.02,4.57,17
2025,Teleorman,Școala Gimnazială Frăsinet,5.77,6.11,5.42,10
2025,Teleorman,Școala Gimnazială Brânceni,5.75,6.06,5.44,13
2025,Teleorman,Școala Gimnazială Măgura,5.74,6.02,5.46,11
2025,Teleorman,"Școala Gimnazială Nr. 1, Islaz",5.73,6.28,5.18,20
2025,Teleorman,"Școala Gimnazială Nr. 2, Zimnicea",5.7,6.06,5.34,18
2025,Teleorman,"Școala Gimnazială „Anghel Manolache”, Scrioaștea",5.68,5.68,5.69,21
2025,Teleorman,Școala Gimnazială Crevenicu,5.65,6.19,5.12,12
2025,Teleorman,Școala Gimnazială Furculești,5.56,5.91,5.22,14
2025,Teleorman,Școala Gimnazială Balaci,5.55,6.2,4.9,8
2025,Teleorman,Școala Gimnazială Plosca,5.53,5.88,5.18,33
2025,Teleorman,Școala Gimnazială Nenciulești,5.5,6.13,4.88,16
2025,Teleorman,Școala Gimnazială Crângu,5.37,5.39,5.35,6
2025,Teleorman,"Școala Gimnazială „Dan Berindei”, Roșiori de Vede",5.36,5.81,4.93,8
2025,Teleorman,"Școala Gimnazială Nr. 2, Turnu Măgurele",5.36,6.38,4.34,7
2025,Teleorman,"Școala Gimnazială „Alexandru Colfescu”, Alexandria",5.32,5.85,4.79,24
2025,Teleorman,"Școala Gimnazială Nr. 1, Măldăeni",5.29,5.59,4.99,17
2025,Teleorman,"Școala Gimnazială, Pietroșani",5.28,6.05,4.52,20
2025,Teleorman,"Școala Gimnazială „Vasile Racottă”, Ștorobăneasa",5.25,5.13,5.37,28
2025,Teleorman,Școala Gimnazială Scurtu Mare,5.24,5.38,5.1,12
2025,Teleorman,"Școala Gimnazială „Învățător Marin Bunescu”, Suhaia",5.23,5.32,5.16,17
2025,Teleorman,"Școala Gimnazială Nr. 1, Mârzănești",5.22,5.8,4.63,10
2025,Teleorman,"Școala Profesională, Saelele",5.2,5.89,4.52,6
2025,Teleorman,"Școala Gimnazială Nr. 2, Cosmești",5.18,5.45,4.91,13
2025,Teleorman,"Liceul Tehnologic „Andrei Șaguna”, Botoroaga",5.17,5.88,4.44,25
2025,Teleorman,Școala Gimnazială Băbăița,5.16,5.11,5.22,24
2025,Teleorman,Școala Gimnazială Smârdioasa,5.09,5.49,4.7,13
2025,Teleorman,"Școala Gimnazială, Tătărăștii de Sus",5.07,6.02,4.13,25
2025,Teleorman,"Școala Gimnazială, Salcia",5.07,5.43,4.7,16
2025,Teleorman,Școala Gimnazială Răsmirești,4.95,5.65,4.25,5
2025,Teleorman,"Școala Gimnazială Nr. 1, Poeni",4.92,5.02,4.82,13
2025,Teleorman,"Școala Gimnazială, Drăgănești-Vlașca",4.89,5.73,4.06,18
2025,Teleorman,"Școala Gimnazială Nr. 2, Merișani (Dobrotești)",4.89,4.89,4.89,10
2025,Teleorman,Școala Gimnazială „Lisa”,4.88,4.83,4.93,5
2025,Teleorman,Școala Gimnazială Nanov,4.83,5.49,4.19,9
2025,Teleorman,"Școala Gimnazială „Plopii”, Slăvitești",4.83,5.03,4.64,9
2025,Teleorman,"Școala Gimnazială, Tătărăștii de Jos",4.82,5.62,4.02,25
2025,Teleorman,"Școala Gimnazială, Piatra",4.8,5.54,3.95,13
2025,Teleorman,Școala Gimnazială Beciu,4.79,5.03,4.56,16
2025,Teleorman,Școala Gimnazială Săceni,4.72,5.65,3.81,8
2025,Teleorman,"Școala Gimnazială, Mereni",4.7,5.44,3.97,21
2025,Teleorman,Școala Gimnazială Slobozia Mândra,4.57,5.82,3.33,3
2025,Teleorman,Școala Gimnazială Poroschia,4.52,4.84,4.19,10
2025,Teleorman,"Școala Gimnazială Nr. 1, Orbeasca",4.45,4.93,3.97,13
2025,Teleorman,"Școala Gimnazială „Alexandru Bădăuță”, Zâmbreasca",4.42,4.72,4.13,13
2025,Teleorman,"Școala Gimnazială Nr. 1, Blejești",4.4,4.75,4.05,30
2025,Teleorman,Școala Gimnazială Fântânele,4.31,5.62,3.0,3
2025,Teleorman,Școala Gimnazială Buzescu,4.29,4.8,3.78,11
2025,Teleorman,Școala Gimnazială Bujoreni,4.27,4.78,3.77,8
2025,Teleorman,"Școala Gimnazială Uda, Clocociov",4.26,5.63,2.9,6
2025,Teleorman,Școala Gimnazială Năsturelu,4.17,4.67,3.37,13
2025,Teleorman,Școala Gimnazială Traian,3.96,4.11,3.81,9
2025,Teleorman,Școala Gimnazială Lița,3.92,4.25,3.6,6
2025,Teleorman,"Școala Gimnazială Nr. 1, Olteni",3.72,4.23,3.21,11
2025,Teleorman,Școala Gimnazială Seaca,3.38,3.0,3.75,4
2025,Teleorman,"Școala Gimnazială Nr. 1, Cosmești",3.22,3.95,2.5,1
2025,Teleorman,Școala Gimnazială Frumoasa,2.91,2.33,3.5,3
2025,Timiș,"Colegiul Național „Constantin Diaconovici Loga”, Timișoara",9.54,9.48,9.61,58
2025,Timiș,"Liceul Teoretic „Grigore Moisil”, Timișoara",8.97,9.01,8.92,195
2025,Timiș,"Liceul Teoretic Socrates, Timișoara",8.63,8.77,8.49,6
2025,Timiș,"Colegiul Național Bănățean, Timișoara",8.47,8.66,8.33,169
2025,Timiș,"Liceul Montessori, Timișoara",8.43,8.71,8.27,11
2025,Timiș,"Colegiul Național Pedagogic „Carmen Sylva”, Timișoara",8.39,8.67,8.12,104
2025,Timiș,"Școala Gimnazială Nr. 16 „Take Ionescu”, Timișoara",8.36,8.54,8.17,120
2025,Timiș,Liceul Teologic Baptist Timișoara,8.35,8.5,8.2,29
2025,Timiș,"Liceul Teoretic „Nikolaus Lenau”, Timișoara",8.34,8.52,8.11,151
2025,Timiș,"Liceul Teoretic „Babel”, Timișoara",8.28,8.28,8.29,20
2025,Timiș,"Liceul Teoretic „Harul”, Lugoj",8.16,8.41,7.92,23
2025,Timiș,"Școala Gimnazială Nr. 24, Timișoara",8.16,8.52,7.79,203
2025,Timiș,"Școala Gimnazială Nr. 19 „Avram Iancu”, Timișoara",8.14,8.32,7.97,175
2025,Timiș,Școala Gimnazială „Gelu”,8.13,8.65,7.61,8
2025,Timiș,"Școala Gimnazială Nr. 30, Timișoara",8.08,8.38,7.78,252
2025,Timiș,Liceul Waldorf Timișoara,8.07,8.32,7.83,52
2025,Timiș,"Școala Gimnazială „Domino Servite”, Voiteg",8.05,8.28,7.83,2
2025,Timiș,"Școala Gimnazială, Dumbrăvița",8.0,8.14,7.87,85
2025,Timiș,"Școala Gimnazială, Remetea Mare",7.89,8.0,7.78,22
2025,Timiș,"Liceul Teoretic „David Voniga”, Giroc",7.86,8.15,7.56,94
2025,Timiș,"Liceul Teologic Penticostal Logos, Timișoara",7.8,8.06,7.54,24
2025,Timiș,"Școala Gimnazială Nr. 18, Timișoara",7.73,8.01,7.45,60
2025,Timiș,"Școala Gimnazială Nr. 27, Timișoara",7.71,7.96,7.46,66
2025,Timiș,"Liceul Teologic Ortodox „Sfântul Antim Ivireanul”, Timișoara",7.67,8.0,7.34,41
2025,Timiș,"Liceul Teoretic „Coriolan Brediceanu”, Lugoj",7.63,8.04,7.23,51
2025,Timiș,"Liceul Teoretic „Iulia Hașdeu”, Lugoj",7.62,8.21,7.03,28
2025,Timiș,"Școala Gimnazială Nr. 13, Timișoara",7.59,7.86,7.33,73
2025,Timiș,"Școala Gimnazială Nr. 2, Timișoara",7.48,7.96,7.01,88
2025,Timiș,"Liceul Teoretic „Bartók Béla”, Timișoara",7.45,7.61,6.63,54
2025,Timiș,"Școala Gimnazială Nr. 6, Timișoara",7.39,7.79,6.99,63
2025,Timiș,"Liceul Teoretic „Jean Louis Calderon”, Timișoara",7.36,7.72,7.0,44
2025,Timiș,"Liceul Teoretic „William Shakespeare”, Timișoara",7.36,7.83,6.89,89
2025,Timiș,"Școala Gimnazială de Muzică „Filaret Barbu”, Lugoj",7.33,7.99,6.68,14
2025,Timiș,"Școala Gimnazială „Iosif Ciorogariu”, Chișoda",7.32,7.37,7.16,39
2025,Timiș,"Școala Gimnazială Nr. 7 „Sfânta Maria”, Timișoara",7.24,7.67,6.82,159
2025,Timiș,"Liceul de Artă „Ion Vidu”, Timișoara",7.2,7.85,6.56,45
2025,Timiș,"Școala Gimnazială Nr. 25, Timișoara",7.17,7.62,6.73,91
2025,Timiș,"Școala Gimnazială „Eftimie Murgu”, Lugoj",7.15,7.63,6.66,53
2025,Timiș,"Școala Gimnazială Nr. 21 „Vicențiu Babeș”, Timișoara",7.1,7.7,6.5,72
2025,Timiș,"Liceul Teoretic „Wendy Kids”, Timișoara",7.07,7.74,6.4,14
2025,Timiș,"Liceul Teoretic „Vlad Țepeș”, Timișoara",7.06,7.36,6.77,19
2025,Timiș,Școala Gimnazială Șag,7.03,7.7,6.37,19
2025,Timiș,"Școala Gimnazială Nr. 2, Lugoj",7.02,7.37,6.68,52
2025,Timiș,"Școala Gimnazială, Izvin",7.02,6.93,7.11,21
2025,Timiș,"Liceul Teologic Romano-Catolic „Gerhardinum”, Timișoara",6.91,7.41,6.21,34
2025,Timiș,"Liceul cu Program Sportiv „Banatul”, Timișoara",6.78,6.84,6.74,49
2025,Timiș,"Școala Gimnazială Nr. 12, Timișoara",6.77,7.47,6.08,38
2025,Timiș,Școala Gimnazială Dudeștii Noi,6.68,7.01,6.35,21
2025,Timiș,"Școala Gimnazială „Dimitrie Țichindeal”, Becicherecu Mic",6.66,7.31,6.02,21
2025,Timiș,"Școala Gimnazială, Ohaba Lungă",6.63,6.96,6.3,12
2025,Timiș,Școala Gimnazială Cărpiniș,6.58,6.68,6.27,25
2025,Timiș,Școala Gimnazială Utvin,6.56,7.07,6.07,26
2025,Timiș,Școala Gimnazială Moșnița Nouă,6.53,6.93,6.13,51
2025,Timiș,"Școala Gimnazială, Beregsău Mare",6.52,6.79,6.26,17
2025,Timiș,"Școala Gimnazială „Sorin Leia”, Tomești",6.51,6.79,6.24,10
2025,Timiș,"Școala Gimnazială, Sânmihaiu Român",6.51,6.85,6.18,27
2025,Timiș,Liceul Teoretic Recaș,6.48,7.0,5.97,39
2025,Timiș,Școala Gimnazială Ghizela,6.48,7.5,5.47,3
2025,Timiș,Liceul Teoretic Periam,6.48,6.86,6.1,25
2025,Timiș,Școala Gimnazială Orțișoara,6.44,6.87,6.02,38
2025,Timiș,"Școala Gimnazială „Nestor Oprean” Nr. 2, Sânnicolau Mare",6.44,6.91,5.92,78
2025,Timiș,"Școala Gimnazială, Gottlob",6.42,6.85,5.98,15
2025,Timiș,Școala Gimnazială Bucovăț,6.37,6.8,5.95,15
2025,Timiș,Școala Gimnazială Știuca,6.3,6.58,5.93,22
2025,Timiș,"Școala Gimnazială, Carani",6.26,6.77,5.76,16
2025,Timiș,"Școala Gimnazială, Sânandrei",6.21,6.59,5.84,43
2025,Timiș,Liceul de Arte Plastice Timișoara,6.19,6.6,5.79,18
2025,Timiș,"Școala Gimnazială Nr. 4, Timișoara",6.18,6.98,5.39,4
2025,Timiș,Liceul Teoretic Buziaș,6.17,6.63,5.66,36
2025,Timiș,Școala Gimnazială Iecea Mare,6.17,6.5,5.84,18
2025,Timiș,"Școala Gimnazială, Hodoni",6.15,6.54,5.78,10
2025,Timiș,Școala Gimnazială Lenauheim,6.12,7.17,5.08,9
2025,Timiș,"Școala Gimnazială „Anișoara Odeanu”, Lugoj",6.12,6.57,5.52,56
2025,Timiș,Școala Gimnazială Săcălaz,6.11,6.43,5.78,35
2025,Timiș,"Școala Gimnazială, Giarmata",6.1,7.04,5.15,33
2025,Timiș,"Liceul Teoretic „Dositei Obradovici”, Timișoara",6.09,6.02,5.75,9
2025,Timiș,"Școala Gimnazială „Martin Șuboni”, Jebel",6.09,6.65,5.54,20
2025,Timiș,"Liceul Teoretic „Traian Vuia”, Făget",6.01,6.42,5.61,69
2025,Timiș,Școala Gimnazială Giulvăz,5.98,6.44,5.52,11
2025,Timiș,"Școala Gimnazială Nr. 4, Lugoj",5.96,6.4,5.53,66
2025,Timiș,Școala Gimnazială Iohanisfeld,5.94,6.1,5.79,9
2025,Timiș,Școala Gimnazială Biled,5.94,6.0,5.89,19
2025,Timiș,Școala Gimnazială Pădureni,5.89,6.66,5.14,17
2025,Timiș,Școala Gimnazială Moravița,5.89,6.3,5.48,6
2025,Timiș,"Școala Gimnazială, Birda",5.89,7.2,4.58,12
2025,Timiș,Școala Gimnazială Foeni,5.88,6.52,5.25,8
2025,Timiș,Școala Gimnazială Liebling,5.87,6.15,5.58,16
2025,Timiș,Liceul Tehnologic Transporturi Auto Timișoara,5.86,6.12,5.6,13
2025,Timiș,"Școala Gimnazială, Parța",5.83,6.57,5.1,10
2025,Timiș,"Școala Gimnazială, Jamu Mare",5.83,7.36,4.3,16
2025,Timiș,Școala Gimnazială Șandra,5.82,6.3,5.35,16
2025,Timiș,"Școala Gimnazială, Satchinez",5.81,6.36,5.25,26
2025,Timiș,Școala Gimnazială Giera,5.8,6.42,5.18,9
2025,Timiș,"Școala Gimnazială, Criciova",5.78,6.9,4.68,13
2025,Timiș,"Liceul Tehnologic „Romulus Paraschivoiu”, Lovrin",5.77,6.29,5.25,24
2025,Timiș,Școala Gimnazială Otelec,5.76,4.93,4.85,3
2025,Timiș,"Școala Gimnazială „Sorin Titel”, Margina",5.75,6.26,5.25,17
2025,Timiș,"Școala Gimnazială, Belinț",5.73,6.28,5.18,16
2025,Timiș,"Școala Gimnazială „Maria Brindea”, Pesac",5.71,6.78,4.64,12
2025,Timiș,Școala Gimnazială Ghiroda,5.69,6.13,5.25,23
2025,Timiș,Școala Gimnazială Tormac,5.68,6.01,5.35,13
2025,Timiș,Școala Gimnazială Fârdea,5.66,5.86,5.47,8
2025,Timiș,Școala Gimnazială Bencecu de Sus,5.66,6.17,5.15,10
2025,Timiș,Școala Gimnazială Uivar,5.63,5.92,5.35,18
2025,Timiș,Școala Gimnazială Cenei,5.63,6.15,4.99,21
2025,Timiș,Liceul Teoretic Peciu Nou,5.6,5.84,5.38,40
2025,Timiș,Școala Gimnazială Mașloc,5.6,5.97,5.12,32
2025,Timiș,Școala Gimnazială Ghilad,5.6,6.22,4.99,17
2025,Timiș,"Școala Gimnazială, Jimbolia",5.6,5.66,5.51,66
2025,Timiș,"Școala Gimnazială, Pișchia",5.59,5.6,5.59,12
2025,Timiș,Școala Gimnazială Găvojdia,5.58,6.1,5.06,17
2025,Timiș,"Liceul Tehnologic „Sfântu Nicolae”, Deta",5.57,5.97,5.09,52
2025,Timiș,Școala Gimnazială Racovița,5.55,6.01,5.09,7
2025,Timiș,"Școala Gimnazială „Theodor Bucurescu” Nr. 1, Sânnicolau Mare",5.54,6.23,4.86,38
2025,Timiș,"Școala Gimnazială, Topolovățu Mare",5.54,6.09,5.01,10
2025,Timiș,Școala Gimnazială Bulgăruș,5.53,5.93,4.94,13
2025,Timiș,Liceul Teoretic Gătaia,5.52,6.03,5.02,41
2025,Timiș,"Școala Gimnazială, Nițchidorf",5.51,6.43,4.59,8
2025,Timiș,"Liceul Teoretic „Alexandru Mocioni”, Ciacova",5.5,5.71,5.29,31
2025,Timiș,Școala Gimnazială Voiteg,5.49,5.9,5.08,14
2025,Timiș,"Școala Gimnazială „George Gârda”, Mănăștiur",5.45,5.79,5.12,15
2025,Timiș,Școala Gimnazială Răchita,5.43,6.08,4.79,9
2025,Timiș,"Școala Gimnazială, Denta",5.34,6.1,4.58,19
2025,Timiș,Școala Gimnazială „Crai Nou”,5.33,5.18,5.48,2
2025,Timiș,"Școala Gimnazială, Curtea",5.32,5.65,5.01,9
2025,Timiș,Școala Gimnazială Coșteiu,5.31,5.31,5.32,13
2025,Timiș,"Școala Gimnazială, Checea",5.27,5.3,5.25,7
2025,Timiș,Școala Gimnazială Chevereșu Mare,5.27,5.3,5.25,13
2025,Timiș,Școala Gimnazială Bârna,5.25,5.64,4.87,8
2025,Timiș,"Școala Gimnazială Nr. 12, Măguri Lugoj",5.25,4.0,3.22,3
2025,Timiș,"Școala Gimnazială „Nicolae Groza”, Fibiș",5.21,5.94,4.49,9
2025,Timiș,"Școala Gimnazială „Milivoi Trifunschi”, Sânpetru Mare",5.19,5.35,5.03,14
2025,Timiș,Școala Gimnazială Tomnatic,5.14,5.77,4.52,27
2025,Timiș,Școala Gimnazială Brestovăț,5.14,6.18,4.1,4
2025,Timiș,"Școala Gimnazială Ing. „Anghel Saligny”, Banloc",5.12,5.8,4.45,18
2025,Timiș,"Școala Gimnazială, Darova",5.06,5.44,4.68,22
2025,Timiș,Școala Gimnazială Cenad,5.02,5.43,4.62,26
2025,Timiș,Școala Gimnazială „Victor Vlad Delamarina”,5.02,4.78,4.29,6
2025,Timiș,Școala Gimnazială Boldur,5.01,5.49,4.54,14
2025,Timiș,Școala Gimnazială Bethausen,4.98,5.46,4.51,25
2025,Timiș,Școala Gimnazială Dumbrava,4.96,5.51,4.41,10
2025,Timiș,Școala Gimnazială Valcani,4.9,4.83,4.98,8
2025,Timiș,Școala Gimnazială Hitiaș,4.87,5.5,4.25,8
2025,Timiș,Școala Gimnazială Bacova,4.87,5.31,4.43,10
2025,Timiș,Școala Gimnazială Sudriaș,4.87,5.24,4.5,14
2025,Timiș,"Școala Gimnazială, Balinț",4.84,5.15,4.53,10
2025,Timiș,"Liceul Teoretic „Sfinții Kiril și Metodii”, Dudeștii Vechi",4.82,5.0,4.66,24
2025,Timiș,"Școala Gimnazială Nr. 15, Timișoara",4.77,5.18,4.18,17
2025,Timiș,"Școala Gimnazială, Teremia Mare",4.68,5.22,4.14,28
2025,Timiș,Școala Gimnazială Beba Veche,4.61,4.96,4.26,9
2025,Timiș,"Școala Gimnazială, Livezile",4.57,5.15,4.0,11
2025,Timiș,"Școala Gimnazială „Academician Profesor Doctor Munteanu Ioan”, Igriș",4.56,4.68,4.45,6
2025,Timiș,Școala Gimnazială Variaș,4.55,4.56,4.54,29
2025,Timiș,Școala Gimnazială Comloșu Mare,4.44,4.62,4.17,39
2025,Timiș,Școala Gimnazială Petroasa Mare,4.42,4.21,4.63,4
2025,Timiș,Școala Gimnazială „Șipet”,4.41,4.58,4.24,6
2025,Timiș,"Școala Gimnazială, Sacoșu Turcesc",4.34,4.27,4.42,13
2025,Timiș,"Școala Gimnazială, Sărăvăle",4.34,4.61,4.03,22
2025,Timiș,"Liceul Tehnologic „Traian Grozăvescu”, Nădrag",4.28,4.52,4.05,24
2025,Timiș,"Școala Gimnazială Nr. 20, Timișoara",4.11,4.23,4.0,14
2025,Timiș,Școala Gimnazială Grabăț,3.97,3.98,3.69,10
2025,Timiș,"Liceul Teoretic Special Iris, Timișoara",3.73,4.47,3.0,6
2025,Timiș,"Școala Gimnazială, Pietroasa",3.7,3.23,4.17,3
2025,Timiș,"Școala Gimnazială Nr. 1, Timișoara",3.35,3.6,3.1,11
2025,Timiș,Școala Gimnazială Uliuc,3.19,2.98,3.42,7
2025,Tulcea,"Liceul Teoretic „Grigore Moisil”, Tulcea",8.42,8.92,7.93,50
2025,Tulcea,"Colegiul Național „Spiru Haret”, Tulcea",8.0,8.44,7.57,52
2025,Tulcea,"Școala Gimnazială „Elena Doamna”, Tulcea",7.78,8.17,7.4,69
2025,Tulcea,"Școala Gimnazială „Alexandru Ciucurencu”, Tulcea",7.71,8.12,7.3,134
2025,Tulcea,"Școala Gimnazială, Jurilovca",7.58,8.42,6.74,19
2025,Tulcea,"Liceul de Arte „George Georgescu”, Tulcea",7.44,8.24,6.64,31
2025,Tulcea,"Școala Gimnazială Nr. 12, Tulcea",7.28,7.82,6.75,50
2025,Tulcea,Școala Gimnazială „Mila 23”,7.26,7.21,7.31,4
2025,Tulcea,"Școala Gimnazială „Constantin Găvenea”, Tulcea",7.23,7.72,6.75,50
2025,Tulcea,"Școala Profesională „Vasile Bacalu”, Mahmudia",7.2,7.79,6.61,15
2025,Tulcea,"Școala Gimnazială „Mircea cel Bătrân”, Babadag",7.12,7.41,6.84,36
2025,Tulcea,"Școala Gimnazială „Ion Luca Caragiale”, Tulcea",7.06,7.95,6.17,47
2025,Tulcea,Școala Gimnazială Greci,6.6,7.01,6.19,34
2025,Tulcea,Școala Gimnazială Dorobanțu,6.59,7.34,5.84,14
2025,Tulcea,"Școala Gimnazială, Chilia Veche",6.55,6.76,6.35,10
2025,Tulcea,"Liceul Teoretic „Ion Creangă”, Tulcea",6.55,7.02,6.09,23
2025,Tulcea,"Școala Gimnazială „Gheorghe Banea”, Măcin",6.48,6.82,6.14,64
2025,Tulcea,Școala Gimnazială Crișan,6.47,6.95,5.99,4
2025,Tulcea,"Școala Gimnazială „Nifon Bălășescu”, Tulcea",6.46,7.14,5.77,32
2025,Tulcea,Școala Gimnazială Văcăreni,6.27,7.01,5.54,18
2025,Tulcea,Școala Gimnazială Stejaru,6.24,6.84,4.99,8
2025,Tulcea,"Școala Gimnazială „Nichifor Ludovig”, Niculițel",6.22,6.85,5.6,17
2025,Tulcea,"Școala Gimnazială, Ceamurlia de Sus",6.2,6.57,4.86,7
2025,Tulcea,"Școala Gimnazială „Nicolae Iorga”, Grindu",6.2,6.36,6.04,8
2025,Tulcea,"Școala Gimnazială, Sfântu Gheorghe",6.19,7.2,5.18,4
2025,Tulcea,"Liceul Teoretic „Constantin Brătescu”, Isaccea",6.12,6.78,5.46,33
2025,Tulcea,Școala Gimnazială Beștepe,6.09,6.6,5.57,10
2025,Tulcea,Școala Gimnazială „Slava Cercheză”,6.04,6.85,5.23,9
2025,Tulcea,Școala Gimnazială Frecăței,6.04,6.79,5.29,23
2025,Tulcea,"Școala Gimnazială, Sarichioi",6.04,6.6,5.48,30
2025,Tulcea,Școala Gimnazială Pardina,6.0,6.1,5.9,1
2025,Tulcea,Școala Gimnazială Hamcearca,5.99,6.83,5.15,6
2025,Tulcea,"Școala Gimnazială „Dobre Vlădescu”, Turcoaia",5.95,6.62,5.28,27
2025,Tulcea,"Școala Gimnazială, Jijila",5.92,6.23,5.63,30
2025,Tulcea,Școala Gimnazială Peceneaga,5.76,5.54,5.98,10
2025,Tulcea,"Școala Gimnazială „Traian Coșovei”, Somova",5.73,6.65,4.82,22
2025,Tulcea,"Liceul Teoretic „Jean Bart”, Sulina",5.7,6.27,5.14,22
2025,Tulcea,Școala Gimnazială „Mihail Kogălniceanu”,5.69,6.27,5.11,12
2025,Tulcea,"Școala Gimnazială „Ioan Nenițescu”, Tulcea",5.68,6.53,4.84,29
2025,Tulcea,"Școala Gimnazială, Casimcea",5.65,6.05,5.26,20
2025,Tulcea,"Școala Gimnazială „Panait Cerna”, Cerna",5.64,5.98,5.31,15
2025,Tulcea,"Liceul Tehnologic „Henri Coandă”, Tulcea",5.64,6.13,5.14,23
2025,Tulcea,"Școala Gimnazială „Constantin Brâncoveanu”, Babadag",5.53,5.43,5.63,17
2025,Tulcea,"Școala Gimnazială, Murighiol",5.5,6.01,4.99,18
2025,Tulcea,Școala Gimnazială Caraorman,5.47,5.86,5.08,4
2025,Tulcea,"Școala Gimnazială „Grigore Antipa”, Tulcea",5.46,6.33,4.6,15
2025,Tulcea,"Școala Gimnazială, Ceamurlia de Jos",5.37,6.12,4.62,13
2025,Tulcea,"Școala Gimnazială „Ion Creangă”, I.C. Brătianu",5.35,5.79,4.92,12
2025,Tulcea,Școala Gimnazială Agighiol,5.33,6.05,4.61,9
2025,Tulcea,Școala Gimnazială „Mihai Bravu”,5.28,5.31,5.25,17
2025,Tulcea,Școala Gimnazială Sălcioara,5.24,6.14,4.35,9
2025,Tulcea,Școala Gimnazială Dăeni,5.18,5.79,4.58,16
2025,Tulcea,"Școala Gimnazială „Mihai Eminescu”, Valea Teilor",5.17,5.76,4.59,13
2025,Tulcea,Școala Gimnazială Zebil,5.13,6.02,4.25,6
2025,Tulcea,Școala Gimnazială Baia,5.1,5.72,4.49,40
2025,Tulcea,"Liceul Tehnologic „Anghel Saligny”, Tulcea",5.03,5.72,4.34,16
2025,Tulcea,"Școala Gimnazială „Vasile Alecsandri”, Nufăru",5.02,5.73,4.32,17
2025,Tulcea,Liceul Tehnologic Topolog,4.99,5.4,4.58,35
2025,Tulcea,Școala Gimnazială Izvoarele,4.91,5.21,4.61,12
2025,Tulcea,"Liceul Tehnologic „Simion Leonescu”, Luncavița",4.87,5.43,4.32,32
2025,Tulcea,Școala Gimnazială Beidaud,4.86,5.67,4.06,7
2025,Tulcea,Școala Gimnazială Făgărașu Nou,4.85,5.25,4.45,11
2025,Tulcea,"Școala Gimnazială, Ostrov",4.83,5.27,4.4,15
2025,Tulcea,Școala Gimnazială Nalbant,4.65,4.9,4.27,19
2025,Tulcea,"Școala Gimnazială „Maior Ioan Murgescu”, Smârdan",4.45,4.81,4.09,10
2025,Tulcea,"Școala Profesională „Danubius”, Tulcea",4.3,4.93,3.67,16
2025,Tulcea,Școala Gimnazială Ciucurova,4.14,4.69,3.59,17
2025,Tulcea,Școala Gimnazială C.A. Rosetti,4.12,3.99,4.25,5
2025,Tulcea,Școala Gimnazială „Horia”,4.06,4.65,3.48,9
2025,Tulcea,Școala Gimnazială „Sarighiol de Deal”,3.65,4.42,2.88,3
2025,Tulcea,"Școala Gimnazială „Ioan Nenițescu”, Partizani",3.45,2.9,4.0,1
2025,Tulcea,Școala Gimnazială Carcaliu,2.87,2.25,3.5,1
2025,Vaslui,"Liceul Teoretic „Mihail Kogălniceanu”, Mun. Vaslui",9.08,9.07,9.09,29
2025,Vaslui,"Colegiul Național „Gh. Roșca Codreanu”, Mun. Bârlad",8.88,9.05,8.71,28
2025,Vaslui,"Colegiul Național „Cuza Vodă”, mun. Huși",8.72,8.88,8.56,51
2025,Vaslui,"Școala Gimnazială „Constantin Parfene”, Mun. Vaslui",8.28,8.55,8.02,65
2025,Vaslui,"Școala Gimnazială „Elena Cuza”, Mun. Vaslui",7.91,8.45,7.38,54
2025,Vaslui,"Școala Gimnazială „Mihai Eminescu”, Mun. Vaslui",7.91,8.48,7.34,69
2025,Vaslui,"Școala Gimnazială „N. Gh. Lupu”, Sat Arsura",7.9,8.61,7.2,6
2025,Vaslui,"Școala Gimnazială, Sat Râșești",7.86,8.63,7.09,13
2025,Vaslui,"Școala Gimnazială „George Tutoveanu”, Mun. Bârlad",7.81,8.28,7.34,89
2025,Vaslui,"Școala Gimnazială, Sat Șerbotești",7.78,7.7,7.88,10
2025,Vaslui,"Școala Gimnazială „Ștefan cel Mare”, Mun. Vaslui",7.54,8.21,6.87,96
2025,Vaslui,"Școala Gimnazială „Episcop Iacov Antonovici”, Mun. Bârlad",7.49,8.05,6.94,85
2025,Vaslui,"Școala Gimnazială „Mihail Sadoveanu”, Mun. Huși",7.49,7.75,7.23,89
2025,Vaslui,"Școala Gimnazială „Mihail Sadoveanu”, Mun. Vaslui",7.37,7.71,7.03,49
2025,Vaslui,"Școala Gimnazială Nr. 1, Sat Ivești",7.29,8.02,6.57,10
2025,Vaslui,"Școala Gimnazială „Constantin Motaș”, Mun. Vaslui",7.25,7.92,6.57,26
2025,Vaslui,"Școala Gimnazială „Alexandra Nechita”, Mun. Vaslui",7.15,7.57,6.73,46
2025,Vaslui,"Școala Gimnazială „Emil Juvara”, Sat Sărățeni-Murgeni",7.05,8.18,5.93,2
2025,Vaslui,"Școala Gimnazială „Nicolae Milescu Spătaru”, Sat Ferești",7.04,7.47,6.62,17
2025,Vaslui,"Școala Gimnazială „Vasile Alecsandri”, Mun. Vaslui",7.03,7.65,6.42,24
2025,Vaslui,"Școala Gimnazială, Sat Bărboși",7.02,7.86,6.18,4
2025,Vaslui,"Școala Gimnazială, Sat Puntișeni",7.0,7.9,6.1,7
2025,Vaslui,"Școala Gimnazială „Anastasie Panu”, Mun. Huși",6.96,7.58,6.34,75
2025,Vaslui,"Școala Gimnazială „Ștefan Ciobotărașu”, Sat Lipovăț",6.92,7.5,6.34,13
2025,Vaslui,"Școala Gimnazială Nr. 1, Sat Vutcani",6.91,7.08,6.76,11
2025,Vaslui,"Școala Gimnazială Prof. Ioan Dănilă, Sat Ghermănești",6.91,8.08,5.75,13
2025,Vaslui,"Școala Gimnazială Nr. 1, Sat Blăgești",6.91,7.91,5.91,5
2025,Vaslui,"Școala Gimnazială Nr. 1, Sat Văleni",6.91,7.59,6.24,20
2025,Vaslui,"Școala Gimnazială Nr. 1, Sat Deleni",6.81,7.33,6.29,11
2025,Vaslui,"Școala Gimnazială „Mihai David”, Oraș Negrești",6.79,7.28,6.31,84
2025,Vaslui,"Școala Gimnazială „Vasile Pârvan”, Mun. Bârlad",6.77,7.45,6.09,42
2025,Vaslui,"Școala Gimnazială „Ion Creangă”, Mun. Huși",6.76,7.55,5.98,18
2025,Vaslui,"Școala Gimnazială „Stroe S. Belloescu”, Mun. Bârlad",6.76,7.08,6.44,47
2025,Vaslui,"Școala Gimnazială, Sat Doagele",6.75,7.29,6.21,13
2025,Vaslui,"Școala Gimnazială „Veniamin Costachi”, Sat Roșiești",6.74,8.01,5.48,17
2025,Vaslui,"Școala Gimnazială „Mihai Eminescu”, Sat Laza",6.71,7.49,5.94,23
2025,Vaslui,"Școala Gimnazială „Nicolae Popa”, Sat Valea Grecului",6.71,7.34,6.09,13
2025,Vaslui,"Școala Gimnazială Nr. 1, Sat Bălteni",6.66,7.79,5.54,7
2025,Vaslui,"Școala Gimnazială „Ion Murgeanu”, Sat Zorleni",6.61,7.11,6.11,35
2025,Vaslui,"Școala Gimnazială „Constantin Asiminei”, Sat Epureni, Com. Duda-Epureni",6.6,7.72,5.49,10
2025,Vaslui,"Școala Gimnazială „Spătar Ștefan Angheluță”, Sat Chițoc",6.59,7.4,5.78,3
2025,Vaslui,"Școala Gimnazială Nr. 1, Sat Hoceni",6.54,6.93,6.17,8
2025,Vaslui,"Școala Gimnazială „Manolache Costache Epureanu”, Mun. Bârlad",6.54,7.13,5.95,74
2025,Vaslui,"Școala Gimnazială Nr. 1, Sat Parpanița-Negrești",6.51,7.08,5.95,10
2025,Vaslui,"Școala Gimnazială Nr. 1, Sat Rădeni",6.51,7.35,5.67,26
2025,Vaslui,"Liceul „Ștefan cel Mare”, Sat Codăesti",6.47,7.04,5.9,23
2025,Vaslui,"Școala Gimnazială „Alexandru Ioan Cuza”, Mun. Vaslui",6.46,6.69,6.23,17
2025,Vaslui,"Școala Gimnazială „Iorgu Radu”, Mun. Bârlad",6.41,6.89,5.92,77
2025,Vaslui,"Școala Gimnazială „Dimitrie Cantemir”, Mun. Vaslui",6.4,7.08,5.71,46
2025,Vaslui,"Școala Gimnazială „Andone Cumpătescu”, Sat Rafaila",6.39,6.83,5.95,14
2025,Vaslui,"Școala Gimnazială Nr. 1, Sat Tanacu",6.38,7.0,5.77,9
2025,Vaslui,"Școala Gimnazială, Sat Rebricea",6.35,6.14,6.38,22
2025,Vaslui,"Școala Gimnazială „Constantin Rotaru”, Sat Târzii",6.31,6.04,6.19,12
2025,Vaslui,"Școala Gimnazială „Theodor Rosetti”, Sat Solești",6.28,6.9,5.66,17
2025,Vaslui,"Școala Gimnazială, Sat Emil Racoviță",6.25,7.11,5.4,12
2025,Vaslui,"Școala Gimnazială „Ion Agarici”, Sat Muntenii de Sus",6.22,6.35,6.1,1
2025,Vaslui,"Școala Gimnazială Nr. 1, Sat Stănilești",6.21,7.06,5.37,21
2025,Vaslui,"Școala Gimnazială, Sat Hârsova",6.14,7.69,4.59,5
2025,Vaslui,"Școala Gimnazială Nr. 1, Sat Pădureni",6.14,6.4,5.51,20
2025,Vaslui,"Școala Gimnazială, Sat Corni-Albești",6.1,7.21,5.0,13
2025,Vaslui,"Școala Gimnazială „Adrian Porumboiu”, Sat Muntenii de Jos",6.1,6.19,6.02,13
2025,Vaslui,"Școala Gimnazială „Ștefan cel Mare”, Sat Miclești",6.09,6.55,5.53,24
2025,Vaslui,"Școala Gimnazială Nr. 1, Sat Cepești",6.07,6.8,5.36,11
2025,Vaslui,"Școala Gimnazială, Sat Protopopești",6.05,6.48,5.64,9
2025,Vaslui,"Școala Gimnazială Nr. 1, Sat Bogdana",6.04,6.68,5.41,20
2025,Vaslui,"Școala Gimnazială, Sat Bunești",6.01,6.17,5.5,15
2025,Vaslui,"Școala Gimnazială „Virgil Caraivan”, Sat Șuletea",6.0,7.13,4.87,5
2025,Vaslui,"Școala Gimnazială „Sfântul Ierarh Luca”, Sat Costești",5.99,6.71,5.26,9
2025,Vaslui,"Centrul Școlar de Educație Incluzivă „Elisabeta Polihroniade”, Mun. Vaslui",5.93,6.59,5.28,8
2025,Vaslui,"Școala Gimnazială, Sat Rânzești",5.92,6.62,5.21,11
2025,Vaslui,"Școala Gimnazială Nr. 1, Sat Iana",5.91,6.71,5.11,25
2025,Vaslui,"Școala Gimnazială Nr. 1, Sat Boțești",5.9,6.73,5.08,9
2025,Vaslui,"Școala Gimnazială, Sat Grăjdeni",5.88,6.72,5.04,7
2025,Vaslui,"Școala Gimnazială „Grigore Șt. Răileanu”, Sat Vinețești",5.83,6.87,4.79,11
2025,Vaslui,"Școala Gimnazială Nr. 1, Sat Tutova",5.8,6.85,4.76,14
2025,Vaslui,"Școala Gimnazială Nr. 3, Sat Popeni",5.79,6.26,5.32,22
2025,Vaslui,"Liceul Tehnologic „Dimitrie Cantemir”, Sat Fălciu",5.79,6.38,5.21,23
2025,Vaslui,"Școala Gimnazială de Arte „N.N. Tonitza”, Mun. Bârlad",5.71,6.47,4.96,11
2025,Vaslui,"Școala Gimnazială „Ștefan cel Mare”, Sat Ștefan cel Mare",5.69,6.43,4.95,29
2025,Vaslui,"Școala Gimnazială „Grigore T. Popa”, Sat Dănești",5.68,6.13,5.23,9
2025,Vaslui,"Școala Gimnazială Nr. 1, Sat Draxeni",5.68,6.38,4.98,19
2025,Vaslui,"Școala Gimnazială Nr. 1, Sat Gara Banca",5.66,5.75,5.57,27
2025,Vaslui,"Școala Gimnazială „Manolache Costache Epureanu”, Sat Epureni",5.66,6.62,4.69,21
2025,Vaslui,"Școala Gimnazială „Anastasie Fătu”, Sat Berezeni",5.64,6.09,5.19,28
2025,Vaslui,"Liceul Tehnologic „Ghenuta Coman”, oraș Murgeni",5.63,5.54,5.53,15
2025,Vaslui,"Școala Gimnazială, Sat Bădeana",5.61,6.63,4.6,13
2025,Vaslui,"Școala Gimnazială Nr. 1, Sat Perieni",5.61,6.55,4.68,32
2025,Vaslui,"Școala Gimnazială „Sfântul Andrei”, Sat Tăcuta",5.58,5.82,5.34,17
2025,Vaslui,"Școala Gimnazială Nr. 1, Sat Lunca-Banului",5.57,5.63,5.51,16
2025,Vaslui,"Școala Gimnazială „Gheorghe Cioată”, Sat Todirești",5.56,6.39,4.75,20
2025,Vaslui,"Școala Gimnazială, Sat Oprișița",5.53,6.68,4.39,15
2025,Vaslui,"Liceul Tehnologic „Petru Rareș”, sat Vetrísoaia",5.52,5.98,5.06,8
2025,Vaslui,"Școala Gimnazială „Stroe Belloescu”, Sat Grivița",5.51,6.18,4.85,11
2025,Vaslui,"Școala Gimnazială „Victor Ion Popa”, Sat Dodești",5.5,6.34,4.66,14
2025,Vaslui,"Școala Gimnazială „Mihai Eminescu”, Sat Zăpodeni",5.5,6.01,5.0,10
2025,Vaslui,"Școala Gimnazială, Sat Măscurei",5.43,5.86,5.0,8
2025,Vaslui,"Școala Gimnazială Nr. 1, Sat Gherghești",5.42,6.08,4.76,14
2025,Vaslui,"Școala Gimnazială, Sat Trestiana",5.42,5.96,4.88,5
2025,Vaslui,"Școala Gimnazială Nr. 1, Sat Crețeștii de Sus",5.41,6.14,4.69,15
2025,Vaslui,"Școala Gimnazială Nr. 1, Sat Pușcași",5.4,6.26,4.55,21
2025,Vaslui,"Școala Gimnazială Nr. 1, Sat Hurdugi",5.38,6.4,4.37,14
2025,Vaslui,"Școala Gimnazială „Spiru C. Haret”, Sat Viișoara",5.38,5.76,5.0,11
2025,Vaslui,"Liceul Tehnologic, Sat Puiești",5.36,6.08,4.65,26
2025,Vaslui,"Școala Gimnazială, Sat Pribești",5.32,5.84,4.81,11
2025,Vaslui,"Școala Gimnazială, Sat Sârbi",5.32,6.29,4.36,11
2025,Vaslui,"Școala Gimnazială „Alexandru Obreja”, Sat Gugești",5.32,5.98,4.66,9
2025,Vaslui,"Școala Gimnazială „Mareșal Constantin Prezan”, Sat Dumești",5.29,5.99,4.6,34
2025,Vaslui,"Școala Gimnazială „Teodor Medeleanu”, Sat Ciocani",5.29,6.36,4.23,16
2025,Vaslui,"Școala Gimnazială Nr. 1, Sat Poienești",5.29,6.27,4.31,19
2025,Vaslui,"Școala Gimnazială „Ionel Miron”, Sat Ivănești",5.28,5.84,4.72,44
2025,Vaslui,"Școala Gimnazială, Sat Țifu",5.26,5.8,4.72,13
2025,Vaslui,"Școala Gimnazială, Sat Racova",5.25,6.28,4.22,15
2025,Vaslui,"Școala Gimnazială „Alexandru Vlahuță”, Sat Alexandru Vlahuță",5.25,5.74,4.75,17
2025,Vaslui,"Școala Gimnazială Nr. 2, Sat Zorleni",5.24,6.04,4.44,19
2025,Vaslui,"Liceul Tehnologic, Sat Vlădia",5.23,5.77,4.69,16
2025,Vaslui,"Școala Gimnazială „Teodor Juncu”, Sat Băcești",5.21,5.66,4.77,24
2025,Vaslui,"Școala Gimnazială, Sat Focșeasca",5.21,5.8,4.61,8
2025,Vaslui,"Școala Gimnazială „Dimitrie Negruțiu”, Sat Pogonești",5.19,5.73,4.67,14
2025,Vaslui,"Școala Gimnazială Nr. 1, Sat Averești",5.17,5.98,4.35,4
2025,Vaslui,"Școala Gimnazială, Sat Recea",5.15,5.34,4.97,22
2025,Vaslui,"Școala Gimnazială Nr. 1, Sat Delești",5.15,5.98,4.32,7
2025,Vaslui,"Școala Gimnazială „Principesa Elena Bibescu”, Mun. Bârlad",5.14,5.98,4.31,16
2025,Vaslui,"Școala Gimnazială Nr. 1, Sat Voinești",5.09,5.52,4.67,15
2025,Vaslui,"Școala Gimnazială „Cezar Botez”, Sat Fâstâci",5.09,6.02,4.18,13
2025,Vaslui,"Școala Gimnazială „Ion Artene”, Sat Găgești",5.09,5.7,4.47,13
2025,Vaslui,"Școala Gimnazială, Loc. Brodoc-Vaslui",5.05,5.91,4.18,16
2025,Vaslui,"Școala Gimnazială Nr. 1, Sat Sălceni",5.04,5.56,4.52,15
2025,Vaslui,"Școala Gimnazială, Sat Pogănești",5.0,5.72,4.28,14
2025,Vaslui,"Școala Gimnazială Nr. 1, Sat Băcani",4.97,5.76,4.19,28
2025,Vaslui,"Școala Gimnazială Nr. 1, Sat Pogana",4.95,4.93,4.99,11
2025,Vaslui,"Școala Gimnazială, Sat Floreni",4.85,5.22,4.49,11
2025,Vaslui,"Școala Gimnazială „Nicolae Ciubotaru”, Sat Vulturești",4.82,5.05,4.6,10
2025,Vaslui,"Școala Gimnazială Nr. 1, Sat Gârceni",4.82,5.61,4.03,11
2025,Vaslui,"Școala Gimnazială, Sat Tomești",4.81,5.45,4.18,11
2025,Vaslui,"Școala Gimnazială, Sat Rânceni",4.79,5.27,4.32,14
2025,Vaslui,"Școala Gimnazială, Sat Lălești",4.79,5.21,3.88,8
2025,Vaslui,"Școala Gimnazială Nr. 1, Sat Pungești",4.79,4.79,4.88,17
2025,Vaslui,"Școala Gimnazială Nr. 1, Sat Vinderei",4.78,5.17,4.36,21
2025,Vaslui,"Școala Gimnazială, Sat Unțești",4.76,5.33,4.19,15
2025,Vaslui,"Școala Gimnazială „Horia Stamatin”, Sat Bogdănești",4.75,5.33,4.17,12
2025,Vaslui,"Școala Gimnazială „V. I. Popa”, Mun. Bârlad",4.67,6.04,3.23,17
2025,Vaslui,"Școala Gimnazială „Ion Angheluță”, Sat Bălțați",4.67,4.78,4.56,15
2025,Vaslui,"Școala Gimnazială „General Aviator Inginer Gheorghe Negrescu”, Sat Fruntișeni",4.59,5.1,4.09,15
2025,Vaslui,"Școala Gimnazială Nr. 1, Sat Ibănești",4.59,5.28,3.89,14
2025,Vaslui,"Școala Gimnazială, Sat Fundu-Văii",4.55,5.66,3.45,9
2025,Vaslui,"Școala Gimnazială, Sat Gârdești",4.52,4.4,4.64,19
2025,Vaslui,"Școala Gimnazială Nr. 1, Sat Tătărăni",4.52,4.72,4.33,10
2025,Vaslui,"Școala Gimnazială „Luiza Zavloschi”, Sat Buda",4.49,4.92,4.06,17
2025,Vaslui,"Școala Gimnazială, Sat Banca",4.48,4.83,4.13,9
2025,Vaslui,"Școala Gimnazială Nr. 1, Sat Mălușteni",4.32,4.79,3.86,12
2025,Vaslui,"Școala Gimnazială, Sat Chetrosu",4.25,5.05,3.46,16
2025,Vaslui,"Școala Gimnazială „George C. Dragu”, Sat Coroiești",4.15,4.33,3.98,21
2025,Vaslui,"Școala Gimnazială „Mihai Eminescu”, Sat Oșești",4.09,4.95,3.28,28
2025,Vaslui,"Școala Gimnazială, Sat Obârșenii Lingurari",4.07,4.34,3.81,18
2025,Vaslui,"Liceul Tehnologic „Petru Rareș”, Mun. Bârlad",3.84,3.54,3.99,14
2025,Vrancea,"Colegiul Național „Al. I. Cuza”, Focșani",9.05,9.09,9.01,57
2025,Vrancea,"Colegiul Național „Unirea”, Focșani",9.0,9.08,8.92,54
2025,Vrancea,"Școala Gimnazială „Duiliu Zamfirescu”, Focșani",8.37,8.5,8.25,108
2025,Vrancea,"Colegiul Național „Emil Botta”, Adjud",8.07,8.35,7.8,61
2025,Vrancea,"Școala Gimnazială „Ion Basgan”, Focșani",7.9,8.31,7.5,128
2025,Vrancea,"Școala Gimnazială „Ștefan cel Mare”, Focșani",7.77,8.33,7.21,103
2025,Vrancea,"Școala Gimnazială „Anghel Saligny”, Focșani",7.75,8.07,7.38,120
2025,Vrancea,"Liceul Tehnologic „Alexandru Ioan Cuza”, Panciu",7.41,7.73,7.09,29
2025,Vrancea,"Liceul de Artă „Gheorghe Tattarescu”, Focșani",7.38,8.0,6.77,27
2025,Vrancea,Școala Gimnazială Voetin,7.38,8.0,6.77,5
2025,Vrancea,"Școala Gimnazială „Nicolae Iorga”, Focșani",7.34,7.82,6.88,69
2025,Vrancea,"Colegiul Național Pedagogic „Spiru Haret”, Focșani",7.22,7.56,6.89,28
2025,Vrancea,"Școala Gimnazială „Regina Maria”, Vintileasca",7.07,7.6,6.55,21
2025,Vrancea,"Școala Gimnazială „Oana Diana Renea”, Focșani",7.05,7.49,6.62,68
2025,Vrancea,Școala Gimnazială Paltin,7.03,7.45,6.61,19
2025,Vrancea,"Școala Gimnazială „Alexandru Vlahuță”, Focșani",6.98,7.45,6.52,31
2025,Vrancea,"Liceul Teoretic „Ioan Slavici”, Panciu",6.97,7.62,6.34,24
2025,Vrancea,Școala Gimnazială Obrejița,6.96,7.63,6.29,13
2025,Vrancea,"Școala Gimnazială „Ioan Câmpineanu”, Câmpineanca",6.93,7.07,6.8,10
2025,Vrancea,"Școala Gimnazială ""Principele Șerban Ghica"" și ""Principesa Aristița Ghica"", Sihlea",6.89,7.96,5.84,10
2025,Vrancea,Școala Gimnazială Prof. General „Gheorghe Gheorghiu Gologanu”,6.89,7.3,6.49,18
2025,Vrancea,"Liceul Teoretic „Duiliu Zamfirescu”, Odobești",6.82,7.41,6.23,65
2025,Vrancea,"Școala Gimnazială „Petrache Blindu”, Ciușlea",6.82,7.64,6.01,11
2025,Vrancea,Școala Gimnazială Băținești,6.81,7.68,5.94,9
2025,Vrancea,"Școala Gimnazială, Câmpuri",6.76,7.37,6.16,14
2025,Vrancea,"Școala Gimnazială „Duiliu Zamfirescu”, Dumbrăveni",6.73,7.43,6.03,14
2025,Vrancea,"Școala Gimnazială „Mihail Armencea”, Adjud",6.7,7.23,6.18,42
2025,Vrancea,"Școala Gimnazială „Principele Radu”, Adjud",6.66,7.18,6.15,24
2025,Vrancea,"Școala Gimnazială „Petre Mironescu-Mera”, Mera",6.65,7.03,6.27,18
2025,Vrancea,Școala Gimnazială Hingulești,6.64,7.71,5.58,9
2025,Vrancea,"Școala Gimnazială „Mareșal Alexandru Averescu”, Adjud",6.64,7.27,6.01,30
2025,Vrancea,"Școala Gimnazială „Ion Baciu”, Tulnici",6.63,7.36,5.92,17
2025,Vrancea,"Școala Gimnazială „Valeriu D. Cotea”, Vidra",6.6,7.07,6.15,51
2025,Vrancea,"Școala Gimnazială „Adrian Păunescu”, Focșani",6.58,7.41,5.63,34
2025,Vrancea,"Școala Gimnazială „Alexandru Vlahuță”, Gugești",6.58,6.97,6.19,36
2025,Vrancea,"Școala Gimnazială „Dumitru Pricop”, Negrilești",6.48,6.8,6.17,5
2025,Vrancea,"Școala Gimnazială „Victor Slăvescu”, Cotești",6.39,7.31,5.48,20
2025,Vrancea,Școala Gimnazială Vânători,6.38,6.32,6.45,17
2025,Vrancea,Școala Gimnazială Tifești,6.37,7.2,5.54,10
2025,Vrancea,"Școala Gimnazială „Barbu Ștefănescu Delavrancea”, Năruja",6.3,7.11,5.49,18
2025,Vrancea,"Școala Gimnazială „Academician Aurel Iancu”, Racoasa",6.25,6.52,5.83,29
2025,Vrancea,Școala Gimnazială Vulturu,6.25,7.07,5.45,35
2025,Vrancea,"Școala Gimnazială „Ștefan cel Mare”, Bărșești",6.25,7.06,5.44,7
2025,Vrancea,Școala Gimnazială Movilița,6.24,7.03,5.31,21
2025,Vrancea,"Școala Gimnazială „Dimitrie Gusti”, Nereju",6.23,6.09,6.38,18
2025,Vrancea,Școala Gimnazială Golești,6.13,6.32,5.95,12
2025,Vrancea,Școala Gimnazială Păulești,6.12,6.06,6.18,12
2025,Vrancea,Școala Gimnazială Măicănești,6.11,7.04,5.2,14
2025,Vrancea,"Școala Gimnazială Nr. 1, Biliesti",6.01,6.45,5.58,19
2025,Vrancea,Școala Gimnazială Nereju Mic,6.0,6.11,5.9,32
2025,Vrancea,"Școala Gimnazială Nr. 1, Vulcăneasa",5.91,6.63,5.2,18
2025,Vrancea,"Școala Gimnazială Nr. 2, Gugești",5.89,6.61,5.17,11
2025,Vrancea,Școala Gimnazială Suraia,5.88,6.59,5.17,37
2025,Vrancea,"Școala Gimnazială „Vasile Iftimescu”, Valea Sării",5.87,6.47,5.27,7
2025,Vrancea,"Școala Gimnazială „Neculai Jechianu”, Vrancioaia",5.84,6.03,5.65,16
2025,Vrancea,Școala Gimnazială Păunești,5.84,6.25,5.43,31
2025,Vrancea,Școala Gimnazială Boghești,5.82,5.92,5.73,10
2025,Vrancea,Școala Gimnazială Jitia,5.81,6.61,5.01,11
2025,Vrancea,Școala Gimnazială Nistorești,5.81,6.05,5.56,12
2025,Vrancea,"Școala Gimnazială Profesor Panaite C. Mazilu, Broșteni",5.78,6.43,5.14,20
2025,Vrancea,"Școala Gimnazială Nr. 2, Mărășești",5.67,6.16,5.19,44
2025,Vrancea,Școala Gimnazială Jaristea,5.66,6.36,4.97,29
2025,Vrancea,Liceul cu Program Sportiv Focșani,5.63,6.49,4.77,32
2025,Vrancea,Școala Gimnazială Ruginesti,5.63,6.13,5.13,21
2025,Vrancea,"Școala Gimnazială Nr. 2, Bordeasca Veche",5.62,6.15,5.09,17
2025,Vrancea,"Școala Gimnazială, Tănăsoaia",5.61,6.55,4.68,7
2025,Vrancea,"Liceul Teoretic „Grigore Gheba”, Dumitrești",5.59,6.25,4.94,40
2025,Vrancea,"Școala Gimnazială Prof. „Mihai Simbotin”, Carligele",5.58,6.07,5.09,11
2025,Vrancea,"Școala Gimnazială Nr. 1, Straoane",5.57,6.21,4.94,15
2025,Vrancea,Școala Gimnazială Urechești,5.52,6.15,4.9,11
2025,Vrancea,Școala Gimnazială Spulber,5.5,5.6,5.4,14
2025,Vrancea,Școala Gimnazială Nănești,5.48,6.34,4.62,11
2025,Vrancea,Școala Gimnazială Vârtescoiu,5.45,5.83,5.08,27
2025,Vrancea,"Școala Gimnazială „Ionel Sîrbu”, Ciorăști",5.45,5.84,5.07,14
2025,Vrancea,Școala Gimnazială Anghelești,5.45,5.46,5.44,13
2025,Vrancea,"Școala Gimnazială „Angela Gheorghiu”, Adjud",5.38,6.19,4.58,11
2025,Vrancea,Școala Gimnazială Mirceștii Noi,5.35,5.76,4.95,14
2025,Vrancea,Școala Gimnazială Vizantea Mănăstirească,5.34,5.49,5.18,18
2025,Vrancea,"Școala Gimnazială „Profesor Doctor General Gheorghe V. Zaharia”, Popești",5.32,5.79,4.85,15
2025,Vrancea,"Școala Gimnazială „Ioan Vodă cel Viteaz”, Slobozia Ciorăști",5.31,5.68,4.95,11
2025,Vrancea,Școala Gimnazială Gura Căliței,5.3,5.83,4.78,17
2025,Vrancea,Școala Gimnazială Lespezi,5.15,5.82,4.48,15
2025,Vrancea,"Școala Gimnazială „Nicolae Rădulescu”, Budești",5.13,5.61,4.66,12
2025,Vrancea,"Liceul Tehnologic „Eremia Grigorescu”, Mărășești",5.13,5.65,4.61,23
2025,Vrancea,Școala Gimnazială Găgești,5.11,5.95,4.26,37
2025,Vrancea,Școala Gimnazială Feldioara,5.1,5.98,4.22,7
2025,Vrancea,Școala Gimnazială Ploșcuțeni,5.05,5.71,4.39,18
2025,Vrancea,Școala Gimnazială Bălești,5.03,5.36,4.71,11
2025,Vrancea,"Școala Gimnazială Domnești, Târg",5.01,5.39,4.63,15
2025,Vrancea,"Școala Gimnazială „Simion Cristian”, Andreiașu de Jos",5.0,6.02,3.99,15
2025,Vrancea,Școala Gimnazială Slimnic,5.0,5.24,4.4,11
2025,Vrancea,"Școala Gimnazială Dr. Costică Bălan, Poiana Cristei",4.95,5.23,4.68,24
2025,Vrancea,"Școala Gimnazială Nr. 1, Sindrilari",4.95,5.33,4.58,22
2025,Vrancea,Școala Gimnazială Rîmniceni,4.94,5.53,4.36,11
2025,Vrancea,"Școala Gimnazială „Emil Atanasiu”, Garoafa",4.82,5.81,3.82,14
2025,Vrancea,"Școala Gimnazială „Simion Mehedinți”, Soveja",4.76,5.78,3.74,5
2025,Vrancea,Școala Gimnazială Pufești,4.55,4.69,4.41,17
2025,Vrancea,Școala Gimnazială Milcovul,4.34,4.85,3.83,4
2025,Vrancea,"Școala Gimnazială Profesor „Grozea Nicu”, Răstoaca",4.34,4.94,3.75,4
2025,Vrancea,Școala Gimnazială Bogza,4.33,4.46,3.9,11
2025,Vrancea,Școala Gimnazială Șerbănești,4.31,4.59,4.02,11
2025,Vrancea,Școala Gimnazială Homocea,4.28,4.75,3.82,9
2025,Vrancea,Școala Gimnazială Tâmboești,4.27,4.25,4.32,10
2025,Vrancea,Școala Gimnazială Coroteni,4.03,4.26,3.81,12
2025,Vrancea,Școala Gimnazială Rotileștii Mari,3.79,4.69,2.89,10
2025,Vrancea,"Școala Gimnazială „Învățător Gheorghe Asanache”, Bordești",3.75,4.14,3.36,9
2025,Vrancea,Școala Gimnazială Chiojdeni,3.65,3.94,3.29,28
2025,Vrancea,"Școala Gimnazială „Ecaterina Teodoroiu”, Mărășești",3.6,3.42,3.7,16
2025,Vrancea,Centrul Școlar Pentru Educație Incluzivă Mihălceni,3.47,3.82,3.11,12
2025,Vrancea,Școala Gimnazială Slobozia Bradului,3.1,2.89,3.25,49
2025,Vrancea,Școala Gimnazială Fitionești,2.97,3.45,2.5,3
2025,Vrancea,"Centrul Școlar pentru Educație Incluzivă „Elena Doamna”, Focșani",2.46,2.71,2.21,7
2025,Vâlcea,"Școala Gimnazială „Discovery Kids”, Mun. Rm. Vâlcea",8.96,9.19,8.74,13
2025,Vâlcea,"Școala Gimnazială, Com. Runcu",8.71,9.45,7.98,3
2025,Vâlcea,"Colegiul Național Alexandru Lahovari, Mun. Rm. Vâlcea",8.38,8.73,8.04,27
2025,Vâlcea,"Colegiul Național de Informatică „Matei Basarab”, Mun. Rm. Vâlcea",8.33,8.63,8.05,162
2025,Vâlcea,"Școala Gimnazială „Take Ionescu”, Mun. Rm. Vâlcea",8.33,8.67,8.0,126
2025,Vâlcea,"Școala Gimnazială „Mihai Eminescu”, Mun. Rm. Vâlcea",8.19,8.43,7.94,127
2025,Vâlcea,"Școala Gimnazială „Anton Pann”, Mun. Rm. Vâlcea",8.06,8.46,7.67,144
2025,Vâlcea,"Școala Gimnazială, Sat Armașești, Com. Cernișoara",7.97,8.34,7.6,10
2025,Vâlcea,"Școala Gimnazială „Tudor Vladimirescu”, Mun. Drăgășani",7.89,7.98,7.81,83
2025,Vâlcea,"Școala Gimnazială, Com. Tomsani",7.87,8.6,7.14,9
2025,Vâlcea,"Colegiul Național „Mircea cel Bătrân”, Mun. Rm. Vâlcea",7.82,8.33,7.32,107
2025,Vâlcea,"Școala Gimnazială Genuneni, Com. Francești",7.79,8.27,7.31,10
2025,Vâlcea,"Școala Gimnazială, Sat Bungetani, Com. Faurești",7.75,7.97,7.53,13
2025,Vâlcea,"Școala Gimnazială, Com. Orlești",7.75,8.31,7.19,9
2025,Vâlcea,"Școala Gimnazială, Sat Bodești, Com. Bărbătești",7.67,8.48,6.86,6
2025,Vâlcea,"Colegiul Energetic, Mun. Rm. Vâlcea",7.64,8.23,7.06,22
2025,Vâlcea,"Școala Gimnazială, Com. Olanu",7.57,8.36,6.78,11
2025,Vâlcea,"Școala Gimnazială, Com. Sirineasa",7.47,7.72,7.22,11
2025,Vâlcea,"Școala Gimnazială Nr. 5, Mun. Rm. Vâlcea",7.46,7.78,7.15,56
2025,Vâlcea,"Școala Gimnazială, Oraș Berbești",7.38,7.95,6.82,11
2025,Vâlcea,"Școala Gimnazială, Com. Berislăvești",7.32,7.97,6.68,17
2025,Vâlcea,"Școala Gimnazială Waldorf, Mun. Rm. Vâlcea",7.21,7.65,6.79,15
2025,Vâlcea,"Școala Gimnazială „Nicolae Bălcescu”, Mun. Drăgășani",7.19,7.67,6.72,92
2025,Vâlcea,"Școala Gimnazială, Sat Folești de Sus, Com. Tomsani",7.17,8.37,5.98,11
2025,Vâlcea,"Școala Gimnazială, Sat Păușești-Otăsău, Com. Păușești",7.16,7.41,6.92,30
2025,Vâlcea,"Școala Gimnazială „I. Gh. Duca”, Mun. Rm. Vâlcea",7.15,7.52,6.79,59
2025,Vâlcea,"Școala Gimnazială, Sat Dăești, Com. Popești",7.15,8.25,6.05,6
2025,Vâlcea,"Școala Gimnazială, Com. Budești",7.08,7.57,6.58,24
2025,Vâlcea,"Școala Gimnazială „Dumitru Bădescu”, Oraș Băile Olănești",7.03,7.56,6.49,7
2025,Vâlcea,"Școala Gimnazială, Sat Carștănești, Com. Oteșani",6.99,7.48,6.51,13
2025,Vâlcea,"Școala Gimnazială, Sat Ursi, Com. Popești",6.94,7.64,6.25,13
2025,Vâlcea,"Școala Gimnazială, Sat Mădulari, Com. Cernișoara",6.93,7.83,6.04,14
2025,Vâlcea,"Școala Gimnazială Nr. 4, Mun. Rm. Vâlcea",6.91,7.24,6.6,60
2025,Vâlcea,"Școala Gimnazială, Com. Lacusteni",6.9,7.68,6.12,9
2025,Vâlcea,"Școala Gimnazială, Com. Pietrari",6.86,7.47,6.25,17
2025,Vâlcea,"Școala Gimnazială, Com. Creteni",6.85,8.0,5.7,1
2025,Vâlcea,"Liceul Preda Buzescu, Oraș Berbești",6.81,7.39,6.24,25
2025,Vâlcea,"Școala Gimnazială, Sat Ursi, Com. Stoilești",6.81,7.5,6.13,11
2025,Vâlcea,"Școala Gimnazială, Com. Mateești",6.8,7.11,6.5,16
2025,Vâlcea,"Școala Gimnazială „Achim Popescu”, Com. Paușești-Măglași",6.78,7.0,6.56,12
2025,Vâlcea,"Școala Gimnazială, Com. Voineasa",6.74,7.1,6.38,6
2025,Vâlcea,"Școala Gimnazială, Com. Ionești",6.73,7.53,5.93,18
2025,Vâlcea,"Școala Gimnazială „Șerban Vodă Cantacuzino”, Oraș Călimănești",6.72,7.56,5.9,32
2025,Vâlcea,"Școala Gimnazială Ferigile, Com. Costești",6.7,8.34,5.06,11
2025,Vâlcea,"Școala Gimnazială Nr. 13, Mun. Rm. Vâlcea",6.67,6.88,6.47,48
2025,Vâlcea,"Liceul Constantin Brâncoveanu, Oraș Horezu",6.66,7.24,6.09,64
2025,Vâlcea,"Școala Gimnazială, Com. Boișoara",6.65,6.59,6.72,5
2025,Vâlcea,"Liceul de Arte Victor Giuleanu, Mun. Rm. Vâlcea",6.6,7.21,6.0,51
2025,Vâlcea,"Școala Gimnazială, Com. Galicea",6.59,6.91,6.28,24
2025,Vâlcea,"Liceul Sanitar „Antim Ivireanu”, Mun. Rm. Vâlcea",6.59,6.95,6.23,22
2025,Vâlcea,"Școala Gimnazială, Com. Alunu",6.58,7.55,5.62,11
2025,Vâlcea,"Școala Gimnazială, Com. Muereasca",6.56,6.38,6.74,4
2025,Vâlcea,"Școala Gimnazială Nr. 1, Com. Salatrucel",6.51,7.02,6.01,16
2025,Vâlcea,"Școala Gimnazială, Com. Gușoeni",6.51,7.88,5.14,7
2025,Vâlcea,"Școala Gimnazială, Sat Rusanesti, Com. Fartatesti",6.5,7.0,6.01,20
2025,Vâlcea,"Școala Gimnazială „Nicolae Bălcescu”, Sat Rotarăști, Com. Nicolae Bălcescu",6.47,6.87,6.08,18
2025,Vâlcea,"Școala Gimnazială Nr. 1, Com. Drăgoești",6.46,6.92,6.01,8
2025,Vâlcea,"Școala Gimnazială, Com. Slatioara",6.4,6.99,5.81,18
2025,Vâlcea,"Școala Gimnazială, com. Perișani",6.39,6.85,5.93,16
2025,Vâlcea,"Școala Gimnazială, Sat Băbeni Oltetu, Com. Diculești",6.36,6.84,5.88,11
2025,Vâlcea,"Școala Gimnazială, Sat Colțești, Com. Alunu",6.35,6.99,5.72,17
2025,Vâlcea,"Școala Gimnazială, Com. Prundeni",6.35,7.05,5.65,11
2025,Vâlcea,"Școala Gimnazială, Com. Pesceana",6.34,6.7,5.99,6
2025,Vâlcea,"Școala Gimnazială „Grigore Mihăescu”, Com. Vlădești",6.32,6.98,5.67,14
2025,Vâlcea,"Școala Gimnazială, Com. Francești",6.27,6.56,5.99,14
2025,Vâlcea,"Școala Gimnazială, Com. Malaia",6.26,6.66,5.88,9
2025,Vâlcea,"Școala Gimnazială, Com. Bunești",6.26,6.26,6.28,12
2025,Vâlcea,"Școala Gimnazială, Com. Stoenesti",6.25,6.98,5.53,18
2025,Vâlcea,"Liceul Teoretic Virgil Ierunca, com. Lădești",6.24,6.6,5.88,14
2025,Vâlcea,"Școala Gimnazială, Com. Măldărești",6.23,7.09,5.37,9
2025,Vâlcea,"Liceul Tehnologic Petrache Poenaru, Oraș Bălcești",6.22,7.08,5.37,39
2025,Vâlcea,"Școala Gimnazială, Com. Zatreni",6.17,7.46,4.88,21
2025,Vâlcea,"Școala Gimnazială, Sat Buleta, Com. Mihaești",6.13,6.55,5.71,15
2025,Vâlcea,"Școala Gimnazială „Ion C. Constantinescu”, Sat Cueni, Com. Roesti",6.07,6.09,6.06,17
2025,Vâlcea,"Școala Gimnazială, Com. Roșiile",6.07,6.91,5.23,10
2025,Vâlcea,"Școala Gimnazială, Com. Lungesti",6.03,6.34,5.71,8
2025,Vâlcea,"Școala Gimnazială „Bartolomeu Valeriu Anania”, Com. Glavile",5.96,6.42,5.52,5
2025,Vâlcea,"Școala Gimnazială „Căpitan Marășanu”, Com. Stroești",5.91,6.07,5.75,14
2025,Vâlcea,"Școala Gimnazială, Sat Magura, Com. Mihaești",5.89,6.23,5.56,19
2025,Vâlcea,"Scoala Gimnazialăa Sat Tepesti, Com. Tetoiu",5.89,6.47,5.31,17
2025,Vâlcea,"Liceul „Gheorghe Surdu”, Oraș Brezoi",5.84,6.12,5.56,54
2025,Vâlcea,"Școala Gimnazială, Sat Bătășani, Com. Valea Mare",5.8,6.31,5.28,8
2025,Vâlcea,"Școala Gimnazială „Luca Solomon”, Com. Vaideeni",5.79,6.18,5.4,11
2025,Vâlcea,"Școala Gimnazială, Com. Amarăști",5.78,6.42,5.15,6
2025,Vâlcea,"Liceul George Tărnea, Oraș Băbeni",5.78,6.52,5.04,48
2025,Vâlcea,"Școala Gimnazială, Com. Titesti",5.77,6.37,5.18,5
2025,Vâlcea,"Școala Gimnazială, Sat Popești, Com. Golești",5.7,6.24,5.16,5
2025,Vâlcea,"Școala Gimnazială, Com. Susani",5.69,5.92,5.46,11
2025,Vâlcea,"Școala Gimnazială, Com. Milcoiu",5.67,6.21,5.14,9
2025,Vâlcea,"Școala Gimnazială, Sat Ulmetu, Com. Copăceni",5.65,6.6,4.7,18
2025,Vâlcea,"Școala Gimnazială, Com. Dăești",5.62,5.45,5.48,12
2025,Vâlcea,"Școala Gimnazială, sat Jiblea Veche, oraș Călimănești",5.56,6.08,5.03,6
2025,Vâlcea,"Școala Gimnazială, Com. Sinești",5.55,6.07,5.04,16
2025,Vâlcea,"Liceul Tehnologic, Oraș Băile Govora",5.55,6.0,5.1,1
2025,Vâlcea,"Școala Gimnazială Goranu, Mun. Rm. Vâlcea",5.54,6.44,4.65,5
2025,Vâlcea,"Școala Gimnazială, Com. Lăpușata",5.54,5.79,5.3,19
2025,Vâlcea,"Școala Gimnazială, Com. Ghioroiu",5.5,6.7,4.3,2
2025,Vâlcea,"Școala Profesională Colonie, mun. Rm. Vâlcea",5.5,5.9,5.1,1
2025,Vâlcea,"Școala Gimnazială, Sat Mologești, Com. Laloșu",5.5,6.1,4.91,22
2025,Vâlcea,"Școala Gimnazială „Costea Marinoiu”, Oras Ocnele Mari",5.5,6.1,4.89,13
2025,Vâlcea,"Școala Gimnazială, Com. Stoilești",5.49,6.21,4.77,9
2025,Vâlcea,"Școala Gimnazială, Sat Gura Văii, Com. Bujoreni",5.41,5.99,4.83,15
2025,Vâlcea,"Școala Gimnazială „Teodor Bălășel”, Com. Ștefănești",5.28,6.12,4.44,14
2025,Vâlcea,"Liceul Teoretic, com. Grădiștea",5.26,5.44,5.09,16
2025,Vâlcea,"Școala Gimnazială, Sat Usurei, Com. Susani",5.09,5.47,4.71,11
2025,Vâlcea,"Școala Gimnazială, Sat Dezrobiți, Com. Frâncești",5.03,5.45,4.61,14
2025,Vâlcea,"Școala Gimnazială „General David Praporgescu”, Sat Cainenii Mari, Com. Caineni",4.99,5.47,4.52,17
2025,Vâlcea,"Școala Gimnazială, Sat Valea Mare, Oraș Băbeni",4.98,5.35,4.62,11
2025,Vâlcea,"Școala Gimnazială, Sat Udrești, Com. Danicei",4.98,6.24,3.73,8
2025,Vâlcea,"Școala Gimnazială, Sat Tina, Com. Livezi",4.92,5.92,3.94,12
2025,Vâlcea,"Liceul Tehnologic Justinian Marina, oraș Băile Olănești",4.84,5.92,3.77,10
2025,Vâlcea,"Școala Gimnazială, Com. Scundu",4.74,5.38,4.1,8
2025,Vâlcea,"Școala Gimnazială, Com. Mădulari",4.7,5.41,4.01,10
2025,Vâlcea,"Școala Gimnazială, Sat Copăceni, Com. Răcovița",4.62,5.43,3.8,16
2025,Vâlcea,"Școala Gimnazială, Sat Izvoru Rece, Com. Stoilești",4.53,4.78,4.29,4
2025,Vâlcea,"Școala Gimnazială „Spiru Haret”, Mun. Rm. Vâlcea",4.45,5.8,3.1,1
2025,Vâlcea,"Școala Gimnazială, Sat Otetelisu, Oras Balcesti",4.19,4.49,3.9,9
2025,Vâlcea,"Liceul Teoretic, Sat Oveselu, Com. Măciuca",4.19,4.45,3.94,5
2025,Vâlcea,"Școala Gimnazială, Com. Stănești",2.8,3.6,2.0,2
2025,Vâlcea,"Școala Gimnazială, Sat Valea Lui Stan, Oras Brezoi",2.53,2.15,2.83,15
