Judet,Scoala,Medie_Generala_2026,Medie_Romana_2026,Medie_Matematica_2026,Numar_Elevi_2026
Alba,"Colegiul Național „Lucian Blaga”, Sebeș",9.08,9.07,9.11,58
Alba,"Școala Gimnazială „Avram Iancu”, Avram Iancu",8.71,8.53,8.9,2
Alba,"Școala Gimnazială „Avram Iancu”, Alba Iulia",8.51,8.63,8.39,99
Alba,"Liceul Teologic Romano-Catolic „Gróf Majláth Gusztáv Károly”, Alba Iulia",8.47,9.38,7.38,2
Alba,"Școala Gimnazială „Mihai Eminescu”, Alba Iulia",8.4,8.55,8.25,105
Alba,"Școala Gimnazială „Simion Pantea”, Salciua",8.3,7.8,8.8,1
Alba,"Liceul Teoretic „Sfântul Iosif”, Alba Iulia",8.27,8.54,8.01,24
Alba,"Seminarul Teologic Ortodox „Sfântul Simion Ștefan”, Alba Iulia",8.26,8.32,8.21,51
Alba,Liceul German Sebeș,8.2,7.86,8.16,15
Alba,Liceul Tehnologic de Turism și Alimentație Arieșeni,7.81,8.01,7.62,10
Alba,"Colegiul Național „Inochentie Micu Clain”, Blaj",7.79,7.87,7.71,44
Alba,"Școala Gimnazială „Ovidiu Hulea”, Aiud",7.61,8.0,7.23,52
Alba,Școala Gimnazială Micești,7.56,7.62,7.5,16
Alba,Liceul cu Program Sportiv Alba Iulia,7.55,7.74,7.36,105
Alba,"Școala Gimnazială Nr. 2, Sebeș",7.54,7.81,7.28,51
Alba,"Școala Gimnazială „Ion Agârbiceanu”, Alba Iulia",7.53,7.77,7.3,81
Alba,"Școala Gimnazială Nr. 3, Cugir",7.46,7.79,7.14,53
Alba,Școala Gimnazială Sugag,7.35,7.2,7.5,25
Alba,"Școala Gimnazială „Vasile Goldiș”, Alba Iulia",7.33,7.59,7.07,86
Alba,Școala Gimnazială Câmpeni,7.32,7.61,7.03,68
Alba,Școala Gimnazială Ciugud,7.29,7.73,6.86,18
Alba,"Școala Gimnazială „Augustin Bena”, Pianu de Jos",7.11,7.22,7.01,6
Alba,"Școala Gimnazială „Nicodim Ganea”, Bistra",7.09,7.4,6.79,31
Alba,"Liceul de Arte „Regina Maria”, Alba Iulia",7.09,7.22,6.96,49
Alba,Școala Gimnazială Petrești,7.09,7.8,6.38,45
Alba,"Colegiul Național „Bethlen Gábor”, Aiud",7.09,7.31,5.93,23
Alba,"Școala Gimnazială „Iuliu Maniu”, Vintu de Jos",7.07,7.41,6.74,40
Alba,"Școala Gimnazială „Axente Sever”, Aiud",7.03,7.06,7.0,64
Alba,"Colegiul Național „Titu Maiorescu”, Aiud",6.99,7.15,6.65,19
Alba,"Școala Gimnazială „Nicolae Drăgan”, Galda de Jos",6.99,7.27,6.71,19
Alba,"Liceul „Horea, Cloșca și Crișan”, Abrud",6.97,7.41,6.54,15
Alba,Liceul Tehnologic Jidvei,6.94,7.23,6.65,15
Alba,Școala Gimnazială Blandiana,6.92,6.92,6.93,8
Alba,"Liceul Teologic Greco-Catolic „Sfântul Vasile cel Mare”, Blaj",6.84,7.2,6.49,21
Alba,"Școala Gimnazială „Toma Cocișiu”, Blaj",6.79,7.17,6.41,38
Alba,Școala Gimnazială Sohodol,6.78,6.57,6.99,5
Alba,"Școala Gimnazială „Emil Racoviță”, Gârda de Sus",6.73,7.02,6.44,7
Alba,"Liceul Tehnologic „Alexandru Domsa”, Alba Iulia",6.67,7.2,6.13,24
Alba,"Școala Gimnazială „Sebeș-Pál”, Rimetea",6.65,6.08,6.18,6
Alba,Școala Gimnazială Vidra,6.61,6.75,6.46,19
Alba,"Școala Gimnazială „Ioan Mihu”, Vinerea",6.6,6.91,6.31,14
Alba,"Școala Gimnazială „Singidava”, Cugir",6.59,6.83,6.25,30
Alba,"Școala Gimnazială „Silviu Carpinișianu”, Sebeș",6.59,6.78,6.39,25
Alba,Școala Gimnazială Vadu Moților,6.58,6.5,6.66,4
Alba,"Școala Gimnazială „Avram Iancu”, Zlatna",6.57,6.8,6.33,29
Alba,Liceul Teoretic Teiuș,6.56,6.68,6.44,47
Alba,"Școala Gimnazială „Mihail Kogălniceanu”, Sebeș",6.55,6.77,6.35,38
Alba,"Liceul Tehnologic „Țara Moților”, Albac",6.49,6.51,6.47,15
Alba,"Școala Gimnazială „Lucian Blaga”, Ocna Mureș",6.45,6.88,6.02,46
Alba,Școala Gimnazială Lopadea Nouă,6.43,6.82,5.08,9
Alba,"Școala Gimnazială „Iosif Pervain”, Cugir",6.42,6.45,6.39,16
Alba,Școala Gimnazială Daia Română,6.41,7.0,5.83,20
Alba,"Școala Gimnazială „Ion Breazu”, Mihalț",6.33,6.58,6.09,14
Alba,"Liceul „Dr. Lazăr Chirilă”, Baia de Arieș",6.2,6.47,5.93,24
Alba,"Colegiul Tehnic „Apulum”, Alba Iulia",6.2,6.37,6.03,26
Alba,"Școala Gimnazială „Dr. Petru Span”, Lupsa",6.2,6.78,5.62,12
Alba,"Școala Gimnazială „Avram Iancu”, Abrud",6.11,6.33,5.9,13
Alba,Școala Gimnazială Ighiel,6.08,6.48,5.69,17
Alba,"Școala Gimnazială „Ion Agârbiceanu”, Cenade",6.07,7.36,4.79,5
Alba,Școala Gimnazială Almășu Mare,6.06,5.81,6.32,6
Alba,Școala Gimnazială Strungari,6.03,6.18,5.9,10
Alba,Școala Gimnazială Rahău,5.97,6.29,5.65,7
Alba,"Școala Gimnazială „David Prodan”, Săliștea",5.95,6.35,5.57,20
Alba,"Școala Gimnazială „Timoteiu Ovidiu Tarnu”, Stremt",5.94,6.12,5.77,17
Alba,"Școala Gimnazială „Horea”, Horea",5.94,6.25,5.63,26
Alba,Școala Gimnazială Mogoș,5.9,6.24,5.56,5
Alba,Școala Gimnazială Sard,5.89,6.61,5.18,9
Alba,"Școala Gimnazială „Decebal”, Cricău",5.83,5.91,5.76,6
Alba,"Școala Gimnazială, Gârbova",5.82,5.91,5.74,14
Alba,Școala Gimnazială Benic,5.81,6.47,5.16,11
Alba,Școala Gimnazială Sasciori,5.81,5.91,5.72,27
Alba,Școala Gimnazială Berghin,5.77,6.19,5.36,7
Alba,"Școala Gimnazială „Ion Micu Moldovan”, Blaj",5.71,3.12,6.23,10
Alba,"Școala Gimnazială „Simion Bălint”, Roșia Montană",5.71,6.02,5.4,6
Alba,"Școala Gimnazială Prof. Univ. Dr. Gheorghe Beleiu, Poiana Vadului",5.69,5.26,6.13,6
Alba,"Școala Gimnazială „Aron Cotruș”, Cergău Mare",5.67,5.5,5.84,15
Alba,"Școala Gimnazială „Septimiu Albini”, Cut",5.58,5.81,5.36,7
Alba,Școala Gimnazială Dostat,5.57,5.95,5.2,9
Alba,Școala Gimnazială Râmeț,5.53,5.7,5.35,2
Alba,Școala Gimnazială Sânmiclăuș,5.48,5.83,4.56,7
Alba,Școala Gimnazială Drăsov,5.46,5.97,4.95,22
Alba,"Liceul Tehnologic „Dorin Pavel”, Alba Iulia",5.37,6.55,4.2,1
Alba,"Școala Gimnazială „Avram Iancu”, Unirea",5.34,5.48,5.01,17
Alba,"Liceul Teoretic „Petru Maior”, Ocna Mureș",5.32,5.71,4.93,16
Alba,Școala Gimnazială Ciuguzel,5.31,6.37,4.25,3
Alba,Școala Gimnazială Ciuruleasa,5.24,5.36,5.13,4
Alba,"Școala Gimnazială „Ion Agârbiceanu”, Bucium",5.2,5.48,4.93,6
Alba,"Școala Gimnazială „Simion Lazăr”, Lunca Mureșului",5.18,5.49,4.61,30
Alba,Școala Gimnazială Meteș,5.15,5.34,4.98,7
Alba,"Școala Gimnazială „Ion Pop Reteganul”, Sâncel",5.15,5.74,4.56,11
Alba,"Școala Gimnazială, Pianu de Sus",5.14,5.93,4.35,6
Alba,"Școala Gimnazială „Simion Bărnuțiu”, Tiur, Blaj",5.07,4.98,5.17,8
Alba,"Școala Gimnazială „Iosif Sârbu”, Sibot",4.98,4.98,4.98,2
Alba,"Școala Gimnazială „Ion Bianu”, Valea Lungă",4.88,5.46,4.3,27
Alba,Școala Gimnazială Loman,4.87,4.46,5.29,9
Alba,Școala Gimnazială Ghețar,4.81,4.96,4.66,6
Alba,"Școala Gimnazială, Roșia de Secaș",4.75,5.46,4.04,8
Alba,Școala Gimnazială Balcaciu,4.69,4.47,4.92,5
Alba,"Școala Gimnazială, Crăciunelu de Jos",4.67,4.76,4.59,11
Alba,"Școala Gimnazială „Ioan de Hunedoara”, Sântimbru",4.66,4.14,5.19,4
Alba,Școala Gimnazială Scărișoara,4.63,4.21,5.06,6
Alba,"Școala Gimnazială „Sava Albescu”, Feneș",4.63,5.1,4.16,5
Alba,"Școala Gimnazială, Călnic",4.59,4.72,4.47,15
Alba,Școala Gimnazială Noslac,4.59,5.2,3.99,9
Alba,"Școala Gimnazială „Ioan Maiorescu”, Bucerdea Grânoasă",4.59,4.93,4.26,22
Alba,"Școala Gimnazială „Ștefan cel Mare”, Cetatea de Bâlta",4.59,4.57,4.65,14
Alba,"Școala Gimnazială „Gheorghe Dancu”, Biia",4.49,4.6,4.16,14
Alba,Școala Gimnazială Rachita,4.18,4.66,3.71,10
Alba,"Liceul cu Program Sportiv „Florin Fleseriu”, Sebeș",4.17,4.99,3.35,14
Alba,Școala Gimnazială Miraslău,4.16,4.19,3.76,5
Alba,Școala Gimnazială Hoparta,3.84,3.54,4.15,7
Alba,"Școala Gimnazială „Closca”, Carpinis",3.76,4.4,3.12,5
Alba,"Centrul Școlar de Educație Incluzivă, Alba Iulia",3.72,3.95,3.5,1
Alba,"Școala Gimnazială „Gheorghe Maier”, Unirea",3.71,3.89,3.52,13
Alba,"Școala Gimnazială „Petru Pavel Aaron”, Blaj",3.56,3.4,3.72,15
Alba,"Școala Gimnazială „Liviu Rebreanu”, Aiud",3.32,3.27,3.38,12
Alba,"Școala Gimnazială „Demetriu Radu”, Rădești",3.14,3.41,2.88,4
Alba,Școala Gimnazială Veseus,3.02,3.02,3.33,11
Alba,Școala Gimnazială Ohaba,2.94,2.88,3.0,2
Arad,"Colegiul Național „Moise Nicoară”, Arad",8.68,8.63,8.74,89
Arad,"Colegiul Național „Preparandia-Dimitrie Țichindeal”, Arad",8.15,8.34,7.97,96
Arad,Liceul Teoretic „Sfântul Ierarh Nicolae” Arad,8.07,8.22,7.94,15
Arad,Școala Gimnazială Hălmăgel,7.95,8.4,7.5,2
Arad,"Liceul Teologic Baptist „Alexa Popovici”, Arad",7.89,8.02,7.78,106
Arad,"Colegiul Național „Vasile Goldiș”, Arad",7.87,8.07,7.68,99
Arad,Liceul Național de Informatică Arad,7.81,8.03,7.58,118
Arad,Școala Gimnazială Cărand,7.71,8.15,7.27,13
Arad,"Liceul Teoretic „Mihai Veliciu”, Chișineu-Criș",7.22,7.26,7.19,32
Arad,"Colegiul „Csiky Gergely”, Arad",7.14,7.12,6.09,35
Arad,"Școala Gimnazială „Virgil Iovănaș”, Șofronea",7.13,7.16,7.11,14
Arad,Școala Gimnazială Hășmaș,7.13,7.63,6.63,3
Arad,"Școala Gimnazială „Aurel Vlaicu”, Arad",7.06,7.38,6.69,84
Arad,"Colegiul Național „Elena Ghiba Birta”, Arad",7.02,7.15,6.89,44
Arad,"Școala Gimnazială „Aron Cotruș”, Arad",6.98,7.13,6.84,59
Arad,Liceul Teoretic Sebiș,6.95,7.34,6.57,48
Arad,"Școala Gimnazială „Avram Iancu”, Arad",6.93,7.04,6.83,67
Arad,"Școala Gimnazială „Caius Iacob”, Arad",6.93,7.19,6.67,80
Arad,"Colegiul „Mihai Viteazul”, Ineu",6.78,7.05,6.51,74
Arad,"Liceul Tehnologic „Ion Creangă”, Curtici",6.77,6.91,6.64,39
Arad,"Liceul Teoretic „Adam Müller Guttenbrunn”, Arad",6.74,7.0,6.4,102
Arad,Școala Gimnazială Vladimirescu,6.68,7.2,6.17,36
Arad,"Școala Gimnazială „Emil Monția”, Șicula",6.67,7.22,6.13,9
Arad,"Școala Gimnazială „Dr. Ioan Danicico”, Semlac",6.62,6.96,6.28,22
Arad,Școala Gimnazială „Horia”,6.55,6.61,6.49,10
Arad,"Școala Gimnazială „Móra Ferenc”, Zimandu Nou",6.54,6.53,5.2,4
Arad,Școala Gimnazială Moroda,6.49,6.46,6.53,16
Arad,Școala Gimnazială Livada,6.47,6.94,5.99,22
Arad,"Școala Gimnazială „Adam Muller Guttenbrunn”, Zăbrani",6.41,6.81,6.01,14
Arad,"Școala Gimnazială „Gabriel Brola”, Buteni",6.33,6.6,6.07,17
Arad,"Școala Gimnazială „Gheorghe Groza”, Moneasa",6.32,6.75,5.9,1
Arad,"Școala Gimnazială „Mihai Eminescu”, Arad",6.25,6.65,5.81,46
Arad,"Colegiul de Arte „Sabin Drăgoi”, Arad",6.23,6.67,5.8,76
Arad,Școala Gimnazială Pleșcuța,6.22,6.62,5.82,9
Arad,"Școala Gimnazială „Adam Nicolae”, Arad",6.14,6.67,5.62,13
Arad,"Școala Gimnazială „Nicolae Bălcescu”, Arad",6.14,6.5,5.78,41
Arad,Școala Gimnazială Iacobini,6.13,6.38,5.88,9
Arad,"Liceul „Atanasie Marienescu”, Lipova",6.12,6.5,5.75,55
Arad,Liceul Tehnologic de Științe Aplicate Arad,6.09,6.81,5.39,43
Arad,Liceul Teologic Penticostal Arad,6.06,5.93,6.2,22
Arad,Liceul Tehnologic „Regina Maria” Arad,6.06,6.47,5.65,44
Arad,Școala Gimnazială Zădăreni,6.04,6.29,5.78,19
Arad,"Școala Gimnazială „Ioan Slavici”, Șiria",6.01,6.44,5.58,12
Arad,"Școala Gimnazială „Titus Popovici”, Mișca",6.01,5.62,6.4,9
Arad,"Școala Gimnazială „Gheorghe Popovici”, Apateu",5.94,6.52,5.36,19
Arad,Școala Gimnazială Bârsa,5.94,6.43,5.45,14
Arad,Școala Gimnazială Craiva,5.92,6.9,4.94,17
Arad,"Liceul Teoretic „Jozef Gregor Tajovský”, Nădlac",5.91,6.37,5.21,45
Arad,"Școala Gimnazială „Nicolae Horga Popovici”, Seleuș",5.9,5.97,5.82,17
Arad,"Liceul Tehnologic „Vasile Juncu”, Miniș",5.89,6.81,4.98,14
Arad,"Școala Gimnazială, Vârfurile",5.86,5.54,6.18,8
Arad,Școala Gimnazială Groșeni,5.78,6.62,4.95,3
Arad,"Școala Gimnazială, Chesinț",5.77,6.39,5.15,18
Arad,Școala Gimnazială Nădab,5.74,5.79,5.7,13
Arad,"Școala Gimnazială, Frumușeni",5.74,5.62,5.86,12
Arad,"Școala Gimnazială „Mihai Veliciu”, Sepreuș",5.66,5.9,5.43,19
Arad,"Școala Gimnazială „Ștefan Cicio-Pop”, Conop",5.66,6.28,5.04,16
Arad,"Școala Gimnazială „Vasile Pop”, Bocsig",5.64,5.71,5.57,13
Arad,Școala Gimnazială Grăniceri,5.62,6.15,4.98,15
Arad,"Școala Gimnazială „Corneliu Micloși”, Covăsânț",5.61,6.39,4.83,14
Arad,"Școala Gimnazială „Sfânta Ana”, Sântana",5.59,6.09,5.07,36
Arad,"Școala Gimnazială „Pater Godo Mihaly”, Dorobanți",5.59,5.16,4.82,13
Arad,Școala Gimnazială Drauț,5.58,5.86,5.31,10
Arad,Școala Gimnazială Măderat,5.57,6.24,4.91,13
Arad,"Școala Gimnazială „Sabin Drăgoi”, Petriș",5.56,5.52,5.61,8
Arad,"Școala Gimnazială „Cristian Herbei”, Vărădia de Mureș",5.56,5.67,5.45,9
Arad,Liceul Teoretic Pâncota,5.55,5.68,5.42,49
Arad,"Școala Gimnazială „Iosif Moldovan”, Arad",5.55,5.73,5.37,35
Arad,"Școala Gimnazială „Sabin Manuilă”, Sîmbăteni",5.54,5.87,5.22,11
Arad,"Liceul „Sever Bocu”, Lipova",5.54,5.72,5.36,28
Arad,"Școala Gimnazială „Lazăr Tâmpa”, Almaș",5.53,5.98,5.09,18
Arad,Școala Gimnazială Galșa,5.53,5.58,5.48,26
Arad,"Școala Gimnazială „Iustin Marșieu”, Socodor",5.51,5.61,5.41,15
Arad,"Școala Gimnazială „Tabajdi Karoly”, Zerind",5.46,4.45,4.57,11
Arad,"Școala Gimnazială „Andrei Șaguna”, Andrei Șaguna",5.45,5.77,5.13,13
Arad,"Școala Gimnazială, Păuliș",5.38,5.45,5.31,20
Arad,"Școala Gimnazială „Pavel Covaci”, Macea",5.38,5.96,4.8,32
Arad,Liceul Teoretic Cermei,5.37,5.67,5.07,14
Arad,"Liceul Tehnologic „Regele Mihai I”, Săvârșin",5.37,5.81,4.93,28
Arad,Școala Gimnazială Chereluș,5.33,5.78,4.89,5
Arad,Școala Gimnazială Mailat,5.32,5.1,3.63,5
Arad,Liceul Tehnologic Vinga,5.32,5.28,5.35,23
Arad,"Liceul „Ioan Buteanu”, Gurahonț",5.31,5.49,5.08,33
Arad,"Școala Gimnazială „Patrichie Popescu”, Bata",5.3,5.64,4.98,10
Arad,Școala Gimnazială Bârzava,5.3,6.0,4.6,16
Arad,"Școala Gimnazială „Frații Neuman”, Arad",5.29,5.65,4.93,13
Arad,Școala Gimnazială Târnova,5.26,5.83,4.69,22
Arad,"Școala Gimnazială „Ștefan Bozian”, Șeitin",5.23,5.59,4.88,20
Arad,Școala Gimnazială Fântânele,5.22,5.84,4.6,20
Arad,Școala Gimnazială Gurba,5.21,5.72,4.7,11
Arad,Școala Gimnazială Șimand,5.17,5.89,4.45,28
Arad,"Școala Gimnazială Nr. 2, Pecica",5.16,5.38,4.35,35
Arad,Școala Gimnazială Cintei,5.15,5.24,5.07,15
Arad,Școala Gimnazială Iratoșu,5.1,5.8,4.41,16
Arad,Liceul Tehnologic „Emil Craciun Lazureanu” Beliu,5.09,5.62,4.57,22
Arad,"Liceul Teoretic „Gheorghe Lazăr”, Pecica",5.09,5.42,4.7,44
Arad,"Școala Gimnazială, Secusigiu",5.09,5.35,4.83,35
Arad,"Liceul Tehnologic „Moga Voievod”, Hălmagiu",5.09,5.32,4.86,9
Arad,Școala Gimnazială Olari,5.05,5.44,4.65,12
Arad,"Școala Gimnazială „Ștefan Augustin Doinaș”, Caporal Alexa",5.04,5.75,4.33,15
Arad,Școala Gimnazială Țipar,5.0,4.84,5.16,12
Arad,Școala Gimnazială Șagu,4.92,5.34,4.51,18
Arad,"Școala Gimnazială „Olosz Lajos”, Adea",4.9,4.05,4.56,8
Arad,"Școala Gimnazială, Peregu Mare",4.88,5.36,4.4,11
Arad,Școala Gimnazială Sântana,4.87,5.55,4.2,23
Arad,"Școala Gimnazială „Romul Moțorca”, Agrișu Mare",4.8,5.35,4.26,20
Arad,Școala Gimnazială Șilindia,4.77,5.68,3.88,5
Arad,"Școala Gimnazială, Tauț",4.74,4.7,4.78,7
Arad,"Școala Gimnazială „Petru Bărdan”, Chier",4.71,4.41,5.02,10
Arad,Liceul cu Program Sportiv Arad,4.7,4.91,4.49,19
Arad,"Școala Gimnazială „Aurel Sebeșan”, Felnac",4.67,4.94,4.41,17
Arad,Școala Gimnazială Dieci,4.65,4.96,4.34,9
Arad,"Liceul Tehnologic „Sava Brancovici”, Ineu",4.49,5.01,3.98,17
Arad,"Școala Gimnazială, Sintea Mare",4.46,4.03,4.9,5
Arad,"Școala Gimnazială „Alexandru Mocioni”, Birchiș",4.44,4.19,4.69,6
Arad,Școala Gimnazială Sânmartin,4.42,4.86,3.99,18
Arad,"Școala Gimnazială „Teodor Păcățian”, Ususău",4.19,4.33,4.05,11
Arad,"Școala Gimnazială „Simonyi Imre”, Satu Nou",4.13,3.75,4.14,5
Arad,Școala Gimnazială Zărand,4.09,4.08,4.1,10
Arad,Școala Gimnazială Vânători,3.89,2.84,4.88,18
Arad,"Liceul Tehnologic „Francisc Neuman”, Arad",3.78,4.02,3.56,10
Arad,Școala Gimnazială Pilu,3.73,4.07,3.4,14
Arad,Școala Gimnazială Fiscut,3.7,3.93,3.28,14
Arad,"Școala Gimnazială „Ilarion Felea”, Arad",3.49,3.46,3.52,7
Arad,"Școala Gimnazială Sanpetru, German",3.47,3.37,3.4,10
Arad,Școala Gimnazială Mănăștur,3.27,3.2,3.34,11
Arad,"Școala Gimnazială Pădureni, Chișineu Criș",3.26,2.69,3.11,11
Arad,"Școala Gimnazială, Chisindia",3.25,3.38,3.13,4
Arad,"Școala Gimnazială Nr. 2, Curtici",3.13,3.03,3.59,17
Arad,"Școala Gimnazială, Dezna",2.92,2.85,3.0,1
Arad,"Liceul Special „Sfânta Maria”, Arad",2.45,2.19,2.79,20
Argeș,"Colegiul Național „Ion C. Brătianu”, Pitești",9.38,9.39,9.37,30
Argeș,"Liceul Teoretic „Ion Mihalache”, Topoloveni",9.06,9.36,8.75,26
Argeș,"Colegiul Național „Zinca Golescu”, Pitești",9.04,9.05,9.03,29
Argeș,"Colegiul Național „Dinicu Golescu”, Câmpulung",8.56,8.54,8.59,28
Argeș,"Școala Gimnazială Nr. 2, Pitești",8.48,8.47,8.5,39
Argeș,"Școala Gimnazială „Traian”, Pitești",8.42,8.55,8.3,82
Argeș,"Școala Gimnazială „Nicolae Iorga”, Pitești",8.41,8.43,8.41,57
Argeș,"Școala Gimnazială „Mihai Eminescu”, Pitești",8.25,8.48,8.03,160
Argeș,"Școala Gimnazială „Matei Basarab”, Pitești",8.24,8.55,7.93,168
Argeș,"Școala Gimnazială „Ion Pillat”, Pitești",8.22,8.35,8.11,88
Argeș,"Școala Gimnazială „Lexford Castel”, Pitești",8.2,8.27,8.14,9
Argeș,"Școala Gimnazială „Alexandru Davila”, Pitești",8.09,8.16,8.04,136
Argeș,"Școala Gimnazială „Tudor Vladimirescu”, Pitești",8.08,7.99,8.18,86
Argeș,"Școala Gimnazială „Carol I”, Curtea de Argeș",8.04,8.25,7.84,57
Argeș,"Școala Gimnazială „Sfântul Iacob”, Câmpulung",8.03,8.36,7.57,34
Argeș,"Școala Gimnazială „Mircea cel Bătrân”, Curtea de Argeș",8.01,8.18,7.85,49
Argeș,"Școala Gimnazială „Mircea cel Bătrân”, Pitești",7.9,8.0,7.81,162
Argeș,"Școala Gimnazială „Oprea Iorgulescu”, Câmpulung",7.83,8.39,7.27,44
Argeș,"Școala Gimnazială „Marin Preda”, Pitești",7.81,8.14,7.49,57
Argeș,"Școala Gimnazială Nr. 1, Ciofrângeni",7.79,7.77,7.82,17
Argeș,"Școala Gimnazială „Radu Șerban”, Sălătrucu",7.78,7.99,7.56,17
Argeș,Școala Gimnazială Mușătești,7.6,8.1,7.11,21
Argeș,"Școala Gimnazială de Excelență „Sfânta Muceniță Filoteea”, Pitești",7.55,7.95,7.15,5
Argeș,"Școala Gimnazială „I.L. Caragiale”, Pitești",7.5,7.84,7.17,74
Argeș,"Școala Gimnazială „Mircea Eliade”, Pitești",7.46,7.79,7.14,63
Argeș,Școala Gimnazială Gălășești,7.45,7.43,7.47,13
Argeș,"Școala Gimnazială Nr. 1, Valea Danului",7.44,7.51,7.38,19
Argeș,"Școala Gimnazială „Virgil Calotescu”, Bascov",7.42,7.58,7.26,55
Argeș,"Școala Gimnazială „Regina Maria”, Curtea de Argeș",7.38,7.55,7.21,41
Argeș,"Școala Gimnazială „Nanu Muscel”, Câmpulung",7.37,7.7,7.05,69
Argeș,"Școala Gimnazială „Nicolae Bălcescu”, Pitești",7.36,7.44,7.28,39
Argeș,"Școala Gimnazială „Basarab I”, Curtea de Argeș",7.36,7.64,7.07,52
Argeș,"Școala Gimnazială „George Topîrceanu”, Mioveni",7.36,7.6,7.11,64
Argeș,"Școala Gimnazială Nr. 1, Pitești",7.35,7.49,7.21,22
Argeș,Școala Gimnazială Bârsești,7.32,8.65,6.0,12
Argeș,"Colegiul Național Pedagogic „Carol I”, Câmpulung",7.32,7.7,6.94,54
Argeș,"Școala Gimnazială „Adrian Păunescu”, Pitești",7.32,7.4,7.24,90
Argeș,Școala Gimnazială Vrănești,7.28,6.99,7.58,9
Argeș,"Școala Gimnazială „Ion Minulescu”, Pitești",7.28,7.37,7.2,83
Argeș,"Liceul de Arte „Dinu Lipatti”, Pitești",7.27,7.55,7.01,50
Argeș,"Școala Gimnazială, Calotești",7.2,7.38,7.02,12
Argeș,"Școala Gimnazială „Tudor Arghezi”, Pitești",7.19,7.35,7.03,39
Argeș,"Liceul Teoretic „Iulia Zamfirescu”, Mioveni",7.18,7.58,6.8,100
Argeș,"Școala Gimnazială, Cicănești",7.11,7.41,6.81,16
Argeș,"Școala Gimnazială „Marin Braniște”, Suseni",7.1,7.52,6.68,24
Argeș,Școala Gimnazială Dîrmănești,7.1,7.35,6.85,15
Argeș,"Școala Gimnazială „Nae A. Ghica”, Rucăr",7.08,7.34,6.83,35
Argeș,"Școala Gimnazială „Liviu Rebreanu”, Mioveni",6.96,7.38,6.55,90
Argeș,Școala Gimnazială Bălilești,6.94,7.45,6.44,12
Argeș,"Școala Gimnazială Nr. 1, Corbeni",6.94,7.28,6.61,20
Argeș,"Școala Gimnazială „Armand Călinescu”, Curtea de Argeș",6.94,6.82,7.06,30
Argeș,"Școala Gimnazială Nr. 1, Costești",6.93,7.05,6.77,63
Argeș,"Școala Gimnazială „Toma Brătianu”, Șuici",6.91,7.19,6.64,14
Argeș,"Școala Gimnazială „Nicolae Simonide”, Pitești",6.91,6.96,6.86,37
Argeș,Școala Gimnazială Cotmeana,6.91,6.88,6.94,5
Argeș,"Școala Gimnazială „Radu cel Mare”, Bogați",6.9,6.97,6.83,20
Argeș,"Școala Gimnazială Nr. 1, Stoenești",6.89,6.9,6.89,23
Argeș,"Școala Gimnazială Nr. 1, Schitu Golești",6.89,7.51,6.28,15
Argeș,"Școala Gimnazială „Ilie Stoenescu”, Boțești",6.87,7.27,6.48,7
Argeș,"Școala Gimnazială, Galeșu",6.75,7.01,6.49,12
Argeș,"Școala Gimnazială „Iordache Păcescu”, Coșești",6.72,6.91,6.55,24
Argeș,Liceul Tehnologic Topoloveni,6.69,6.98,6.41,84
Argeș,Școala Gimnazială Băiculești,6.65,7.11,6.19,20
Argeș,Școala Gimnazială Călinești-Vale,6.64,6.93,6.35,27
Argeș,"Școala Gimnazială „Sanda Movilă”, Albota",6.63,6.84,6.43,20
Argeș,"Școala Gimnazială „Ștefan cel Mare”, Ștefan cel Mare",6.63,6.87,6.39,18
Argeș,"Școala Gimnazială „George Stephănescu”, Arefu",6.59,7.08,6.11,13
Argeș,"Școala Gimnazială „Petre Badea”, Negrași",6.56,6.63,6.48,7
Argeș,"Școala Gimnazială „I.C. Lăzărescu”, Țițești",6.54,7.08,6.0,7
Argeș,"Liceul cu Program Sportiv „Viitorul”, Pitești",6.49,6.66,6.33,29
Argeș,"Școala Gimnazială „Petre Țuțea”, Boteni",6.48,6.82,6.14,13
Argeș,"Școala Gimnazială „George Marinescu”, Drăganu",6.47,6.86,6.08,11
Argeș,ȘCOALA GIMNAZIALĂ TUTANA,6.45,6.68,6.23,16
Argeș,"Școala Gimnazială „Constantin Rădulescu Codin”, Priboieni",6.42,6.8,6.03,33
Argeș,Școala Gimnazială Păduroiu,6.39,6.42,6.38,18
Argeș,"Școala Gimnazială „Dumitru Udrescu”, Săpata",6.39,6.46,6.33,8
Argeș,"Școala Gimnazială „Naum Râmniceanu”, Corbi",6.38,6.83,5.93,22
Argeș,Școala Gimnazială Beleți-Negrești,6.33,6.59,6.08,16
Argeș,Școala Gimnazială Poienița,6.31,6.29,6.33,13
Argeș,Școala Gimnazială Dobrești,6.25,6.46,6.04,8
Argeș,"Școala Gimnazială „Negru Vodă”, Pitești",6.22,6.25,6.12,55
Argeș,Liceul Tehnologic nr. 1 Mărăcineni,6.2,6.6,5.8,16
Argeș,"Școala Gimnazială „Nicolae Crețulescu”, Leordeni",6.18,6.86,5.51,18
Argeș,"Școala Gimnazială, Davidești",6.18,5.76,6.61,6
Argeș,"Școala Gimnazială „Petre Tudose”, Mălureni",6.16,6.52,5.81,27
Argeș,"Școala Gimnazială, Purcăreni",6.14,6.5,5.78,15
Argeș,"Liceul Tehnologic „Victor Slăvescu”, Rucăr",6.13,6.31,5.96,17
Argeș,"Școala Gimnazială „Toma Arnăuțoiu”, Nucșoara",6.12,6.25,6.0,13
Argeș,Școala Gimnazială Broșteni-Aninoasa,6.09,6.37,5.81,11
Argeș,"Școala Gimnazială, Conțești",6.08,6.62,5.55,12
Argeș,"Liceul Tehnologic „Petre Ionescu Muscel”, Domnești",6.07,6.52,5.63,17
Argeș,"Școala Gimnazială „Nicolae Velea”, Cepari",6.06,5.99,6.13,14
Argeș,"Școala Gimnazială „Constantin Brâncoveanu”, Slobozia",6.01,6.25,5.78,36
Argeș,"Școala Gimnazială Nr. 1, Poiana Lacului",6.0,6.27,5.73,15
Argeș,"Școala Gimnazială Nr. 1, Pietroșani",6.0,6.36,5.63,15
Argeș,"Școala Gimnazială „Gheorghe Mocanu”, Rociu",5.96,5.8,6.12,6
Argeș,Școala Gimnazială Sămara,5.91,6.03,5.79,11
Argeș,"Școala Gimnazială „Profesor Doctor Vasile Vasilescu”, Oești",5.9,6.29,5.51,9
Argeș,"Școala Gimnazială, Albeștii de Argeș",5.88,6.41,5.36,25
Argeș,Liceul Tehnologic „I.C. Petrescu” Stîlpeni,5.88,6.0,5.75,25
Argeș,"Școala Gimnazială Nr. 1, Poienarii de Argeș",5.87,6.41,5.33,4
Argeș,Școala Gimnazială Morărești,5.86,6.0,5.73,8
Argeș,"Școala Gimnazială Nr. 1, Vlădești",5.83,5.87,5.65,32
Argeș,"Școala Gimnazială Nr. 1, Vulturești",5.8,6.21,5.39,11
Argeș,"Școala Gimnazială „Mihai Eminescu”, Bradu",5.78,5.68,5.89,18
Argeș,Școala Gimnazială Cotești-Godeni,5.78,6.19,5.37,13
Argeș,"Școala Gimnazială „Theodor Aman”, Câmpulung",5.76,6.57,4.95,18
Argeș,"Școala Gimnazială Nr. 1, Poienarii de Muscel",5.76,5.95,5.56,15
Argeș,"Școala Gimnazială „Vintilă Brătianu”, Ștefănești",5.76,5.89,5.62,32
Argeș,Școala Gimnazială Căteasca,5.71,6.27,5.16,33
Argeș,Școala Gimnazială Lăzărești,5.7,6.47,4.93,8
Argeș,"Școala Gimnazială „Gabriel Marinescu”, Tigveni",5.69,6.24,5.14,14
Argeș,"Școala Gimnazială Nr. 1, Bughea de Jos",5.69,5.5,5.66,26
Argeș,"Școala Gimnazială Nr. 1, Ștefănești",5.68,5.82,5.54,21
Argeș,"Școala Gimnazială „General Constantin Cristescu”, Lunca Corbului",5.62,5.8,5.44,16
Argeș,"Școala Gimnazială „Sf. Apostol Andrei”, Curtea de Argeș",5.58,5.59,5.58,17
Argeș,Liceul Tehnologic Vedea,5.56,5.49,5.63,26
Argeș,"Școala Gimnazială „Constantin Bălăceanu-Stolnici”, Stolnici",5.54,5.73,5.34,18
Argeș,"Școala Gimnazială „Mircea Ghițulescu”, Cuca",5.5,6.07,4.94,13
Argeș,"Școala Gimnazială Prof. Emil Negoiță, Miroși",5.49,5.79,5.19,9
Argeș,"Școala Gimnazială Nr. 1, Valea Iașului",5.45,5.49,5.43,4
Argeș,Școala Gimnazială Retevoiești,5.45,5.56,5.34,11
Argeș,"Școala Gimnazială Nr. 1, Micești",5.41,5.38,5.44,39
Argeș,"Școala Gimnazială Nr. 1, Mioarele",5.41,5.65,5.17,3
Argeș,Școala Gimnazială Bădești,5.35,5.6,5.1,14
Argeș,"Școala Gimnazială Nr. 1, Lerești",5.34,5.3,5.39,12
Argeș,Școala Gimnazială Rîncăciov,5.33,5.32,5.35,15
Argeș,"Școala Gimnazială „Tudor Mușatescu”, Pitești",5.28,5.37,5.21,37
Argeș,"Școala Gimnazială Nr. 1, Mioveni",5.25,5.75,4.76,17
Argeș,"Școala Gimnazială „D. Rădulescu”, Oarja",5.24,4.95,5.55,13
Argeș,Școala Gimnazială Moșoaia,5.22,5.7,4.73,6
Argeș,"Școala Gimnazială „Iosif Catrinescu”, Dragoslavele",5.19,5.5,4.89,25
Argeș,"Școala Gimnazială „Elena Davila Perticari”, Izvoru",5.18,5.42,4.95,12
Argeș,"Școala Gimnazială „Ion Iorgulescu”, Mihăești",5.16,5.07,5.26,31
Argeș,Școala Gimnazială Vulpești,5.16,4.95,5.37,17
Argeș,"Școala Gimnazială „Constantin Brâncoveanu”, Ștefănești",5.15,5.49,4.82,16
Argeș,"Școala Gimnazială „C.D. Aricescu”, Câmpulung",5.12,5.8,4.44,14
Argeș,Centrul Școlar de Educație Incluzivă „Sfânta Marina” Curtea de Argeș,5.11,5.63,4.6,4
Argeș,Școala Gimnazială Prof. Ionescu Stelian Șerboeni,5.07,5.81,4.35,19
Argeș,Școala Gimnazială Băbana,5.01,5.41,4.61,17
Argeș,Școala Gimnazială Mozăceni-Vale,5.0,5.22,4.79,18
Argeș,"Școala Gimnazială Nr. 1, Albeștii de Muscel",4.88,5.28,4.48,6
Argeș,"Școala Gimnazială, Valea Popii",4.87,4.91,4.85,11
Argeș,"Școala Gimnazială „Mihai Tican Rumano”, Berevoești",4.8,4.97,4.56,32
Argeș,"Școala Gimnazială Nr. 1, Valea Mare-Pravăț",4.72,5.42,4.03,15
Argeș,Școala Gimnazială Podu-Dâmboviței,4.72,6.25,3.2,1
Argeș,Liceul cu Program Sportiv Câmpulung,4.71,5.25,4.17,20
Argeș,"Școala Gimnazială, Merișani",4.67,4.95,4.21,19
Argeș,"Școala Gimnazială Nr. 1, Cocu",4.65,5.09,4.21,8
Argeș,"Școala Gimnazială, Slănic",4.57,4.73,4.41,8
Argeș,Școala Gimnazială „Prof. Univ. Dr. Ion Stoia Căldăraru”,4.46,5.04,3.89,11
Argeș,Școala Gimnazială Babaroaga,4.38,5.27,3.51,8
Argeș,"Școala Gimnazială Nr. 1, Recea",4.37,4.49,4.26,14
Argeș,Școala Gimnazială Hârsești,4.31,4.71,3.92,11
Argeș,"Școala Gimnazială „Victor Țârcovnicul”, Popești",4.28,4.4,4.17,11
Argeș,"Școala Gimnazială „Tudor Cornel”, Ungheni",4.27,4.55,3.99,10
Argeș,"Școala Gimnazială Nr. 1, Cetățeni",4.21,4.45,3.97,21
Argeș,"Școala Gimnazială Nr. 1, Hîrtiești",4.17,4.44,3.91,17
Argeș,Școala Gimnazială Coșești,4.16,3.39,4.93,9
Argeș,Școala Gimnazială Vâlcele,4.05,4.63,3.48,8
Argeș,Școala Gimnazială Glîmbocata,3.99,4.32,3.67,6
Argeș,Școala Gimnazială Brătia-Ciomăgești,3.89,3.97,3.81,6
Argeș,"Școala Gimnazială „Gheorghe I.I.C. Brătianu”, Rătești",3.44,3.7,3.19,23
Argeș,"Școala Gimnazială Nr. 1, Uda",3.36,3.85,2.87,3
Argeș,Școala Gimnazială Bădeni,3.27,3.23,3.32,9
Argeș,"Școala Gimnazială „Vladimir Streinu”, Teiu",3.24,3.12,3.37,7
Argeș,Școala Gimnazială Voinești,3.12,3.36,2.89,9
Argeș,"Școala Gimnazială Nr. 1, Bughea de Sus",2.89,2.68,3.11,12
Argeș,"Școala Gimnazială „Radu Golescu”, Ștefănești",2.89,3.04,2.75,4
Argeș,Școala Gimnazială Tufanu,2.68,2.36,3.0,14
Argeș,Școala Gimnazială Nămăești,2.55,2.29,2.81,13
Bacău,"Colegiul Național „Gheorghe Vrânceanu”, Bacău",9.16,9.16,9.17,29
Bacău,"Colegiul Național „Dimitrie Cantemir”, Onești",9.01,8.96,9.07,29
Bacău,"Colegiul Național „Vasile Alecsandri”, Bacău",8.99,9.06,8.93,27
Bacău,"Colegiul Național „Ferdinand I”, Bacău",8.68,8.72,8.64,59
Bacău,"Școala Gimnazială Nr. 10, Bacău",8.42,8.6,8.25,117
Bacău,"Școala Gimnazială „Nicolae Iorga”, Bacău",8.42,8.51,8.34,75
Bacău,"Școala Gimnazială „Alexandru Ioan Cuza”, Bacău",8.18,8.35,8.02,124
Bacău,"Școala Gimnazială „Spiru Haret”, Bacău",8.18,8.33,8.04,77
Bacău,"Colegiul Național „Costache Negri”, Târgu Ocna",8.17,8.42,7.93,22
Bacău,"Colegiul „N.V. Karpen”, Bacău",8.02,8.13,7.91,28
Bacău,"Școala Gimnazială „Mihai Drăgan”, Bacău",7.91,8.12,7.7,171
Bacău,"Școala Gimnazială „Liviu Rebreanu”, Comănești",7.79,8.39,7.2,46
Bacău,"Școala Gimnazială „Ion Creangă”, Bacău",7.77,7.93,7.61,65
Bacău,"Școala Gimnazială „Miron Costin”, Bacău",7.76,7.98,7.54,128
Bacău,"Școala Gimnazială „Ghiță Mocanu”, Onești",7.69,7.89,7.51,56
Bacău,"Școala Gimnazială Nr. 1, Onești",7.66,7.72,7.6,42
Bacău,"Școala Gimnazială „Ștefan Luchian”, Moinești",7.61,7.71,7.51,81
Bacău,"Școala Gimnazială „Dr. Alexandru Șafran”, Bacău",7.41,7.61,7.22,53
Bacău,Școala Gimnazială Brătești,7.4,7.0,7.8,2
Bacău,Școala Gimnazială „Elias”,7.38,8.45,6.32,3
Bacău,"Școala Gimnazială Nr. 1, Scurta",7.38,7.73,7.03,21
Bacău,"Școala Gimnazială „Alexandru cel Bun”, Bacău",7.35,7.73,6.96,31
Bacău,"Școala Gimnazială „Ion Luca”, Bacău",7.29,7.07,7.51,13
Bacău,"Școala Gimnazială Nr. 1, Sărata",7.27,7.13,7.42,16
Bacău,"Colegiul Național Pedagogic „Ștefan cel Mare”, Bacău",7.26,7.75,6.78,78
Bacău,Școala Gimnazială Traian,7.21,7.21,7.21,18
Bacău,"Colegiul Național de Artă „George Apostu”, Bacău",7.2,7.71,6.69,65
Bacău,"Școala Gimnazială „Constantin Platon”, Bacău",7.19,7.21,7.18,24
Bacău,Școala Gimnazială Letea Veche,7.19,7.01,7.38,10
Bacău,Școala Gimnazială Chetriș,7.18,7.36,7.01,11
Bacău,"Școala Gimnazială Nr. 1, Orbeni",7.14,7.22,7.06,9
Bacău,"Școala Gimnazială „Mihail Sadoveanu”, Bacău",7.1,6.97,7.23,52
Bacău,"Școala Gimnazială Nr. 2, Cleja",7.1,7.44,6.77,10
Bacău,"Școala Gimnazială „Sfântul Voievod Ștefan cel Mare”, Onești",7.09,7.45,6.72,53
Bacău,"Școala Gimnazială Nr. 1, Balcani",7.08,7.1,7.06,19
Bacău,"Școala Gimnazială „George Călinescu”, Onești",7.04,7.14,6.91,114
Bacău,"Liceul Teoretic „Ion Borcea”, Buhuși",7.02,7.47,6.58,22
Bacău,"Școala Gimnazială „Ion Strat”, Gioseni",6.99,7.18,6.81,35
Bacău,"Școala Gimnazială „Mihai Eminescu”, Buhuși",6.98,7.43,6.54,43
Bacău,"Școala Gimnazială „Gheorghe Avramescu”, Prăjești",6.97,7.56,6.38,7
Bacău,"Școala Gimnazială Nr. 1, Sănduleni",6.96,7.35,6.57,22
Bacău,"Școala Gimnazială „General Nicolae Șova”, Poduri",6.94,6.8,7.09,29
Bacău,"Școala Gimnazială Nr. 2, Târgu Ocna",6.92,7.04,6.81,33
Bacău,"Școala Gimnazială „Alecu Russo”, Bacău",6.88,6.75,7.03,24
Bacău,"Școala Gimnazială „Dimitrie Ghica”, Comănești",6.84,7.05,6.62,25
Bacău,"Școala Gimnazială „Ciprian Porumbescu”, Comănești",6.82,6.93,6.7,63
Bacău,"Școala Gimnazială „Grigore Tabacaru”, Hemeiuș",6.8,7.35,6.26,13
Bacău,"Școala Gimnazială „Nicolae Bălcescu”, Nicolae Bălcescu",6.79,6.89,6.69,34
Bacău,"Școala Gimnazială, Poiana",6.78,7.45,6.12,10
Bacău,"Liceul Tehnologic „Petru Rareș”, Bacău",6.78,6.91,6.64,13
Bacău,"Școala Gimnazială „George Bacovia”, Bacău",6.76,7.16,6.37,29
Bacău,"Școala Gimnazială „Tristan Tzara”, Moinești",6.75,6.84,6.65,36
Bacău,"Școala Gimnazială „Emil Brăescu”, Măgura",6.73,7.03,6.44,21
Bacău,"Școala Gimnazială, Dragugești",6.66,7.16,6.18,16
Bacău,"Școala Gimnazială Nr. 1, Faraoani",6.65,6.85,6.45,23
Bacău,"Școala Gimnazială, Filipești",6.65,7.44,5.87,11
Bacău,"Școala Gimnazială Nr. 2, Buhuși",6.64,6.87,6.42,22
Bacău,"Școala Gimnazială „Ion Simionescu”, Lilieci",6.6,6.65,6.56,15
Bacău,"Școala Gimnazială „Explorator Teodor Gheorghe Negoiță”, Sascut",6.57,7.06,6.09,52
Bacău,"Școala Gimnazială „Învățător Neculai Pâslaru”, Cașin",6.57,6.89,5.94,17
Bacău,"Școala Gimnazială „George Enescu”, Moinești",6.56,6.82,6.31,54
Bacău,"Liceul Tehnologic „Alexandru Vlahuță”, Podu Turcului",6.56,7.19,5.94,34
Bacău,"Școala Gimnazială „Răducanu Rosetti”, Căiuți",6.56,6.56,6.57,23
Bacău,"Școala Gimnazială „Emil Racoviță”, Onești",6.56,6.75,6.37,44
Bacău,Școala Gimnazială „General Eremia Grigorescu” Oituz,6.51,6.97,6.04,21
Bacău,Scoala Gimnaziala Nr 1 Versesti,6.48,7.28,5.68,4
Bacău,Școala Gimnazială Helegiu,6.46,6.75,6.18,11
Bacău,Școala Gimnazială Solonț,6.46,6.28,6.64,21
Bacău,"Școala Gimnazială Nr. 1, Târgu Ocna",6.45,6.99,5.92,44
Bacău,"Școala Gimnazială „Ștefan cel Mare”, Buhuși",6.44,6.92,5.97,9
Bacău,Școala Gimnazială Barați,6.4,6.91,5.89,10
Bacău,Școala Gimnazială Cornii de Sus,6.39,6.87,5.92,12
Bacău,"Școala Gimnazială „Mihai Eminescu”, Lespezi",6.39,6.46,6.33,16
Bacău,Școala Gimnazială Frumoasa,6.36,6.36,6.35,26
Bacău,"Liceul cu Program Sportiv „Nadia Comăneci”, Onești",6.35,7.09,5.62,13
Bacău,Școala Gimnazială Dumbrava,6.34,6.39,6.3,14
Bacău,"Școala Gimnazială, Scorțeni",6.33,6.76,5.92,17
Bacău,"Școala Gimnazială „Scarlat Longhin”, Dofteana",6.3,6.83,5.77,33
Bacău,Școala Gimnazială Asău,6.3,6.67,5.93,22
Bacău,"Școala Gimnazială Nr. 2, Bibirești",6.28,5.88,6.69,4
Bacău,Școala Gimnazială Glăvănești,6.28,6.89,5.67,12
Bacău,Școala Gimnazială Corbasca,6.26,6.8,5.44,18
Bacău,"Școala Gimnazială „Ștefan cel Mare”, Zemeș",6.24,6.71,5.78,18
Bacău,Școala Gimnazială Măgirești,6.24,6.01,6.47,16
Bacău,Școala Gimnazială Strugari,6.23,6.31,6.15,14
Bacău,"Școala Gimnazială „Nicu Enea”, Bacău",6.23,6.76,5.7,16
Bacău,"Școala Gimnazială, Preluci",6.22,6.73,5.72,20
Bacău,"Școala Gimnazială Nr. 1, Tamași",6.22,6.19,6.25,12
Bacău,"Școala Gimnazială, Berești-Tazlău",6.21,6.8,5.63,26
Bacău,Școala Gimnazială Onișcani,6.21,7.2,5.22,10
Bacău,"Școala Gimnazială „Constantin Popovici”, Buhoci",6.2,7.0,5.41,12
Bacău,Școala Gimnazială Holt,6.2,6.08,6.33,6
Bacău,Școala Gimnazială Nr 2 Mănăstirea Cașin,6.15,6.27,6.04,13
Bacău,"Școala Gimnazială, Târgu Trotus",6.14,6.24,6.05,20
Bacău,Școala Gimnazială Bucșești,6.12,6.36,5.88,15
Bacău,"Școala Gimnazială „George Apostu”, Stănișești",6.11,6.68,5.55,15
Bacău,Școala Gimnazială Răcăciuni,6.11,6.48,5.66,47
Bacău,"Școala Gimnazială „Vasile Gh. Radu”, Satu Nou",6.1,6.45,5.77,18
Bacău,"Școala Gimnazială „Octavian Voicu”, Bacău",6.07,6.31,5.84,26
Bacău,Școala Gimnazială Oituz,6.07,6.53,5.6,37
Bacău,"Școala Gimnazială Nr. 1, Apa Asău",6.06,5.96,6.17,14
Bacău,Școala Gimnazială Făget,6.06,5.41,6.19,4
Bacău,Școala Gimnazială Parava,6.06,6.0,6.12,16
Bacău,Școala Gimnazială Deleni,6.03,6.54,5.54,13
Bacău,"Școala Gimnazială Nr. 1, Ardeoani",6.03,6.34,5.72,23
Bacău,"Școala Gimnazială, Secuieni",6.03,6.96,5.1,22
Bacău,Școala Gimnazială „Luizi-Călugăra”,6.02,6.59,5.45,16
Bacău,Școala Gimnazială Găiceana,6.02,6.5,5.54,25
Bacău,"Școala Gimnazială „Vasile Borcea”, Berești-Bistrița",6.01,6.4,5.61,16
Bacău,Școala Gimnazială Pustiana,5.98,6.28,5.69,8
Bacău,Școala Gimnazială Temelia,5.94,6.13,5.76,4
Bacău,Liceul cu Program Sportiv Bacău,5.94,6.21,5.68,15
Bacău,"Școala Gimnazială Nr. 2, Slănic-Moldova",5.93,6.14,5.73,13
Bacău,"Școala Gimnazială Nr. 1, Negoiești",5.89,6.09,5.69,32
Bacău,"Școala Gimnazială „Gheorghe Bantaș”, Itești",5.89,6.42,5.36,10
Bacău,Școala Gimnazială Cleja,5.88,6.53,5.24,24
Bacău,Liceul Tehnologic Făget,5.87,6.45,5.3,20
Bacău,"Școala Gimnazială „Ion Borcea”, Racova",5.86,6.28,5.45,11
Bacău,Școala Gimnazială Sascut-Sat,5.86,6.47,5.24,13
Bacău,Școala Gimnazială „Dealu Morii”,5.84,5.89,5.8,19
Bacău,Școala Gimnazială Bogdănești,5.83,5.95,5.73,14
Bacău,Școala Gimnazială Horgești,5.83,6.08,5.58,8
Bacău,"Școala Gimnazială „Alexandru cel Bun”, Berzunți",5.82,6.04,5.62,24
Bacău,Școala Gimnazială Bijghir,5.72,5.93,5.52,15
Bacău,"Școala Gimnazială Prof. Panaite Constantin, Garleni",5.72,6.03,5.43,12
Bacău,"Școala Gimnazială „Costachi S. Ciocan”, Comănești",5.7,6.36,5.05,29
Bacău,Școala Gimnazială Sirețu,5.7,5.9,5.5,12
Bacău,Liceul Tehnologic Dărmanești,5.69,5.7,5.7,47
Bacău,Școala Gimnazială Urechești,5.67,6.16,5.19,15
Bacău,"Școala Gimnazială „Alexandru Piru”, Mărgineni",5.66,6.07,5.26,20
Bacău,"Școala Gimnazială Nr. 1, Tarhausi",5.64,6.16,5.12,13
Bacău,"Școala Gimnazială Nr. 1, Gura Văii",5.64,6.69,4.59,13
Bacău,Școala Gimnazială Coman,5.62,5.52,5.72,9
Bacău,"Școala Gimnazială „Ioan Măric”, Luncani",5.61,5.72,5.51,7
Bacău,"Școala Gimnazială „Regina Maria”, Mănăstirea Cașin",5.61,5.64,5.57,19
Bacău,Școala Gimnazială Păncești,5.59,6.07,5.12,17
Bacău,"Școala Gimnazială „Alexandru Sever”, Moinești",5.58,5.81,5.36,20
Bacău,"Școala Gimnazială Nr. 2, Măgura",5.58,5.56,5.61,12
Bacău,"Școala Gimnazială „Vasile Pârvan”, Huruiești",5.56,6.83,4.31,10
Bacău,"Școala Gimnazială „Dani Gergely”, Ghimeș",5.51,4.29,5.3,14
Bacău,Școala Gimnazială Tuta,5.5,5.59,5.41,22
Bacău,Școala Gimnazială Nr. 1 „Turluianu”,5.49,6.23,4.75,18
Bacău,ŞCOALA GIMNAZIALĂ NR. 1 VALEA SEACĂ,5.48,5.7,5.26,13
Bacău,Școala Gimnazială Plopana,5.46,6.34,4.58,18
Bacău,Școala Gimnazială Pîrjol,5.43,5.63,5.24,16
Bacău,Școala Gimnazială Agăș,5.43,5.68,5.18,15
Bacău,"Școala Gimnazială Nr. 1, Roșiori",5.39,5.96,4.82,24
Bacău,Școala Gimnazială Petrești,5.38,5.69,5.08,10
Bacău,"Școala Gimnazială „Gheorghe Nechita”, Motoșeni",5.34,5.87,4.82,12
Bacău,"Școala Gimnazială „Ioniță Sandu Sturdza”, Săucești",5.29,5.66,4.93,15
Bacău,"Școala Gimnazială „Poet Sergiu Adam”, Frumușelu",5.27,5.82,4.72,13
Bacău,Școala Gimnazială Cucuieți,5.26,5.58,4.94,25
Bacău,"Școala Gimnazială Nr. 1, Livezi",5.18,5.68,4.69,9
Bacău,Școala Gimnazială Cotumba,5.15,5.83,4.48,13
Bacău,Școala Gimnazială Somușca,5.13,5.31,4.96,12
Bacău,"Școala Gimnazială „Mihai Eminescu”, Lipova",5.12,6.22,4.03,21
Bacău,Școala Gimnazială „Învățător Vasile Huianu” Călugăreni,5.11,5.86,4.27,21
Bacău,"Școala Gimnazială Nr. 2, Dărmănești",5.11,5.49,4.73,37
Bacău,Școala Gimnazială Coșnea,5.09,5.83,4.35,2
Bacău,"Școala Gimnazială Nr. 1, Blăgești",5.03,5.33,4.73,17
Bacău,"Școala Gimnazială „Smaranda Apostoleanu”, Colonești",5.0,5.9,4.09,13
Bacău,Școala Gimnazială Sohodor,4.98,5.96,4.0,16
Bacău,Școala Gimnazială Slobozia Nouă,4.94,5.05,4.84,18
Bacău,"Școala Gimnazială Nr. 1, Slănic-Moldova",4.94,5.54,4.34,16
Bacău,"Școala Gimnazială „Ion Ionescu de la Brad”, Poiana",4.94,5.75,4.13,10
Bacău,Școala Gimnazială Răcăuți,4.91,5.02,4.81,13
Bacău,Școala Gimnazială Petricica,4.9,5.3,4.5,13
Bacău,"Școala Gimnazială „Domnița Maria”, Bacău",4.89,5.01,4.78,24
Bacău,"Școala Gimnazială „Ioana Radu Rosetti”, Brusturoasa",4.86,5.04,4.67,26
Bacău,"Liceul Tehnologic „Georgeta J. Cancicov”, Parincea",4.84,4.99,4.7,18
Bacău,Școala Gimnazială Răcătău,4.81,5.32,4.14,22
Bacău,Școala Gimnazială Buciumi,4.72,5.05,4.14,14
Bacău,Liceul Tehnologic Răchitoasa,4.7,5.67,3.74,15
Bacău,"Școala Gimnazială Nr. 1, Buda",4.67,4.96,4.39,9
Bacău,"Școala Gimnazială „Mihail Andrei”, Buhuși",4.66,4.65,4.68,6
Bacău,Școala Gimnazială Tisa-Silvestri,4.65,5.09,4.21,18
Bacău,Școala Gimnazială Filipeni,4.64,4.93,4.36,23
Bacău,"Școala Gimnazială Nr. 1, Bîrsănești",4.61,5.63,3.59,9
Bacău,"Școala Gimnazială Nr. 1, Slobozia",4.6,4.79,4.41,11
Bacău,"Școala Gimnazială, Benesti",4.59,4.83,4.37,10
Bacău,Școala Gimnazială Maloșu,4.59,4.94,4.24,13
Bacău,"Școala Gimnazială, Palanca",4.54,5.3,3.8,20
Bacău,Școala Gimnazială Burdușaci,4.54,5.12,3.96,16
Bacău,Școala Gimnazială Oncești,4.46,5.07,3.84,14
Bacău,Școala Gimnazială Larga,4.41,4.68,4.14,17
Bacău,Școala Gimnazială Fântânele,4.4,4.84,3.97,5
Bacău,"Școala Gimnazială „Constantin Moscu”, Izvoru Berheciului",4.32,4.86,3.78,11
Bacău,"Școala Gimnazială Nr. 1, Pîncești",4.3,4.3,4.3,19
Bacău,Școala Gimnazială Vladnic,4.3,4.66,3.94,8
Bacău,Școala Gimnazială Spria,4.28,4.84,3.71,11
Bacău,"Liceul Tehnologic „Anghel Saligny”, Bacău",4.28,4.66,3.91,9
Bacău,Școala Gimnazială Specială „Maria Montessori” Bacău,4.17,3.75,4.6,1
Bacău,Școala Gimnazială Vultureni,4.15,4.54,3.78,15
Bacău,Școala Gimnazială Hăghiac,4.08,4.55,3.62,9
Bacău,Școala Gimnazială „Gârla Anei”,3.9,3.81,3.98,10
Bacău,"Școala Gimnazială Nr. 4, Comănești",3.76,4.0,3.53,11
Bacău,"Școala Gimnazială „Ion Rotaru”, Valea Lui Ion",3.74,3.65,3.67,17
Bacău,Școala Gimnazială Coțofănești,3.74,3.91,3.58,26
Bacău,Școala Gimnazială Fundu Racaciuni,3.66,3.78,3.43,11
Bacău,Școala Gimnazială Buhuși,3.65,4.25,3.05,1
Bacău,Școala Gimnazială Viforeni,3.5,3.69,3.31,8
Bacău,Școala Gimnazială Radoaia,3.47,3.95,3.0,2
Bacău,"Școala Gimnazială Nr. 3, Dărmănești",2.52,2.31,2.58,22
Bihor,"Colegiul Național „Emanuil Gojdu”, Oradea",9.22,9.13,9.32,87
Bihor,"Liceul Teoretic „Wenford Academy”, Oradea",8.77,8.88,8.66,20
Bihor,"Școala Gimnazială „Oltea Doamna”, Oradea",8.47,8.55,8.39,105
Bihor,"Liceul „Don Orione”, Oradea",8.46,8.52,8.4,53
Bihor,"Colegiul Național „Mihai Eminescu”, Oradea",8.35,8.39,8.32,28
Bihor,"Liceul Teologic Baptist „Emanuel”, Oradea",8.29,8.5,8.09,65
Bihor,"Liceul Teoretic „Aurel Lazăr”, Oradea",8.14,8.26,8.02,39
Bihor,"Liceul Teoretic „Ady Endre”, Oradea",8.07,7.68,7.69,50
Bihor,"Liceul Ortodox „Episcop Roman Ciorogariu”, Oradea",8.01,8.2,7.83,66
Bihor,"Școala Gimnazială Dacia, Oradea",7.96,8.11,7.82,120
Bihor,"Liceul Teologic Penticostal „Betel”, Oradea",7.95,8.25,7.65,74
Bihor,"Școala Gimnazială „Nicolae Bălcescu”, Oradea",7.8,7.88,7.73,82
Bihor,"Colegiul Național „Iosif Vulcan”, Oradea",7.76,8.06,7.45,83
Bihor,"Colegiul Național „Onisifor Ghibu”, Oradea",7.72,7.79,7.66,135
Bihor,"Colegiul Național „Samuil Vulcan”, Beiuș",7.64,8.02,7.27,22
Bihor,"Școala Gimnazială „Szacsvay Imre”, Oradea",7.64,7.31,6.9,55
Bihor,"Școala Gimnazială Nr. 2, Chișcău",7.6,7.85,7.35,1
Bihor,"Liceul Tehnologic Felix, Sânmartin",7.49,8.01,6.97,60
Bihor,"Liceul Greco-Catolic „Iuliu Maniu”, Oradea",7.49,7.83,7.15,73
Bihor,"Școala Gimnazială Nr. 1, Pietroasa",7.33,7.48,7.18,7
Bihor,"Liceul Teoretic German „Friedrich Schiller”, Oradea",7.3,8.12,7.05,28
Bihor,"Școala Gimnazială Nr. 16, Oradea",7.23,7.59,6.63,98
Bihor,"Școala Gimnazială Nr. 2, Voivozi",7.22,7.85,6.6,10
Bihor,"Școala Gimnazială „Dimitrie Cantemir”, Oradea",7.17,7.31,6.82,59
Bihor,"Liceul Teoretic „Lucian Blaga”, Oradea",7.16,7.56,6.75,39
Bihor,"Școala Gimnazială Nr. 1, Hidișel",7.12,7.58,6.67,7
Bihor,"Școala Gimnazială Nr. 2, Poieni",7.03,7.4,6.66,19
Bihor,"Școala Gimnazială Nr. 11, Oradea",7.02,7.06,6.68,107
Bihor,"Școala Gimnazială Nr. 1, Tămășeu",6.95,6.06,6.24,15
Bihor,"Școala Gimnazială Nr. 1, Curățele",6.91,7.3,6.53,3
Bihor,"Liceul Vocational Pedagogic „Nicolae Bolcaș”, Beiuș",6.86,7.15,6.58,78
Bihor,"Școala Gimnazială „Nicolae Popoviciu”, Beiuș",6.75,7.28,6.22,65
Bihor,"Școala Gimnazială Nr. 2, Husasău de Criș",6.74,6.76,6.73,4
Bihor,"Școala Gimnazială „Dumitru Radu Popescu”, Comuna Nojorid",6.73,7.15,6.31,26
Bihor,"Școala Gimnazială Nr. 1, Cuzap",6.73,6.73,6.73,8
Bihor,"Școala Gimnazială Nr. 1, Căbești",6.7,7.46,5.95,16
Bihor,"Școala Gimnazială Nr. 2, Hinchiriș",6.7,7.0,6.39,12
Bihor,"Liceul Teologic Romano-Catolic „Szent László”, Oradea",6.67,6.15,5.84,46
Bihor,"Școala Gimnazială „Avram Iancu”, Oradea",6.63,7.02,6.25,66
Bihor,"Liceul Reformat „Lorántffy Zsuzsanna”, Oradea",6.62,6.18,5.99,38
Bihor,"Liceul Sanitar „Vasile Voiculescu”, Oradea",6.6,6.85,6.36,21
Bihor,"Liceul Teoretic „Jozef Kozacek”, Budoi",6.6,6.47,5.23,5
Bihor,"Școala Gimnazială Nr. 1, Uileacu de Beiuș",6.59,6.95,6.23,9
Bihor,"Școala Gimnazială Nr. 1, Roșia",6.59,6.84,6.34,20
Bihor,"Școala Gimnazială Nr. 1, Tărcaia",6.58,6.48,6.2,7
Bihor,"Școala Gimnazială „Miskolczy Károly”, Mișca",6.57,5.55,5.89,8
Bihor,"Școala Gimnazială „Juhász Gyula”, Oradea",6.56,5.66,5.34,8
Bihor,"Liceul Teoretic „Constantin Șerban”, Aleșd",6.53,6.8,6.18,89
Bihor,Liceul Tehnologic nr. 1 Suplacu de Barcău,6.5,6.09,6.45,33
Bihor,"Colegiul Național „Teodor Neș”, Salonta",6.47,6.89,6.04,76
Bihor,"Școala Gimnazială „Miron Pompiliu”, Ștei",6.44,7.04,5.86,54
Bihor,"Școala Gimnazială Nr. 1, Botean",6.37,6.07,6.68,11
Bihor,"Colegiul Tehnic „Alexandru Roman”, Aleșd",6.37,6.67,6.08,28
Bihor,Liceul de Arte Oradea,6.35,6.34,5.8,62
Bihor,"Școala Gimnazială Nr. 1, Tileagd",6.32,6.29,6.15,39
Bihor,Școala Gimnazială Nr. 1 „Mihai Bravu”,6.3,6.18,6.43,6
Bihor,"Liceul Teoretic „Horváth János”, Marghita",6.27,5.63,5.12,36
Bihor,"Școala Gimnazială Nr. 2, Călacea",6.25,6.47,6.04,9
Bihor,"Școala Gimnazială „Georgiu Popa”, Câmpani",6.2,6.71,5.69,7
Bihor,"Colegiul Național „Octavian Goga”, Marghita",6.15,6.73,5.58,80
Bihor,"Școala Gimnazială Nr. 1, Remetea",6.15,6.84,5.47,13
Bihor,"Școala Gimnazială Nr. 1, Șinteu",6.15,6.02,4.1,3
Bihor,"Liceul Teoretic „Arany János”, Salonta",6.14,5.25,5.44,56
Bihor,"Școala Gimnazială „Gáspár András”, Biharia",6.12,5.03,5.35,17
Bihor,"Școala Gimnazială Nr. 1, Pomezeu",6.1,6.79,5.41,13
Bihor,Școala Gimnazială „Regina Maria” Avram Iancu,6.07,6.58,5.56,22
Bihor,"Școala Gimnazială „Aurel Pop”, Oșorhei",6.07,6.12,6.02,34
Bihor,"Școala Gimnazială Nr. 2, Almașu Mare",6.04,6.33,5.75,7
Bihor,"Liceul Internațional „Agora”, Oradea",6.04,6.19,5.88,10
Bihor,"Școala Gimnazială „Ion Bogdan”, Oradea",6.0,6.19,5.82,16
Bihor,"Școala Gimnazială Nr. 1, Bulz",5.98,6.36,5.61,12
Bihor,"Școala Gimnazială Nr. 1, Rieni",5.98,7.16,4.8,9
Bihor,"Școala Gimnazială Nr. 1, Gurbediu",5.93,6.18,5.69,10
Bihor,"Școala Gimnazială Nr. 1, Brusturi",5.91,5.78,6.04,27
Bihor,"Liceul Tehnologic Agroindustrial „Tamási Áron”, Bors",5.9,5.1,4.88,14
Bihor,"Colegiul Național „Avram Iancu”, Ștei",5.89,6.38,5.4,15
Bihor,Liceul Tehnologic nr. 1 Popești,5.89,6.21,5.57,20
Bihor,"Școala Gimnazială Nr. 1, Hidișelu de Sus",5.88,6.0,5.77,19
Bihor,"Școala Gimnazială „Szalárdi János”, Sălard",5.82,5.13,5.49,36
Bihor,"Școala Gimnazială Nr. 1, Cociuba Mare",5.81,6.03,5.59,12
Bihor,"Școala Gimnazială Nr. 1, Balc",5.8,5.46,5.77,8
Bihor,"Școala Gimnazială Nr. 1, Răbăgani",5.8,5.82,5.78,14
Bihor,"Școala Gimnazială Nr. 1, Buntești",5.79,5.94,5.65,10
Bihor,"Liceul Teoretic „Nicolae Jiga”, Tinca",5.74,6.17,5.28,44
Bihor,"Școala Gimnazială Nr. 3, Topa de Sus",5.69,5.7,5.69,5
Bihor,Liceul Tehnologic nr. 1 Suncuiuş,5.69,5.89,5.49,19
Bihor,"Școala Gimnazială Nr. 3, Chiribiș",5.61,5.13,6.1,3
Bihor,"Școala Gimnazială „Octavian Goga”, Oradea",5.6,5.81,5.39,32
Bihor,"Școala Gimnazială „Zelk Zoltan”, Valea lui Mihai",5.53,4.6,5.31,76
Bihor,Școala Gimnazială „Ioan Filip” Sântandrei,5.51,6.03,4.99,20
Bihor,"Școala Gimnazială Nr. 1, Batăr",5.49,5.89,5.09,4
Bihor,"Școala Gimnazială Nr. 2, Boiu",5.49,6.55,5.28,3
Bihor,Colegiul Tehnic nr. 1 Vadu Crișului,5.48,5.5,5.41,22
Bihor,"Școala Gimnazială Nr. 2, Livada",5.46,6.26,4.67,8
Bihor,"Școala Gimnazială „Szamado Ernő”, Cheșereu",5.46,3.54,5.14,9
Bihor,"Școala Gimnazială „Jako Zsigmond”, Roșiori",5.46,2.86,6.14,8
Bihor,"Școala Gimnazială Nr. 1, Sârbi",5.45,5.56,5.35,19
Bihor,"Școala Gimnazială Nr. 1, Derna",5.45,5.38,5.53,12
Bihor,"Școala Gimnazială Nr. 1, Buduslău",5.45,4.2,4.35,11
Bihor,"Școala Gimnazială Nr. 1, Tăuteu",5.44,4.64,4.6,11
Bihor,"Școala Gimnazială Nr. 1, Săliște de Vașcău",5.42,6.03,4.81,5
Bihor,"Liceul cu Program Sportiv „Bihorul”, Oradea",5.42,5.58,5.26,52
Bihor,"Școala Gimnazială Nr. 1, Șușturogiu",5.4,6.45,4.36,5
Bihor,Liceul Teoretic nr. 1 Bratca,5.39,5.73,5.05,33
Bihor,"Școala Gimnazială „Viorel Horj”, Drăgănești",5.38,5.81,4.97,10
Bihor,"Școala Gimnazială Nr. 2, Luncasprie",5.34,5.14,5.54,5
Bihor,"Școala Gimnazială „Iosif Vulcan”, Holod",5.31,5.84,4.78,12
Bihor,"Școala Gimnazială Nr. 1, Olcea",5.24,5.32,5.17,9
Bihor,"Școala Gimnazială Nr. 1, Viișoara",5.22,4.58,3.61,10
Bihor,"Școala Gimnazială Nr. 1, Finiș",5.19,5.26,4.46,12
Bihor,"Școala Gimnazială Nr. 1, Călugări",5.18,6.08,4.28,2
Bihor,"Școala Gimnazială Nr. 1, Vârciorog",5.17,5.59,4.58,15
Bihor,"Școala Gimnazială Nr. 1, Mădăras",5.16,5.4,4.93,12
Bihor,"Școala Gimnazială Nr. 1, Urvind",5.16,5.07,4.47,7
Bihor,"Școala Gimnazială Nr. 1, Diosig",5.16,4.73,4.84,45
Bihor,"Școala Gimnazială Nr. 2, Adoni",5.16,3.93,4.07,7
Bihor,"Școala Gimnazială Nr. 3, Tăut",5.12,5.97,4.28,5
Bihor,"Școala Gimnazială „Alexandru Roman”, Aușeu",5.1,5.48,4.72,23
Bihor,"Școala Gimnazială Nr. 1, Gepiu",5.05,5.3,4.8,7
Bihor,"Școala Gimnazială Nr. 1, Spinuș",4.98,5.26,4.71,12
Bihor,"Școala Gimnazială Nr. 1, Ceica",4.96,5.03,4.89,18
Bihor,"Școala Gimnazială „Benedek Elek”, Cetariu",4.95,4.16,4.42,13
Bihor,"Școala Gimnazială Nr. 1, Tarcea",4.95,3.86,4.39,7
Bihor,"Liceul Teoretic „Petőfi Sándor”, Săcueni",4.94,3.91,4.44,71
Bihor,"Liceul Tehnologic „Livia Maria Gego”, Dobrești",4.87,5.23,4.52,29
Bihor,"Școala Gimnazială Nr. 1, Chijic",4.87,4.99,4.76,9
Bihor,"Școala Gimnazială Nr. 1, Butani",4.87,5.26,4.48,7
Bihor,"Liceul Teoretic „Gabriel Tepelea”, Borod",4.8,4.99,4.63,27
Bihor,"Școala Gimnazială Nr. 4, Arpășel",4.77,3.67,4.45,3
Bihor,"Școala Gimnazială Nr. 1, Chișlaz",4.69,4.98,4.4,14
Bihor,"Școala Gimnazială Nr. 1, Chereșig",4.67,5.23,4.11,11
Bihor,"Școala Gimnazială Nr. 1, Aștileu",4.65,5.0,4.31,13
Bihor,"Școala Gimnazială Nr. 1, Ciumeghiu",4.62,4.58,4.59,29
Bihor,"Școala Gimnazială Nr. 2, Talpoș",4.57,4.86,4.02,24
Bihor,"Școala Gimnazială Nr. 1, Nucet",4.57,4.51,4.62,9
Bihor,"Școala Gimnazială Nr. 1, Abram",4.56,4.49,4.63,12
Bihor,Școala Gimnazială Înv. „Gâlgău Iosif Păgaia”,4.56,4.87,4.26,6
Bihor,"Școala Gimnazială Nr. 2, Ianoșda",4.55,5.0,4.1,3
Bihor,"Școala Gimnazială Nr. 1, Husasău de Tinca",4.52,4.96,4.08,9
Bihor,"Școala Gimnazială Nr. 1, Urviș de Beiuș",4.51,5.11,3.91,13
Bihor,"Școala Gimnazială Nr. 1, Budureasa",4.47,4.12,4.23,22
Bihor,"Școala Gimnazială Nr. 1, Hotar",4.45,4.57,4.34,11
Bihor,"Școala Gimnazială Nr. 1, Lăzăreni",4.45,4.48,4.32,18
Bihor,"Școala Gimnazială Nr. 1, Ciuhoi",4.44,4.33,4.55,3
Bihor,"Școala Gimnazială „Nestor Porumb”, Tulca",4.42,4.96,3.89,10
Bihor,"Școala Gimnazială Nr. 1, Cefa",4.37,4.78,3.96,14
Bihor,"Centrul Școlar de Educație Incluzivă Nr.1, Oradea",4.27,4.48,4.08,4
Bihor,"Școala Gimnazială „Bocskay István”, Cherechiu",4.24,2.84,3.89,8
Bihor,"Școala Gimnazială „Kazinczy Ferenc”, Șimian",4.23,2.95,4.07,22
Bihor,"Școala Gimnazială „Dr. Balási József”, Curtuișeni",4.18,2.48,3.87,27
Bihor,"Școala Gimnazială Nr. 1, Drăgești",4.15,4.37,3.93,14
Bihor,"Școala Gimnazială Nr. 1, Borumlaca",4.13,3.06,4.78,8
Bihor,Liceul Tehnologic Nr.1 Cadea,4.12,2.83,3.86,13
Bihor,"Școala Gimnazială „Ion Creangă”, Cordău",4.11,4.26,3.98,11
Bihor,"Școala Gimnazială „Nicolae Bogdan”, Vașcău",4.1,4.47,3.74,8
Bihor,"Școala Gimnazială Nr. 3, Galoșpetreu",4.1,2.9,4.2,6
Bihor,"Școala Gimnazială Nr. 1, Sâmbăta",4.0,4.0,4.0,2
Bihor,"Școala Gimnazială „Balaskó Nándor”, Sălacea",4.0,2.18,3.59,10
Bihor,"Școala Gimnazială Nr. 1, Beznea",3.96,4.25,3.67,8
Bihor,"Școala Gimnazială Nr. 1, Tărian",3.81,4.03,3.59,20
Bihor,"Școala Gimnazială „Toldy”, Sânnicolau de Munte",3.77,2.89,3.73,12
Bihor,"Școala Gimnazială Nr. 2, Șerghiș",3.73,3.47,4.0,3
Bihor,"Școala Gimnazială Nr. 1, Căpâlna",3.7,4.53,2.88,4
Bihor,"Școala Gimnazială „Lucreția Suciu”, Oradea",3.69,3.2,3.26,8
Bihor,"Școala Gimnazială Nr. 2, Bogei",3.64,3.8,3.48,12
Bihor,Centrul Școlar de Educație Incluzivă „Bonitas” Salonta,3.58,2.83,3.38,3
Bihor,"Școala Gimnazială Nr. 2, Tămașda",3.57,3.37,3.53,13
Bihor,"Școala Gimnazială Nr. 1, Lunca",3.57,3.97,3.18,4
Bihor,"Școala Gimnazială Nr. 1, Sânnicolau Român",3.55,3.71,3.39,28
Bihor,"Școala Gimnazială Nr. 3, Calea Mare",3.46,3.43,3.5,3
Bihor,"Școala Gimnazială Nr. 2, Tășad",3.39,2.62,3.54,14
Bihor,"Școala Gimnazială „Puiu Sever”, Ineu",3.39,3.28,3.5,11
Bihor,"Școala Gimnazială Nr. 2, Țețchea",3.38,3.61,3.15,8
Bihor,Centrul Școlar de Educație Incluzivă „Orizont” Oradea,3.32,3.15,3.5,2
Bihor,Centrul Școlar de Educație Incluzivă „Orizont” Tileagd,3.32,2.43,4.2,3
Bihor,"Școala Gimnazială Nr. 1, Săcădat",3.27,3.3,3.25,6
Bihor,"Școala Gimnazială „Ioan Slavici”, Oradea",3.23,3.0,3.34,29
Bihor,"Școala Gimnazială Nr. 1, Cheț",3.23,1.75,3.14,9
Bihor,"Școala Gimnazială Nr. 2, Bucuroaia",3.2,2.88,3.53,2
Bihor,"Școala Gimnazială Nr. 2, Ioaniș",3.16,3.21,3.04,19
Bihor,"Școala Gimnazială „Ovidiu Drimba”, Lugașu de Jos",3.13,3.24,3.03,30
Bihor,"Școala Gimnazială „Szent István”, Sâniob",3.02,2.39,2.84,13
Bihor,"Școala Gimnazială Nr. 1, Petreu",2.86,1.98,3.48,17
Bihor,"Școala Gimnazială Nr. 2, Gepiș",2.73,2.13,2.75,13
Bihor,"Școala Gimnazială „Irinyi József”, Albiș",2.68,1.56,2.76,13
Bihor,"Școala Gimnazială Nr. 1, Cubulcut",2.68,1.65,2.68,5
Bihor,"Școala Gimnazială Nr. 1, Vășad",2.62,2.07,3.17,8
Bihor,Centrul Școlar de Educație Incluzivă Nr.1 Popești,2.47,2.43,2.51,11
Bihor,Centrul Școlar de Educație Incluzivă Marghita,2.12,1.75,2.5,4
Bistrița-Năsăud,Școala Gimnazială Sfera,8.42,8.48,8.36,7
Bistrița-Năsăud,Școala Profesională Târlișua,7.98,8.3,7.67,6
Bistrița-Năsăud,"Liceul Creștin „Logos”, Bistrița",7.9,7.74,8.05,62
Bistrița-Năsăud,"Colegiul Național „Liviu Rebreanu”, Bistrița",7.85,7.81,7.77,88
Bistrița-Năsăud,"Școala Gimnazială „Avram Iancu”, Bistrița",7.78,7.98,7.59,82
Bistrița-Năsăud,"Școala Gimnazială, Livezile",7.74,8.39,7.1,19
Bistrița-Năsăud,"Colegiul Național „Andrei Mureșanu”, Bistrița",7.56,7.74,7.28,79
Bistrița-Năsăud,"Școala Gimnazială Nr. 1, Bistrița",7.46,7.81,7.12,125
Bistrița-Năsăud,Școala Gimnazială Agrieș,7.41,7.24,7.59,7
Bistrița-Năsăud,"Liceul Tehnologic „Liviu Rebreanu”, Maieru",7.33,7.41,7.26,66
Bistrița-Năsăud,"Școala Gimnazială „Enea Grapini”, Șanț",7.29,7.15,7.43,33
Bistrița-Năsăud,"Școala Gimnazială „Iacob și Ioachim Mureșanu”, Rebrișoara",7.23,7.06,7.41,26
Bistrița-Năsăud,"Școala Gimnazială „Ștefan cel Mare”, Bistrița",7.18,7.22,7.14,101
Bistrița-Năsăud,"Colegiul Național „Petru Rareș”, Beclean",7.17,7.13,7.21,58
Bistrița-Năsăud,"Liceul Teoretic „Radu Petrescu”, Prundu Bârgăului",7.14,7.37,6.9,63
Bistrița-Năsăud,"Școala Gimnazială „Mihai Eminescu”, Năsăud",7.03,6.95,7.08,61
Bistrița-Năsăud,"Școala Gimnazială „Grigore Silași”, Beclean",6.85,7.36,6.15,69
Bistrița-Năsăud,"Școala Gimnazială Nr. 2, Ilva Mică",6.79,6.86,6.72,11
Bistrița-Năsăud,Școala Gimnazială Gersa,6.79,6.74,6.84,7
Bistrița-Năsăud,Liceul Tehnologic Feldru,6.78,6.87,6.71,29
Bistrița-Năsăud,Școala Gimnazială Mărișelu,6.78,7.54,6.02,14
Bistrița-Năsăud,"Școala Gimnazială „Iustin Ilieșiu”, Anieș",6.77,7.04,6.51,24
Bistrița-Năsăud,"Colegiul Național „George Coșbuc”, Năsăud",6.76,7.14,6.39,23
Bistrița-Năsăud,"Școala Gimnazială, Miceștii de Câmpie",6.75,6.85,6.65,3
Bistrița-Năsăud,"Liceul Tehnologic „Ion Căian Romanul”, Căianu Mic",6.73,6.68,6.78,17
Bistrița-Năsăud,"Școala Gimnazială „Vasile Scurtu”, Parva",6.71,6.97,6.45,23
Bistrița-Năsăud,Școala Gimnazială Dumitra,6.7,7.13,6.26,33
Bistrița-Năsăud,"Școala Gimnazială Nr. 4, Bistrița",6.58,6.8,6.37,53
Bistrița-Năsăud,"Școala Gimnazială, Sânmihaiu de Câmpie",6.54,6.4,6.08,8
Bistrița-Năsăud,"Școala Gimnazială „Sever Pop”, Poiana Ilvei",6.54,7.1,5.99,13
Bistrița-Năsăud,"Școala Gimnazială, Sebiș",6.51,6.95,6.07,12
Bistrița-Năsăud,Școala Gimnazială „Romuli”,6.48,6.82,6.15,12
Bistrița-Năsăud,"Școala Gimnazială „George Coșbuc”, Coșbuc",6.47,6.85,6.09,12
Bistrița-Năsăud,"Liceul de Muzică „Tudor Jarda”, Bistrița",6.46,6.93,5.99,23
Bistrița-Năsăud,"Școala Gimnazială „Grigore Herinean”, Galații Bistriței",6.45,6.83,6.07,10
Bistrița-Năsăud,Liceul Tehnologic Telciu,6.43,6.65,6.22,30
Bistrița-Năsăud,"Școala Gimnazială, Nușeni",6.43,6.87,5.99,13
Bistrița-Năsăud,"Școala Gimnazială „Lucian Blaga”, Bistrița",6.42,6.77,6.07,67
Bistrița-Năsăud,"Școala Gimnazială Nr. 1, Rebra",6.34,6.93,5.76,21
Bistrița-Năsăud,"Școala Gimnazială „Demian Nechiti”, Ilva Mică",6.32,6.64,6.01,12
Bistrița-Năsăud,"Școala Gimnazială „Artemiu Publiu Alexi”, Sângeorz-Băi",6.32,6.31,6.33,109
Bistrița-Năsăud,"Școala Gimnazială „Dariu Pop”, Măgura Ilvei",6.32,6.32,6.32,11
Bistrița-Năsăud,"Liceul Tehnologic „Florian Porcius”, Rodna",6.29,6.54,6.05,50
Bistrița-Năsăud,Școala Gimnazială „Matei”,6.26,6.77,4.95,5
Bistrița-Năsăud,"Școala Profesională „Tiberiu Morariu”, Salva",6.24,6.45,6.03,14
Bistrița-Năsăud,"Școala Gimnazială, Lunca Ilvei",6.23,6.4,6.06,15
Bistrița-Năsăud,"Școala Gimnazială Nr. 1, Leșu",6.22,6.32,6.12,17
Bistrița-Năsăud,Școala Gimnazială Cepari,6.17,6.72,5.64,12
Bistrița-Năsăud,Școala Gimnazială Cormaia,6.16,6.32,6.01,9
Bistrița-Năsăud,Școala Gimnazială Șieu,6.15,6.6,5.71,20
Bistrița-Năsăud,Școala Gimnazială Cireșoaia,6.08,5.53,5.14,14
Bistrița-Năsăud,"Școala Gimnazială, Silivașu de Câmpie",6.05,6.1,6.01,11
Bistrița-Năsăud,"Școala Gimnazială „Cardinal Iuliu Hossu”, Milaș",6.03,6.65,5.42,4
Bistrița-Năsăud,"Școala Gimnazială Nr. 2, Lunca Leșului",6.03,6.39,5.67,13
Bistrița-Năsăud,Școala Gimnazială Negrilești,6.0,5.99,6.01,14
Bistrița-Năsăud,Școala Gimnazială Dorolea,5.98,6.32,5.65,3
Bistrița-Năsăud,Școala Gimnazială Tureac,5.95,6.66,5.25,32
Bistrița-Năsăud,"Școala Gimnazială „Liviu Rebreanu”, Chiuza",5.95,6.35,5.55,9
Bistrița-Năsăud,"Școala Gimnazială, Urmeniș",5.92,6.43,5.41,13
Bistrița-Năsăud,"Școala Gimnazială Nr. 7, Bistrița",5.92,6.04,5.8,5
Bistrița-Năsăud,"Școala Gimnazială, Budacu de Sus",5.91,6.62,5.2,9
Bistrița-Năsăud,"Școala Gimnazială „Paul Tanco”, Monor",5.85,6.87,4.84,12
Bistrița-Năsăud,Liceul cu Program Sportiv Bistrița,5.83,6.14,5.52,32
Bistrița-Năsăud,Școala Gimnazială Pinticu,5.81,5.52,6.12,3
Bistrița-Năsăud,Școala Gimnazială Uriu,5.81,6.98,4.66,10
Bistrița-Năsăud,"Școala Gimnazială, Piatra Fântânele",5.8,5.97,5.63,3
Bistrița-Năsăud,Școala Gimnazială Tărpiu,5.76,6.68,4.86,10
Bistrița-Năsăud,"Școala Gimnazială „Aurel Rău”, Josenii Bârgăului",5.75,6.02,5.49,33
Bistrița-Năsăud,"Școala Gimnazială, Ocnița",5.75,5.02,6.01,8
Bistrița-Năsăud,Școala Gimnazială Șieu-Odorhei,5.64,5.98,5.29,18
Bistrița-Năsăud,"Liceul de Arte „Corneliu Baba”, Bistrița",5.63,5.88,5.38,17
Bistrița-Năsăud,Școala Gimnazială Șintereag,5.57,6.28,4.86,14
Bistrița-Năsăud,Școala Gimnazială Șieuț,5.55,6.13,4.98,11
Bistrița-Năsăud,Școala Gimnazială Șieu-Măgheruș,5.54,5.99,5.11,10
Bistrița-Năsăud,"Liceul Teoretic „Constantin Romanu Vivu”, Teaca",5.51,5.69,5.33,21
Bistrița-Năsăud,"Școala Gimnazială, Spermezeu",5.42,6.45,4.39,19
Bistrița-Năsăud,"Școala Gimnazială „Viorel Nimigeanu”, Nimigea de Jos",5.4,5.76,5.03,33
Bistrița-Năsăud,"Școala Gimnazială, Cristeștii Ciceului",5.38,5.94,4.82,10
Bistrița-Năsăud,"Școala Gimnazială Nr. 1, Bistrița Bârgăului",5.36,5.86,4.86,15
Bistrița-Năsăud,Școala Gimnazială Ilva Mare,5.35,5.88,4.83,16
Bistrița-Năsăud,"Școala Gimnazială „Ioan S. Pavelea”, Runcu Salvei",5.35,5.11,5.59,13
Bistrița-Năsăud,Școala Gimnazială Dobric,5.34,5.67,5.01,10
Bistrița-Năsăud,Școala Gimnazială Ciceu-Giurgești,5.31,5.94,4.68,6
Bistrița-Năsăud,Școala Gimnazială Dumitrița,5.29,5.73,4.85,6
Bistrița-Năsăud,"Școala Gimnazială, Budacu de Jos",5.22,5.64,4.8,14
Bistrița-Năsăud,"Școala Gimnazială „Iuliu Prodan”, Chiochiș",5.17,5.89,4.44,14
Bistrița-Năsăud,Școala Gimnazială Petriș,5.11,5.55,4.69,20
Bistrița-Năsăud,"Școala Gimnazială, Mureșenii Bârgăului",5.07,5.21,4.93,16
Bistrița-Năsăud,Școala Gimnazială Budești,5.06,5.48,4.66,6
Bistrița-Năsăud,"Școala Gimnazială Nr. 2, Bistrița Bârgăului",5.0,5.53,4.47,15
Bistrița-Năsăud,"Școala Gimnazială „Petru Rareș”, Ciceu-Mihăiești",4.85,5.14,4.57,8
Bistrița-Năsăud,"Școala Gimnazială „Ion Pop Reteganul”, Reteag",4.81,5.24,4.38,22
Bistrița-Năsăud,Școala Gimnazială „Gavril Istrate Nepos”,4.78,4.78,4.78,17
Bistrița-Năsăud,Liceul Tehnologic Lechința,4.75,4.8,4.35,33
Bistrița-Năsăud,"Școala Gimnazială „Vasile Grigore Borgovan”, Corvinești",4.73,4.89,4.59,7
Bistrița-Năsăud,"Școala Gimnazială, Poienile Zagrei",4.4,4.77,4.04,13
Bistrița-Năsăud,"Școala Gimnazială „Nicolae Drăganu”, Zagra",4.37,4.62,4.12,23
Bistrița-Năsăud,Școala Gimnazială Viile Tecii,3.5,3.63,3.38,12
Bistrița-Năsăud,Școala Gimnazială Valea Spinului,2.49,1.75,3.13,9
Botoșani,"Colegiul Național „Mihai Eminescu”, Botoșani",9.3,9.44,9.16,29
Botoșani,"Colegiul Național „A.T. Laurian”, Botoșani",8.78,8.95,8.61,26
Botoșani,"Școala Gimnazială Nr. 7, Botoșani",8.05,8.18,7.92,74
Botoșani,"Liceul Teoretic „Grigore Antipa”, Botoșani",7.96,8.33,7.6,31
Botoșani,"Școala Gimnazială Nr. 17, Botoșani",7.94,8.09,7.79,89
Botoșani,"Școala Gimnazială Nr. 13, Botoșani",7.89,7.91,7.88,37
Botoșani,"Școala Gimnazială „Grigore Antipa”, Botoșani",7.78,7.97,7.6,65
Botoșani,"Școala Gimnazială Nr. 10, Botoșani",7.65,7.88,7.43,71
Botoșani,"Liceul Pedagogic „Nicolae Iorga”, Botoșani",7.52,7.83,7.23,59
Botoșani,"Școala Gimnazială „Spiru Haret”, Dorohoi",7.51,7.72,7.31,56
Botoșani,"Școala Gimnazială „Cornerstone” - Filiala Asociației Hope For The Children International, Dorohoi",7.47,7.98,6.97,16
Botoșani,"Școala Gimnazială „Mihail Kogălniceanu”, Dorohoi",7.47,7.85,7.09,57
Botoșani,"Școala Gimnazială Nr. 11, Botoșani",7.4,7.54,7.27,82
Botoșani,"Liceul Tehnologic „Ștefan cel Mare și Sfânt”, Vorona",7.15,7.55,6.76,23
Botoșani,"Școala Gimnazială „Elena Rareș”, Botoșani",7.12,7.29,6.97,60
Botoșani,"Școala Gimnazială „Leon Dănăilă”, Darabani",7.11,7.18,7.05,54
Botoșani,"Școala Gimnazială „Ion Bojoi”, Flamânzi",6.92,6.96,6.88,17
Botoșani,"Școala Gimnazială Nr. 1, Vlădeni",6.91,6.99,6.83,18
Botoșani,"Școala Gimnazială „Dan Iordachescu”, Hlipiceni",6.89,7.63,6.16,13
Botoșani,"Școala Gimnazială Nr. 3, Mîndrești-Vlădeni",6.87,7.2,6.54,13
Botoșani,"Școala Gimnazială „Ioan Cernat”, Havirna",6.86,7.16,6.57,29
Botoșani,"Școala Gimnazială „Gh. Popovici”, Lozna",6.85,6.82,6.88,14
Botoșani,"Liceul de Artă „Ștefan Luchian”, Botoșani",6.84,7.03,6.65,52
Botoșani,"Școala Gimnazială Nr. 1, Răchiți",6.7,6.99,6.41,14
Botoșani,"Școala Gimnazială Nr. 1, Săveni",6.69,7.22,6.17,41
Botoșani,"Școala Gimnazială „Luca Arbore”, Vorona Mare",6.68,7.21,6.16,14
Botoșani,"Școala Gimnazială Nr. 1, Hudești",6.66,6.58,6.75,15
Botoșani,"Școala Gimnazială Nr. 12, Botoșani",6.65,6.92,6.39,53
Botoșani,"Școala Gimnazială „Petre Suster”, Costești",6.6,7.16,6.06,11
Botoșani,"Școala Gimnazială „Alexandru Ioan Cuza”, Dorohoi",6.6,6.81,6.4,32
Botoșani,"Școala Gimnazială Nr. 1, Prajeni",6.4,6.62,6.19,25
Botoșani,"Școala Gimnazială „Ștefan cel Mare”, Botoșani",6.4,6.66,6.14,60
Botoșani,"Școala Gimnazială „Episcop Doctor Partenie Ciopron”, Păltiniș",6.39,6.59,6.2,12
Botoșani,"Școala Gimnazială „Mihai Munteanu”, Cordăreni",6.38,6.56,6.22,11
Botoșani,"Școala Gimnazială Prof. „Octavian Ionescu”, Vorniceni",6.37,6.87,5.89,11
Botoșani,"Școala Gimnazială „Nicolae Iorga”, Dersca",6.37,6.66,6.08,20
Botoșani,"Liceul Tehnologic „Nicolae Bălcescu”, Flămânzi",6.35,6.67,5.92,29
Botoșani,"Școala Gimnazială „Gheorghe Coman”, Brăești",6.27,7.01,5.53,15
Botoșani,"Școala Gimnazială Nr. 1, Cristești",6.27,6.69,5.85,30
Botoșani,"Școala Gimnazială „Petru Rareș”, Cervicesti",6.25,6.71,5.78,13
Botoșani,"Școala Gimnazială Nr. 2, Oneaga",6.24,6.68,5.8,6
Botoșani,"Școala Gimnazială Nr. 1, Vorniceni",6.22,6.57,5.88,22
Botoșani,"Școala Gimnazială Nr. 1, Cândești",6.17,6.7,5.64,11
Botoșani,"Școala Gimnazială Nr. 2, Miletin",6.12,6.54,5.7,6
Botoșani,"Școala Gimnazială Nr. 1, Mileanca",6.11,5.86,6.36,13
Botoșani,"Școala Gimnazială „Teofil Vâlcu”, Hănești",6.06,6.24,5.88,10
Botoșani,"Școala Gimnazială Nr. 1, Sărăfinești",6.04,6.33,5.76,16
Botoșani,"Școala Gimnazială „Dimitrie Pompeiu”, Broscăuți",6.0,6.71,5.3,11
Botoșani,"Școala Gimnazială „Gh. Hazgan”, Vârfu-Câmpului",6.0,6.28,5.72,12
Botoșani,"Școala Gimnazială Nr. 1, Sulița",5.99,6.72,5.27,16
Botoșani,"Școala Gimnazială Nr. 1, Blândești",5.98,6.31,5.65,14
Botoșani,"Școala Profesională „Gheorghe Burac”, Vlăsinești",5.95,6.38,5.53,10
Botoșani,"Școala Gimnazială Nr. 2, Drăxini",5.93,6.02,5.84,13
Botoșani,"Școala Gimnazială Nr. 2, Dumeni",5.9,7.04,4.76,10
Botoșani,"Școala Gimnazială „Academician Alexandru Zub”, Vârfu Câmpului",5.9,6.08,5.72,14
Botoșani,"Școala Gimnazială Nr. 3, Iezer",5.88,6.07,5.7,11
Botoșani,"Școala Gimnazială Nr. 1, Dorohoi",5.85,6.18,5.53,21
Botoșani,"Școala Gimnazială „Alexandru cel Bun”, Icușeni",5.83,6.09,5.58,11
Botoșani,"Școala Gimnazială Nr. 1, Unteni",5.82,6.08,5.57,22
Botoșani,"Școala Gimnazială Nr. 1, Bajura Darabani",5.78,6.35,5.22,10
Botoșani,"Școala Gimnazială „Mihai Eminescu”, Ipotesti",5.78,6.05,5.51,16
Botoșani,"Școala Gimnazială „Ioan Murariu”, Cristinești",5.77,6.76,4.79,13
Botoșani,"Școala Gimnazială „Dimitrie Brândză”, Viișoara",5.76,5.88,5.65,7
Botoșani,"Școala Gimnazială Nr. 1, Stiubieni",5.75,6.39,5.12,12
Botoșani,"Școala Gimnazială „Mihail Sturdza”, Flămânzi",5.74,6.17,5.32,11
Botoșani,"Școala Gimnazială Nr. 1, Concești",5.73,5.71,5.75,18
Botoșani,"Școala Gimnazială Nr. 1, Trușești",5.72,5.98,5.47,55
Botoșani,"Școala Gimnazială Nr. 1, Vlădeni-Deal",5.72,5.94,5.51,16
Botoșani,"Școala Gimnazială Nr. 1, Văculești",5.72,6.13,5.3,12
Botoșani,"Școala Gimnazială Nr. 1, Orășeni-Deal",5.71,5.96,5.48,12
Botoșani,"Liceul Teoretic „Anastasie Bașotă”, Pomârla",5.71,5.87,5.56,21
Botoșani,"Școala Gimnazială Nr. 1, Dângeni",5.71,6.84,4.58,10
Botoșani,"Școala Gimnazială Nr. 1, Ungureni",5.7,6.09,5.32,20
Botoșani,Liceul Tehnologic Coțușca,5.7,6.93,4.47,23
Botoșani,"Școala Gimnazială Nr. 3, Rădeni",5.65,6.23,5.07,13
Botoșani,"Școala Gimnazială Nr. 2, Guranda",5.65,6.09,5.2,10
Botoșani,"Școala Gimnazială „Tiberiu Crudu”, Tudora",5.61,5.98,5.24,42
Botoșani,"Școala Gimnazială Nr. 1, Corlăteni",5.61,5.87,5.35,11
Botoșani,Liceul Tehnologic Bucecea,5.59,5.84,5.35,24
Botoșani,"Școala Gimnazială Nr. 1, Leorda",5.59,5.76,5.43,9
Botoșani,"Școala Gimnazială Nr. 1, Mihălășeni",5.59,6.21,4.97,23
Botoșani,"Școala Gimnazială „Octav Băncilă”, Corni",5.59,5.62,5.55,55
Botoșani,"Școala Gimnazială Nr. 1, Călărași",5.58,6.48,4.7,28
Botoșani,"Școala Gimnazială Nr. 1, Catamărești-Deal",5.58,5.91,5.25,13
Botoșani,"Școala Gimnazială Nr. 1, Nicseni",5.57,6.3,4.85,10
Botoșani,Liceul Tehnologic Todireni,5.55,6.34,4.77,18
Botoșani,"Școala Gimnazială Nr. 1, Avrămeni",5.55,5.91,5.19,17
Botoșani,"Școala Gimnazială Nr. 4, Storești Frumușica",5.53,6.12,4.94,14
Botoșani,"Școala Gimnazială Nr. 1, Copălău",5.52,5.48,5.57,24
Botoșani,"Școala Gimnazială Nr. 2, Panaitoaia",5.5,5.95,5.06,16
Botoșani,"Școala Gimnazială Nr.1, Dobirceni",5.5,6.0,5.0,15
Botoșani,"Școala Gimnazială Nr. 1, Roma",5.5,5.78,5.22,23
Botoșani,"Școala Gimnazială „Raluca Iurascu”, Joldești",5.44,5.73,5.16,13
Botoșani,"Școala Gimnazială Nr. 1, Stăuceni",5.41,5.71,5.13,10
Botoșani,"Școala Gimnazială Nr. 2 „Tudor Vladimirescu”, Albești",5.39,6.11,4.56,32
Botoșani,"Școala Gimnazială Nr. 2, Negreni",5.37,5.58,5.16,5
Botoșani,"Școala Gimnazială Nr. 2, Miorcani",5.36,5.42,5.32,17
Botoșani,"Școala Gimnazială Nr. 1, Tudora",5.34,5.09,5.59,14
Botoșani,"Școala Gimnazială Nr. 2, Vinatori",5.32,5.52,5.13,10
Botoșani,"Școala Gimnazială Nr. 1, Rădăuți-Prut",5.31,5.73,4.9,10
Botoșani,"Liceul „Ștefan D. Luchian”, Ștefănești",5.26,5.81,4.56,45
Botoșani,"Școala Gimnazială „Maria Enescu Cosmovici”, Mihăileni",5.21,5.88,4.53,12
Botoșani,Liceul Tehnologic Plopenii Mari,5.2,5.29,5.1,25
Botoșani,"Școala Gimnazială „Mihail Sadoveanu”, Dumbrăvița",5.17,5.88,4.46,19
Botoșani,"Școala Gimnazială Nr. 1, Albești",5.13,5.73,4.55,23
Botoșani,"Școala Gimnazială Nr. 1, Bălușeni",5.11,5.25,4.98,15
Botoșani,"Școala Gimnazială „Sfânta Maria”, Botoșani",5.11,5.29,4.93,13
Botoșani,Liceul cu Program Sportiv Botoșani,5.1,5.25,4.95,74
Botoșani,"Școala Gimnazială Nr. 1, Durnești",5.09,5.52,4.67,15
Botoșani,"Școala Gimnazială „Patriarh Teoctist”, Tocileni",5.09,5.12,5.07,13
Botoșani,"Școala Gimnazială „Petru Zamfirescu”, Prisăcani",5.07,5.76,4.4,11
Botoșani,"Școala Gimnazială Nr. 2, Vatra Hudești",5.06,5.06,5.07,11
Botoșani,"Școala Gimnazială Nr. 1, Gorbanesti",5.04,5.16,4.92,32
Botoșani,"Școala Gimnazială Nr. 1, Lunca",5.02,5.35,4.7,26
Botoșani,"Școala Gimnazială „Alecu Ivan Ghilea”, Sendriceni",5.0,5.16,4.85,24
Botoșani,"Școala Profesională „Sfântul Ap. Andrei”, Smîrdan",4.93,5.21,4.65,20
Botoșani,"Școala Gimnazială Nr. 2, Hiliseu-Crișan",4.91,5.16,4.66,7
Botoșani,"Școala Gimnazială Nr. 4, Fundu Hertii",4.89,5.37,4.41,13
Botoșani,"Școala Gimnazială Nr. 4, Baranca Hudești",4.85,4.98,4.73,28
Botoșani,"Școala Gimnazială „Constantin Comicescu”, Flamânzi",4.85,5.08,4.63,17
Botoșani,"Școala Gimnazială Nr. 1, Dumeni",4.74,5.08,4.4,11
Botoșani,"Școala Gimnazială Nr. 2, Iacobeni",4.69,5.75,3.63,15
Botoșani,"Școala Gimnazială Nr. 1, Ripiceni",4.6,4.99,4.21,15
Botoșani,"Școala Gimnazială Nr. 1, Dimacheni",4.56,4.47,4.65,18
Botoșani,"Școala Gimnazială Nr. 1, Romanesti",4.51,4.3,4.74,23
Botoșani,"Școala Gimnazială „Nicolae Călinescu”, Coșula",4.51,5.16,3.87,29
Botoșani,"Școala Gimnazială Nr. 1, Hiliseu-Horia",4.5,4.73,4.28,4
Botoșani,"Școala Gimnazială Nr. 1, Adășeni",4.48,5.08,3.88,9
Botoșani,"Școala Gimnazială „Sfântul Nicolae”, Botoșani",4.46,4.31,4.42,10
Botoșani,"Școala Gimnazială Nr. 1, Manoleasa",4.38,4.57,4.19,31
Botoșani,"Școala Gimnazială Nr. 1, Suharău",4.34,3.99,4.69,9
Botoșani,"Școala Gimnazială Nr. 2, Bogdănești",4.33,4.72,3.96,12
Botoșani,"Școala Gimnazială „Mihai Constantineanu”, Dorobanți",4.23,4.94,3.52,11
Botoșani,"Școala Gimnazială „Aristotel Crismaru”, Drăgușeni",4.23,4.61,3.85,15
Botoșani,"Școala Gimnazială Nr. 2, Victoria Hlipiceni",4.12,4.57,3.67,13
Botoșani,"Școala Gimnazială Nr. 1, Răuseni",4.07,4.42,3.51,17
Botoșani,"Școala Gimnazială Nr. 1, Mitoc",3.77,4.26,3.29,9
Botoșani,"Școala Gimnazială Nr. 1, Santa Mare",3.46,3.69,3.42,12
Botoșani,"Școala Gimnazială „Ștefan cel Mare”, Dorohoi",3.29,2.91,3.67,8
Botoșani,"Școala Gimnazială Nr. 2, Botoșani",3.23,2.96,3.25,9
Brașov,"Colegiul Național „Andrei Șaguna”, Brașov",9.5,9.53,9.47,27
Brașov,"Colegiul Național „Dr. Ioan Meșotă”, Brașov",9.4,9.38,9.42,29
Brașov,"Colegiul Național de Informatică „Gr. Moisil”, Brașov",9.13,9.08,9.18,27
Brașov,"Colegiul de Științe ale Naturii „Emil Racoviță”, Brașov",9.01,9.07,8.95,30
Brașov,"Colegiul Național „Unirea”, Brașov",8.94,9.01,8.88,29
Brașov,"Colegiul de Științe „Grigore Antipa”, Brașov",8.86,8.93,8.79,30
Brașov,"Colegiul Național „Johannes Honterus”, Brașov",8.35,8.24,8.18,105
Brașov,"Școala Gimnazială Nr. 6 „Iacob Mureșianu”, Brașov",8.27,8.36,8.18,115
Brașov,"Școala Gimnazială, Fundata",8.17,8.35,8.0,1
Brașov,"Școala Gimnazială Nr. 12, Brașov",8.15,8.21,8.03,78
Brașov,"Liceul „Prems”, Brașov",8.12,8.18,8.07,21
Brașov,"Școala Gimnazială Nr. 5, Brașov",8.08,8.15,8.01,104
Brașov,"Școala Gimnazială Nr. 19, Brașov",7.93,8.01,7.86,115
Brașov,"Școala Gimnazială Nr. 25, Brașov",7.87,8.05,7.69,89
Brașov,"Școala Gimnazială Nr. 8, Brașov",7.86,7.98,7.74,83
Brașov,"Școala Gimnazială, Lunca Câlnicului",7.84,8.06,7.63,26
Brașov,"Școala Gimnazială Nr. 30, Brașov",7.8,8.02,7.6,124
Brașov,"Școala Gimnazială, Cristian",7.78,7.62,7.94,38
Brașov,Școala Gimnazială Liberă „Waldorf Sophia” Brașov,7.77,7.7,7.86,16
Brașov,"Școala Gimnazială Nr. 27 „Anatol Ghermanschi”, Brașov",7.73,7.8,7.62,115
Brașov,"Colegiul Național „Aprily Lajos”, Brașov",7.67,7.79,6.96,23
Brașov,"Școala Gimnazială Nr. 2 „Diaconu Coresi”, Brașov",7.66,7.8,7.45,138
Brașov,Școala Montessori Brașov,7.6,7.63,7.58,5
Brașov,Școala Gimnazială Măgura,7.58,7.31,7.85,5
Brașov,"Școala Gimnazială Nr. 11 „Ștefan Octavian Iosif”, Brașov",7.57,7.76,7.39,142
Brașov,"Școala Gimnazială Nr. 1, Brașov",7.53,7.6,7.46,105
Brașov,"Școala Gimnazială, Moieciu de Jos",7.51,7.59,7.43,25
Brașov,"Școala Gimnazială Nr. 3 „Gheorghe Lazăr”, Brașov",7.51,7.83,7.19,74
Brașov,Școala Gimnazială Șimon,7.41,7.08,7.75,2
Brașov,"Școala Gimnazială Nr. 3, Codlea",7.4,7.84,6.97,63
Brașov,"Școala Gimnazială „Peter Thal”, Râșnov",7.4,7.73,7.06,89
Brașov,"Colegiul „Nicolae Titulescu”, Brașov",7.4,7.42,7.38,32
Brașov,"Școala Gimnazială Nr. 4, Zărnești",7.35,7.3,7.41,11
Brașov,"Școala Gimnazială Nr. 1, Făgăraș",7.32,7.48,7.17,103
Brașov,Școala Gimnazială Sânpetru,7.31,7.58,7.05,37
Brașov,"Liceul Vocational de Muzică „Tudor Ciortea”, Brașov",7.28,7.54,7.03,31
Brașov,"Școala Gimnazială Nr. 13, Brașov",7.26,7.27,7.25,92
Brașov,Școala Gimnazială Șinca Nouă,7.25,7.05,7.16,15
Brașov,"Școala Gimnazială Nr. 9 „Nicolae Orghidan”, Brașov",7.23,7.39,7.08,79
Brașov,"Școala Gimnazială Nr. 4, Brașov",7.21,7.53,6.9,27
Brașov,"Liceul „Andrei Mureșanu”, Brașov",7.17,7.3,7.04,74
Brașov,"Școala Gimnazială „Mihai Eminescu”, Hărman",7.1,7.46,6.74,22
Brașov,"Liceul Teoretic „George Moroianu”, Săcele",7.07,7.3,6.68,78
Brașov,"Liceul Teoretic „Ioan Pascu”, Codlea",7.07,7.35,6.69,50
Brașov,"Liceul Teoretic „I.C. Drăgușanu”, Victoria",7.06,7.34,6.79,47
Brașov,"Școala Gimnazială Nr. 1, Poiana Mărului",7.05,7.54,6.57,31
Brașov,"Școala Gimnazială „Ovid Densușianu”, Făgăraș",7.01,7.47,6.56,101
Brașov,"Școala Gimnazială Nr. 14 „Sfântul Bartolomeu”, Brașov",6.98,7.4,6.57,78
Brașov,"Școala Gimnazială „Sfinții Brâncoveni”, Sâmbăta de Sus",6.98,7.25,6.72,13
Brașov,"Școala Gimnazială Nr. 16, Brașov",6.96,7.33,6.59,21
Brașov,"Școala Gimnazială Nr. 4 „Frații Popeea”, Săcele",6.94,7.4,6.48,45
Brașov,"Colegiul Tehnic „Mircea Cristea”, Brașov",6.89,6.96,6.82,31
Brașov,Școala Gimnazială Ghimbav,6.86,7.29,6.44,58
Brașov,"Școala Gimnazială Nr. 3 „Pompiliu Dan”, Zărnești",6.85,7.08,6.63,17
Brașov,Liceul cu Program Sportiv Brașov,6.84,6.78,6.91,18
Brașov,"Școala Gimnazială, Moieciu de Sus",6.84,7.35,6.33,5
Brașov,"Liceul Vocational de Arte Plastice „Hans Mattis-Teutsch”, Brașov",6.84,7.09,6.59,35
Brașov,"Liceul „Sextil Pușcariu”, Bran",6.79,6.75,6.83,20
Brașov,"Liceul Teoretic „Zajzoni Rab István”, Săcele",6.76,6.75,5.76,14
Brașov,Școala Gimnazială Prejmer,6.74,7.41,6.07,22
Brașov,"Școala Gimnazială Nr. 15, Brașov",6.72,6.94,6.34,72
Brașov,"Liceul Teoretic „Mitropolit Ioan Metianu”, Zărnești",6.7,6.71,6.7,57
Brașov,"Școala Gimnazială, Dumbrăvița",6.67,6.83,6.51,18
Brașov,"Școala Gimnazială Nr. 31, Brașov",6.61,6.97,6.25,43
Brașov,"Școala Gimnazială, Vulcan",6.6,7.02,6.18,45
Brașov,"Școala Gimnazială Nr. 1 „Gheorghe Crăciun”, Zărnești",6.55,7.02,6.09,46
Brașov,"Colegiul Național „Doamna Stanca”, Făgăraș",6.52,6.89,6.34,50
Brașov,Școala Gimnazială „Regele Mihai I” Bod,6.43,6.67,6.2,21
Brașov,"Liceul Teoretic „Mihail Săulescu”, Predeal",6.29,6.45,6.13,17
Brașov,"Școala Gimnazială, Purcăreni",6.13,6.56,5.71,20
Brașov,"Școala Gimnazială, Hălchiu",6.12,6.33,5.9,45
Brașov,"Școala Gimnazială „Prof. Dr. Ioan Cerghit”, Hârseni",6.08,5.94,6.22,14
Brașov,"Școala Gimnazială, Șercaia",6.07,6.5,5.64,11
Brașov,"Școala Gimnazială, Drăușeni",6.03,5.2,6.09,4
Brașov,"Școala Gimnazială „Gheorghe Șincai”, Șinca Veche",6.02,5.25,6.8,8
Brașov,"Școala Gimnazială „I. C. Drăgușanu”, Drăguș",6.02,6.41,5.63,18
Brașov,"Liceul „Petru Rareș”, Feldioara",5.93,6.21,5.66,32
Brașov,"Școala Gimnazială Nr. 3, Râșnov",5.9,5.92,5.88,45
Brașov,"Școala Gimnazială Nr. 2, Codlea",5.85,6.36,5.35,28
Brașov,"Școala Gimnazială, Hoghiz",5.78,5.33,5.68,22
Brașov,"Școala Gimnazială, Vama Buzăului",5.73,6.32,5.15,28
Brașov,"Colegiul Tehnic Energetic „Remus Răduleț”, Brașov",5.62,5.96,5.28,17
Brașov,Școala Gimnazială Teliu,5.6,5.75,5.25,49
Brașov,"Școala Gimnazială „General Ioan Boeriu”, Recea",5.49,5.5,5.48,18
Brașov,"Liceul Teologic Ortodox „Sf. Constantin Brâncoveanu”, Făgăraș",5.37,5.87,4.87,16
Brașov,"Școala Gimnazială, Homorod",5.33,5.87,4.79,15
Brașov,"Școala Gimnazială „Apáczai Csere János”, Apața",5.3,5.78,4.39,26
Brașov,Școala Gimnazială Vlădeni,5.29,6.01,4.58,4
Brașov,"Școala Gimnazială, Ucea de Jos",5.24,5.53,4.95,16
Brașov,"Școala Gimnazială, Holbav",5.19,5.31,5.07,12
Brașov,Școala Gimnazială Mândra,5.03,5.3,4.77,4
Brașov,"Școala Gimnazială, Rupea",5.0,5.45,4.26,48
Brașov,"Școala Gimnazială Nr. 7, Făgăraș",4.88,4.96,4.8,17
Brașov,"Școala Gimnazială, Cața",4.85,4.27,5.36,16
Brașov,"Școala Gimnazială, Perșani",4.82,3.59,6.05,19
Brașov,"Școala Gimnazială Nr. 2 „Academician Nicolae Zamfir”, Zărnești",4.81,5.24,4.38,22
Brașov,Școala Gimnazială Comăna de Jos,4.73,5.26,4.21,11
Brașov,Școala Gimnazială „Lisa”,4.71,4.54,4.89,8
Brașov,"Școala Gimnazială Nr. 1, Râșnov",4.69,4.54,4.85,8
Brașov,Școala Gimnazială Crihalma,4.53,5.01,4.06,9
Brașov,"Școala Gimnazială „Aron Pumnul”, Cuciulata",4.47,4.72,4.24,23
Brașov,Școala Gimnazială Părău,4.47,4.61,4.33,16
Brașov,Școala Gimnazială Șercăița,4.43,3.33,5.53,6
Brașov,"Școala Gimnazială „Bethlen Samuel”, Racoș",4.4,4.06,3.87,29
Brașov,Școala Gimnazială Măieruș,4.38,4.72,3.93,27
Brașov,"Școala Gimnazială, Satu Nou",4.36,3.65,4.0,3
Brașov,Școala Gimnazială Cincu,4.35,4.45,4.26,15
Brașov,Școala Gimnazială Augustin,4.22,4.72,3.66,25
Brașov,Școala Gimnazială Bărcut,4.16,4.37,3.95,6
Brașov,Școala Gimnazială Tărlungeni,4.12,4.04,3.81,30
Brașov,Școala Gimnazială Voila,4.11,4.52,3.71,9
Brașov,Școala Gimnazială Șoarș,4.1,4.65,3.55,11
Brașov,"Școala Gimnazială Nr. 1, Săcele",4.05,4.16,3.94,21
Brașov,Școala Gimnazială Bunești,4.0,4.26,3.75,17
Brașov,"Școala Gimnazială, Jibert",3.93,4.35,3.52,15
Brașov,Școala Gimnazială Viștea de Jos,3.79,3.83,3.76,8
Brașov,"Școala Gimnazială, Ormeniș",3.61,3.34,3.52,16
Brașov,"Liceul Tehnologic „Victor Jinga”, Săcele",3.49,3.89,3.1,16
Brașov,Școala Gimnazială Zizin,3.35,3.28,3.42,49
Brașov,Școala Gimnazială Dăișoara,3.27,2.78,3.77,7
Brașov,"Școala Gimnazială Nr. 5, Săcele",3.13,3.01,3.25,44
Brașov,"Școala Gimnazială, Crizbav",3.09,3.33,2.85,25
Brașov,Școala Gimnazială Budila,3.07,2.94,3.19,49
Brașov,Școala Gimnazială Ticușu,3.07,2.94,3.2,12
Brașov,"Liceul Tehnologic „Aurel Vijoli”, Făgăraș",3.03,3.19,2.87,13
Brașov,Școala Gimnazială Ungra,2.82,2.73,2.92,13
Brașov,"Școala Gimnazială Nr. 4, Făgăraș",2.55,2.27,2.75,15
Brăila,Colegiul Național „Gheorghe Munteanu Murgoci”,8.94,8.96,8.92,28
Brăila,Colegiul Național „Nicolae Iorga”,8.45,8.32,8.59,29
Brăila,Colegiul Național „Nicolae Bălcescu”,8.24,8.41,8.08,23
Brăila,Școala Gimnazială „Fănuș Neagu”,8.21,8.5,7.92,81
Brăila,Școala Gimnazială „Ion Creangă”,8.2,8.46,7.94,74
Brăila,Colegiul Național Pedagogic „Dumitru Panaitescu Perpessicius”,8.14,8.43,7.85,50
Brăila,Școala Gimnazială „Alexandru Ioan Cuza”,7.79,8.09,7.5,57
Brăila,Școala Gimnazială „Ion Luca Caragiale”,7.74,7.96,7.52,43
Brăila,Școala Gimnazială „Mihu Dragomir”,7.72,7.82,7.63,46
Brăila,Școala Gimnazială „Mihai Eminescu”,7.63,8.03,7.23,96
Brăila,Școala Gimnazială „George Coșbuc”,7.55,7.72,7.39,24
Brăila,Școala Gimnazială „Dr. Luca”,7.45,7.61,7.29,16
Brăila,Colegiul Național „Ana Aslan”,7.44,7.6,7.29,48
Brăila,Școala Gimnazială „Mihai Viteazul”,7.37,7.42,7.32,19
Brăila,"Școala Gimnazială, Jirlău",7.34,7.26,7.18,19
Brăila,"Liceul Tehnologic „Nicolae Titulescu”, Însurăței",7.32,7.62,7.03,11
Brăila,Școala Gimnazială „Vlaicu Vodă”,7.22,7.43,7.02,34
Brăila,Școala Gimnazială „Gemenele”,7.13,7.59,6.67,10
Brăila,Școala Gimnazială „Dimitrie Cantemir”,7.04,7.37,6.71,31
Brăila,Școala Gimnazială „Vasile Alecsandri”,7.01,7.19,6.84,40
Brăila,Școala Gimnazială „Radu Tudoran”,7.01,7.13,6.9,30
Brăila,Școala Gimnazială „Ion Băncilă”,7.01,7.22,6.79,41
Brăila,Școala Gimnazială „Alexandru Vechiu”,6.72,7.09,6.36,17
Brăila,Școala Gimnazială Chiscani,6.7,7.13,6.27,14
Brăila,Școala Gimnazială Tichilești,6.65,6.71,6.6,16
Brăila,Școala Gimnazială Romanu,6.62,6.46,6.46,10
Brăila,Liceul de Arte „Hariclea Darclee”,6.6,7.06,6.15,49
Brăila,Școala Gimnazială „Aurel Vlaicu”,6.59,7.46,5.72,8
Brăila,"Școala Gimnazială Salcia, Tudor",6.52,6.6,6.19,18
Brăila,"Școala Gimnazială „Spiru Haret”, Însurăței",6.51,6.67,6.36,15
Brăila,Școala Gimnazială Unirea,6.51,6.9,6.13,4
Brăila,Școala Gimnazială „Ecaterina Teodoroiu”,6.49,6.71,6.27,28
Brăila,Școala Gimnazială „Mihail Kogălniceanu”,6.48,6.68,6.29,15
Brăila,Școala Gimnazială Movila Miresii,6.45,6.29,6.56,21
Brăila,Liceul Teoretic „George Valsan”,6.38,6.59,6.18,18
Brăila,Școala Gimnazială „General Stan Poetaș”,6.37,6.94,5.81,23
Brăila,Școala Gimnazială Bordei Verde,6.35,7.1,5.6,18
Brăila,Școala Gimnazială „Aleksandr Sergheevici Pușkin”,6.31,6.56,6.07,15
Brăila,Liceul Tehnologic „Nicolae Oncescu”,6.31,6.36,6.26,24
Brăila,Școala Gimnazială „Nicolae Grigore Mărășanu”,6.25,6.79,5.71,19
Brăila,Școala Gimnazială Victoria,6.21,5.95,6.47,15
Brăila,Școala Gimnazială „Sfântul Andrei”,6.2,6.61,5.79,15
Brăila,Școala Gimnazială „Nedelcu Chercea”,6.18,6.33,6.04,14
Brăila,Școala Gimnazială Tătaru,6.17,6.47,5.88,10
Brăila,Școala Gimnazială Bărăganul,6.17,6.09,6.26,14
Brăila,"Școala Gimnazială „Toma Tâmpeanu”, Galbenu",6.17,6.77,5.56,15
Brăila,Școala Gimnazială Râmnicelu,6.12,6.88,5.38,7
Brăila,"Școala Profesională „Anastase Simu”, Cireșu",6.11,6.6,5.62,13
Brăila,Școala Gimnazială Frecăței,6.09,5.39,6.78,18
Brăila,Liceul Teoretic „Constantin Angelescu”,6.06,6.48,5.64,34
Brăila,Școala Gimnazială Baldovinești,5.99,6.23,5.75,11
Brăila,"Școala Gimnazială, Drogu",5.96,6.31,5.62,14
Brăila,Școala Gimnazială Dudești,5.93,5.81,6.06,14
Brăila,Școala Gimnazială Berteștii de Jos,5.92,6.15,5.7,12
Brăila,Școala Gimnazială Traian,5.91,6.85,4.98,11
Brăila,Școala Gimnazială Stăncuța,5.89,6.43,5.35,10
Brăila,Școala Gimnazială „Vasile Băncilă”,5.84,6.8,4.88,12
Brăila,Școala Gimnazială „Cuza Vodă”,5.76,6.29,5.24,14
Brăila,Școala Gimnazială „Costache Grigore Șuțu”,5.75,5.78,5.73,17
Brăila,Liceul cu Program Sportiv,5.74,5.94,5.55,54
Brăila,"Școala Gimnazială „Petre Carp”, Tufești",5.74,6.17,5.32,28
Brăila,Școala Gimnazială Plopu,5.67,6.3,5.04,6
Brăila,Școala Gimnazială „Mihai Bravu”,5.66,5.14,6.19,13
Brăila,Școala Gimnazială Gropeni,5.57,6.31,4.83,18
Brăila,"Școala Gimnazială, Lanurile",5.56,6.11,5.02,10
Brăila,Școala Gimnazială Cazasu,5.39,5.1,5.68,5
Brăila,"Școala Gimnazială, Roșiori",5.37,5.39,5.36,15
Brăila,Școala Gimnazială Surdila-Găiseanca,5.32,5.45,5.2,14
Brăila,Școala Gimnazială Ciocile,5.29,5.46,5.13,17
Brăila,Școala Gimnazială Valea Cânepii,5.28,5.59,4.97,8
Brăila,"Școala Gimnazială, Siliștea",5.25,5.76,4.75,14
Brăila,Școala Gimnazială „Mircea cel Bătrân”,5.18,5.91,4.45,14
Brăila,Școala Gimnazială „Spiru Haret”,5.15,5.28,5.04,14
Brăila,Școala Gimnazială Vădeni,5.1,5.02,5.19,11
Brăila,"Liceul Tehnologic „Matei Basarab”, Măxineni",5.03,5.79,4.26,19
Brăila,Școala Gimnazială Viziru,4.96,5.49,4.44,17
Brăila,Școala Gimnazială „Mihail Sadoveanu”,4.94,5.24,4.4,8
Brăila,Școala Gimnazială Racovița,4.85,4.91,4.79,8
Brăila,Școala Gimnazială „Aurel Horneț”,4.67,4.49,4.84,10
Brăila,Școala Gimnazială Vișani,4.62,4.51,4.74,14
Brăila,Liceul Tehnologic „Anghel Saligny”,4.45,5.04,3.87,17
Brăila,Școala Profesională „Emil Drăgan”,4.2,4.94,3.46,8
Brăila,"Școala Gimnazială, Surdila Greci",4.16,4.1,4.23,6
Brăila,Școala Gimnazială „Anton Pann”,3.97,3.91,4.04,28
București,Colegiul Național „Gheorghe Lazăr”,9.5,9.5,9.51,29
București,Colegiul Național de Informatică „Tudor Vianu”,9.46,9.42,9.51,50
București,Colegiul Național „Grigore Moisil”,9.44,9.42,9.47,55
București,"Școala Gimnazială Metropolitană, Arc",9.38,9.45,9.31,23
București,Colegiul Național „Spiru Haret”,9.37,9.33,9.41,28
București,Colegiul Național „Cantemir Vodă”,9.35,9.46,9.24,29
București,Liceul Internațional Ioanid,9.31,9.39,9.23,42
București,Liceul Teoretic Școala Europeană București,9.28,9.44,9.14,73
București,Colegiul Național „I.L. Caragiale”,9.28,9.32,9.24,26
București,Liceul Teoretic Școala Mea,9.26,9.3,9.21,41
București,Școala Gimnazială SEB,9.22,9.2,9.25,11
București,Liceul Pedagogic „Anastasia Popescu”,9.18,9.19,9.18,51
București,Colegiul Național Bilingv „George Coșbuc”,9.17,9.2,9.14,86
București,Școala Primară „Little Genius”,9.16,9.26,9.06,9
București,"Școala Gimnazială „Helikon”, București",9.12,9.11,9.13,22
București,Școala Gimnazială „Copil Dorit”,9.09,9.03,9.14,9
București,Complexul Educațional Laude-Reut,9.05,9.04,9.07,44
București,Liceul European Bilingv,9.01,9.07,8.97,17
București,Liceul Teoretic „Sfinții Trei Ierarhi”,9.0,9.13,8.87,38
București,Școala Gimnazială „I. G. Duca”,8.99,8.95,9.02,116
București,Colegiul German „Goethe”,8.94,9.0,8.65,129
București,Școala Gimnazială Nr. 79,8.94,9.04,8.85,197
București,Școala Gimnazială „Step By Step”,8.9,8.86,8.95,15
București,Şcoala Gimnazială „Evrika”,8.85,9.04,8.67,19
București,Liceul Teoretic Național,8.83,8.83,8.83,19
București,Școala Gimnazială „Pia Brătianu”,8.77,8.79,8.76,137
București,Liceul Teoretic German „Idees”,8.75,8.77,8.4,26
București,Școala Gimnazială Nr. 49,8.71,8.87,8.55,130
București,Liceul Teoretic „Genesis College”,8.71,8.83,8.59,43
București,Liceul Teoretic „Just 4 Kids”,8.7,8.83,8.58,41
București,Școala Gimnazială Aletheea,8.7,8.93,8.47,29
București,Liceul Teoretic „Nicolae Iorga”,8.63,8.74,8.53,85
București,Școala Gimnazială Nr. 150,8.58,8.76,8.4,107
București,Școala Gimnazială Nr. 97,8.58,8.66,8.49,188
București,Liceul Teoretic Internațional de Informatică București,8.51,8.56,8.46,215
București,Colegiul Național „Elena Cuza”,8.5,8.71,8.29,53
București,Școala Gimnazială Nr. 56,8.49,8.73,8.26,221
București,Liceul Politehnica,8.48,8.68,8.3,13
București,Liceul Româno-Finlandez,8.48,8.57,8.4,70
București,Școala Gimnazială „I. Heliade Rădulescu”,8.46,8.49,8.45,82
București,Școala Gimnazială „Maria Rosetti”,8.46,8.61,8.32,92
București,Liceul Internațional „King George”,8.46,8.95,7.98,47
București,Colegiul Național „Ion Neculce”,8.44,8.68,8.22,54
București,Liceul Teoretic „Jean Monnet”,8.44,8.54,8.35,82
București,Școala Gimnazială Nr. 195,8.44,8.59,8.3,295
București,Colegiul Național „Victor Babeș”,8.43,8.4,8.45,26
București,Școala Gimnazială „Tudor Arghezi”,8.42,8.47,8.37,74
București,Școala Gimnazială Nr. 179,8.41,8.65,8.17,136
București,Școala Gimnazială „Leonardo Da Vinci”,8.36,8.45,8.27,176
București,Școala Gimnazială „Constantin Brâncuși”,8.34,8.45,8.24,189
București,Școala Gimnazială „Elena Văcărescu”,8.3,8.36,8.28,102
București,Școala Gimnazială Nr. 197,8.29,8.33,8.26,168
București,Școala Gimnazială Orizont,8.27,8.39,8.16,125
București,Școala Gimnazială Herăstrău,8.26,8.33,8.19,179
București,Școala Gimnazială Nr. 81,8.25,8.47,8.04,128
București,Școala Gimnazială „Liberă Waldorf”,8.23,8.34,8.13,16
București,Școala Gimnazială „Titu Maiorescu”,8.23,8.4,8.07,125
București,Școala Gimnazială Nr. 280,8.2,8.3,8.11,185
București,Școala Gimnazială „Smart Kids”,8.18,8.06,8.3,5
București,Școala Gimnazială „Sfântul Andrei”,8.18,8.26,8.1,164
București,Școala Gimnazială „Nicolae Titulescu”,8.17,8.3,8.04,89
București,Liceul Teoretic Mihai Ionescu,8.14,8.17,8.12,59
București,Colegiul Național „Școala Centrală”,8.11,8.41,7.81,98
București,Liceul Teoretic „Dante Alighieri”,8.1,8.03,7.91,83
București,Școala Gimnazială Nr. 194,8.1,8.21,7.99,175
București,Liceul Teoretic „Alexandru Vlahuță”,8.09,8.13,8.14,79
București,Școala Gimnazială Nr. 149,8.09,8.24,7.96,112
București,Colegiul Național „Mihai Eminescu”,8.08,8.13,8.04,48
București,Școala Gimnazială „Vasile Alecsandri”,8.08,8.39,7.77,44
București,Școala Gimnazială „Regina Maria”,8.05,8.11,7.99,199
București,Liceul Teoretic „Ion Barbu”,8.03,8.23,7.84,84
București,Liceul Teoretic „Luca”,8.02,8.29,7.76,15
București,Școala Gimnazială Nr. 307,8.02,8.3,7.76,102
București,Școala Gimnazială „Cezar Bolliac”,8.02,8.16,7.88,97
București,Școala Gimnazială „Mărțișor”,8.01,8.28,7.75,48
București,Colegiul Romano-Catolic „Sfântul Iosif”,8.0,8.33,7.69,84
București,Școala Gimnazială Nr. 88,8.0,8.19,7.81,90
București,Școala Gimnazială Nr. 7,7.98,8.0,7.97,95
București,Școala Gimnazială „Iancului”,7.97,8.24,7.71,82
București,Colegiul Economic „Costin C. Kirițescu”,7.96,8.15,7.78,29
București,Școala Gimnazială „Nicolae Labiș”,7.95,8.11,7.8,177
București,Școala Gimnazială Nr. 156,7.94,8.13,7.76,98
București,Liceul Teoretic „Ștefan Odobleja”,7.93,8.02,7.84,108
București,Liceul Teoretic Bilingv „Miguel de Cervantes”,7.92,8.01,7.84,56
București,Școala Gimnazială Nr. 128,7.92,8.03,7.82,49
București,Școala Gimnazială Nr. 117,7.91,8.09,7.73,165
București,Școala Gimnazială „Ana Lugojana”,7.87,8.26,7.48,13
București,Școala Gimnazială „Sf. Nicolae”,7.86,8.16,7.56,78
București,Școala Gimnazială Nr. 59,7.85,8.07,7.65,130
București,Școala Gimnazială Nr. 24,7.84,8.07,7.61,54
București,Școala Gimnazială „Planeta Copiilor”,7.81,7.95,7.68,6
București,Școala Gimnazială „Federico Garcia Lorca”,7.8,8.0,7.61,94
București,Școala Gimnazială Nr. 27,7.76,7.89,7.63,122
București,Școala Gimnazială „Sfântul Calinic de la Cernica”,7.75,8.05,7.46,68
București,Școala Gimnazială Nr. 5,7.74,7.96,7.53,45
București,Școala Gimnazială „Avram Iancu”,7.73,7.82,7.65,97
București,Școala Gimnazială Nr. 113,7.72,7.94,7.51,169
București,Școala Gimnazială „Petre Ghelmez”,7.72,7.9,7.55,72
București,Școala Gimnazială Nr. 80,7.71,7.87,7.56,131
București,Școala Gimnazială Nr. 190,7.69,7.93,7.46,189
București,Școala Gimnazială Nr. 86,7.68,7.87,7.5,48
București,Școala Gimnazială Nr. 200,7.68,7.77,7.6,22
București,Școala Gimnazială Nr. 184,7.67,7.68,7.67,18
București,Liceul Teoretic „Eugen Lovinescu”,7.67,7.94,7.4,86
București,Școala Gimnazială „Zeppelin Schule”,7.67,7.88,7.45,3
București,Școala Gimnazială „Principesa Margareta”,7.66,7.84,7.49,110
București,Școala Gimnazială Nr. 206,7.65,7.87,7.39,107
București,Școala Gimnazială „Geo Bogza”,7.64,7.64,7.65,71
București,Liceul de Arte Plastice „Nicolae Tonitza”,7.64,7.94,7.35,53
București,Liceul Teoretic Bilingv „Ita Wegman”,7.64,7.84,7.44,52
București,Școala Gimnazială Nr. 129,7.63,7.96,7.31,93
București,Școala Gimnazială „Sfinții Constantin și Elena”,7.61,7.62,7.61,78
București,Școala Gimnazială „Regele Mihai I”,7.59,7.68,7.51,52
București,Școala Gimnazială Nr. 82,7.58,7.76,7.41,128
București,Școala Gimnazială Nr. 142,7.58,7.93,7.24,105
București,Școala Gimnazială Nr. 108,7.58,7.83,7.33,52
București,Școala Gimnazială Nr. 20,7.57,7.71,7.43,84
București,Școala Gimnazială Nr. 51,7.56,7.9,7.23,93
București,Liceul Tehnologic „Sf. Antim Ivireanu”,7.55,7.8,7.31,51
București,Școala Gimnazială Nr. 92,7.55,7.71,7.39,37
București,Școala Gimnazială „Ion I.C. Brătianu”,7.52,7.13,7.92,40
București,Școala Gimnazială Nr. 279,7.51,7.73,7.29,92
București,Școala Gimnazială „Adrian Păunescu”,7.5,7.84,7.17,53
București,Liceul Teoretic Waldorf,7.5,7.57,7.43,30
București,Școala Gimnazială Nr. 169,7.47,7.73,7.2,103
București,Școala Gimnazială Nr. 4,7.44,7.61,7.28,60
București,Școala Gimnazială „Petre Ispirescu”,7.44,7.64,7.24,39
București,Școala Gimnazială „George Bacovia”,7.42,7.61,7.23,121
București,Școala Gimnazială Nr. 62,7.42,7.73,7.1,59
București,Școala Gimnazială Nr. 46,7.41,7.81,7.01,93
București,Liceul Teoretic „Marin Preda”,7.4,7.68,7.12,97
București,Școala Gimnazială Nr. 308,7.4,7.6,7.2,49
București,Școala Gimnazială Nr. 189,7.34,7.41,7.28,67
București,Școala Gimnazială „Mircea Sântimbreanu”,7.31,7.53,7.1,136
București,Școala Gimnazială „Liviu Rebreanu”,7.31,7.44,7.18,85
București,Școala Gimnazială Nr. 119,7.29,7.41,7.18,82
București,Școala Gimnazială „Sfinții Voievozi”,7.28,7.55,7.01,53
București,Școala Gimnazială Nr. 178,7.28,7.44,7.13,95
București,Școala Gimnazială Nr. 28,7.28,7.28,7.29,55
București,Școala Gimnazială Nr. 309,7.28,7.55,7.01,67
București,Școala Gimnazială „Luceafărul”,7.25,7.26,7.25,64
București,Școala Gimnazială Nr. 39,7.22,7.28,7.17,160
București,Școala Gimnazială „Sfânta Treime”,7.21,7.31,7.11,65
București,Școala Gimnazială Nr. 133,7.2,7.58,6.83,108
București,Școala Gimnazială Nr. 96,7.18,7.35,7.01,62
București,Școala Gimnazială Nr. 188,7.12,7.32,6.93,49
București,Școala Gimnazială „Eugen Barbu”,7.12,7.23,7.02,47
București,Școala Gimnazială Nr. 67,7.1,7.72,6.48,60
București,Școala Gimnazială Nr. 112,7.1,7.31,6.89,63
București,Școala Gimnazială „Mihai Botez”,7.06,7.27,6.86,52
București,Școala Gimnazială „Ion Dumitriu”,7.06,7.3,6.82,55
București,Școala Gimnazială „George Topârceanu”,7.05,7.13,6.98,51
București,Școala Gimnazială Nr. 66,7.04,7.45,6.64,64
București,Școala Gimnazială „Alexandru Ioan Cuza”,7.04,7.24,6.85,85
București,Școala Gimnazială Nr. 143,7.02,7.33,6.72,54
București,Liceul Greco-Catolic „Timotei Cipariu”,7.01,7.44,6.58,60
București,Școala Gimnazială „Emil Racoviță”,6.99,7.1,6.88,93
București,Liceul de Coregrafie „Floria Capsali”,6.95,7.57,6.33,20
București,Școala Gimnazială „Ferdinand I”,6.94,7.45,6.43,39
București,Școala Gimnazială Nr. 311,6.93,7.15,6.72,72
București,Școala Gimnazială Nr. 131,6.91,7.13,6.7,79
București,Școala Gimnazială Nr. 31,6.88,6.82,6.94,64
București,Școala Gimnazială Nr. 77,6.87,6.79,6.96,47
București,Liceul Teoretic „Dimitrie Bolintineanu”,6.87,7.05,6.69,77
București,Școala Gimnazială Nr. 135,6.86,7.3,6.43,66
București,Liceul Teoretic „Ady Endre”,6.85,6.61,6.38,9
București,Școala Gimnazială „Ionel Teodoreanu”,6.84,7.0,6.7,104
București,Școala Gimnazială Nr. 78,6.79,7.01,6.59,26
București,Liceul cu Program Sportiv „Mircea Eliade”,6.78,6.77,6.79,56
București,Școala Gimnazială Alexandru Costescu,6.77,7.17,6.37,62
București,Școala Gimnazială „Maria Lazăr”,6.75,6.89,6.62,39
București,Colegiul Național de Muzică „George Enescu”,6.7,7.05,6.36,47
București,Școala Gimnazială Nr. 126,6.69,7.0,6.38,39
București,Școala Gimnazială „Șerban-Vodă”,6.68,7.06,6.31,67
București,Școala Gimnazială Nr. 84,6.68,6.88,6.48,73
București,Școala Gimnazială „Sf. Silvestru”,6.67,6.99,6.34,63
București,Școala Gimnazială Nr. 54,6.63,6.94,6.33,61
București,Școala Gimnazială „Grigorie Ghica Voievod”,6.61,7.04,6.14,109
București,Liceul Teoretic „Lucian Blaga”,6.6,6.95,6.26,45
București,Liceul Teoretic „Nichita Stănescu”,6.6,6.94,6.26,52
București,Școala Gimnazială Nr. 32,6.58,7.13,6.04,33
București,Școala Gimnazială Nr. 167,6.54,6.77,6.31,25
București,Colegiul Național „Emil Racoviță”,6.53,6.74,6.33,46
București,Școala Gimnazială Nr. 85,6.52,6.66,6.38,41
București,Școala Gimnazială Nr. 116,6.51,6.82,6.21,52
București,Școala Gimnazială Nr. 162,6.47,6.74,6.19,45
București,Școala Gimnazială Nr. 99,6.46,6.77,6.15,39
București,Școala Gimnazială Nr. 192,6.45,6.65,6.15,50
București,Școala Gimnazială Nr. 165,6.43,6.49,6.39,74
București,Școala Gimnazială Nr. 124,6.4,6.57,6.23,78
București,Școala Gimnazială Nr. 103,6.39,7.14,5.63,22
București,Școala Gimnazială Nr. 40,6.33,6.64,6.03,64
București,Colegiul Tehnic Feroviar „Mihai I”,6.32,6.48,6.16,27
București,Liceul Teoretic Bulgar „Hristo Botev”,6.29,4.87,7.36,15
București,Școala Gimnazială Nr. 47,6.26,6.58,5.94,20
București,Liceul Teoretic „Atlas”,6.23,6.65,5.81,40
București,Școala Gimnazială Nr. 134,6.14,6.63,5.66,10
București,Școala Gimnazială Nr. 144,6.13,6.7,5.56,21
București,Școala Gimnazială Nr. 163,6.09,6.63,5.55,49
București,Școala Gimnazială Nr. 55,6.06,6.45,5.66,62
București,Școala Gimnazială Nr. 41,6.04,6.36,5.74,44
București,Școala Gimnazială Nr. 13,6.04,5.94,6.14,28
București,Școala Gimnazială Nr. 6,6.04,6.35,5.74,14
București,Școala Gimnazială Nr. 181,6.03,6.62,5.45,35
București,Școala Gimnazială „Grigore Tocilescu”,5.96,6.29,5.64,15
București,Școala Gimnazială Nr. 95,5.95,6.05,5.85,34
București,Școala Gimnazială „Maica Domnului”,5.95,6.21,5.69,41
București,Colegiul Național de Arte „Dinu Lipatti”,5.92,6.26,5.59,48
București,Școala Gimnazială Nr. 136,5.89,6.31,5.47,12
București,Școala Gimnazială Nr. 127,5.68,5.82,5.56,62
București,Școala Gimnazială „General Eremia Grigorescu”,5.67,6.18,5.16,63
București,Școala Gimnazială Uruguay,5.64,5.85,5.43,14
București,Școala Gimnazială Nr. 2,5.58,6.05,5.13,38
București,Liceul Teoretic „Decebal”,5.51,5.93,5.08,32
București,Școala Gimnazială „Conil”,5.45,6.08,4.83,5
București,Școala Gimnazială „Rut”,5.37,5.34,5.41,5
București,Școala Gimnazială Nr. 145,5.32,5.5,5.14,17
București,Școala Gimnazială „Ienăchiță Văcărescu”,5.19,5.38,5.01,23
București,Școala Gimnazială Nr. 153,4.98,5.35,4.61,10
București,Școala Gimnazială Nr. 161,4.85,5.1,4.61,16
București,Școala Gimnazială Nr. 168,4.75,4.94,4.56,10
București,Școala Gimnazială Nr. 183,4.74,5.04,4.45,32
București,Școala Gimnazială „George Călinescu”,4.55,5.05,4.07,57
București,Liceul Special Pentru Deficienți de Auz „Sfânta Maria”,4.55,3.86,5.25,11
București,Școala Gimnazială Nr. 125,4.48,5.07,3.8,30
București,Școala Gimnazială „Petrache Poenaru”,4.45,5.11,3.81,30
București,Școala Gimnazială „Barbu Delavrancea”,4.39,4.83,3.97,16
București,Liceul Tehnologic „Sfântul Pantelimon”,4.38,4.39,4.29,17
București,Școala Gimnazială Nr. 25,4.36,4.02,4.7,38
București,Școala Gimnazială Specială pentru Deficienți de Vedere,4.27,5.11,3.44,8
București,Școala Gimnazială nr. 22,4.08,4.84,3.32,8
București,Liceul Tehnologic Special nr. 3,3.18,3.25,3.12,11
Buzău,"Colegiul Național „B. P. Hasdeu”, municipiul Buzău",9.42,9.59,9.25,26
Buzău,"Colegiul Național „Mihai Eminescu”, Municipiul Buzău",8.3,8.71,7.91,27
Buzău,"Colegiul Național Pedagogic „Spiru Haret”, municipiul Buzău",8.1,8.41,7.79,76
Buzău,"Școala Gimnazială „George Emil Palade”, Municipiul Buzău",8.04,8.42,7.66,179
Buzău,"Școala Gimnazială „Căpitan Aviator Mircea T. Bădulescu”, Municipiul Buzău",7.98,8.12,7.84,92
Buzău,"Școala Gimnazială Nr. 11, Municipiul Buzău",7.9,8.28,7.53,217
Buzău,"Colegiul Național „Alexandru Vlahuță”, municipiul Râmnicu Sărat",7.9,8.1,7.7,26
Buzău,"Școala Gimnazială Nr. 7, Municipiul Buzău",7.88,8.32,7.43,121
Buzău,"Școala Gimnazială „Constantin Brâncoveanu”, Municipiul Râmnicu Sărat",7.78,7.96,7.61,70
Buzău,"Școala Gimnazială, Comuna Blăjani",7.41,7.81,7.01,8
Buzău,"Școala Gimnazială, Comuna Odăile",7.4,7.25,7.55,3
Buzău,"Liceul Teoretic „Nicolae Iorga”, Oraș Nehoiu",7.38,7.7,7.07,33
Buzău,"Școala Gimnazială Sat Lipia, Comuna Merei",7.36,7.6,7.12,12
Buzău,"Școala Gimnazială „Ing. Oprișan Iarca”, Comuna Unguriu",7.35,7.84,6.87,11
Buzău,"Școala Gimnazială Sat Modreni, Comuna Valea Salciei",7.34,8.28,6.4,3
Buzău,"Școala Gimnazială „Sfântul Apostol Andrei”, Municipiul Buzău",7.29,7.7,6.89,62
Buzău,"Școala Gimnazială, Comuna Puiești",7.27,7.65,6.9,11
Buzău,"Școala Gimnazială „Constantin Ivănescu”, Comuna Poșta Câlnău",7.21,7.9,6.52,36
Buzău,"Școala Gimnazială „Nicolae Ioan Jilinschi”, Comuna Vernești",7.15,7.67,6.63,25
Buzău,"Școala Gimnazială, Comuna Stâlpu",7.08,7.5,6.67,15
Buzău,"Școala Gimnazială, Comuna Siriu",7.08,7.54,6.63,15
Buzău,"Liceul Tehnologic, comuna Rușețu",7.04,7.43,6.66,20
Buzău,"Liceul Teoretic „Radu Vladescu”, Oraș Pătârlagele",6.92,7.18,6.65,62
Buzău,"Liceul Teoretic „Ștefan cel Mare”, municipiul Râmnicu Sărat",6.91,6.69,7.14,21
Buzău,"Școala Gimnazială, Comuna Pănătău",6.91,7.13,6.69,14
Buzău,"Școala Gimnazială, Comuna Merei",6.88,7.4,6.36,17
Buzău,"Liceul de Arte „Margareta Sterian”, Municipiul Buzău",6.88,7.38,6.38,52
Buzău,"Școala Gimnazială, Sat Brătilești, Comuna Brăești",6.74,6.92,6.57,15
Buzău,"Școala Gimnazială Înv. Clemența Beșchea, Sat Căpățânești, Comuna Mărăcineni",6.7,6.96,6.44,14
Buzău,Liceul Tehnologic Comuna Lopătari,6.7,7.21,6.19,14
Buzău,"Școala Gimnazială „Nicolae Titulescu”, Municipiul Buzău",6.64,7.19,6.1,10
Buzău,"Școala Gimnazială Sat Plaiul Nucului, Comuna Lopătari",6.55,7.03,6.07,8
Buzău,"Școala Gimnazială „Constantin Giurescu”, Comuna Chiojdu",6.54,7.17,5.92,14
Buzău,"Școala Gimnazială Nr. 1, Comuna Padina",6.46,7.23,5.7,12
Buzău,"Liceul Tehnologic „Sf. Mucenic Sava”, Comuna Bercă",6.45,6.62,6.29,43
Buzău,"Școala Gimnazială Sat Pitulicea, Comuna Glodeanu Sărat",6.45,6.62,6.0,15
Buzău,"Școala Gimnazială „Pamfil Georgian”, Comuna Gura Teghii",6.43,6.55,6.32,16
Buzău,"Școala Gimnazială „Vasile Cristoforeanu”, Municipiul Râmnicu Sărat",6.4,6.68,6.13,69
Buzău,"Școala Gimnazială Sat Păltineni, Oraș Nehoiu",6.4,6.79,6.01,16
Buzău,"Școala Gimnazială „Nicolae Efrimescu”, Comuna Săgeata",6.37,7.03,5.72,24
Buzău,"Școala Gimnazială, Sat Căldărăști, Oraș Pogoanele",6.36,7.09,5.64,7
Buzău,"Școala Gimnazială, Comuna Gherăseni",6.34,7.03,5.65,16
Buzău,"Școala Gimnazială „Nicu Constantinescu”, Municipiul Buzău",6.32,6.67,5.97,6
Buzău,"Școala Gimnazială „Episcop Dionisie Romano”, Municipiul Buzău",6.31,6.74,5.89,45
Buzău,"Liceul Special pentru Deficienți de Vedere, Municipiul Buzău",6.3,8.6,4.0,1
Buzău,"Școala Gimnazială, Comuna Mânzălești",6.27,6.71,5.84,18
Buzău,"Școala Gimnazială „Gheorghe Țițeica”, Comuna Cilibia",6.25,6.67,5.84,14
Buzău,"Școala Gimnazială Sat Oreavul, Comuna Valea Râmnicului",6.16,6.33,6.0,12
Buzău,"Școala Gimnazială, Comuna Smeeni",6.07,6.67,5.47,29
Buzău,"Școala Gimnazială, Comuna Vâlcelele",6.05,5.98,6.13,12
Buzău,"Școala Gimnazială Sat Bâsca Rozilei, Oraș Nehoiu",6.03,6.55,5.52,16
Buzău,"Școala Gimnazială „Vasile Voiculescu”, Comuna Pârscov",6.02,6.52,5.53,24
Buzău,"Școala Gimnazială „P.H. Zangopol”, Municipiul Buzău",6.0,6.45,5.55,13
Buzău,Liceul Teoretic Oraș Pogoanele,5.98,6.69,5.28,25
Buzău,"Școala Gimnazială „Ion Creangă”, Municipiul Buzău",5.97,6.26,5.69,38
Buzău,"Școala Gimnazială Prof. Constantin Dincă, Comuna Ulmeni",5.97,6.58,5.38,12
Buzău,"Școala Gimnazială Nr. 6, Municipiul Râmnicu Sărat",5.97,6.24,5.7,38
Buzău,"Școala Gimnazială, Comuna Bălăceanu",5.97,5.87,6.07,11
Buzău,"Școala Gimnazială „Istrate Gheorghe”, sat Limpeziș, comuna Movila Banului",5.91,6.59,4.99,9
Buzău,"Școala Gimnazială „Calcan Ivan”, Comuna Cochirleanca",5.91,5.81,5.72,17
Buzău,"Școala Gimnazială, Comuna Cernătești",5.87,6.18,5.37,18
Buzău,"Școala Gimnazială, Comuna Valea Râmnicului",5.87,5.88,5.86,11
Buzău,"Liceul cu Program Sportiv „Iolanda Balaș Soter”, Municipiul Buzău",5.86,5.91,5.81,44
Buzău,"Școala Gimnazială, Comuna Costești",5.82,6.05,5.49,33
Buzău,"Școala Gimnazială Sat Maxenu, Comuna Țintești",5.8,6.41,5.19,18
Buzău,"Școala Gimnazială, Comuna Gălbinași",5.77,6.4,5.15,32
Buzău,"Școala Gimnazială, Comuna Buda",5.77,6.43,5.11,31
Buzău,"Școala Gimnazială, Sat Stăncești, Comuna Vadu Pașii",5.76,6.56,4.98,12
Buzău,"Școala Gimnazială, Comuna Sărulești",5.74,6.25,5.23,12
Buzău,"Școala Gimnazială, Comuna Săpoca",5.74,6.31,5.16,14
Buzău,"Școala Gimnazială „Tache și Ecaterina Tocilescu”, Comuna Vintilă Vodă",5.73,5.91,5.57,11
Buzău,"Școala Gimnazială, Sat Izvoru Dulce, Comuna Merei",5.73,6.16,5.3,8
Buzău,"Școala Gimnazială, Comuna Măgura",5.72,6.21,5.23,11
Buzău,"Școala Gimnazială, Comuna Scutelnici",5.7,6.56,4.53,8
Buzău,"Școala Gimnazială, Sat Ursoaia, Comuna Viperești",5.69,6.16,5.23,7
Buzău,"Școala Gimnazială, Comuna Pietroasele",5.68,5.99,5.37,19
Buzău,"Școala Gimnazială Sat Scurtești, Comuna Vadu Pașii",5.63,6.48,4.8,13
Buzău,"Școala Gimnazială Sat Bâsca Chiojdului, Comuna Chiojdu",5.63,6.13,5.14,7
Buzău,"Școala Gimnazială, Comuna Glodeanu Sărat",5.61,5.69,5.33,23
Buzău,"Școala Gimnazială Nr. 2, Comuna Padina",5.57,6.21,4.94,13
Buzău,"Școala Gimnazială, Comuna Brădeanu",5.56,6.44,4.68,12
Buzău,"Școala Gimnazială „Gheorghe Munteanu Murgoci”, Comuna Bisoca",5.55,5.87,5.24,12
Buzău,"Școala Gimnazială Sat Amara, Comuna Balta Alba",5.52,5.89,5.15,12
Buzău,"Școala Gimnazială, Comuna Vadu Pașii",5.49,6.01,4.98,28
Buzău,"Liceul Tehnologic „Dimitrie Filipescu”, Municipiul Buzău",5.49,5.49,5.5,15
Buzău,"Școala Gimnazială „Gheorghe Hariton”, Comuna Săhăteni",5.48,5.76,5.21,14
Buzău,"Școala Gimnazială Sat Potoceni, Comuna Mărăcineni",5.47,6.01,4.94,11
Buzău,"Școala Gimnazială, Comuna Glodeanu Siliștea",5.39,5.5,5.29,26
Buzău,"Școala Gimnazială, Comuna Cozieni",5.33,5.83,4.83,9
Buzău,"Școala Gimnazială Sat Gura Dimienii, Comuna Beceni",5.32,5.3,5.34,11
Buzău,"Școala Gimnazială „Dumitru I. Ionescu”, Comuna Calvini",5.3,5.77,4.83,13
Buzău,"Școala Gimnazială, Comuna Cislău",5.26,5.6,4.91,18
Buzău,"Școala Gimnazială, Comuna Podgoria",5.22,5.69,4.75,19
Buzău,"Școala Gimnazială Sat Pogonele, Comuna Țintești",5.19,5.94,4.45,14
Buzău,"Școala Gimnazială „Constantin Popescu”, Sat Fundeni, Comuna Zărnești",5.17,5.6,4.59,23
Buzău,"Școala Gimnazială Sat Nicolești, Comuna Puiești",5.17,4.36,5.61,9
Buzău,"Școala Gimnazială Sat Haleș, Comuna Tisău",5.15,5.84,4.46,28
Buzău,"Școala Gimnazială Nr. 1, Comuna Cătina",5.14,5.46,4.82,22
Buzău,"Școala Gimnazială, Sat Plevna, Comuna Grebănu",5.12,5.46,4.78,14
Buzău,"Școala Gimnazială, Sat Bâscenii de Sus, Comuna Calvini",5.11,5.24,4.98,9
Buzău,"Școala Gimnazială, Comuna Scorțoasa",5.1,5.37,4.83,14
Buzău,"Școala Gimnazială „Ion Roșca”, Comuna Cochirleanca",5.09,5.73,4.46,23
Buzău,"Școala Gimnazială, Comuna Cănești",5.09,5.19,4.99,4
Buzău,"Școala Gimnazială „Mihail Kogălniceanu”, Municipiul Buzău",5.04,5.57,4.5,25
Buzău,"Școala Gimnazială Înv. Nicolae Ispas, Sat Clondiru, Comuna Ulmeni",4.95,5.63,4.27,14
Buzău,"Școala Gimnazială, Sat Udați, Comuna Smeeni",4.93,5.54,4.33,5
Buzău,"Școala Gimnazială, Comuna Mihăilești",4.91,5.76,4.06,14
Buzău,"Școala Gimnazială, Comuna Topliceni",4.91,5.55,4.25,15
Buzău,"Școala Gimnazială, Comuna Breaza",4.9,5.54,4.27,22
Buzău,"Școala Gimnazială Prof. Dr. Ion Anghel, Comuna Luciu",4.83,5.12,4.55,10
Buzău,"Școala Gimnazială, Comuna Amaru",4.81,5.53,4.1,12
Buzău,"Școala Gimnazială „Gheorghe Vernescu”, Municipiul Râmnicu Sărat",4.75,4.89,4.61,32
Buzău,"Școala Gimnazială, Comuna Boldu",4.73,4.94,4.53,21
Buzău,"Liceul Tehnologic „I. A. Rădulescu Pogoneanu”, oraș Pogoanele",4.71,5.34,4.08,11
Buzău,"Școala Gimnazială, Comuna Largu",4.67,4.64,4.71,8
Buzău,"Școala Gimnazială Sat Valea Părului, Comuna Beceni",4.64,4.98,4.31,15
Buzău,"Școala Gimnazială, Comuna Florica",4.63,4.78,4.49,10
Buzău,"Școala Gimnazială, Comuna Ghergheasa",4.59,4.95,4.24,12
Buzău,"Școala Gimnazială, Comuna C.A. Rosetti",4.52,4.82,4.23,14
Buzău,"Școala Gimnazială, Comuna Bozioru",4.5,5.45,3.55,5
Buzău,"Școala Gimnazială, Comuna Năeni",4.44,4.66,4.22,12
Buzău,"Școala Gimnazială, Comuna Racovițeni",4.39,4.48,4.31,9
Buzău,"Școala Gimnazială, Comuna Brăești",4.38,4.68,4.08,9
Buzău,"Școala Gimnazială, Comuna Robeasca",4.34,4.55,4.13,10
Buzău,"Școala Gimnazială Nr. 1, Comuna Râmnicelu",4.33,4.36,4.3,4
Buzău,"Școala Gimnazială, Comuna Movila Banului",4.28,4.81,3.86,7
Buzău,"Școala Gimnazială, Comuna Viperești",4.26,4.43,4.09,31
Buzău,"Școala Gimnazială Sat Scărișoara, Comuna Cislău",4.23,5.04,3.42,7
Buzău,"Școala Gimnazială, Comuna Ziduri",4.0,4.1,3.9,20
Buzău,"Școala Gimnazială Sat Dedulești, Comuna Topliceni",3.83,4.14,3.52,9
Buzău,"Școala Gimnazială Sat Cândești, Comuna Vernești",3.39,3.5,3.24,29
Buzău,"Școala Gimnazială, Comuna Murgești",3.31,3.75,2.88,4
Buzău,"Școala Gimnazială, Comuna Grebănu",3.25,3.26,3.24,8
Buzău,"Școala Gimnazială „Dr. Ilie Pavel”, Municipiul Râmnicu Sărat",2.93,2.42,3.14,30
Buzău,"Școala Gimnazială Nr. 2, Comuna Râmnicelu",2.77,2.65,2.9,5
Buzău,"Școala Gimnazială, Sat Sările, Comuna Bisoca",2.39,2.01,2.3,10
Caraș-Severin,"Colegiul Național „Traian Lalescu”, Reșița",7.99,8.13,7.85,66
Caraș-Severin,Școala Gimnazială Clocotici,7.81,7.58,7.28,3
Caraș-Severin,"Școala Gimnazială „Marius Șandru”, Reșița",7.55,7.65,7.45,38
Caraș-Severin,Școala Gimnazială „Constantin Daicoviciu”,7.41,7.05,7.78,3
Caraș-Severin,Școala Gimnazială Ramna,7.32,7.73,6.92,3
Caraș-Severin,"Școala Gimnazială Nr. 7, Reșița",7.29,7.43,7.16,65
Caraș-Severin,"Colegiul Național „Traian Doda”, Caransebeș",7.03,7.16,6.9,83
Caraș-Severin,"Colegiul Național „C.D. Loga”, Caransebeș",7.0,7.26,6.74,85
Caraș-Severin,"Școala Gimnazială Nr. 9, Reșița",6.88,6.96,6.81,20
Caraș-Severin,Liceul Teologic Baptist Reșița,6.83,7.33,6.34,42
Caraș-Severin,"Liceul Teoretic „General Dragălina”, Oravița",6.62,6.85,6.4,13
Caraș-Severin,"Școala Gimnazială Nr. 8, Reșița",6.61,6.84,6.37,41
Caraș-Severin,Școala Gimnazială Fizeș,6.6,5.55,7.65,1
Caraș-Severin,"Școala Gimnazială „Trandafir Tămaș”, Marga",6.58,7.13,6.04,7
Caraș-Severin,"Școala Gimnazială Nr. 1, Oțelu Roșu",6.57,6.95,6.18,45
Caraș-Severin,"Liceul Tehnologic „Clisura Dunării”, Moldova Nouă",6.54,6.79,6.31,35
Caraș-Severin,Școala Gimnazială Tirol,6.5,7.28,5.73,14
Caraș-Severin,"Școala Gimnazială „Trandafir Cocîrlă”, Turnu Ruieni",6.39,6.94,5.85,7
Caraș-Severin,"Liceul „Hercules”, Băile Herculane",6.35,6.99,5.71,29
Caraș-Severin,"Școala Gimnazială Nr. 3, Oțelu Roșu",6.27,6.39,6.15,48
Caraș-Severin,Școala Gimnazială Vârciorova,6.25,7.33,5.17,8
Caraș-Severin,"Școala Gimnazială „Sfântul Iacob”, Brebu",6.23,6.58,5.88,12
Caraș-Severin,"Școala Gimnazială „Dr. Ion Sîrbu”, Eftimie Murgu",6.19,6.66,5.73,13
Caraș-Severin,"Școala Gimnazială „Traian Lalescu”, Cornea",6.12,6.45,5.8,3
Caraș-Severin,Școala Gimnazială Târnova,6.12,5.9,6.34,8
Caraș-Severin,Școala Gimnazială Bănia,6.1,6.18,6.03,4
Caraș-Severin,"Liceul Teoretic „Tata Oancea”, Bocșa",6.05,6.35,5.75,19
Caraș-Severin,"Școala Gimnazială, Slatina-Timiș",6.04,6.25,5.82,15
Caraș-Severin,Școala Gimnazială Măureni,6.03,5.85,6.21,12
Caraș-Severin,Școala Profesională Berzovia,6.02,6.58,5.47,10
Caraș-Severin,"Școala Gimnazială „Alexandru Moisi”, Moldova Nouă",5.99,6.28,5.7,19
Caraș-Severin,"Școala Gimnazială „Vasile Versavia”, Naidăș",5.98,6.26,5.71,5
Caraș-Severin,Școala Gimnazială Topleț,5.98,5.36,6.62,11
Caraș-Severin,"Școala Gimnazială „Romul Ladea”, Oravița",5.97,6.41,5.52,45
Caraș-Severin,"Liceul de Arte „Sabin Păuța”, Reșița",5.96,6.5,5.42,21
Caraș-Severin,"Colegiul Național „Diaconovici-Tietz”, Reșița",5.9,6.21,6.02,29
Caraș-Severin,Școala Gimnazială Berliște,5.88,6.58,5.19,8
Caraș-Severin,"Liceul Tehnologic „Decebal”, Caransebeș",5.88,6.51,5.26,26
Caraș-Severin,"Școala Gimnazială „Ioan Ciucurel”, Șoșdea",5.81,5.23,6.4,5
Caraș-Severin,"Școala Gimnazială „Petre Sava Băleanu”, Văliug",5.8,6.68,4.93,2
Caraș-Severin,"Școala Gimnazială, Săcu",5.7,5.64,5.75,6
Caraș-Severin,"Școala Gimnazială „Gheorghe Frățilă”, Glimboca",5.69,6.65,4.73,12
Caraș-Severin,"Colegiul Național „Mircea Eliade”, Reșița",5.68,6.01,5.36,48
Caraș-Severin,Școala Gimnazială Dalboșeț,5.62,5.36,5.88,9
Caraș-Severin,"Liceul Teoretic „Eftimie Murgu”, Bozovici",5.62,6.19,5.05,16
Caraș-Severin,"Școala Gimnazială, Armeniș",5.6,6.03,5.17,7
Caraș-Severin,"Școala Gimnazială, Luncavița",5.57,5.69,5.45,5
Caraș-Severin,"Școala Profesională Agricolă, Cornereva",5.49,5.81,5.18,11
Caraș-Severin,Școala Gimnazială Șopotu Nou,5.46,5.72,5.22,6
Caraș-Severin,Școala Gimnazială Măru,5.46,6.14,4.79,7
Caraș-Severin,Școala Gimnazială Fârliug,5.45,5.73,5.17,10
Caraș-Severin,Școala Gimnazială Iablanița,5.44,5.5,5.39,4
Caraș-Severin,"Școala Gimnazială, Berzasca",5.42,5.19,5.64,9
Caraș-Severin,"Școala Gimnazială „Atanasie Cojocaru”, Pojejena",5.37,5.74,5.01,6
Caraș-Severin,"Școala Gimnazială „Gheorghe Guga”, Răcășdia",5.36,5.99,4.73,8
Caraș-Severin,"Școala Gimnazială „Aurel Peia”, Ezeriș",5.2,4.94,5.46,4
Caraș-Severin,"Liceul Tehnologic „Iosif Coriolan Buracu”, Prigor",5.15,5.34,4.96,14
Caraș-Severin,Școala Gimnazială „Verendin”,5.14,5.62,4.68,12
Caraș-Severin,Școala Gimnazială Petroșnița,5.12,4.62,5.62,14
Caraș-Severin,Școala Gimnazială Cornuțel,5.1,5.07,5.13,4
Caraș-Severin,"Școala Gimnazială „Mihai Peia”, Reșița",5.09,5.11,5.09,24
Caraș-Severin,"Liceul Teoretic Bilingv Româno-Croat, Carașova",5.07,5.57,4.67,6
Caraș-Severin,"Liceul „Mathias Hammer”, Anina",5.06,5.13,5.0,18
Caraș-Severin,"Școala Gimnazială, Lupac",5.05,5.63,4.48,2
Caraș-Severin,Școala Gimnazială Zăvoi,5.02,5.72,4.34,9
Caraș-Severin,"Școala Gimnazială „Pavel Bordan”, Grădinari",5.02,5.04,5.01,9
Caraș-Severin,"Școala Gimnazială Nr. 5, Reșița",5.0,6.45,3.57,4
Caraș-Severin,Școala Gimnazială Borlova,4.93,5.37,4.5,5
Caraș-Severin,Școala Gimnazială Copăcele,4.89,5.15,4.63,2
Caraș-Severin,"Școala Gimnazială Rusca, Teregova",4.85,5.36,4.34,4
Caraș-Severin,Școala Gimnazială Vrani,4.84,4.59,4.63,8
Caraș-Severin,Școala Gimnazială Băuțar,4.84,5.47,4.22,11
Caraș-Severin,Școala Gimnazială Cărbunari,4.79,5.6,3.98,4
Caraș-Severin,"Școala Gimnazială „Petru Oallde”, Forotic",4.78,5.1,4.45,13
Caraș-Severin,Școala Gimnazială Ciudanovița,4.74,5.38,4.1,2
Caraș-Severin,"Școala Gimnazială Nr. 2, Steierdorf",4.73,5.28,4.18,14
Caraș-Severin,"Școala Gimnazială, Dognecea",4.68,4.76,4.6,15
Caraș-Severin,Școala Gimnazială Vermeș,4.65,5.14,4.17,9
Caraș-Severin,Școala Gimnazială Coronini,4.6,4.0,5.21,10
Caraș-Severin,Școala Gimnazială Gruni,4.57,4.56,4.59,5
Caraș-Severin,"Școala Gimnazială Nr. 1, Bocșa",4.55,4.78,4.33,41
Caraș-Severin,Școala Gimnazială „Padina Matei”,4.55,4.93,4.17,3
Caraș-Severin,"Școala Gimnazială Nr. 3, Oravița",4.54,4.86,4.23,6
Caraș-Severin,"Liceul Tehnologic „Nicolae Stoica de Hațeg”, Mehadia",4.51,4.89,4.05,22
Caraș-Severin,"Școala Gimnazială „Sf. Sava”, Socol",4.5,3.71,5.31,10
Caraș-Severin,Școala Gimnazială Sichevița,4.48,4.56,4.4,7
Caraș-Severin,"Școala Gimnazială „Mihai Novac”, Sasca Montană",4.46,4.63,4.29,11
Caraș-Severin,"Liceul Tehnologic „Sf. Dimitrie”, Teregova",4.45,4.94,3.97,15
Caraș-Severin,Școala Gimnazială Cuptoare,4.43,5.14,3.72,5
Caraș-Severin,"Școala Gimnazială, Ciclova Română",4.4,4.09,4.71,8
Caraș-Severin,"Liceul Tehnologic „Dacia”, Caransebeș",4.37,4.71,4.03,8
Caraș-Severin,"Școala Gimnazială „Iuliu Birou”, Ticvaniu Mare",4.29,4.46,4.12,12
Caraș-Severin,Școala Gimnazială Goruia,4.27,4.99,3.55,5
Caraș-Severin,Școala Gimnazială Mehadica,4.08,4.09,4.07,8
Caraș-Severin,Școala Gimnazială Zăgujeni,3.97,4.21,3.74,5
Caraș-Severin,"Școala Gimnazială, Lăpușnicu Mare",3.95,4.15,3.75,4
Caraș-Severin,"Școala Gimnazială, Poiana",3.91,3.03,4.8,7
Caraș-Severin,"Școala Gimnazială, Domașnea",3.9,4.68,3.12,5
Caraș-Severin,Școala Gimnazială Gârnic,3.55,2.6,4.5,2
Caraș-Severin,Școala Gimnazială Maciova,3.53,3.88,3.18,4
Caraș-Severin,Centrul Școlar de Educație Incluzivă „Aurora” Reșița,3.45,3.03,3.88,2
Caraș-Severin,"Școala Gimnazială Nr. 2, Bocșa",3.36,3.21,3.52,19
Caraș-Severin,Școala Gimnazială Obreja,3.26,3.41,3.01,19
Caraș-Severin,"Școala Gimnazială, Ocna de Fier",3.15,3.8,2.5,2
Caraș-Severin,"Școala Gimnazială „J.A. Komensky”, Sfânta Elena",3.12,3.2,3.03,3
Caraș-Severin,"Școala Gimnazială „Ștefan Velovan”, Rusca Montană",2.94,2.64,3.25,5
Cluj,"Liceul Montessori, Cluj-Napoca",9.51,9.57,9.47,4
Cluj,Școala Gimnazială Montessori „Atlas” Cluj-Napoca,9.24,9.1,9.39,5
Cluj,"Liceul Teoretic „ELF”, Cluj-Napoca",9.09,9.09,9.08,77
Cluj,"Colegiul Național „Emil Racoviță”, Cluj-Napoca",8.95,8.86,9.04,70
Cluj,"Școala Gimnazială „Ioan Bob”, Cluj-Napoca",8.76,8.96,8.57,136
Cluj,"Liceul Unitarian „János Zsigmond”, Cluj-Napoca",8.74,8.52,8.34,56
Cluj,"Școala Gimnazială Internațională Spectrum, Cluj-Napoca",8.66,8.39,8.94,19
Cluj,"Școala Gimnazială Reformată „Talentum”, Cluj-Napoca",8.58,8.19,8.11,14
Cluj,"Liceul Teoretic „Avram Iancu”, Cluj-Napoca",8.56,8.68,8.45,108
Cluj,"Liceul Teoretic „Nicolae Bălcescu”, Cluj-Napoca",8.53,8.63,8.44,118
Cluj,"Colegiul Național „Gheorghe Șincai”, Cluj-Napoca",8.52,8.67,8.38,75
Cluj,"Colegiul Ortodox Mitropolitul „Nicolae Colan”, Cluj-Napoca",8.5,8.61,8.4,90
Cluj,"Liceul Teoretic Creștin „Pro Deo”, Cluj-Napoca",8.49,8.69,8.29,50
Cluj,"Școala Gimnazială Gheorghieni, Com. Feleacu",8.46,8.44,7.91,5
Cluj,"Colegiul Național „George Coșbuc”, Cluj-Napoca",8.42,8.54,8.07,94
Cluj,"Transylvania College, The Cambridge International School in Cluj",8.36,8.3,8.43,19
Cluj,"Liceul Teoretic „Petru Maior”, Gherla",8.34,8.48,8.21,31
Cluj,"Școala Gimnazială „Nicolae Titulescu”, Cluj-Napoca",8.34,8.49,8.07,92
Cluj,"Colegiul Național „Andrei Mureșanu”, Dej",8.31,8.4,8.24,29
Cluj,"Colegiul Național Pedagogic „Gheorghe Lazăr”, Cluj-Napoca",8.31,8.31,8.31,53
Cluj,"Liceul Teoretic „Báthory István”, Cluj-Napoca",8.23,8.04,7.71,82
Cluj,"Școala Gimnazială „Iuliu Hațieganu”, Cluj-Napoca",8.18,8.17,8.2,118
Cluj,"Liceul Teoretic „Lucian Blaga”, Cluj-Napoca",8.14,8.35,7.94,80
Cluj,"Liceul Teoretic „Onisifor Ghibu”, Cluj-Napoca",8.11,8.21,7.93,212
Cluj,"Colegiul Național „Mihai Viteazul”, Turda",8.11,8.37,7.85,25
Cluj,"Liceul Teoretic „Apáczai Csere János”, Cluj-Napoca",8.01,8.37,7.02,27
Cluj,"Școala Gimnazială „Ion Creangă”, Cluj-Napoca",7.99,8.22,7.77,140
Cluj,"Liceul de Informatică „Tiberiu Popoviciu”, Cluj-Napoca",7.99,8.04,7.95,162
Cluj,"Școala Gimnazială „Constantin Brâncuși”, Cluj-Napoca",7.98,8.07,7.89,73
Cluj,"Colegiul Național „George Barițiu”, Cluj-Napoca",7.92,8.07,7.77,50
Cluj,"Liceul Teologic Baptist „Emanuel”, Cluj-Napoca",7.88,7.86,7.91,28
Cluj,Liceul Waldorf Cluj-Napoca,7.78,7.48,7.67,45
Cluj,"Liceul de Coregrafie și Artă Dramatică „Octavian Stroia”, Cluj-Napoca",7.75,7.67,7.82,19
Cluj,"Școala Gimnazială „Octavian Goga”, Ciucea, Com. Ciucea",7.74,7.62,7.86,8
Cluj,"Școala Gimnazială Săcuieu, Com. Săcuieu",7.73,8.2,7.27,4
Cluj,"Liceul Teologic Reformat, Cluj-Napoca",7.71,7.44,7.18,28
Cluj,"Liceul Greco-Catolic „Inochentie Micu”, Cluj-Napoca",7.68,7.66,7.71,22
Cluj,"Liceul Teoretic „Mihai Eminescu”, Cluj-Napoca",7.67,7.94,7.42,52
Cluj,"Școala Gimnazială „Ion Agârbiceanu”, Cluj-Napoca",7.65,7.7,7.61,173
Cluj,"Școala Gimnazială „Horea”, Cluj-Napoca",7.63,7.9,7.37,54
Cluj,"Școala Gimnazială „Kos Karoly”, Izvoru Crișului, Com. Izvoru Crișului",7.56,6.93,7.25,10
Cluj,"Școala Gimnazială „Avram Iancu”, Câmpia Turzii",7.56,7.68,7.35,53
Cluj,"Școala Gimnazială „Avram Iancu”, Beliș, Com. Beliș",7.54,7.39,7.71,10
Cluj,"Școala Gimnazială Livada, Com. Iclod",7.54,7.27,7.82,3
Cluj,"Școala Gimnazială „Avram Iancu”, Dej",7.45,7.8,7.11,125
Cluj,"Școala Gimnazială „Liviu Rebreanu”, Cluj-Napoca",7.45,7.64,7.27,106
Cluj,"Școala Gimnazială Unguraș, Com. Unguraș",7.43,6.53,6.87,9
Cluj,"Liceul Tehnologic „Vlădeasa”, Huedin",7.4,7.47,7.03,53
Cluj,"Liceul Teoretic „Jósika Miklós”, Turda",7.4,7.25,6.7,24
Cluj,"Colegiul de Muzică „Sigismund Toduță”, Cluj-Napoca",7.4,7.53,6.8,51
Cluj,"Școala Gimnazială „Ioan Opriș”, Turda",7.33,7.69,6.99,84
Cluj,"Școala Gimnazială „Teodor Murășanu”, Turda",7.31,7.84,6.79,44
Cluj,"Școala Gimnazială „Emil Isac”, Cluj-Napoca",7.28,7.47,7.09,61
Cluj,"Școala Gimnazială „Octavian Goga”, Cluj-Napoca",7.27,7.17,7.16,70
Cluj,"Școala Gimnazială Măguri Răcătău, Com. Măguri Răcătău",7.15,6.95,7.36,13
Cluj,"Liceul Teoretic „Ana Ipătescu”, Gherla",7.06,7.31,6.81,86
Cluj,"Școala Gimnazială „Horea, Cloșca și Crișan”, Turda",7.02,7.53,6.52,43
Cluj,"Școala Profesională „Ady Endre”, Sâncraiu, Com. Sâncraiu",6.98,6.02,6.52,20
Cluj,"Liceul Teoretic „Pavel Dan”, Câmpia Turzii",6.96,7.35,6.58,62
Cluj,"Școala Gimnazială „Mihai Eminescu”, Dej",6.95,7.31,6.6,62
Cluj,"Școala Gimnazială Viișoara, Com. Viișoara",6.93,7.04,6.47,28
Cluj,"Liceul Teoretic „Brassai Samuel”, Cluj-Napoca",6.92,7.17,5.61,18
Cluj,"Școala Gimnazială „Mihai Viteazul”, Câmpia Turzii",6.91,7.65,6.19,48
Cluj,"Școala Gimnazială Nr. 1, Gherla",6.91,7.09,6.73,61
Cluj,"Școala Gimnazială „Alexandru Vaida Voevod”, Cluj-Napoca",6.89,7.21,6.58,77
Cluj,"Școala Gimnazială „George Barițiu”, Jucu de Sus, Com. Jucu",6.89,7.2,6.59,14
Cluj,"Școala Gimnazială „Ioan Bujor”, Petreștii de Jos, Com. Petreștii de Jos",6.85,7.0,6.7,5
Cluj,"Școala Gimnazială Sic, Com. Sic",6.83,6.21,5.95,14
Cluj,"Școala Gimnazială „Pelaghia Roșu”, Mărișel, Com. Mărișel",6.82,6.84,6.8,12
Cluj,"Școala Gimnazială „Mihai Vodă”, Mihai Viteazu, Com. Mihai Viteazu",6.77,7.39,6.15,34
Cluj,"Școala Gimnazială „Ștefan Pascu”, Apahida, Com. Apahida",6.75,7.08,6.42,59
Cluj,"Școala Gimnazială Iara, Com. Iara",6.74,7.28,6.21,9
Cluj,"Liceul de Arte Vizuale „Romulus Ladea”, Cluj-Napoca",6.74,7.22,6.26,30
Cluj,"Școala Gimnazială Someșu Rece, Com. Gilău",6.72,6.87,6.57,9
Cluj,"Liceul Teoretic „Eugen Pora”, Cluj-Napoca",6.72,6.91,6.53,69
Cluj,"Școala Gimnazială „Andrei Șaguna”, Turda",6.71,7.0,6.43,26
Cluj,"Școala Gimnazială „Borbély József”, Săvădisla, Com. Săvădisla",6.7,6.19,5.76,7
Cluj,"Liceul Teoretic „Gelu Voievod”, Gilău",6.69,6.43,6.9,57
Cluj,Școala Gimnazială „George Coșbuc” Dej,6.68,7.18,6.17,55
Cluj,"Școala Gimnazială Câțcău, Com. Câțcău",6.61,6.46,6.76,16
Cluj,"Liceul Teoretic „Kemény Zsigmond”, Gherla",6.56,6.6,5.42,19
Cluj,"Școala Gimnazială „Simion Balint”, Copăceni, Com. Săndulești",6.53,6.9,6.17,11
Cluj,"Școala Gimnazială „Aurel Munteanu”, Valea Drăganului, Com. Poieni",6.46,6.57,6.35,12
Cluj,"Școala Gimnazială Căianu, Com. Căianu",6.43,7.04,5.82,12
Cluj,"Școala Gimnazială Așchileu Mare, Com. Așchileu",6.42,6.85,5.99,4
Cluj,"Școala Gimnazială „Gheorghe Șincai”, Florești, Com. Florești",6.41,6.64,6.19,46
Cluj,"Liceul Teoretic „Dumitru Tăuțan”, Florești",6.41,6.62,6.2,90
Cluj,"Școala Gimnazială Borșa, Com. Borșa",6.36,6.38,5.98,10
Cluj,"Liceul Teoretic „Alexandru Papiu Ilarian”, Dej",6.35,6.79,5.92,50
Cluj,"Școala Gimnazială Căpușu Mare, Com. Căpușu Mare",6.33,6.48,6.03,17
Cluj,"Școala Gimnazială Țaga, Com. Țaga",6.33,6.71,5.95,4
Cluj,"Școala Gimnazială „Luna de Sus”, Com. Florești",6.27,6.45,5.92,31
Cluj,"Școala Gimnazială „Constantin Brâncoveanu”, Baciu, Com. Baciu",6.25,6.55,5.97,22
Cluj,"Școala Gimnazială Pădureni, Com. Tritenii de Jos",6.25,5.73,6.78,2
Cluj,"Școala Gimnazială Ploscoș, Com. Ploscoș",6.23,6.8,5.66,4
Cluj,"Școala Gimnazială Cășeiu, Com. Cășeiu",6.21,5.8,6.63,8
Cluj,"Școala Gimnazială „Muntele Rece”, Com. Măguri Răcătău",6.17,5.71,6.64,6
Cluj,"Școala Gimnazială Chiuiești, Com. Chiuiești",6.14,6.64,5.64,29
Cluj,"Școala Gimnazială Rugășești, Com. Cășeiu",6.13,5.46,6.81,12
Cluj,"Școala Gimnazială „Pavel Dan”, Tritenii de Jos, Com. Tritenii de Jos",6.13,6.56,5.7,16
Cluj,"Școala Gimnazială Moldovenești, Com. Moldovenești",6.1,6.04,5.28,17
Cluj,"Școala Gimnazială Aghireșu, Com. Aghireșu",6.07,6.34,5.81,6
Cluj,"Liceul Teoretic „Octavian Goga”, Huedin",6.07,6.33,5.81,16
Cluj,"Școala Gimnazială Cămărașu, Com. Cămărașu",6.06,6.58,5.55,4
Cluj,"Școala Gimnazială Cătina, Com. Cătina",6.05,7.01,5.09,11
Cluj,"Școala Gimnazială „Avram Iancu”, Turda",6.03,6.35,5.72,29
Cluj,"Școala Gimnazială Cutca, Com. Sânmartin",6.0,5.89,6.11,4
Cluj,"Școala Gimnazială Chinteni, Com. Chinteni",5.99,5.89,6.09,4
Cluj,"Școala Gimnazială Finișel, Com. Săvădisla",5.97,6.03,5.91,6
Cluj,"Școala Gimnazială Sânnicoara, Com. Apahida",5.94,6.26,5.62,19
Cluj,"Școala Gimnazială Iclod, Com. Iclod",5.93,6.28,5.58,10
Cluj,"Școala Gimnazială Ciurila, Com. Ciurila",5.85,6.21,5.49,7
Cluj,"Școala Gimnazială Râșca, Com. Râșca",5.8,6.01,5.6,5
Cluj,"Școala Gimnazială Răchițele, Com. Mărgău",5.8,6.36,5.25,6
Cluj,"Școala Gimnazială Geaca, Com. Geaca",5.77,5.69,5.86,8
Cluj,"Școala Gimnazială „Liviu Dan Mociu”, Com. Mociu",5.76,6.34,5.19,10
Cluj,"Școala Gimnazială „Alexandru Bohațiel”, Vultureni, Com. Vultureni",5.71,5.73,5.7,9
Cluj,"Școala Gimnazială Cuzdrioara, Com. Cuzdrioara",5.7,5.92,5.48,7
Cluj,Liceul cu Program Sportiv Cluj-Napoca,5.7,5.9,5.5,62
Cluj,"Școala Gimnazială Nireș, Com. Mica",5.66,5.78,5.55,17
Cluj,"Școala Gimnazială Boian, Com. Ceanu Mare",5.65,6.29,5.01,9
Cluj,"Școala Gimnazială „Tamas Gyula”, Mera, Com. Baciu",5.65,6.37,5.02,5
Cluj,"Școala Gimnazială Mintiu Gherlii, Com. Mintiu Gherlii",5.64,6.37,4.91,15
Cluj,"Școala Gimnazială Specială Pentru Deficienți de Auz „Kozmutza Flora”, Cluj-Napoca",5.56,4.71,5.0,14
Cluj,"Școala Gimnazială „Nicolae Iorga”, Cluj-Napoca",5.56,5.74,5.38,6
Cluj,"Școala Gimnazială „Gelu Românul”, Dăbâca, Com. Dăbâca",5.38,5.78,4.98,9
Cluj,"Școala Gimnazială Frata, Com. Frata",5.38,5.36,5.4,18
Cluj,"Școala Gimnazială Mănăstireni, Com. Mănăstireni",5.37,5.46,5.29,5
Cluj,"Școala Gimnazială „Mircea Luca”, Băișoara, Com. Băișoara",5.35,5.91,4.81,7
Cluj,"Liceul Special pentru Deficienți de Vedere, Cluj-Napoca",5.35,6.12,4.57,11
Cluj,"Liceul Tehnologic Special pentru Deficienți de Auz, Cluj-Napoca",5.33,4.93,5.73,5
Cluj,"Școala Gimnazială Poieni, Com. Poieni",5.32,5.6,4.74,13
Cluj,"Școala Profesională Bonțida, Com. Bonțida",5.21,5.6,4.83,28
Cluj,"Școala Gimnazială Negreni, Com. Negreni",5.19,5.52,4.86,7
Cluj,"Centrul Școlar Pentru Educație Incluzivă „Miron Ionescu”, Cluj-Napoca",5.07,5.5,4.65,2
Cluj,"Școala Gimnazială Valea Ierii, Com. Valea Ierii",5.01,6.45,3.58,2
Cluj,"Școala Gimnazială Tureni, Com. Tureni",5.0,5.31,4.69,14
Cluj,"Școala Gimnazială Călărași, Com. Călărași",4.95,5.75,4.16,13
Cluj,"Școala Gimnazială „Lia Manoliu”, Cornești, Com. Cornești",4.95,5.73,4.17,7
Cluj,"Școala Gimnazială Batin, Com. Unguraș",4.88,5.77,4.0,5
Cluj,"Școala Gimnazială Gârbău, Com. Gârbău",4.86,5.33,4.4,2
Cluj,"Școala Gimnazială Buza, Com. Buza",4.81,5.0,4.58,5
Cluj,"Școala Gimnazială Palatca, Com. Palatca",4.81,5.0,4.62,3
Cluj,"Școala Gimnazială „Vaida Cămăraș”, Com. Căianu",4.8,2.7,4.9,1
Cluj,"Școala Gimnazială „Iuliu Hațieganu”, Panticeu, Com. Panticeu",4.79,5.13,4.46,8
Cluj,"Școala Gimnazială Aluniș, Com. Aluniș",4.76,5.09,4.44,9
Cluj,"Școala Gimnazială Vad, Com. Vad",4.72,5.25,4.2,12
Cluj,"Școala Gimnazială „Ioan Alexandru”, Sânpaul, Com. Sânpaul",4.72,5.04,4.4,19
Cluj,"Școala Gimnazială Aghireșu - Fabrici, Com. Aghireșu",4.66,4.89,4.35,21
Cluj,"Școala Gimnazială Rogojel, Com. Săcuieu",4.62,5.75,3.5,1
Cluj,"Școala Gimnazială Ceanu Mare, Com. Ceanu Mare",4.61,4.65,4.24,16
Cluj,"Școala Gimnazială Suceagu, Com. Baciu",4.6,4.38,4.83,5
Cluj,"Școala Gimnazială „Ștefan Micle”, Feleacu, Com. Feleacu",4.52,5.15,3.9,2
Cluj,"Școala Gimnazială Cojocna, Com. Cojocna",4.5,4.9,4.1,15
Cluj,"Școala Profesională Specială „Samus”, Cluj-Napoca",4.4,3.45,5.35,1
Cluj,"Școala Gimnazială „Alexandru Vaida Voevod”, Bobâlna, Com. Bobâlna",4.32,4.85,3.8,8
Cluj,"Școala Gimnazială Călățele, Com. Călățele",4.3,4.92,3.7,3
Cluj,"Școala Gimnazială Suatu, Com. Suatu",3.98,4.11,3.69,8
Cluj,"Școala Gimnazială „Traian Gărduș”, Luncani, Com. Luna",3.94,4.47,3.41,10
Cluj,"Școala Gimnazială Luna, Com. Luna",3.92,4.49,3.35,4
Cluj,"Școala Gimnazială „Traian Dârjan”, Cluj-Napoca",3.82,3.68,3.54,20
Cluj,"Școala Gimnazială Cara, Com. Cojocna",3.49,3.24,3.75,7
Cluj,Centrul Școlar Pentru Educație Incluzivă Cluj-Napoca,3.28,3.07,3.5,3
Cluj,"Școala Profesională, Poiana Turda",2.84,2.68,3.0,20
Constanța,"Colegiul Național „Mircea cel Bătrân”, Constanța",9.35,9.33,9.37,84
Constanța,"Liceul Teoretic „Ovidius”, Constanța",9.15,9.25,9.06,77
Constanța,"Liceul Teoretic „Traian”, Constanța",9.11,9.08,9.14,54
Constanța,"Colegiul Național „Mihai Eminescu”, Constanța",8.7,8.71,8.7,26
Constanța,"Liceul Teoretic „George Călinescu”, Constanța",8.43,8.51,8.35,31
Constanța,"Liceul Teoretic „Decebal”, Constanța",8.42,8.4,8.45,52
Constanța,"Școala Gimnazială „Spectrum”, Constanța",8.39,8.36,8.43,63
Constanța,"Școala Gimnazială „Petre Ispirescu”, Constanța",8.37,8.71,8.04,14
Constanța,"Școala Gimnazială Nr. 29 „Mihai Viteazul”, Constanța",8.25,8.17,8.33,96
Constanța,Școala Gimnazială „School Of London” Constanța,8.17,8.29,8.05,16
Constanța,"Școala Gimnazială Nr. 24 „Ion Jalea”, Constanța",8.07,8.19,7.97,140
Constanța,"Școala Gimnazială Nr. 30 „Gheorghe Țițeica”, Constanța",8.07,8.19,7.95,148
Constanța,"Școala Gimnazială Nr. 39 „Nicolae Tonitza”, Constanța",8.05,8.15,7.96,144
Constanța,"Colegiul Național Pedagogic „Constantin Brătescu”, Constanța",8.01,8.19,7.84,58
Constanța,"Școala Gimnazială Nr. 7 „Remus Opreanu”, Constanța",7.93,8.03,7.83,114
Constanța,"Liceul Teoretic „Educational Center”, Constanța",7.88,8.07,7.69,24
Constanța,"Școala Gimnazială Nr. 28 „Dan Barbilian”, Constanța",7.86,8.12,7.59,76
Constanța,"Școala Gimnazială Nr. 37, Constanța",7.82,8.09,7.55,110
Constanța,"Liceul Teoretic „Carmen Sylva”, Eforie",7.8,7.86,7.74,24
Constanța,"Școala Gimnazială Nr. 43 „Ferdinand”, Constanța",7.71,7.96,7.47,44
Constanța,"Școala „Sfinții Martiri Brâncoveni”, Constanța",7.6,7.76,7.44,11
Constanța,"Școala Gimnazială „Ion Creangă”, Albești",7.59,7.53,7.03,6
Constanța,"Școala Gimnazială Nr. 3 „Ciprian Porumbescu”, Constanța",7.56,7.95,7.19,47
Constanța,"Școala Gimnazială „Gala Galaction”, Mangalia",7.55,7.81,7.3,68
Constanța,"Școala Gimnazială Nr. 1, Eforie Nord",7.51,7.7,7.33,47
Constanța,"Școala Gimnazială Nr. 18 „Jean Bart”, Constanța",7.48,7.41,7.55,50
Constanța,"Liceul Teoretic „Callatis”, Mangalia",7.37,7.65,7.09,69
Constanța,"Școala Gimnazială „S.A. Esenin”, Ghindărești",7.36,7.77,6.96,13
Constanța,"Școala Gimnazială Nr. 23 „Constantin Brâncoveanu”, Constanța",7.3,7.34,7.27,64
Constanța,"Școala Gimnazială Nr. 3, Mangalia",7.25,7.46,7.03,75
Constanța,"Școala Gimnazială „Lucian Grigorescu”, Medgidia",7.15,7.34,6.97,86
Constanța,"Liceul Teoretic „Lucian Blaga”, Constanța",7.14,7.38,6.91,90
Constanța,"Școala Gimnazială Nr. 38 „Dimitrie Cantemir”, Constanța",7.11,7.27,6.95,97
Constanța,"Școala Gimnazială Nr. 12 „B.P. Hașdeu”, Constanța",7.11,7.22,7.0,95
Constanța,"Școala Gimnazială „George Enescu”, Năvodari",7.06,7.35,6.78,124
Constanța,"Școala Gimnazială Nr. 16 „Marin Ionescu Dobrogianu”, Constanța",7.05,7.22,6.89,76
Constanța,"Școala Gimnazială „Constantin Brâncuși”, Medgidia",7.01,7.22,6.81,61
Constanța,"Colegiul Național de Arte „Regina Maria”, Constanța",6.96,7.48,6.44,89
Constanța,"Liceul Teoretic „Ioan Cotovu”, Hârșova",6.92,7.71,6.14,26
Constanța,"Școala Gimnazială „Mircea Eliade”, Cernavodă",6.9,7.0,6.8,47
Constanța,"Liceul Teoretic „Anghel Saligny”, Cernavodă",6.87,6.92,6.83,42
Constanța,"Școala Gimnazială „Adrian V. Rădulescu”, Murfatlar",6.81,6.88,6.73,38
Constanța,Liceul Teoretic Murfatlar,6.75,6.77,6.73,36
Constanța,"Școala Gimnazială „Grigore Moisil”, Năvodari",6.69,6.95,6.44,96
Constanța,"Școala Gimnazială Nr. 1, Hârșova",6.69,6.69,6.68,30
Constanța,"Școala Gimnazială „Tudor Arghezi”, Năvodari",6.68,7.14,6.23,66
Constanța,"Școala Gimnazială Nr. 2, Cernavodă",6.61,6.91,6.33,14
Constanța,"Liceul Tehnologic „Nicolae Dumitrescu”, Cumpăna",6.6,6.84,6.37,110
Constanța,"Școala Gimnazială Nr. 33 „Anghel Saligny”, Constanța",6.57,7.01,6.13,36
Constanța,"Liceul Teoretic „Emil Racoviță”, Techirghiol",6.56,6.72,6.42,61
Constanța,"Școala Gimnazială Nr. 17 „Ion Minulescu”, Constanța",6.53,6.59,6.48,31
Constanța,"Școala Gimnazială Nr. 40 „Aurel Vlaicu”, Constanța",6.51,6.92,6.1,54
Constanța,"Școala Gimnazială Nr. 8, Constanța",6.49,6.83,6.16,75
Constanța,"Școala Gimnazială Nr. 10 „Mihail Koiciu”, Constanța",6.4,6.41,6.22,24
Constanța,"Școala Gimnazială Nr. 1, Valu lui Traian",6.39,6.49,6.28,102
Constanța,"Școala Gimnazială „Viceamiral Ioan Murgescu”, Valu Lui Traian",6.37,6.81,5.94,44
Constanța,"Școala Gimnazială „George Coșbuc”, 23 August",6.36,6.55,6.18,30
Constanța,"Școala Gimnazială „Wilhelm Moldovan”, Constanța",6.33,7.05,5.61,4
Constanța,"Școala Gimnazială Nr. 22 „I.C. Brătianu”, Constanța",6.3,6.53,6.08,27
Constanța,"Școala Gimnazială „Gheorghe Lazăr”, Corbu",6.3,6.76,5.85,40
Constanța,"Liceul Tehnologic „Mihai Viteazul”, Mihai Viteazu",6.29,6.97,5.61,14
Constanța,"Liceul Teoretic „Mihail Kogălniceanu”, Mihail Kogălniceanu",6.27,6.7,5.84,61
Constanța,"Școala Gimnazială „Ion Borcea”, Agigea",6.25,6.59,5.91,34
Constanța,"Școala Gimnazială Nr. 2 „Poet Ovidiu”, Ovidiu",6.24,6.36,6.12,49
Constanța,"Școala Gimnazială „I.L. Caragiale”, Medgidia",6.23,6.63,5.84,57
Constanța,"Școala Gimnazială Nr. 1, Grădina",6.2,7.43,4.98,2
Constanța,Liceul Tehnologic „I.C. Brătianu” Nicolae Bălcescu,6.19,6.3,6.08,29
Constanța,"Școala Gimnazială Nr. 2, 2 Mai",6.16,6.3,6.03,21
Constanța,"Școala Gimnazială Nr. 1, Tuzla",6.14,6.49,5.79,56
Constanța,"Școala Gimnazială Nr. 1, Lumina",6.12,6.44,5.81,91
Constanța,"Școala Gimnazială Nr. 1, Cotu Văii",6.09,6.61,5.57,9
Constanța,"Școala Gimnazială „Sfântul Andrei”, Mangalia",6.04,6.52,5.57,35
Constanța,"Școala Gimnazială Nr. 1, Limanu",6.02,6.4,5.65,12
Constanța,"Școala Gimnazială Nr. 1, Cernavodă",5.97,6.08,5.87,19
Constanța,"Școala Gimnazială Nr. 1, Poarta Albă",5.88,6.29,5.48,42
Constanța,"Școala Gimnazială Nr. 1, Peștera",5.87,6.26,5.49,19
Constanța,"Școala Gimnazială „Mihai Eminescu”, Costinești",5.87,6.17,5.57,22
Constanța,Liceul Cobadin,5.86,6.13,5.6,71
Constanța,Liceul Tehnologic Crucea,5.84,6.01,5.67,13
Constanța,"Școala Gimnazială Nr. 1, Dorobanțu",5.73,5.81,5.66,19
Constanța,"Școala Gimnazială Nr. 1, Horia",5.71,6.24,5.19,6
Constanța,"Școala Gimnazială „Iuliu Valaori”, Nisipari",5.71,5.71,5.7,19
Constanța,"Școala Gimnazială „Nicolae Iorga”, Moșneni",5.71,6.04,5.38,20
Constanța,"Școala Gimnazială „Cristea Caraman”, Cogealac",5.67,6.19,5.15,50
Constanța,"Școala Gimnazială Nr. 1, Târgușor",5.64,5.74,5.55,11
Constanța,"Școala Profesională, Ciobanu",5.64,6.05,5.23,25
Constanța,"Școala Gimnazială Nr. 1, Siminoc",5.62,6.34,4.89,8
Constanța,"Școala Gimnazială Nr. 2, Movilița",5.6,6.19,5.02,14
Constanța,"Liceul Tehnologic „Ion Podaru”, Ovidiu",5.58,5.83,5.33,31
Constanța,"Școala Gimnazială Nr. 2, Ciocârlia de Sus",5.51,6.15,4.88,13
Constanța,Liceul Tehnologic Independența,5.44,5.74,5.13,19
Constanța,Școala Gimnazială Nr. 2 „General Scărișoreanu”,5.42,5.64,5.21,13
Constanța,Liceul Tehnologic Topraisar,5.4,5.95,4.85,30
Constanța,"Școala Gimnazială Nr. 1, Fântânele",5.39,5.82,4.96,13
Constanța,"Școala Gimnazială Nr. 1, Biruința",5.36,6.01,4.72,14
Constanța,"Școala Gimnazială „Emil Gârleanu”, Bărăganu",5.34,6.22,4.46,23
Constanța,"Școala Gimnazială Nr. 1, Chirnogeni",5.29,5.5,5.09,16
Constanța,"Școala Gimnazială „Anastasia”, Constanța",5.29,5.88,4.7,4
Constanța,Liceul Tehnologic Băneasa,5.28,5.44,4.96,18
Constanța,"Liceul cu Program Sportiv „Nicolae Rotaru”, Constanța",5.28,5.69,4.87,45
Constanța,"Școala Gimnazială Nr. 1, Ciocârlia",5.26,5.86,4.66,16
Constanța,"Școala Gimnazială Nr. 1, Topalu",5.21,5.25,5.17,14
Constanța,"Școala Gimnazială „Nicolae Maraloi”, Sărăiu",5.21,6.26,4.16,11
Constanța,Liceul Teoretic Negru Vodă,5.18,5.72,4.65,39
Constanța,"Școala Gimnazială Nr. 1, Vulturu",5.16,5.93,4.39,5
Constanța,"Liceul „Regele Carol I”, Ostrov",5.15,5.65,4.66,18
Constanța,"Școala Gimnazială Nr. 1, Comana",5.09,5.65,4.54,17
Constanța,"Școala Gimnazială Nr. 1 „Pericle Martinescu”, Viișoara",5.07,5.61,4.54,15
Constanța,"Școala Gimnazială „Adrian Ghencea”, Săcele",5.06,5.45,4.68,20
Constanța,"Școala Gimnazială Nr. 1, Mircea Vodă",5.04,5.15,4.94,15
Constanța,"Școala Gimnazială Nr. 2, Satu Nou",5.0,5.58,4.41,29
Constanța,"Școala Gimnazială Nr. 1, Râșova",4.98,5.43,4.54,34
Constanța,"Școala Gimnazială Nr. 1, Istria",4.82,5.71,3.94,12
Constanța,"Liceul Tehnologic „Nicolae Istrățoiu”, Deleni",4.8,5.07,4.53,20
Constanța,"Școala Gimnazială Nr. 1, Seimeni",4.78,5.03,4.54,22
Constanța,"Școala Gimnazială Nr. 6 „Nicolae Titulescu”, Constanța",4.72,4.95,4.49,27
Constanța,"Școala Gimnazială Nr. 1, Amzacea",4.7,5.45,3.97,14
Constanța,"Școala Gimnazială Nr. 14, Constanța",4.64,5.07,4.09,13
Constanța,"Școala Gimnazială Nr. 1, Saligny",4.63,4.7,4.56,17
Constanța,"Școala Gimnazială Nr. 1, Siliștea",4.62,4.88,4.36,16
Constanța,"Școala Gimnazială Nr. 1, Sinoie",4.61,5.11,4.12,12
Constanța,"Școala Gimnazială „Dumitru Gavrilescu”, Gârliciu",4.56,4.75,4.38,12
Constanța,"Școala Gimnazială Nr. 2, Oituz",4.56,4.83,4.3,10
Constanța,"Școala Gimnazială Nr. 1, Mangalia",4.56,4.57,4.55,25
Constanța,"Școala Gimnazială „Dan Spătaru”, Aliman",4.56,4.84,4.28,22
Constanța,"Școala Gimnazială Nr. 2, Nuntași",4.55,4.8,4.3,2
Constanța,"Școala Gimnazială Nr. 1 „Contraamiral Petrică Stoica”, Pecineaga",4.55,4.89,4.21,25
Constanța,"Școala Gimnazială „Ion Ghica”, Tortoman",4.47,4.6,4.18,12
Constanța,"Școala Gimnazială „Nichita Stănescu”, Mereni",4.45,5.06,3.84,19
Constanța,"Școala Gimnazială Nr. 1, Ion Corvin",4.44,4.34,4.54,18
Constanța,"Școala Gimnazială „Dimitrie Știubei”, Constanța",4.38,4.64,4.13,15
Constanța,"Școala Gimnazială Nr. 1, Piatra",4.27,4.74,3.8,12
Constanța,"Școala Gimnazială Nr. 2, Plopeni",4.25,4.32,4.19,13
Constanța,"Școala Gimnazială Nr. 1, Cuza Vodă",4.17,4.59,3.71,35
Constanța,"Școala Gimnazială „Marin Sorescu”, Constanța",4.16,4.26,4.06,13
Constanța,"Școala Gimnazială Nr. 1, Castelu",4.14,4.01,4.28,15
Constanța,"Școala Gimnazială „Marin Voinea”, Cerchezu",4.13,4.45,3.82,16
Constanța,"Școala Profesională „Jean Dinu”, Adamclisi",4.05,4.4,3.71,26
Constanța,"Școala Gimnazială „Ioan Atanasiu”, Lipnița",3.95,4.29,3.62,17
Constanța,"Școala Gimnazială Nr. 1, Pantelimon",3.86,4.4,3.33,16
Constanța,"Școala Gimnazială „Mircea Dragomirescu”, Medgidia",3.71,3.61,3.65,10
Constanța,"Școala Gimnazială Nr. 2, Almalău",3.64,3.85,3.43,7
Constanța,"Școala Gimnazială Nr. 1, Galița",3.41,3.71,3.11,8
Constanța,"Școala Gimnazială Nr. 31, Constanța",3.38,3.41,3.4,20
Constanța,"Școala Gimnazială „Spiru Haret”, Medgidia",3.3,3.42,3.19,17
Constanța,"Colegiul Național „Kemal Atatürk”, Medgidia",3.3,3.26,3.34,12
Constanța,"Școala Gimnazială Nr. 1, Dumbrăveni",3.25,3.59,2.91,4
Constanța,"Școala Gimnazială „Mihail Sadoveanu”, Medgidia",3.03,2.96,2.93,15
Constanța,"Școala Gimnazială Nr. 1, Oltina",2.89,2.79,3.0,13
Constanța,"Școala Profesională „Radu Prișcu”, Dobromir",2.81,2.3,3.22,21
Constanța,"Școala Gimnazială Nr. 1, Făurei",2.3,1.87,2.5,7
Constanța,"Școala Gimnazială Nr. 1, Văleni",2.17,2.1,2.25,11
Covasna,"Școala Gimnazială „Avram Iancu”, Covasna",7.99,8.0,7.97,13
Covasna,"Colegiul Național „Mihai Viteazul”, Sfântu Gheorghe",7.72,7.98,7.46,51
Covasna,"Colegiul Național „Nagy Mózes”, Târgu Secuiesc",7.59,6.3,7.6,39
Covasna,"Școala Gimnazială „Opra Benedek”, Valea Seacă",7.47,6.54,5.96,7
Covasna,"Colegiul Național „Székely Mikó”, Sfântu Gheorghe",7.41,6.8,6.72,62
Covasna,"Liceul Teoretic „Mikes Kelemen”, Sfântu Gheorghe",7.41,6.29,7.14,80
Covasna,"Școala Gimnazială „Váradi József”, Sfântu Gheorghe",7.38,6.59,7.05,117
Covasna,"Școala Gimnazială „Nicolae Russu”, Sita Buzăului",7.31,8.07,6.56,24
Covasna,"Școala Gimnazială „Molnár Józsiás”, Târgu Secuiesc",7.28,6.46,6.6,48
Covasna,Liceul Teologic Reformat Sfântu Gheorghe,7.18,6.08,6.94,26
Covasna,"Școala Gimnazială „Mihail Sadoveanu”, Întorsura Buzăului",7.16,7.4,6.92,83
Covasna,"Liceul „Kőrösi Csoma Sándor”, Covasna",7.15,6.66,6.92,37
Covasna,"Școala Gimnazială „Petőfi Sándor”, Târgu Secuiesc",6.99,6.27,6.18,34
Covasna,"Școala Gimnazială Nr. 3, Sita Buzăului",6.92,7.52,6.32,10
Covasna,"Școala Gimnazială „Nicolae Colan”, Sfântu Gheorghe",6.77,6.04,5.99,45
Covasna,Școala Gimnazială Filia,6.71,5.7,6.09,19
Covasna,"Școala Gimnazială, Lădăuți",6.71,7.41,6.02,5
Covasna,Școala Gimnazială „Gheorghe Zaharia Brădet”,6.7,7.51,5.9,9
Covasna,"Școala Gimnazială „Andrei Șaguna”, Barcani",6.7,7.52,5.88,22
Covasna,"Școala Gimnazială „Kun Kocsárd”, Ojdula",6.65,5.44,6.21,13
Covasna,"Școala Gimnazială „Trefán Leonárd”, Poian",6.59,5.65,5.76,9
Covasna,"Școala Gimnazială, Dobârlău",6.4,6.13,6.67,22
Covasna,"Școala Gimnazială „Konsza Samu”, Bățanii Mari",6.39,4.99,5.83,11
Covasna,"Școala Gimnazială „Bem József”, Lemnia",6.29,5.12,5.97,9
Covasna,"Școala Gimnazială „Dr. Gelei József”, Arcuș",6.24,4.91,5.73,15
Covasna,"Școala Gimnazială „Végh Antal”, Cernat",6.16,4.9,5.48,13
Covasna,Școala Gimnazială Păpăuți,6.15,6.2,5.6,12
Covasna,"Liceul de Arte „Plugor Sándor”, Sfântu Gheorghe",6.13,5.39,5.57,49
Covasna,Școala Gimnazială Zăbrătău,6.12,6.64,5.6,13
Covasna,"Școala Gimnazială „Horn Dávid”, Comandău",6.1,5.21,5.55,4
Covasna,"Școala Gimnazială „Turóczi Mózes”, Târgu Secuiesc",6.08,5.15,5.35,37
Covasna,"Școala Gimnazială „Darkó Jenő”, Dalnic",6.02,4.01,5.69,4
Covasna,"Școala Gimnazială „Apor István”, Sânzieni",5.99,4.63,5.37,11
Covasna,"Școala Gimnazială „Kelemen Didák”, Mereni",5.97,4.63,6.41,8
Covasna,"Școala Gimnazială „Comenius”, Brețcu",5.93,5.17,5.38,16
Covasna,"Școala Gimnazială „Bod Péter”, Cernat",5.87,4.77,5.37,6
Covasna,"Școala Gimnazială „Czetz János”, Ghidfalău",5.85,3.95,5.49,4
Covasna,"Școala Gimnazială „Jancsó Benedek”, Ghelința",5.71,4.68,4.53,32
Covasna,"Școala Gimnazială „Benkő József”, Brăduț",5.7,4.01,5.62,11
Covasna,"Școala Gimnazială „Borbáth Károly”, Vârghiș",5.69,4.26,5.47,9
Covasna,"Școala Gimnazială „Kicsi Antal”, Turia",5.68,4.22,5.08,17
Covasna,"Școala Gimnazială „Gaál Mózes”, Baraolt",5.66,4.45,5.18,52
Covasna,"Școala Gimnazială „Antos János”, Reci",5.54,4.3,4.94,10
Covasna,"Școala Gimnazială „Bibó József”, Brateș",5.37,3.93,5.27,10
Covasna,Școala Gimnazială Mărtineni,5.27,4.35,4.38,3
Covasna,"Școala Gimnazială „Mikes Ármin”, Bixad",5.24,4.43,4.18,11
Covasna,"Școala Gimnazială „Nagy Mózes”, Estelnic",5.18,4.28,4.02,13
Covasna,"Școala Gimnazială „Kriza János”, Aita Mare",5.17,4.31,3.95,12
Covasna,"Școala Gimnazială „Mihai Eminescu”, Valea Mare",5.16,5.86,4.47,14
Covasna,"Școala Gimnazială „Thury Gergely”, Tamașfalău",5.09,2.92,5.15,7
Covasna,"Școala Gimnazială „Tatrangi Sándor”, Ozun",5.04,4.21,3.92,19
Covasna,"Școala Gimnazială „Ajtai Abod Mihály”, Aita Seacă",5.03,3.97,4.13,3
Covasna,"Școala Gimnazială „Henter Károly”, Bodoc",4.98,3.1,4.49,12
Covasna,"Școala Gimnazială „Kovács Ferenc”, Petriceni",4.93,3.35,4.1,5
Covasna,"Școala Gimnazială „Tőkés József”, Malnaș",4.92,2.78,4.07,3
Covasna,"Școala Gimnazială „Mikes Kelemen”, Zagon",4.77,4.19,4.02,19
Covasna,"Școala Gimnazială Nr. 1, Zăbala",4.77,4.36,4.21,29
Covasna,"Școala Gimnazială „László Lukács”, Ilieni",4.64,3.95,3.48,4
Covasna,"Școala Gimnazială „Fejér Ákos”, Micfalău",4.52,3.45,4.12,18
Covasna,"Școala Gimnazială „Bölöni Farkas Sándor”, Belin",4.42,4.11,4.25,29
Covasna,"Școala Gimnazială „Gödri Ferenc”, Sfântu Gheorghe",4.27,3.55,3.69,12
Covasna,"Școala Gimnazială „Ady Endre”, Sfântu Gheorghe",4.14,3.06,3.77,23
Covasna,"Școala Gimnazială „Romulus Cioflec”, Araci",4.07,4.27,3.65,27
Covasna,"Școala Gimnazială „Orbán Balázs”, Moacșa",3.74,2.68,2.88,7
Covasna,"Școala Gimnazială „Gábor Áron”, Chichiș",3.66,4.03,2.0,2
Covasna,"Școala Gimnazială „Bartha Károly”, Boroșneu Mare",3.46,2.24,3.23,15
Covasna,"Școala Gimnazială „Bálint Gábor”, Catalina",3.3,1.98,3.75,4
Covasna,Școala Gimnazială Hăghig,3.27,3.58,2.78,11
Covasna,Școala Gimnazială Vâlcele,3.03,3.21,2.77,19
Covasna,"Școala Gimnazială „Máthé János”, Herculian",2.99,2.27,2.95,13
Covasna,"Școala Gimnazială Specială, Sfântu Gheorghe",2.93,2.22,2.61,11
Covasna,"Școala Gimnazială „Kálnoky Ludmilla”, Valea Crișului",2.93,1.91,3.02,11
Covasna,Școala Gimnazială Doboșeni,2.92,2.7,2.93,20
Covasna,"Școala Gimnazială „Néri Szent Fülöp”, Sfântu Gheorghe",2.48,1.83,3.0,15
Călărași,"Colegiul Național „Neagoe Basarab”, Oltenița",7.99,8.28,7.71,26
Călărași,"Școala Gimnazială „Constantin George Călinescu”, Grădiștea",7.83,8.13,7.53,6
Călărași,"Liceul Teoretic „Mihai Eminescu”, Călărași",7.82,8.12,7.54,55
Călărași,"Școala Gimnazială „Mihai Viteazul”, Călărași",7.63,7.91,7.36,64
Călărași,"Școala Gimnazială Nr. 1, Lehliu-Gara",7.48,8.08,6.88,28
Călărași,"Școala Gimnazială „Nicolae Titulescu”, Călărași",7.26,7.49,7.05,90
Călărași,"Școala Gimnazială Nr. 1, Dor Marunt Sat",6.97,7.5,6.45,15
Călărași,"Școala Gimnazială „Carol I”, Călărași",6.93,7.49,6.37,45
Călărași,"Școala Gimnazială „Dragoș Marin”, Ștefan cel Mare",6.82,7.03,6.63,40
Călărași,"Școala Gimnazială „Mircea Eliade”, Oltenița",6.72,7.23,6.22,16
Călărași,"Școala Gimnazială „Tudor Vladimirescu”, Călărași",6.71,7.18,6.23,32
Călărași,"Școala Gimnazială Nr. 2, Borcea",6.68,7.35,6.02,26
Călărași,"Liceul Tehnologic nr. 1, Fundulea",6.61,7.08,6.13,27
Călărași,"Școala Gimnazială „Constantin Brâncoveanu”, Călărași",6.6,7.5,5.7,14
Călărași,"Școala Gimnazială „Matei Basarab”, Mânăstirea",6.56,7.06,6.07,26
Călărași,"Școala Gimnazială Nr. 3, Borcea",6.53,6.96,6.11,8
Călărași,Liceul Tehnologic nr. 1 Borcea,6.5,6.61,6.39,14
Călărași,"Școala Gimnazială „Mircea Vodă”, Călărași",6.44,6.55,6.33,34
Călărași,"Școala Gimnazială Nr. 1, Ștefan Vodă",6.35,6.52,6.19,11
Călărași,Colegiul Economic Călărași,6.26,6.72,5.8,29
Călărași,"Școala Gimnazială Nr. 1, Drajna",6.25,6.15,6.25,15
Călărași,"Școala Gimnazială „Spiru Haret”, Oltenița",6.19,6.77,5.62,29
Călărași,"Școala Gimnazială Nr. 1, Ciocănești",6.17,7.17,5.17,16
Călărași,"Școala Gimnazială Nr. 1, Radu Vodă",6.14,6.28,6.0,21
Călărași,"Școala Gimnazială Nr. 1, Dragalina",6.11,6.82,5.41,41
Călărași,"Școala Gimnazială „Nicolae Petrescu”, Crivăț",6.07,6.44,5.7,9
Călărași,"Școala Gimnazială Nr. 1, Jegalia",6.02,6.18,5.59,23
Călărași,"Școala Gimnazială Nr. 3, Chirnogi",6.02,5.93,6.11,19
Călărași,"Școala Gimnazială „Alexandru Vlahuță”, Oltenița",5.99,6.63,5.36,25
Călărași,"Școala Gimnazială Nr. 1, Vlad Țepeș",5.96,6.53,5.4,14
Călărași,"Școala Gimnazială Nr. 1, Nana",5.96,6.4,5.53,10
Călărași,Școala Gimnazială Nr. 1 „Cuza Vodă”,5.93,6.48,5.4,10
Călărași,"Școala Gimnazială Nr. 2, Dor Marunt Gara",5.92,6.11,5.73,7
Călărași,"Școala Gimnazială „George Valsan”, Independenta",5.9,6.52,5.28,17
Călărași,"Școala Gimnazială Nr. 1, Luica",5.89,6.51,5.27,15
Călărași,"Școala Gimnazială Nr. 2, Mitreni",5.86,6.1,5.63,14
Călărași,"Școala Gimnazială Nr. 1, Modelu",5.86,6.79,4.93,7
Călărași,"Școala Gimnazială Nr. 1, Unirea",5.82,6.08,5.57,12
Călărași,"Liceul „Danubius”, Călărași",5.8,6.43,5.17,11
Călărași,"Școala Gimnazială Nr. 1, Nicolae Bălcescu",5.71,6.15,5.27,10
Călărași,"Școala Gimnazială „Iancu Rosetti”, Roșeti",5.71,6.23,5.19,50
Călărași,"Școala Gimnazială Nr. 1, Dalga Gara",5.69,5.56,5.82,8
Călărași,"Școala Gimnazială „Dimitrie Ion Ghica”, Radovanu",5.47,5.73,5.21,20
Călărași,"Școala Gimnazială Nr. 1, Chiselet",5.44,5.25,5.63,32
Călărași,Școala Gimnazială „Ion Popescu” Gurbănești,5.44,6.38,4.5,5
Călărași,Școala Gimnazială Nr. 1 „Dragoș Vodă”,5.37,5.6,5.14,17
Călărași,"Școala Gimnazială „Prof. Univ. Dr. Adrian V. Rădulescu”, Dorobanțu",5.36,5.66,5.05,20
Călărași,Școala Gimnazială Nr. 2 „Alexandru Odobescu”,5.3,5.96,4.65,12
Călărași,"Școala Gimnazială Nr. 1, Tămădău Mare",5.27,5.83,4.71,16
Călărași,"Școala Gimnazială Nr. 1, Frumușani",5.25,5.21,5.3,34
Călărași,"Școala Gimnazială Nr. 1, Belciugatele",5.22,5.02,5.42,20
Călărași,"Școala Gimnazială Nr. 1, Rasa",5.17,6.12,4.22,6
Călărași,"Școala Gimnazială Nr. 1, Dichiseni",5.12,5.81,4.44,9
Călărași,Școala Gimnazială Nr. 1 „Nicolae Bălcescu” (Preasna),5.11,5.82,4.42,13
Călărași,"Școala Gimnazială Nr. 2, Modelu",5.11,5.55,4.67,20
Călărași,"Școala Gimnazială Nr. 1, Frăsinet",5.08,5.75,4.42,15
Călărași,"Școala Gimnazială Nr. 1, Perișoru",5.05,5.51,4.64,19
Călărași,"Școala Gimnazială Nr. 1, Lehliu",5.02,5.66,4.38,12
Călărași,"Școala Gimnazială Prof. Lucian Pavel, Oltenița",5.02,5.27,4.77,11
Călărași,"Școala Gimnazială Nr. 1, Chirnogi",5.0,4.92,5.07,16
Călărași,"Școala Gimnazială Nr. 1, Răzvani",4.98,4.58,5.35,22
Călărași,"Școala Gimnazială Nr. 1, Cascioarele",4.97,5.54,4.4,9
Călărași,"Școala Gimnazială „Mircea Nedelciu”, Fundulea",4.88,4.81,4.96,26
Călărași,"Școala Gimnazială Nr. 2, Progresu",4.82,5.51,4.13,8
Călărași,"Școala Gimnazială Nr. 2, Stancea",4.81,5.09,4.54,15
Călărași,"Școala Gimnazială Nr. 1, Ulmu",4.81,4.9,4.73,4
Călărași,"Școala Gimnazială Nr. 1, Valea Roșie",4.78,4.6,4.96,13
Călărași,"Școala Gimnazială Nr. 1, Sărulești Gara",4.78,5.02,4.54,13
Călărași,"Școala Gimnazială Nr. 1, Sohatu",4.69,5.05,4.11,14
Călărași,"Școala Gimnazială „Alexandru D. Ghica”, Oltenița",4.65,4.79,4.5,26
Călărași,"Școala Gimnazială Nr. 1, Curcani",4.63,4.87,4.35,31
Călărași,"Școala Gimnazială „Grigore Moisil”, Ulmeni",4.63,4.69,4.56,24
Călărași,"Școala Gimnazială „Constantin Teodorescu”, Soldanu",4.62,4.75,4.46,17
Călărași,"Școala Gimnazială Nr. 1, Ileana",4.59,4.7,4.38,13
Călărași,"Școala Gimnazială „Constantin Brâncoveanu”, Văsălati",4.53,4.67,4.4,34
Călărași,"Școala Gimnazială Nr. 1, Plătărești",4.44,4.86,4.02,42
Călărași,"Școala Gimnazială „Florenta Albu”, Vălcelele",4.3,4.84,3.76,10
Călărași,"Școala Gimnazială Nr. 1, Gălbinași",4.18,4.41,3.97,44
Călărași,"Școala Gimnazială Nr. 1, Fundeni",3.96,4.28,3.63,33
Călărași,"Școala Gimnazială Nr. 1, Aprozi",3.93,4.06,3.8,10
Călărași,"Școala Gimnazială Nr. 1, Valea Argovei",3.92,4.13,3.65,21
Călărași,"Școala Gimnazială Nr. 1, Gostilele",3.85,3.61,4.0,11
Călărași,"Școala Gimnazială „Gheorghe Manu”, Budești",3.85,3.9,3.81,47
Călărași,"Școala Gimnazială Nr. 1, Spântov",3.84,3.61,4.01,16
Călărași,"Școala Gimnazială Nr. 7, Călărași",3.77,4.38,3.17,3
Călărași,"Școala Gimnazială Nr. 2, Artari",3.56,3.33,3.7,7
Dolj,Școala Româno-Britanică Craiova,9.32,9.51,9.14,22
Dolj,"Școala Gimnazială Terraveda, Craiova",8.94,8.84,9.04,14
Dolj,"Școala Gimnazială „Mircea Eliade”, Craiova",8.7,8.83,8.58,167
Dolj,"Școala Gimnazială „Traian”, Craiova",8.57,8.75,8.39,139
Dolj,"Colegiul Național „Frații Buzești”, Craiova",8.54,8.68,8.41,166
Dolj,"Școala Gimnazială „Gheorghe Titeica”, Craiova",8.41,8.68,8.13,129
Dolj,"Colegiul Național „Elena Cuza”, Craiova",8.22,8.45,7.99,75
Dolj,"Colegiul Național „Carol I”, Craiova",8.18,8.43,7.92,119
Dolj,"Colegiul Național Pedagogic „Ștefan Velovan”, Craiova",8.17,8.26,8.08,112
Dolj,"Școala Gimnazială „Sf. Dumitru”, Craiova",8.0,8.2,7.81,103
Dolj,"Liceul Teoretic „Independența”, Calafat",7.99,8.16,7.83,50
Dolj,"Școala Gimnazială „Nicolae Bălcescu”, Craiova",7.81,8.14,7.48,95
Dolj,Liceul Teoretic Amarăștii de Jos,7.81,7.8,7.82,19
Dolj,"Școala Gimnazială „Nicolae Romanescu”, Craiova",7.77,7.99,7.56,95
Dolj,"Școala Gimnazială „Alexandru Macedonski”, Craiova",7.61,7.94,7.28,130
Dolj,"Școala Gimnazială Nr. 5, Av. P. Ivanovici, Băilești",7.61,8.04,7.18,37
Dolj,"Școala Gimnazială „Sf. Gheorghe”, Craiova",7.6,7.66,7.55,86
Dolj,Școala Gimnazială Sărata,7.57,7.91,7.23,12
Dolj,"Liceul Teoretic „Henri Coandă”, Craiova",7.53,7.76,7.3,56
Dolj,Școala Gimnazială Tuglui,7.51,7.45,7.57,18
Dolj,"Școala Gimnazială „Mihai Viteazul”, Craiova",7.49,7.66,7.33,123
Dolj,"Liceul Teoretic „Tudor Arghezi”, Craiova",7.49,7.58,7.32,84
Dolj,"Școala Gimnazială „Marin Sorescu”, Bulzești",7.41,7.99,6.84,4
Dolj,"Liceul Teoretic „Constantin Brâncoveanu”, Dăbuleni",7.37,7.22,7.3,24
Dolj,"Școala Gimnazială „Constantin Gheorghita”, Podari",7.34,7.9,6.79,23
Dolj,"Școala Gimnazială Nr. 3, Băilești",7.25,6.86,7.65,15
Dolj,Școala Gimnazială Murgăși,7.25,7.44,7.06,9
Dolj,"Colegiul Național „Nicolae Titulescu”, Craiova",7.24,7.3,7.17,23
Dolj,"Școala Gimnazială Particulară Ethos, Craiova",7.22,7.6,6.85,31
Dolj,"Școala Gimnazială Nr. 1, Dăbuleni",7.19,7.29,7.09,28
Dolj,"Școala Gimnazială „Mihai Eminescu”, Craiova",7.19,7.37,7.0,37
Dolj,"Școala Gimnazială Decebal, Craiova",7.15,7.46,6.86,42
Dolj,"Școala Gimnazială „Ion Pachia Tatomirescu”, Tatomirești",7.06,6.83,7.3,3
Dolj,Școala Gimnazială Prapor,6.99,7.02,6.96,11
Dolj,"Școala Gimnazială „Eliza Opran”, Isalnița",6.99,6.72,6.97,20
Dolj,Liceul Teologic Adventist Craiova,6.97,7.27,6.68,17
Dolj,"Școala Gimnazială, Filiași",6.93,7.34,6.53,97
Dolj,Liceul Energetic Craiova,6.86,6.92,6.81,27
Dolj,"Liceul „Matei Basarab”, Craiova",6.81,6.94,6.69,20
Dolj,Liceul Teoretic Bechet,6.77,6.35,7.05,15
Dolj,"Liceul Tehnologic „Horia Vintilă”, Segarcea",6.71,7.07,6.36,36
Dolj,Școala Gimnazială Afumați,6.61,6.69,6.52,17
Dolj,Scoala Gimnaziala Bratovoesti,6.53,5.79,7.21,21
Dolj,"Școala Gimnazială „Elena Farago”, Craiova",6.43,6.78,6.08,64
Dolj,"Școala Gimnazială Nr. 3, Dăbuleni",6.42,6.29,6.35,20
Dolj,"Școala Gimnazială „Gheorghe Brăescu”, Calafat",6.42,6.71,6.14,21
Dolj,Școala Gimnazială Negoiesti,6.35,6.88,5.83,11
Dolj,Școala Gimnazială Fratoștița,6.22,5.84,6.43,18
Dolj,"Școala Gimnazială „Ion Tuculescu”, Craiova",6.2,6.82,5.58,25
Dolj,Școala Gimnazială Brăloștița,6.18,6.25,6.12,23
Dolj,Școala Gimnazială „Lesile”,6.16,5.86,6.46,24
Dolj,Școala Gimnazială Silistea Crucii,6.16,6.42,5.9,9
Dolj,Școala Gimnazială Pielești,6.15,6.51,5.79,24
Dolj,Școala Gimnazială Orodel,6.14,6.34,5.95,20
Dolj,"Școala Gimnazială Damian, Sadova",6.14,6.26,6.01,8
Dolj,"Liceul cu Program Sportiv „Petrache Triscu”, Craiova",6.11,6.03,6.09,46
Dolj,Școala Gimnazială Dobrotești,6.09,5.59,6.6,11
Dolj,Școala Gimnazială Ghidici,6.08,6.75,5.41,7
Dolj,Școala Gimnazială Fărcaș,6.06,6.36,5.76,18
Dolj,Școala Gimnazială Negoi,6.01,6.13,5.89,7
Dolj,"Școala Gimnazială „Ilie Martin”, Brabova",5.98,7.67,4.3,3
Dolj,Liceul de Industrie Alimentară Craiova,5.98,6.13,5.83,13
Dolj,"Școala Gimnazială „Gheorghe Bibescu”, Craiova",5.98,6.49,5.47,40
Dolj,Școala Gimnazială Cotofenii din Dos,5.98,6.42,5.54,13
Dolj,Școala Gimnazială Cioroiași,5.96,5.62,6.31,7
Dolj,Școala Gimnazială Vârvoru de Jos,5.94,6.19,5.69,15
Dolj,Școala Gimnazială Giubega,5.93,6.6,5.26,5
Dolj,Școala Gimnazială Valea Lui Patru,5.92,5.62,6.23,13
Dolj,Școala Profesională Daneti,5.92,6.3,5.53,15
Dolj,"Școala Gimnazială „Nica Barbu Locusteanu”, Leu",5.91,6.13,5.7,14
Dolj,"Școala Gimnazială, Călărași",5.91,5.65,6.17,20
Dolj,"Școala Gimnazială „Ion Creangă”, Craiova",5.84,6.0,5.69,23
Dolj,Școala Gimnazială Bucovat,5.84,6.04,5.37,20
Dolj,"Liceul de Arte „Marin Sorescu”, Craiova",5.83,6.27,5.4,51
Dolj,Școala Gimnazială Piscu Vechi,5.8,5.99,5.61,20
Dolj,Școala Gimnazială Terpezița,5.8,6.19,5.41,5
Dolj,"Școala Gimnazială Nr. 2, Poiana Mare",5.78,6.45,5.1,17
Dolj,"Școala Gimnazială Nr. 38, Craiova",5.77,5.7,5.84,22
Dolj,Școala Gimnazială Malu Mare,5.7,6.96,4.44,12
Dolj,Școala Gimnazială Breasta,5.67,5.71,5.64,28
Dolj,Școala Gimnazială Apele Vii,5.66,6.14,5.19,14
Dolj,"Școala Gimnazială, Goiești",5.66,6.17,5.16,9
Dolj,"Școala Gimnazială „Alecsandru Nicolaid”, Mischii",5.65,5.77,5.54,7
Dolj,"Școala Gimnazială „Nicolae Caras”, Ciupercenii Noi",5.65,5.71,5.54,30
Dolj,"Liceul Teoretic „Adrian Păunescu”, Bârca",5.65,6.08,5.21,17
Dolj,"Școala Gimnazială „Carol al II-lea”, Diosti",5.65,6.2,5.1,2
Dolj,Școala Gimnazială Piscu Nou,5.62,6.2,5.04,12
Dolj,"Liceul Tehnologic „Constantin Ianculescu”, Carcea",5.61,5.76,5.47,14
Dolj,Școala Gimnazială Sadova,5.49,5.66,5.24,30
Dolj,Școala Gimnazială Desa,5.47,6.26,4.69,32
Dolj,Școala Gimnazială Cerat,5.47,4.61,6.03,18
Dolj,Școala Gimnazială Teslui,5.46,5.43,5.51,12
Dolj,"Școala Gimnazială Nr. 1, Mărșani",5.45,6.15,4.76,27
Dolj,Școala Gimnazială Tândăra,5.45,6.48,4.43,6
Dolj,Școala Gimnazială Unirea,5.43,5.5,5.36,24
Dolj,Școala Gimnazială Ciocănești,5.42,6.25,4.6,1
Dolj,Școala Gimnazială Radomir,5.41,5.62,5.2,6
Dolj,Școala Gimnazială Dragotești,5.4,5.0,5.81,14
Dolj,Școala Gimnazială Talpaș,5.37,6.05,4.7,6
Dolj,"Școala Gimnazială „Inv. M. Georgescu”, Celaru",5.37,5.65,5.08,23
Dolj,Școala Gimnazială Ghercești,5.36,5.78,4.93,4
Dolj,"Școala Gimnazială Nr. 2, Băilești",5.35,5.55,5.16,11
Dolj,"Școala Gimnazială „Ion Gh. Pleșa”, Almaj",5.33,5.76,4.91,7
Dolj,Școala Gimnazială Gighera,5.26,5.28,5.24,20
Dolj,"Școala Gimnazială „Amza Pellea”, Băilești",5.25,5.87,4.63,14
Dolj,Școala Gimnazială Plenița,5.21,5.82,4.6,23
Dolj,Școala Gimnazială Cosoveni,5.18,5.2,5.17,20
Dolj,Școala Gimnazială Balta,5.16,5.47,4.85,10
Dolj,Școala Gimnazială Caraula,5.13,5.19,5.08,15
Dolj,Școala Gimnazială Măceșu de Jos,5.13,5.73,4.53,3
Dolj,Școala Gimnazială Sălcuța,5.11,5.86,4.37,8
Dolj,Școala Gimnazială Valea Fântânilor,5.1,4.36,5.54,12
Dolj,Școala Gimnazială Teasc,5.08,5.28,4.89,10
Dolj,"Școala Gimnazială „Lascar Catargiu”, Craiova",5.05,4.77,5.07,11
Dolj,Școala Gimnazială Rojiște,5.01,5.11,4.91,15
Dolj,"Școala Gimnazială „Constantin Gerota”, Calafat",5.01,5.33,4.69,12
Dolj,Școala Gimnazială Ostroveni,5.01,4.86,4.94,20
Dolj,"Liceul Tehnologic „Alexandru Macedonski”, Melinești",5.0,5.51,4.5,15
Dolj,"Școala Profesională „Constantin Argetoianu”, Argetoaia",5.0,5.18,4.82,26
Dolj,"Școala Profesională, Valea Stânciului",4.99,5.01,4.99,15
Dolj,Școala Gimnazială Gangiova,4.97,5.64,4.31,11
Dolj,Școala Gimnazială Zănoaga,4.97,5.58,4.36,6
Dolj,"Școala Gimnazială „Petrache Poenaru”, Brădești",4.95,5.26,4.65,24
Dolj,Școala Gimnazială Izvoare,4.95,5.66,4.24,11
Dolj,"Școala Gimnazială Nr. 1, Motatei",4.95,5.24,4.66,46
Dolj,Școala Gimnazială Ghindeni,4.94,4.73,5.16,5
Dolj,"Școala Gimnazială „Gh. Jienescu”, Rast",4.9,5.11,4.7,20
Dolj,Școala Gimnazială Galicea Mare,4.88,4.78,4.9,33
Dolj,"Școala Gimnazială Nr. 1, Poiana Mare",4.83,5.11,4.55,16
Dolj,Școala Gimnazială Cotofenii din Fata,4.81,4.93,4.7,8
Dolj,Școala Gimnazială Predești,4.76,4.92,4.38,13
Dolj,"Școala Gimnazială „Nicolae Gh. Popescu”, Intorsura",4.74,4.51,4.97,8
Dolj,"Școala Gimnazială „Ștefan Ispas”, Maglavit",4.73,5.08,4.39,26
Dolj,Școala Gimnazială Salcia,4.73,5.13,4.34,4
Dolj,Școala Gimnazială Drănic,4.72,4.44,5.0,13
Dolj,Școala Gimnazială Carpen,4.7,5.16,4.24,6
Dolj,"Liceul Teoretic „Gh. Vasilichi”, Cetate",4.69,5.3,4.1,26
Dolj,"Școala Gimnazială „Ilie Murgulescu”, Vela",4.69,3.68,5.71,7
Dolj,"Școala Gimnazială „Sf. Dumitru”, Măceșu de Sus",4.69,4.54,4.84,4
Dolj,Școala Gimnazială Belot,4.66,4.69,4.63,11
Dolj,"Școala Gimnazială „Petre Manarcescu”, Lipovu",4.54,5.18,3.91,11
Dolj,Școala Gimnazială Calopăr,4.52,4.5,4.55,15
Dolj,Școala Gimnazială Giurgița,4.52,4.35,4.48,19
Dolj,Școala Gimnazială Gubaucea,4.51,3.68,5.33,4
Dolj,"Școala Gimnazială Opsichie Cazacu, Seaca de Pădure",4.44,5.33,3.55,5
Dolj,Școala Gimnazială Castranova,4.42,4.78,4.07,18
Dolj,Școala Gimnazială Puturi,4.41,4.4,4.43,9
Dolj,Școala Gimnazială Radovan,4.4,4.35,4.45,6
Dolj,Școala Gimnazială Horezu-Poenari,4.38,4.32,4.45,9
Dolj,"Școala Gimnazială „Barbu Ionescu”, Urzicuța",4.35,4.08,4.47,15
Dolj,"Școala Gimnazială „Tudor Segarceanu”, Goicea",4.34,4.5,4.05,18
Dolj,Liceul Tehnologic Auto Craiova,4.31,4.29,4.33,18
Dolj,Școala Gimnazială Piscu Sadovei,4.3,4.35,4.27,3
Dolj,Școala Gimnazială Brăniște-Dăneți,4.3,4.6,4.01,12
Dolj,Școala Gimnazială Vartop,4.26,4.36,4.17,16
Dolj,"Școala Gimnazială Nr. 3, Poiana Mare",4.26,4.46,3.99,11
Dolj,"Școala Gimnazială Nr. 25, Facai-Craiova",4.16,5.33,3.0,2
Dolj,Școala Gimnazială Carna,4.08,4.44,3.72,14
Dolj,Școala Gimnazială „Verbita”,4.04,3.9,4.19,10
Dolj,Școala Gimnazială Robăneștii de Jos,4.03,4.15,3.91,8
Dolj,"Școala Gimnazială, Secu",4.02,4.68,3.37,8
Dolj,Școala Gimnazială Cleanov,3.97,4.1,3.85,10
Dolj,Școala Gimnazială Catane,3.97,4.77,3.17,4
Dolj,"Școala Gimnazială „Petrache Cernătescu”, Cernătești",3.96,3.86,4.06,10
Dolj,Școala Gimnazială Dobrești,3.92,4.03,3.81,15
Dolj,"Școala Gimnazială „Henri Coandă”, Perișor",3.9,3.86,3.95,6
Dolj,Școala Gimnazială Amarăștii de Sus,3.8,3.95,3.63,13
Dolj,Școala Gimnazială Gogosu,3.75,4.5,3.0,1
Dolj,Școala Gimnazială Grecești,3.73,4.06,3.39,11
Dolj,Școala Gimnazială Galiciuica,3.7,4.21,3.19,4
Dolj,Școala Gimnazială Plesoi,3.69,3.41,3.98,21
Dolj,Școala Gimnazială Bistreț,3.61,3.9,3.33,20
Dolj,Școala Gimnazială Segarcea,3.53,3.0,4.05,11
Dolj,"Școala Gimnazială „Eufrosina Popescu”, Botoșești-Paia",3.42,3.85,3.0,1
Dolj,"Liceul Tehnologic „Dimitrie Filisanu”, Filiași",3.1,2.97,3.23,10
Dolj,Liceul Tehnologic de Transporturi Auto Craiova,3.09,2.98,3.2,13
Dolj,"Școala Gimnazială „Anton Pann”, Craiova",3.01,3.07,3.01,49
Dolj,"Școala Gimnazială Nr. 1, Băilești",2.86,2.83,2.89,8
Dolj,"Liceul Tehnologic Special „Pelendava”, Craiova",2.05,1.98,2.13,5
Dolj,Școala Gimnazială Ocolna,2.0,1.78,2.25,36
Dâmbovița,"Colegiul Național „Constantin Carabella”, Târgoviște",9.02,9.05,9.01,28
Dâmbovița,"Colegiul Național „Ienăchiță Văcărescu”, Târgoviște",8.82,8.82,8.82,29
Dâmbovița,"Colegiul Național Pedagogic „Constantin Cantacuzino”, Târgoviște",8.7,8.93,8.48,57
Dâmbovița,"Școala Gimnazială „Coresi”, Târgoviște",8.02,8.25,7.81,105
Dâmbovița,"Școala Gimnazială Nr. 4 „Elena Donici Cantacuzino”, Pucioasa",7.98,8.2,7.77,72
Dâmbovița,"Colegiul Național „Nicolae Titulescu”, Pucioasa",7.84,8.2,7.49,23
Dâmbovița,Școala Gimnazială „Ioan Alexandru Brătescu Voinești” Târgoviște,7.82,7.79,7.78,99
Dâmbovița,"Colegiul Național „Vladimir Streinu”, Găești",7.77,8.32,7.23,28
Dâmbovița,"Școala Gimnazială „Șerban Cioculescu”, Găești",7.71,8.0,7.44,82
Dâmbovița,"Școala Gimnazială „Matei Basarab”, Târgoviște",7.69,7.79,7.6,83
Dâmbovița,Școala Gimnazială Perșinari,7.58,8.08,7.08,15
Dâmbovița,"Colegiul Național „Ion Luca Caragiale”, Moreni",7.51,7.58,7.44,20
Dâmbovița,"Școala Gimnazială „Vasile Cîrlova”, Târgoviște",7.5,7.56,7.45,64
Dâmbovița,"Școala Gimnazială „Mihai Viteazul”, Târgoviște",7.45,7.74,7.17,118
Dâmbovița,"Școala Gimnazială „Adânca Gura”, Ocniței",7.31,7.66,6.97,13
Dâmbovița,Școala Gimnazială Vârfuri,7.2,7.76,6.65,20
Dâmbovița,"Școala Gimnazială „Mihai Viteazul”, Pucioasa",7.14,7.57,6.72,56
Dâmbovița,"Liceul de Arte „Bălașa Doamna”, Târgoviște",7.09,7.41,6.77,40
Dâmbovița,"Școala Gimnazială, Lucieni",7.05,7.43,6.68,16
Dâmbovița,"Școala Gimnazială „Sf. Nicolae”, Pietroșița",7.04,6.99,7.1,18
Dâmbovița,"Școala Gimnazială „Pictor Nicolae Grigorescu”, Titu",7.02,7.26,6.79,70
Dâmbovița,"Școala Gimnazială „Constantin Secăreanu”, Runcu",6.99,7.12,6.88,20
Dâmbovița,"Liceul Teoretic „Iancu C. Vissarion”, Titu",6.9,7.08,6.73,24
Dâmbovița,"Școala Gimnazială „Cazaci”, Nucet",6.87,7.63,6.1,13
Dâmbovița,"Școala Gimnazială Cătunu, Cornești",6.86,7.29,6.43,5
Dâmbovița,"Școala Gimnazială, Ocnița",6.85,7.54,6.15,15
Dâmbovița,"Școala Gimnazială, Pietrari",6.82,6.97,6.68,11
Dâmbovița,"Liceul Tehnologic „Udrea Băleanu”, Băleni",6.81,7.07,6.55,66
Dâmbovița,Școala Gimnazială „Malu cu Flori”,6.78,6.92,6.64,13
Dâmbovița,"Școala Gimnazială „Iancu Văcărescu”, Văcărești",6.75,7.4,6.11,15
Dâmbovița,"Școala Gimnazială Frasinu, Cornești",6.73,6.53,6.92,15
Dâmbovița,Școala Gimnazială Buciumeni,6.72,6.69,6.76,17
Dâmbovița,"Școala Gimnazială „Matei Gr. Vlădeanu”, Cândești-Vale",6.72,6.99,6.45,17
Dâmbovița,"Școala Gimnazială „Iosif Gabrea”, Văleni Dâmbovița",6.69,6.59,6.8,14
Dâmbovița,"Școala Gimnazială „Panait Georgescu”, Dobra",6.63,7.23,6.04,18
Dâmbovița,"Școala Gimnazială „Diaconu Coresi”, Fieni",6.6,6.81,6.39,38
Dâmbovița,"Școala Gimnazială „Ion Ciorănescu”, Moroeni",6.58,7.34,5.82,19
Dâmbovița,"Școala Gimnazială Bâldana, Tărtășești",6.56,6.39,6.74,12
Dâmbovița,"Școala Gimnazială Nr. 2 „Picior de Munte”, Boboci Dragodana",6.54,6.65,6.43,23
Dâmbovița,Școala Gimnazială Râu Alb de Jos,6.51,6.57,6.45,6
Dâmbovița,"Școala Gimnazială Nr. 2, Lungulețu",6.44,7.46,5.43,12
Dâmbovița,"Școala Gimnazială Nr. 1, Moreni",6.44,6.6,6.29,47
Dâmbovița,"Școala Gimnazială, Gura Suții",6.42,6.61,6.24,38
Dâmbovița,"Școala Gimnazială, Raciu",6.36,6.64,6.09,10
Dâmbovița,Școala Gimnazială Răzvad,6.34,6.44,6.24,18
Dâmbovița,"Școala Gimnazială, Vulcana Pandele",6.34,6.97,5.72,19
Dâmbovița,"Școala Gimnazială, Slobozia Moară",6.28,6.83,5.73,15
Dâmbovița,"Școala Gimnazială „Tudor Vladimirescu”, Târgoviște",6.27,6.59,5.95,51
Dâmbovița,Școala Gimnazială Mănești,6.19,6.56,5.83,19
Dâmbovița,"Școala Gimnazială Scheiu de Jos, Ludești",6.12,7.11,5.15,9
Dâmbovița,"Școala Gimnazială „Grigore Gheorghe”, Dârza Crevedia",6.12,6.44,5.81,20
Dâmbovița,"Școala Gimnazială „Buică Ionescu”, Glodeni",6.1,6.61,5.6,23
Dâmbovița,Școala Gimnazială Nucet,6.09,6.45,5.74,11
Dâmbovița,"Școala Gimnazială „Grigore Rădulescu”, Bezdead",6.08,6.52,5.64,17
Dâmbovița,"Școala Gimnazială Lazuri, Comișani",6.07,6.21,5.94,10
Dâmbovița,"Școala Gimnazială, Bilciurești",6.04,6.74,5.35,11
Dâmbovița,"Școala Gimnazială Căpșuna, Cobia",6.0,6.48,5.52,16
Dâmbovița,"Școala Gimnazială Petrești, Corbii Mari",5.96,6.03,5.9,16
Dâmbovița,"Școala Gimnazială, Gura Bărbulețului",5.95,6.14,5.76,17
Dâmbovița,"Școala Gimnazială, Produlești",5.94,6.64,5.25,18
Dâmbovița,"Școala Gimnazială „Stan Ștefan”, Vlădeni",5.92,6.14,5.7,15
Dâmbovița,Școala Gimnazială Nr.4 „Mihai Eminescu” Moreni,5.88,6.46,5.32,41
Dâmbovița,Școala Gimnazială Ciocănești,5.85,6.53,5.18,27
Dâmbovița,"Școala Gimnazială „Radu cel Mare”, Târgoviște",5.83,6.33,5.34,27
Dâmbovița,"Școala Gimnazială Urziceanca, Ciocănești",5.82,6.02,5.63,11
Dâmbovița,"Școala Gimnazială „Spiru Haret”, Braniștea",5.8,6.04,5.57,17
Dâmbovița,"Școala Gimnazială „Vlad Țepeș”, Vulcana de Sus, Vulcana Băi",5.8,5.88,5.73,15
Dâmbovița,"Școala Gimnazială, Odobești",5.8,5.83,5.78,28
Dâmbovița,Școala Gimnazială Finta,5.78,6.11,5.45,12
Dâmbovița,"Școala Gimnazială Nr. 3, Doicești",5.76,6.63,4.89,33
Dâmbovița,"Școala Gimnazială „Iulian Rusu”, Mărcești Dobra",5.75,6.31,5.2,8
Dâmbovița,"Școala Gimnazială „Prof. Paul Bănică”, Târgoviște",5.7,6.4,5.01,45
Dâmbovița,Școala Gimnazială Tărtășești,5.69,6.09,5.29,24
Dâmbovița,Școala Gimnazială Răcari,5.68,6.31,4.97,35
Dâmbovița,"Școala Gimnazială „Dr. Mioara Mincu”, Conțești",5.64,6.14,5.14,16
Dâmbovița,"Școala Gimnazială „Nicolae Vlad”, Pucheni",5.64,6.19,5.09,15
Dâmbovița,Școala Gimnazială Șelaru,5.64,6.05,5.23,14
Dâmbovița,"Școala Gimnazială „Prof. Ilie Popescu”, Șotânga",5.6,5.8,5.3,40
Dâmbovița,Școala Gimnazială Dărmănești,5.59,6.03,5.16,22
Dâmbovița,"Școala Gimnazială Nr. 3, Moreni",5.56,6.08,5.05,21
Dâmbovița,"Școala Gimnazială Gheboaia, Finta",5.56,6.28,4.85,15
Dâmbovița,Școala Gimnazială Tătărani,5.56,6.02,5.1,11
Dâmbovița,"Școala Gimnazială „Dora Dalles”, Bucșani",5.55,6.15,4.95,29
Dâmbovița,"Școala Gimnazială „Valea Voievozilor”, Răzvad",5.53,6.06,5.02,12
Dâmbovița,Liceul Tehnologic de Petrol Moreni,5.47,4.69,6.32,15
Dâmbovița,"Școala Gimnazială Nr. 1 „Ghirdoveni”, I. L. Caragiale",5.46,5.95,4.97,23
Dâmbovița,Școala Gimnazială Răscăeți,5.45,5.11,5.5,10
Dâmbovița,"Școala Gimnazială „Radu cel Mare”, Găești",5.45,5.71,5.15,55
Dâmbovița,"Liceul Teoretic „Mihai Viteazul”, Vișina",5.44,5.95,4.94,28
Dâmbovița,"Seminarul Teologic Ortodox „Sf. Ioan Gură de Aur”, Târgoviște",5.41,5.98,4.84,17
Dâmbovița,"Școala Gimnazială Telești, Ludești",5.41,6.5,4.24,11
Dâmbovița,"Școala Gimnazială Jugureni, Uliești",5.4,5.76,5.04,11
Dâmbovița,"Școala Gimnazială Ghinești, Sălcioara",5.39,5.69,5.09,13
Dâmbovița,"Școala Gimnazială Fierbinți, Șelaru",5.38,5.47,5.15,13
Dâmbovița,"Școala Gimnazială Crovu, Odobești",5.38,5.89,4.87,15
Dâmbovița,"Școala Gimnazială Gherghești, Petrești",5.37,5.5,5.26,12
Dâmbovița,Școala Gimnazială Uliești,5.36,5.86,4.87,22
Dâmbovița,"Școala Gimnazială, Cornești",5.33,5.19,5.49,11
Dâmbovița,"Școala Gimnazială, Gura Ocniței",5.33,5.73,4.93,7
Dâmbovița,"Școala Gimnazială Râncaciov, Dragomirești",5.31,5.75,4.86,15
Dâmbovița,"Școala Gimnazială Nr. 1, Poiana",5.29,5.43,5.15,22
Dâmbovița,Școala Gimnazială Aninoasa,5.25,5.73,4.78,16
Dâmbovița,"Școala Gimnazială, Cricov Valea Lungă",5.22,5.34,5.1,14
Dâmbovița,"Școala Gimnazială, Gura Foii",5.2,5.83,4.58,6
Dâmbovița,"Școala Gimnazială Glod, Moroeni",5.19,5.8,4.58,14
Dâmbovița,Școala Gimnazială Mogoșani,5.16,4.72,5.59,17
Dâmbovița,"Școala Gimnazială Nr. 1, Hulubești",5.15,5.34,4.96,17
Dâmbovița,"Școala Gimnazială „Mareșal Constantin Prezan”, Butimanu",5.15,5.54,4.76,23
Dâmbovița,"Școala Gimnazială Grozăvești, Corbii Mari",5.14,5.27,3.9,13
Dâmbovița,"Școala Gimnazială, Dragomirești",5.11,5.5,4.73,17
Dâmbovița,"Școala Gimnazială „Brezoaia”, Brezoaele",5.08,5.32,4.85,21
Dâmbovița,"Școala Gimnazială Pitaru, Potlogi",5.08,5.29,4.88,17
Dâmbovița,Liceul Tehnologic de Transporturi Auto Târgoviște,5.07,5.42,4.73,9
Dâmbovița,"Școala Gimnazială Serdanu, Lungulețu",5.05,5.43,4.67,15
Dâmbovița,"Școala Gimnazială Ciocănari, Niculești",5.04,5.71,4.37,11
Dâmbovița,"Școala Gimnazială „Ion Constantinescu”, Viișoara Ulmi",5.02,5.18,4.88,12
Dâmbovița,Școala Gimnazială Voinești,4.99,5.6,4.38,35
Dâmbovița,Școala Gimnazială Brănești,4.97,5.33,4.62,11
Dâmbovița,Școala Gimnazială Ulmi,4.95,5.23,4.68,12
Dâmbovița,Școala Gimnazială Valea Mare,4.95,4.79,5.11,11
Dâmbovița,"Școala Gimnazială, Cojasca",4.94,3.64,6.25,72
Dâmbovița,"Școala Gimnazială Nr. 1, Ungureni, Corbii Mari",4.93,5.66,4.2,26
Dâmbovița,Școala Gimnazială Dragodana,4.89,5.12,4.66,12
Dâmbovița,"Școala Gimnazială Decindeni, Dragomirești",4.88,5.35,4.42,21
Dâmbovița,Școala Gimnazială Costești Vale,4.88,5.17,4.6,21
Dâmbovița,"Școala Gimnazială Ghergani, Răcari",4.88,5.21,4.55,13
Dâmbovița,"Școala Gimnazială, Comișani",4.87,4.89,4.86,16
Dâmbovița,Liceul Tehnologic Nucet,4.86,5.13,4.6,20
Dâmbovița,Școala Gimnazială Potlogi,4.82,5.19,4.45,16
Dâmbovița,"Școala Gimnazială Drăgăești, Ungureni, Mănești",4.78,5.08,4.48,12
Dâmbovița,"Școala Gimnazială, Crevedia",4.73,4.65,4.82,34
Dâmbovița,Școala Gimnazială Petrești,4.7,4.58,4.82,13
Dâmbovița,"Școala Gimnazială Poroinica, Mătăsaru",4.69,4.63,4.55,15
Dâmbovița,"Școala Gimnazială Nr. 2, Titu Târg",4.64,4.83,4.29,28
Dâmbovița,"Școala Gimnazială, Morteni",4.63,4.22,5.04,17
Dâmbovița,"Școala Gimnazială „Grigore Alexandrescu”, Târgoviște",4.62,4.83,4.2,44
Dâmbovița,Școala Gimnazială Vișinești,4.55,4.1,5.0,4
Dâmbovița,Școala Gimnazială Mătăsaru,4.52,5.2,3.85,13
Dâmbovița,Școala Gimnazială Niculești,4.52,4.66,4.38,32
Dâmbovița,"Școala Gimnazială Hăbeni, Bucșani",4.5,4.95,4.02,14
Dâmbovița,"Școala Gimnazială Drăgăești Pământeni, Mănești",4.48,5.34,3.64,20
Dâmbovița,"Școala Gimnazială „Smaranda Gheorghiu”, Târgoviște",4.46,4.44,4.48,17
Dâmbovița,"Școala Gimnazială Căprioru, Tătărani",4.38,5.16,3.41,8
Dâmbovița,Școala Profesională Corbii Mari,4.34,4.54,4.13,19
Dâmbovița,Școala Gimnazială Cornățelu,4.3,4.08,4.53,8
Dâmbovița,"Școala Gimnazială Bălteni, Conțești",4.1,4.29,3.91,24
Dâmbovița,Liceul Tehnologic Cojasca,4.02,2.77,5.28,10
Dâmbovița,"Școala Gimnazială „Colacu”, Răcari",4.01,4.16,3.66,14
Dâmbovița,Școala Gimnazială Iedera de Jos,3.96,4.19,3.5,12
Dâmbovița,"Școala Gimnazială „Smaranda Dumitru Roman”, Vizurești, Ciocănești",3.93,3.91,3.97,8
Dâmbovița,"Școala Gimnazială Nr. 1, Lungulețu",3.84,3.8,3.88,14
Dâmbovița,"Școala Gimnazială Pătroaia Vale, Crângurile",3.81,3.78,3.84,16
Dâmbovița,Școala Gimnazială Nr. 1 „I. L. Caragiale”,3.19,3.21,2.97,21
Dâmbovița,"Școala Gimnazială Românești, Potlogi",3.14,3.18,3.0,48
Dâmbovița,"Școala Gimnazială Bădulești, Crângurile",3.05,3.0,3.11,12
Galați,"Colegiul Național „Vasile Alecsandri”, localitatea Galați",9.27,9.39,9.15,46
Galați,"Colegiul Național „Costache Negri”, Localitatea Galați",8.57,8.8,8.35,46
Galați,"Școala Gimnazială Nr. 29, Localitatea Galați",8.57,8.57,8.56,111
Galați,"Scoala Gimnaziala Nr.28, Localitatea Galati",8.55,8.68,8.41,89
Galați,"Colegiul Național „Mihail Kogălniceanu”, Localitatea Galați",8.52,8.72,8.31,28
Galați,"Liceul Teoretic „Emil Racoviță”, localitatea Galați",8.48,8.64,8.34,21
Galați,"Colegiul Național „Spiru Haret”, Localitatea Tecuci",8.46,8.56,8.37,31
Galați,"Colegiul Național „Alexandru Ioan Cuza”, localitatea Galați",8.37,8.5,8.24,53
Galați,"Școala Gimnazială „Mihail Sadoveanu”, Localitatea Galați",8.34,8.44,8.25,111
Galați,"Liceul Teoretic „Dunărea”, localitatea Galați",8.2,8.62,7.8,19
Galați,"Scoala Gimnaziala Stefan cel Mare, Localitatea Galati",8.18,8.41,7.96,80
Galați,"Școala Gimnazială Adventistă, Comuna Matca",8.12,8.51,7.74,15
Galați,"Scoala Gimnaziala Nr.25, Localitatea Galati",8.11,8.5,7.71,36
Galați,"Colegiul Național „Calistrat Hogaș”, Localitatea Tecuci",8.06,8.36,7.77,17
Galați,"Scoala Gimnaziala Miron Costin, Localitatea Galati",8.05,8.41,7.7,95
Galați,"Scoala Gimnaziala Dimitrie Sturdza, Localitatea Tecuci",8.01,8.33,7.69,77
Galați,"Școala Gimnazială Româno-Britanică, Localitatea Galați",8.0,8.7,7.3,3
Galați,"Scoala Gimnaziala Nr.7, Localitatea Galati",7.8,8.09,7.51,59
Galați,"Școala Gimnazială „Dimitrie Cantemir”, Comuna Matca",7.79,7.71,7.89,29
Galați,"Scoala Gimnaziala Iorgu Iordan, Localitatea Tecuci",7.71,7.78,7.64,68
Galați,"Seminarul Teologic Ortodox „Sf. Andrei”, Localitatea Galați",7.69,7.97,7.41,33
Galați,"Scoala Gimnaziala Elena Doamna, Localitatea Tecuci",7.53,7.85,7.22,39
Galați,"Scoala Gimnaziala Nr.9, Localitatea Galati",7.46,7.86,7.06,21
Galați,"Școala Gimnazială „Sf. Stelian”, Sat Umbrărești Deal, Comuna Umbrărești",7.33,7.7,6.95,18
Galați,"Școala Gimnazială Nr. 1, Comuna Liesti",7.32,7.49,7.15,26
Galați,"Școala Gimnazială Nr. 1, Comuna Independența",7.31,7.55,7.08,13
Galați,"Scoala Gimnaziala Dan Barbilian, Localitatea Galati",7.31,7.33,7.29,61
Galați,"Scoala Gimnaziala Nr.3, Localitatea Galati",7.3,7.19,7.43,23
Galați,"Liceul Teoretic „Mircea Eliade”, localitatea Galați",7.28,7.56,6.87,38
Galați,"Liceul Tehnologic „Costache Conachi”, comuna Pechea",7.24,7.7,6.78,24
Galați,"Școala Gimnazială Nr. 2, Comuna Barcea",7.22,7.45,7.0,18
Galați,"Școala Gimnazială „Negoită Dănăilă”, Sat Bucești, Comuna Ivesti",7.2,7.52,6.89,28
Galați,"Școala Gimnazială „Sfântul Grigorie Teologul”, Localitatea Galați",7.18,7.37,7.0,37
Galați,"Școala Gimnazială Prof. Emil Panaitescu, Comuna Cudalbi",7.17,7.36,6.98,33
Galați,"Școala Gimnazială Nr. 1, Sat Sivita, Comuna Tulucești",7.12,7.63,6.61,13
Galați,"Liceul Tehnologic nr. 1, comuna Cudalbi",7.07,7.38,6.77,14
Galați,"Scoala Gimnaziala Nr.17, Localitatea Galati",7.01,7.14,6.89,37
Galați,"Scoala Gimnaziala Nr.22, Localitatea Galati",7.0,7.23,6.78,55
Galați,"Scoala Gimnaziala Stefan Octavian Iosif, Localitatea Tecuci",6.95,7.08,6.81,23
Galați,"Școala Gimnazială „Sfinții Împărați”, Localitatea Galați",6.94,7.56,6.32,27
Galați,"Școala Gimnazială „Gheorghe Poalelungi”, Comuna Mastacani",6.94,7.28,6.61,10
Galați,"Școala Gimnazială „Lascar Catargiu”, Comuna Schela",6.92,7.28,6.56,19
Galați,"Liceul de Arte „Dimitrie Cuclin”, localitatea Galați",6.87,7.03,6.72,45
Galați,"Școala Gimnazială „Sf. Trei Ierarhi”, Sat Hanu Conachi, Comuna Fundeni",6.86,7.31,6.42,20
Galați,"Școala Gimnazială Nr. 1, Sat Malu Alb, Comuna Drăgănești",6.86,7.11,6.62,15
Galați,"Școala Gimnazială „Unirea”, Comuna Braniștea",6.86,7.12,6.6,17
Galați,"Scoala Gimnaziala Nr.33, Localitatea Galati",6.85,7.41,6.29,46
Galați,"Școala Gimnazială „Ștefan Istrate”, comuna Fârțănești",6.81,6.87,6.76,10
Galați,"Școala Gimnazială „Gheorghe Munteanu”, Localitatea Galați",6.78,6.86,6.71,24
Galați,"Școala Gimnazială „Vasile Seicaru”, Comuna Oancea",6.77,6.95,6.6,1
Galați,"Școala Gimnazială Nr. 3, Comuna Liesti",6.73,7.04,6.43,10
Galați,"Școala Gimnazială „Sfântul Nicolae”, Comuna Liesti",6.65,6.81,6.48,18
Galați,"Școala Gimnazială Nr.1, Sat Fântânele, Comuna Scânteiești",6.59,7.28,5.91,23
Galați,"Scoala Gimnaziala Nr.10, Localitatea Galati",6.59,6.94,6.23,24
Galați,"Liceul Tehnologic „Tudor Vladimirescu”, Comuna Tudor Vladimirescu",6.59,6.62,6.4,30
Galați,"Școala Gimnazială Nr. 1, Sat Maciseni, Comuna Corni",6.57,6.38,6.77,11
Galați,"Școala Gimnazială „Sfântul Nicolae”, Comuna Vânători",6.55,6.71,6.39,33
Galați,"Școala Gimnazială „Sfântul Gheorghe”, Comuna Cuca",6.54,6.78,6.31,10
Galați,"Școala Gimnazială „Sfânta Cuvioasă Parascheva”, Comuna Smârdan",6.53,6.97,6.09,20
Galați,"Scoala Gimnaziala Nr.26, Localitatea Galati",6.49,7.15,5.84,35
Galați,"Școala Gimnazială „Grigore Moisil”, Localitatea Galați",6.46,7.03,5.9,39
Galați,"Școala Gimnazială „Alexandru Moruzi”, Comuna Pechea",6.46,6.81,6.11,15
Galați,"Școala Gimnazială „Grigore Hagiu”, Oraș Tg. Bujor",6.45,6.53,6.37,18
Galați,"Școala Gimnazială Nr. 1, Comuna Matca",6.44,6.61,6.27,59
Galați,"Scoala Gimnaziala Nr.5, Localitatea Galati",6.43,6.62,6.25,31
Galați,"Școala Gimnazială Nr. 1, Sat Furcenii Noi, Comuna Cosmești",6.42,6.38,6.46,19
Galați,"Școala Gimnazială „Gheorghe și Maria Tasca”, Comuna Balabanesti",6.38,7.04,5.72,17
Galați,"Scoala Gimnaziala Iulia Hasdeu, Localitatea Galati",6.37,6.82,5.91,16
Galați,"Școala Gimnazială Nr. 1, Comuna Varlezi",6.36,6.83,5.89,8
Galați,"Scoala Gimnaziala Nr.16, Localitatea Galati",6.35,6.79,5.91,7
Galați,"Școala Gimnazială Nr. 1, Comuna Slobozia Conachi",6.33,6.86,5.8,23
Galați,"Școala Gimnazială „Doamna Nica”, Comuna Valea Marului",6.33,6.59,6.07,32
Galați,"Școala Gimnazială Nr. 2, Comuna Independența",6.29,6.9,5.68,12
Galați,"Școala Gimnazială „Dumitru Căpraru”, comuna Grivița",6.25,6.55,5.96,14
Galați,"Liceul Tehnologic „Eremia Grigorescu”, oraș Tg. Bujor",6.25,6.71,5.78,14
Galați,"Școala Gimnazială Nr. 1, Comuna Rediu",6.22,7.25,5.19,9
Galați,"Școala Gimnazială „Ion Creangă”, Sat Talpigi, Comuna Ghidigeni",6.22,5.63,6.69,16
Galați,"Școala Gimnazială „Stroe S. Belloescu”, Sat Plesa, Comuna Beresti-Meria",6.19,7.5,4.88,10
Galați,"Școala Gimnazială „General Dumitru Dămăceanu”, Comuna Coșmești",6.13,6.12,6.14,14
Galați,"Scoala Gimnaziala Anghel Rugina, Localitatea Tecuci",6.12,6.51,5.64,43
Galați,"Școala Gimnazială Nr. 2, Sat Chiraftei, Comuna Măstăcani",6.1,6.51,5.71,9
Galați,"Școala Gimnazială Nr. 1, Comuna Dragușeni",6.09,7.02,5.16,13
Galați,"Liceul cu Program Sportiv, Localitatea Galați",6.08,6.41,5.75,34
Galați,"Școala Gimnazială „Petru Rareș”, Comuna Frumușita",6.07,6.13,6.01,22
Galați,"Școala Gimnazială Nr. 3, Comuna Pechea",6.04,6.61,5.48,8
Galați,"Școala Gimnazială Nr. 1, Comuna Drăgănești",6.02,6.43,5.61,13
Galați,"Scoala Gimnaziala Nr.18, Localitatea Galati",5.99,6.48,5.5,52
Galați,"Școala Gimnazială „Elena Doamna”, Comuna Cuza Vodă",5.98,6.12,5.84,21
Galați,"Școala Gimnazială „Tudor Pamfile”, Comuna Tepu",5.97,7.09,4.86,5
Galați,"Școala Gimnazială Nr. 1, Comuna Tulucești",5.97,6.46,5.48,26
Galați,"Școala Gimnazială „Mihail și Gavril”, Sat Mihail Kogălniceanu, Comuna Smârdan",5.91,6.4,5.42,18
Galați,"Școala Gimnazială „Dimitrie Luchian”, Comuna Piscu",5.89,6.41,5.38,22
Galați,"Școala Gimnazială Nr. 1, Comuna Bălășești",5.89,5.69,6.09,15
Galați,"Școala Gimnazială Nr. 1, Sat Fundeanu, Comuna Dragușeni",5.88,6.33,5.44,10
Galați,"Școala Gimnazială Nr. 1, Comuna Namoloasa",5.82,6.47,5.18,6
Galați,"Școala Gimnazială „Sfântul Ierarh Nicolae”, Comuna Vladesti",5.82,5.54,6.11,12
Galați,"Școala Gimnazială Nr. 1, Comuna Sendreni",5.82,6.66,4.98,22
Galați,"Școala Gimnazială Nr. 1, Comuna Barcea",5.82,6.47,5.17,19
Galați,"Școala Gimnazială Nr. 1, Comuna Munteni",5.8,5.84,5.77,19
Galați,"Școala Gimnazială „Constantin Gh. Marinescu”, Localitatea Galați",5.79,5.88,5.7,39
Galați,"Școala Gimnazială Nr. 1, Comuna Corod",5.79,6.03,5.55,21
Galați,"Școala Gimnazială Nr. 1, Comuna Frumușita",5.75,5.72,5.8,13
Galați,"Școala Gimnazială „Gabriel Drăgan”, Comuna Nicorești",5.72,6.38,5.08,14
Galați,"Școala Gimnazială „Alexei Mateevici”, Comuna Movileni",5.69,6.05,5.33,12
Galați,"Școala Gimnazială Nr.1, Sat Umbrărești, Comuna Umbrărești",5.66,5.84,5.52,18
Galați,"Școala Gimnazială „Ludovic Cosma”, Localitatea Galați",5.63,6.91,4.36,7
Galați,"Școala Gimnazială Nr. 1, Comuna Suhurlui",5.62,5.61,5.63,4
Galați,"Scoala Gimnaziala Nr.20, Localitatea Galati",5.6,6.13,4.78,8
Galați,"Școala Gimnazială Nr. 1, Comuna Foltesti",5.59,5.85,5.34,12
Galați,"Școala Gimnazială „Florea Julea”, Comuna Negrilești",5.58,5.89,5.28,14
Galați,"Școala Gimnazială „George Ivașcu”, Comuna Certești",5.55,5.65,5.45,22
Galați,"Școala Gimnazială Nr. 1, Sat Ungureni, Comuna Munteni",5.53,5.55,5.51,13
Galați,"Școala Gimnazială „Maria Grecu”, Sat Odaia Manolache, Comuna Vânători",5.52,5.84,5.2,15
Galați,"Școala Gimnazială Nr. 1, Comuna Băneasa",5.51,6.64,4.4,10
Galați,"Școala Gimnazială Nr. 1, Comuna Băleni",5.5,5.7,5.31,5
Galați,"Școala Gimnazială „Ionică Lungulescu”, Sat Viile, Comuna Fârțănești",5.49,6.4,4.59,4
Galați,"Școala Gimnazială Nr. 1, Sat Berheci, Comuna Gohor",5.49,5.46,5.28,16
Galați,"Școala Gimnazială Nr. 1, Comuna Rădești",5.43,5.87,4.99,11
Galați,"Școala Gimnazială „Ion Ovidenie”, Comuna Fârțănești",5.38,6.14,4.63,7
Galați,"Școala Gimnazială Nr. 1, Comuna Ghidigeni",5.33,5.09,5.57,24
Galați,"Școala Gimnazială „Mihai Viteazul”, Localitatea Galați",5.33,5.47,5.18,16
Galați,"Școala Gimnazială „Ene Patriciu”, Comuna Smulti",5.26,6.05,4.47,3
Galați,"Școala Gimnazială Nr. 1, Sat Blanzi, Comuna Corod",5.25,5.37,4.99,26
Galați,"Liceul Tehnologic „Paul Bujor”, oraș Beresti",5.24,5.33,5.15,29
Galați,"Școala Gimnazială Nr. 1, Comuna Poiana",5.16,5.71,4.62,11
Galați,"Scoala Gimnaziala Nr.24, Localitatea Galati",5.14,5.21,5.08,6
Galați,"Școala Gimnazială „Elena Negri”, Comuna Costache Negri",5.11,4.95,5.16,23
Galați,"Școala Gimnazială „Vasile Burlui”, Comuna Suceveni",5.11,5.25,4.97,13
Galați,"Școala Gimnazială Nr. 1, Comuna Priponesti",5.07,5.09,5.05,16
Galați,"Școala Gimnazială Nr. 1, Sat Coasta Lupei, Comuna Nicorești",5.04,5.55,4.54,7
Galați,"Școala Gimnazială Nr. 1, Comuna Cavadinesti",5.03,5.8,4.27,24
Galați,"Școala Gimnazială Nr. 1, Sat Bucești, Comuna Ivesti",5.03,5.28,4.79,18
Galați,"Școala Gimnazială „Ștefan cel Mare”, Comuna Piscu",4.96,5.65,4.28,15
Galați,"Școala Gimnazială Nr. 4, Comuna Pechea",4.84,5.17,4.51,12
Galați,"Scoala Gimnaziala „Nicolae Bălcescu”, Localitatea Tecuci",4.82,5.2,4.44,7
Galați,"Școala Gimnazială Nr. 1, Sat Adam, Comuna Dragușeni",4.76,5.6,3.93,13
Galați,"Școala Gimnazială „Natalia Negru”, Comuna Buciumeni",4.47,5.09,3.85,8
Galați,"Școala Gimnazială Nr. 1, Comuna Brahașești",4.28,4.5,3.91,18
Galați,"Școala Gimnazială Nr. 1, Sat Slivna, Comuna Beresti-Meria",4.15,4.2,4.1,5
Galați,"Școala Gimnazială Nr. 2, Comuna Liesti",4.08,3.28,4.76,9
Galați,"Școala Gimnazială Nr. 1, Comuna Jorăști",4.04,4.32,3.72,23
Galați,"Școala Profesională Specială „Emil Gârleanu”, Localitatea Galați",3.71,3.16,4.26,11
Galați,"Școala Gimnazială Specială „Constantin Pufan”, Localitatea Galați",3.41,2.88,3.94,7
Galați,"Scoala Gimnaziala Elena Cuza, Localitatea Galati",3.33,3.5,3.16,5
Galați,"Școala Gimnazială „Victor Ion Popa”, Comuna Ivesti",3.24,2.99,3.5,8
Galați,"Scoala Gimnaziala Gheorghe Petrascu, Localitatea Tecuci",3.19,3.54,2.93,12
Galați,"Scoala Gimnaziala Ion Petrovici, Localitatea Tecuci",3.16,2.98,3.36,9
Galați,"Școala Profesională „Hortensia Papadat Bengescu”, comuna Ivesti",3.16,3.34,2.98,14
Galați,"Școala Gimnazială Nr. 1, Sat Toflea, Comuna Brahașești",2.99,2.72,3.27,6
Giurgiu,"Școala Gimnazială Nr. 1, Oinacu",7.83,8.2,7.47,11
Giurgiu,"Colegiul Național „Ion Maiorescu”, Giurgiu",7.64,7.81,7.48,57
Giurgiu,"Școala Gimnazială Nr. 1, Adunații Copăceni",7.64,7.52,7.77,19
Giurgiu,"Liceul Tehnologic „Tiu Dumitrescu”, Mihăilești",7.48,7.21,7.75,47
Giurgiu,"Școala Gimnazială Nr. 2, Dărăști Vlașca",7.4,7.09,7.72,5
Giurgiu,"Școala Gimnazială Nr. 3, Palanca",7.3,7.07,7.53,25
Giurgiu,"Școala Gimnazială „Sfinții Martiri Brâncoveni”, Giurgiu",7.19,7.45,6.94,55
Giurgiu,"Școala Gimnazială Nr. 1, Cosoba",7.17,7.03,7.32,27
Giurgiu,"Școala Gimnazială Nr. 2, Căscioarele",7.15,6.58,7.72,12
Giurgiu,"Școala Gimnazială Nr. 2, Milcovățu",7.14,7.32,6.97,7
Giurgiu,"Școala Gimnazială Nr. 5, Giurgiu",7.1,7.37,6.83,7
Giurgiu,"Școala Gimnazială Nr. 7, Giurgiu",6.99,6.88,7.12,44
Giurgiu,"Școala Gimnazială Nr. 1, Vărăști",6.95,6.87,7.03,19
Giurgiu,"Școala Gimnazială Nr. 1, Bolintin-Vale",6.92,7.03,6.81,48
Giurgiu,"Școala Gimnazială „Mihai Eminescu”, Giurgiu",6.89,7.04,6.73,50
Giurgiu,"Școala Gimnazială Nr. 1, Buturugeni",6.85,7.31,6.39,16
Giurgiu,"Școala Gimnazială „Academician Marin Voiculescu”, Giurgiu",6.82,7.09,6.56,127
Giurgiu,"Școala Gimnazială Nr. 1, Greaca",6.79,7.31,6.28,4
Giurgiu,"Școala Gimnazială Nr. 1, Călugăreni",6.74,7.02,6.46,8
Giurgiu,Școala Gimnazială Nr.2 Izvoru,6.7,6.84,6.56,11
Giurgiu,"Școala Gimnazială Nr. 1, Găiseni",6.68,6.15,7.23,36
Giurgiu,"Școala Gimnazială Nr. 3, Letca Veche",6.65,6.89,6.42,7
Giurgiu,"Școala Gimnazială „Mircea cel Bătrân”, Giurgiu",6.62,6.87,6.38,26
Giurgiu,"Școala Gimnazială Nr. 3, Comana",6.6,7.03,6.19,8
Giurgiu,"Liceul „Udriște Năsturel”, Hotarele",6.58,7.17,5.99,24
Giurgiu,"Școala Gimnazială Nr. 1, Popești",6.57,5.98,7.17,11
Giurgiu,"Școala Gimnazială „Nichifor Crainic”, Bulbucata",6.56,6.48,6.65,15
Giurgiu,"Școala Gimnazială Nr. 1, Mârșa",6.53,6.89,6.17,16
Giurgiu,"Școala Gimnazială „Dumitru Pătrașcu”, Crevedia Mică",6.44,6.63,6.26,9
Giurgiu,"Școala Gimnazială „Marin M. Țiculescu”, Băneasa",6.36,6.85,5.87,14
Giurgiu,Școala Gimnazială Prof. „Dinu Nicolae Vlașin”,6.35,6.46,6.25,10
Giurgiu,"Școala Gimnazială Nr. 3, Vânătorii Mari",6.34,5.74,6.76,11
Giurgiu,"Școala Gimnazială „Sfântul Nectarie”, Ogrezeni",6.33,6.53,6.14,21
Giurgiu,"Școala Gimnazială „Remus Begnescu”, Pietrele",6.32,6.46,6.19,13
Giurgiu,"Școala Gimnazială Nr. 2, Stoenești",6.32,6.58,6.06,20
Giurgiu,"Școala Gimnazială Nr. 2, Bâcu",6.31,6.81,5.8,18
Giurgiu,"Școala Gimnazială Nr. 1, Malu Spart",6.3,6.02,6.58,35
Giurgiu,"Școala Gimnazială „Nicolae Crevedia”, Crevedia Mare",6.29,6.67,5.91,23
Giurgiu,Școala Gimnazială „Dumitru Constantin Mihai Bravu”,6.27,5.37,7.18,20
Giurgiu,"Școala Gimnazială „Sfântul Gheorghe”, Giurgiu",6.23,6.42,6.05,38
Giurgiu,"Școala Gimnazială Nr. 1, Prundu",6.22,6.12,6.32,14
Giurgiu,"Școala Gimnazială Nr. 2, Cartojani",6.21,6.59,5.84,18
Giurgiu,"Școala Gimnazială Nr. 1, Grădinari",6.16,6.35,5.98,33
Giurgiu,"Școala Gimnazială „Ioan Badilă”, Malu",6.14,5.91,6.36,4
Giurgiu,"Școala Gimnazială Nr. 1, Valea Dragului",6.13,5.97,6.17,32
Giurgiu,"Școala Gimnazială Nr. 2, Dobreni",6.1,5.73,6.47,12
Giurgiu,"Școala Gimnazială Nr. 2, Cîmpurelu",6.09,6.76,5.42,8
Giurgiu,"Școala Gimnazială Nr. 1, Florești",6.08,6.07,6.09,26
Giurgiu,"Școala Gimnazială Nr. 1, Singureni",6.07,6.49,5.65,15
Giurgiu,"Școala Gimnazială Nr. 2, Remuș",6.07,6.5,5.63,6
Giurgiu,"Școala Gimnazială „Aurel Solacolu”, Ogrezeni",6.05,6.0,6.11,25
Giurgiu,"Școala Gimnazială Nr. 1, Frătești",6.02,6.07,5.98,6
Giurgiu,"Școala Gimnazială Nr. 1, Vânătorii Mici",6.0,6.54,5.47,9
Giurgiu,"Școala Gimnazială Nr. 1, Letca Nouă",6.0,6.0,6.0,7
Giurgiu,"Școala Gimnazială Nr. 2, Hulubești",5.98,7.16,4.81,5
Giurgiu,"Școala Gimnazială Nr. 1, Poenari",5.94,6.3,5.57,35
Giurgiu,"Școala Gimnazială Nr. 1, Iepurești",5.93,6.04,5.83,16
Giurgiu,"Școala Gimnazială Nr. 4, Zădăriciu",5.91,6.06,5.76,8
Giurgiu,"Școala Gimnazială „Nicolae Lahovary”, Trestieni",5.9,6.42,5.38,32
Giurgiu,"Școala Gimnazială „Elina Basarab”, Herăști",5.9,6.05,5.75,13
Giurgiu,"Școala Gimnazială Nr. 1, Joița",5.87,6.03,5.72,19
Giurgiu,"Școala Gimnazială Nr. 1, Roata de Jos",5.77,5.94,5.6,14
Giurgiu,"Școala Gimnazială Nr. 1, Daia",5.73,6.46,5.02,10
Giurgiu,"Școala Gimnazială Nr. 1, Colibași",5.67,6.29,5.05,16
Giurgiu,"Școala Gimnazială „Banu Băleanu”, Bolintin-Deal",5.64,6.11,5.1,33
Giurgiu,"Școala Gimnazială Nr. 1, Stoenești",5.55,6.01,5.1,6
Giurgiu,"Școala Gimnazială „Petre Adameșteanu”, Toporu",5.55,6.25,4.85,5
Giurgiu,"Școala Gimnazială Nr. 2, Pădureni",5.54,5.88,5.2,12
Giurgiu,"Școala Gimnazială Nr. 1, Săbăreni",5.51,5.8,5.23,21
Giurgiu,"Școala Gimnazială Nr. 2, Grădiștea",5.51,5.92,5.09,8
Giurgiu,"Școala Gimnazială „Marin Gh. Popescu”, Gogoșari",5.5,5.65,4.81,9
Giurgiu,"Școala Gimnazială Nr. 1, Gostinari",5.46,5.72,5.2,16
Giurgiu,"Școala Gimnazială Nr. 1, Slobozia",5.16,5.23,5.1,9
Giurgiu,Școala Gimnazială Nr. 2 „Mihai Vodă”,5.11,5.8,4.43,13
Giurgiu,"Școala Gimnazială „Apostol Arsache”, Vedea",5.1,5.65,4.49,18
Giurgiu,"Școala Gimnazială Nr. 2, Vadu Lat",5.04,5.47,4.37,6
Giurgiu,"Școala Gimnazială „Drăghici Davila”, Găujani",5.0,5.35,4.65,9
Giurgiu,"Școala Gimnazială Nr. 1, Putineiu",4.99,4.86,4.92,11
Giurgiu,"Școala Gimnazială Nr. 1, Stănești",4.98,5.36,4.61,8
Giurgiu,"Școala Gimnazială „Anghel Mareș”, Gostinu",4.92,5.84,3.99,11
Giurgiu,"Școala Gimnazială Nr. 1, Vlad Țepeș",4.87,5.05,4.69,4
Giurgiu,"Școala Gimnazială Nr. 1, Bucșani",4.85,5.04,4.66,24
Giurgiu,"Școala Gimnazială Nr. 1, Izvoarele",4.8,5.24,4.36,14
Giurgiu,"Școala Gimnazială „Savin Popescu”, Giurgiu",4.68,5.08,4.29,9
Giurgiu,"Școala Gimnazială „Stolnicul Constantin Cantacuzino”, Isvoarele",4.64,5.85,3.43,6
Giurgiu,"Școala Gimnazială Nr. 2, Naipu",4.55,5.09,4.0,17
Giurgiu,"Școala Gimnazială Nr. 1, Cucuruzu",4.48,5.21,3.75,9
Giurgiu,"Școala Gimnazială „Constantin Stăncescu”, Răsuceni",4.44,4.92,3.96,5
Giurgiu,"Școala Gimnazială Nr. 1, Ghimpați",4.3,4.56,3.97,29
Giurgiu,Liceul Tehnologic Clejani,3.9,4.03,3.79,26
Giurgiu,"Școala Gimnazială Nr. 3, Giurgiu",3.78,3.81,3.76,15
Giurgiu,"Școala Gimnazială Nr. 2, Podu Doamnei",3.7,3.88,3.45,31
Gorj,"Colegiul Național „Tudor Vladimirescu”, Târgu Jiu",8.6,8.71,8.48,70
Gorj,"Școala Gimnazială „Alexandru Ștefulescu”, Târgu Jiu",8.55,8.59,8.5,156
Gorj,"Colegiul Național „Ecaterina Teodoroiu”, Târgu Jiu",8.47,8.66,8.28,23
Gorj,"Școala Gimnazială „Constantin Săvoiu”, Târgu Jiu",8.22,8.18,8.27,135
Gorj,"Școala Gimnazială „Sfântul Nicolae”, Târgu Jiu",8.19,8.2,8.19,108
Gorj,"Școala Gimnazială „Constantin Brâncuși”, Târgu Jiu",8.12,8.29,7.95,57
Gorj,"Colegiul Național „Spiru Haret”, Târgu Jiu",8.05,8.19,7.92,92
Gorj,"Școala Gimnazială „Ion Popescu Voitești”, Voitești Vale, Bălănești",7.91,8.23,7.58,3
Gorj,"Școala Gimnazială „Gheorghe Tătărescu”, Târgu Jiu",7.74,7.73,7.76,73
Gorj,"Școala Gimnazială „Ion Grigoroiu”, Lelești",7.35,7.31,6.91,7
Gorj,"Școala Gimnazială, Drăguțești",7.28,7.47,7.09,16
Gorj,"Școala Gimnazială Nr. 1 „G. Uscătescu”, Târgu Cărbunești",7.26,7.12,7.41,60
Gorj,Școala Gimnazială Săcelu,7.13,7.28,6.99,8
Gorj,"Școala Gimnazială Nr. 1, Motru",7.12,7.41,6.84,101
Gorj,"Colegiul Național „George Coșbuc”, Motru",7.12,7.4,6.85,27
Gorj,Școala Gimnazială Arcani,7.1,6.58,7.63,9
Gorj,"Școala Gimnazială „Nicolae Costescu”, Bolboși",7.09,7.4,6.79,12
Gorj,"Școala Gimnazială Nr. 1, Polovragi",7.06,7.38,6.74,17
Gorj,"Școala Gimnazială „Pompiliu Marcea”, Târgu Jiu",7.04,7.1,7.0,31
Gorj,"Școala Gimnazială Nr. 1, Poiana, Turburea",7.03,7.49,6.57,16
Gorj,Școala Gimnazială Novaci,6.96,7.49,6.44,40
Gorj,"Școala Gimnazială „Ion Popescu”, Bărbătești",6.94,7.0,6.88,10
Gorj,"Școala Gimnazială Nr. 1, Urdari",6.92,7.05,6.79,14
Gorj,"Liceul de Arte „Constantin Brăiloiu”, Târgu Jiu",6.86,6.57,7.16,25
Gorj,Liceul Teologic Târgu Jiu,6.86,6.92,6.8,22
Gorj,"Școala Gimnazială Cornești, Bălești",6.85,6.5,7.2,19
Gorj,"Școala Gimnazială Groșerea, Aninoasa",6.79,7.4,6.18,12
Gorj,Liceul Tehnologic Turburea,6.76,6.88,6.66,12
Gorj,"Școala Gimnazială Nr. 1, Bumbești-Jiu",6.75,6.79,6.72,61
Gorj,"Școala Gimnazială Nr. 1, Rovinari",6.74,6.6,6.81,52
Gorj,"Școala Gimnazială „Ion Vîlceanu”, Drăgotești",6.71,6.98,6.46,10
Gorj,"Școala Gimnazială, Slivilești",6.65,6.83,6.48,14
Gorj,"Școala Gimnazială „Antonie Mogoș Ceauru”, Bălești",6.53,5.94,7.13,15
Gorj,Școala Gimnazială Crușeț,6.52,6.66,6.38,23
Gorj,Școala Gimnazială Căpreni,6.46,6.37,6.57,12
Gorj,"Școala Gimnazială, Bumbești-Pițic",6.43,6.62,6.24,13
Gorj,"Școala Gimnazială Cărpiniș, Crasna",6.41,6.31,6.52,19
Gorj,"Școala Gimnazială Negreni, Comuna Licurici",6.41,5.84,6.99,7
Gorj,"Liceul Tehnologic Roșia Jiu, Fărcașești",6.38,6.59,6.16,11
Gorj,Liceul cu Program Sportiv Târgu Jiu,6.37,6.18,6.56,43
Gorj,"Școala Gimnazială Prof. Nicolae Caranda, Glogova",6.37,6.45,6.28,12
Gorj,"Școala Gimnazială Nr. 1 Peșteana Jiu, Bâlteni",6.35,7.07,5.62,17
Gorj,Liceul Tehnologic Turceni,6.28,7.19,5.38,46
Gorj,"Școala Gimnazială „Cornelius Radu”, Rădinești, Dănciulești",6.26,6.65,5.87,10
Gorj,"Școala Gimnazială Nr. 2, Motru",6.24,6.28,6.21,18
Gorj,"Școala Gimnazială „Ecaterina Teodoroiu”, Târgu Jiu",6.24,6.37,6.11,23
Gorj,"Școala Gimnazială Nr. 1, Văgiulești",6.22,5.79,6.65,7
Gorj,Școala Gimnazială Mușetești,6.17,6.33,6.02,11
Gorj,"Școala Gimnazială „Voievod Litovoi”, Târgu Jiu",6.17,5.47,6.88,23
Gorj,"Școala Gimnazială Budieni, Scoarța",6.14,7.14,5.14,9
Gorj,"Școala Gimnazială Nr. 1, Țicleni",6.05,6.45,5.66,19
Gorj,"Școala Gimnazială Nr. 1, Peștișani",6.05,6.17,5.92,33
Gorj,"Școala Gimnazială „Victor Popescu”, Valea cu Apă, Fărcășești",6.04,6.56,5.52,17
Gorj,"Școala Gimnazială Nr. 1 Florești, Tânțăreni",6.02,6.32,5.73,21
Gorj,Liceul Mătăsari,6.01,6.02,6.0,31
Gorj,"Școala Gimnazială Nr. 1, Dănești",5.99,6.44,5.56,11
Gorj,"Școala Gimnazială „Motru-Sec”, Padeș",5.97,6.12,5.82,13
Gorj,"Școala Gimnazială Raci, Negomir",5.96,6.24,5.68,12
Gorj,"Școala Gimnazială Nr. 1, Albeni",5.94,5.55,6.34,14
Gorj,"Școala Gimnazială „Tudor Vladimirescu”, Andreești, Vladimir",5.94,6.06,5.83,11
Gorj,Școala Gimnazială Padeș,5.91,6.22,5.62,13
Gorj,"Liceul Tehnologic „General Constantin Șandru”, Bâlta, Runcu",5.91,5.95,5.88,19
Gorj,Școala Gimnazială Câlnic,5.9,5.98,5.83,13
Gorj,Școala Gimnazială Hurezani,5.88,6.23,5.53,15
Gorj,Școala Gimnazială Samarinești,5.84,5.37,6.32,12
Gorj,Școala Gimnazială Prigoria,5.82,5.43,6.23,23
Gorj,"Școala Gimnazială Nr. 1, Telești",5.82,5.86,5.78,11
Gorj,Liceul Tehnologic Roșia de Amaradia,5.79,5.6,5.98,25
Gorj,"Școala Gimnazială Lihulești, Berlești",5.74,5.81,5.68,12
Gorj,"Școala Gimnazială „Grigore Geamănu”, Turcinești",5.73,5.53,5.93,9
Gorj,Școala Gimnazială Ciuperceni,5.73,6.79,4.67,5
Gorj,"Școala Gimnazială Sâmbotin, Schela",5.67,5.98,5.37,5
Gorj,"Școala Gimnazială, Alimpești",5.66,6.53,4.79,13
Gorj,"Școala Gimnazială „Poiana-Seciuri”, Bustuchin",5.62,5.1,5.55,11
Gorj,"Școala Gimnazială „Nicolae Tomovici-Plopșor”, Plopșoru",5.59,5.55,5.63,12
Gorj,"Școala Gimnazială Piscuri, Plopșoru",5.55,5.2,5.91,8
Gorj,Liceul Tehnologic Baia de Fier,5.54,5.14,5.65,11
Gorj,Liceul Tehnologic Bâlteni,5.52,5.71,5.33,22
Gorj,Școala Gimnazială Stănești,5.46,5.56,5.36,12
Gorj,"Școala Gimnazială Nr. 3, Rovinari",5.41,5.79,5.03,18
Gorj,"Școala Gimnazială Nr. 1, Negomir",5.39,5.61,5.18,9
Gorj,"Școala Gimnazială „Aurel Teodorescu”, Stejari",5.39,5.69,5.09,12
Gorj,Liceul Tehnologic Bustuchin,5.26,5.62,4.91,15
Gorj,"Școala Gimnazială „Capu Dealului”, Brănești",5.26,5.51,5.02,22
Gorj,"Școala Gimnazială Pociovaliștea, Novaci",5.23,5.5,4.95,13
Gorj,Școala Gimnazială Borăscu,5.22,5.83,4.62,18
Gorj,"Școala Gimnazială Bălcești, Bengești-Ciocadia",5.21,5.34,4.73,10
Gorj,"Școala Gimnazială, Jupânești",5.2,5.25,5.17,10
Gorj,Școala Gimnazială Ionești,5.06,5.63,4.49,14
Gorj,Școala Gimnazială Aninoasa,4.99,4.98,5.0,8
Gorj,"Școala Gimnazială, Târgu Logrești",4.94,5.22,4.66,11
Gorj,Liceul Tehnologic Stoina,4.92,5.16,4.68,13
Gorj,"Școala Gimnazială Nr.1 Valea, Bolboși",4.9,5.36,4.45,11
Gorj,"Școala Gimnazială Pocruia, Tismana",4.86,5.13,4.61,9
Gorj,Școala Gimnazială Săulești,4.78,5.09,4.47,13
Gorj,Școala Gimnazială Scoarța,4.75,5.29,4.21,12
Gorj,"Școala Gimnazială „Mazilu Vipie Gheorghe”, Valea Mănăstirii, Cătunele",4.66,4.29,5.03,8
Gorj,"Școala Gimnazială Izvoarele, Plopșoru",4.65,4.39,4.91,13
Gorj,"Școala Gimnazială Cernădia, Baia de Fier",4.55,4.75,4.36,9
Gorj,Școala Gimnazială „Nicolae Mischie” Godinești,4.45,4.57,4.34,11
Gorj,Școala Gimnazială Țânțăreni,4.37,4.36,4.39,9
Gorj,Liceul Tehnologic Tismana,4.23,4.51,3.96,17
Gorj,"Școala Gimnazială Nr. 7, Târgu Jiu",4.03,3.78,4.29,11
Gorj,"Centrul Școlar Pentru Educație Incluzivă, Târgu Jiu",1.91,1.73,2.1,5
Harghita,"Liceul Teologic Romano-Catolic „Segítő Mária”, Miercurea Ciuc",8.3,7.75,7.94,27
Harghita,"Liceul Teoretic „Tamási Áron”, Odorheiu Secuiesc",8.17,7.46,7.88,30
Harghita,"Școala Gimnazială „Kányádi Sándor”, Porumbenii Mari",7.84,6.47,8.05,12
Harghita,"Școala Gimnazială „Petőfi Sándor”, Miercurea Ciuc",7.75,7.15,7.25,72
Harghita,"Liceul Pedagogic „Benedek Elek”, Odorheiu Secuiesc",7.62,6.93,7.03,28
Harghita,Școala Gimnazială Fântâna Brazilor,7.51,6.05,7.1,1
Harghita,"Școala Gimnazială „Orbán Balázs”, Odorheiu Secuiesc",7.5,7.0,6.63,54
Harghita,"Școala Gimnazială „Kriza János”, Căpâlnița",7.45,6.27,7.58,16
Harghita,"Școala Gimnazială „Imets Fülöp Jákó”, Tușnad",7.42,6.88,6.94,10
Harghita,"Școala Gimnazială Waldorf, Miercurea Ciuc",7.41,6.67,6.82,19
Harghita,"Colegiul Național „Octavian Goga”, Miercurea Ciuc",7.38,7.57,7.19,33
Harghita,"Colegiul Reformat „Báczkamadarasi Kis Gergely”, Odorheiu Secuiesc",7.32,6.09,7.17,57
Harghita,"Liceul Teoretic „Sfântu Nicolae”, Gheorgheni",7.32,7.78,6.87,18
Harghita,"Școala Gimnazială „Petőfi Sándor”, Cristuru Secuiesc",7.29,6.48,6.72,38
Harghita,"Școala Gimnazială „Nagy Imre”, Miercurea Ciuc",7.23,6.39,6.75,111
Harghita,"Școala Gimnazială „Bethlen Gábor”, Odorheiu Secuiesc",7.16,5.89,6.65,60
Harghita,"Școala Gimnazială „Márton Áron”, Sândominic",7.12,5.65,7.06,46
Harghita,"Școala Gimnazială „Kiss Ferenc”, Mădăraș",7.1,6.12,6.66,21
Harghita,"Școala Gimnazială „Fogarasy Mihály”, Gheorgheni",7.1,6.07,6.92,60
Harghita,"Liceul de Arte „Nagy István”, Miercurea Ciuc",7.04,6.06,6.33,45
Harghita,"Școala Gimnazială „Fráter György”, Remetea",7.03,6.27,6.14,35
Harghita,"Liceul de Arte „Dr. Palló Imre”, Odorheiu Secuiesc",7.01,5.38,7.1,47
Harghita,"Liceul Teoretic „Dr. P. Boros Fortunat”, Zetea",6.99,5.95,6.45,41
Harghita,"Școala Gimnazială „Vaskertes”, Gheorgheni",6.99,5.82,6.82,44
Harghita,"Școala Gimnazială „Áprily Lajos”, Praid",6.96,6.09,6.44,23
Harghita,"Școala Gimnazială „József Attila” -2, Miercurea Ciuc",6.95,6.07,6.17,60
Harghita,"Școala Gimnazială „Petőfi Sándor”, Dealu",6.88,5.94,6.32,29
Harghita,"Școala Gimnazială „József Attila”, Vărșag",6.87,5.76,6.38,4
Harghita,"Școala Gimnazială „Dr. P. Benedek Fidél”, Bisericani",6.86,5.54,6.54,21
Harghita,"Școala Gimnazială „Tamási Áron”, Lupeni",6.8,5.98,5.7,24
Harghita,"Școala Gimnazială „László Gyula”, Sânpaul",6.79,6.07,6.61,12
Harghita,"Școala Gimnazială „Bálint Vilmos”, Tomești",6.73,6.19,5.65,15
Harghita,"Școala Gimnazială „Gál Sándor”, Ciucsângeorgiu",6.7,5.89,5.64,13
Harghita,"Școala Gimnazială „Nagy István”, Misentea",6.7,5.61,6.25,14
Harghita,"Școala Gimnazială „Siklódi Lőrinc”, Ditrău",6.69,5.46,6.47,21
Harghita,"Școala Gimnazială „Sfântu Ilie”, Toplița",6.68,6.28,7.09,26
Harghita,"Școala Gimnazială „Körösi Csoma Sándor”, Vărșag",6.68,5.5,5.9,13
Harghita,"Școala Gimnazială „Dávid Ferenc”, Merești",6.68,5.89,6.04,10
Harghita,"Școala Gimnazială „Liviu Rebreanu”, Miercurea Ciuc",6.67,7.07,6.28,33
Harghita,"Școala Gimnazială „Mártonffi János”, Vlăhița",6.67,6.04,5.79,33
Harghita,"Liceul Teologic Unitarian „Berde Mózes”, Cristuru Secuiesc",6.62,5.56,6.15,26
Harghita,"Școala Gimnazială „Móra Ferenc”, Odorheiu Secuiesc",6.59,5.07,6.4,47
Harghita,"Școala Gimnazială „Endes József”, Sânsimion",6.57,5.75,6.04,24
Harghita,"Școala Gimnazială „Arany János”, Mihăileni",6.54,5.17,6.64,20
Harghita,"Școala Gimnazială „Elekes Vencel”, Suseni",6.53,5.34,6.09,29
Harghita,"Liceul Teoretic „O.C. Tăslăuanu”, Toplița",6.51,6.69,6.33,28
Harghita,"Școala Gimnazială „Márton Áron”, Brădești",6.49,5.31,5.93,9
Harghita,"Liceul Teoretic „Kemény János”, Toplița",6.48,6.89,5.63,10
Harghita,"Școala Gimnazială „Márton Ferenc”, Păuleni-Ciuc",6.43,5.88,5.61,8
Harghita,"Școala Gimnazială „Tamási Áron”, Vlăhița",6.42,5.13,5.77,31
Harghita,"Școala Gimnazială „Cserei Mihály”, Racu",6.4,5.48,5.49,8
Harghita,"Liceul Tehnologic „Petőfi Sándor”, Dănești",6.4,5.41,5.54,14
Harghita,"Școala Gimnazială „Jókai Mór”, Sub Cetate",6.39,5.0,5.81,5
Harghita,"Liceul Tehnologic „Sövér Elek”, Joseni",6.38,5.0,6.28,50
Harghita,"Școala Gimnazială „O.C. Tăslăuanu”, Bilbor",6.35,6.45,6.26,15
Harghita,"Școala Gimnazială „Geo Bogza”, Bălan",6.35,6.51,6.19,17
Harghita,"Școala Gimnazială „Mártonffy György”, Cârța",6.34,4.82,6.22,24
Harghita,"Școala Gimnazială „Szent István”, Sâncrai",6.33,5.62,5.48,15
Harghita,Liceul Tehnologic Corund,6.33,5.53,5.58,54
Harghita,"Școala Gimnazială „Sükösd Ferenc”, Ocna de Jos",6.32,5.41,5.28,13
Harghita,"Școala Gimnazială „Domokos Pál Péter”, Lunca de Sus",6.28,5.33,5.66,19
Harghita,"Școala Gimnazială „Székely Mózes”, Lueta",6.28,5.32,5.43,27
Harghita,"Școala Gimnazială „Zöld Péter”, Siculeni",6.26,4.99,5.76,17
Harghita,"Liceul Teoretic „Orbán Balázs”, Cristuru Secuiesc",6.26,5.14,5.43,17
Harghita,"Școala Gimnazială, Corbu",6.18,6.21,6.16,26
Harghita,"Școala Gimnazială, Tulgheș",6.17,6.76,5.59,23
Harghita,"Școala Gimnazială „Gálfi Sándor”, Cobătești",6.16,5.08,5.77,14
Harghita,"Școala Gimnazială „Köllő Miklós”, Ciumani",6.12,5.09,5.62,40
Harghita,"Școala Gimnazială „Fülöp Áron”, Feliceni",6.1,5.31,5.09,28
Harghita,"Școala Gimnazială „Jókai Mór”, Băile Tușnad",6.09,5.62,5.02,10
Harghita,"Școala Gimnazială „Kájoni János”, Ciceu",6.08,4.71,5.66,19
Harghita,"Școala Gimnazială „Román Viktor”, Mărtiniș",6.08,4.76,5.64,8
Harghita,"Școala Gimnazială „Nyirő József”, Satu Mare",6.07,5.15,5.73,14
Harghita,"Școala Gimnazială, Armășeni",6.07,4.83,4.94,10
Harghita,"Școala Gimnazială, Mugeni",6.04,5.08,5.24,13
Harghita,Școala Gimnazială Toplița-Călimănel,6.02,5.64,6.41,13
Harghita,"Școala Gimnazială „Bethlen Gábor”, Lăzarea",5.97,4.58,5.46,18
Harghita,"Liceul „Marin Preda”, Odorheiu Secuiesc",5.92,6.26,5.58,16
Harghita,"Liceul Tehnologic „Tivai Nagy Imre”, Sânmartin",5.88,4.8,5.14,19
Harghita,"Școala Gimnazială „Székely Mózes”, Ocna de Sus",5.86,4.85,5.21,8
Harghita,"Liceul Tehnologic „Zimmethausen”, Borsec",5.84,5.5,4.78,18
Harghita,"Școala Gimnazială „Teodor Chindea”, Voșlăbeni",5.82,5.91,5.26,9
Harghita,"Școala Gimnazială „Miron Cristea”, Toplița",5.8,6.07,5.55,21
Harghita,"Școala Gimnazială „Dr. Lukács Mihály”, Plăieșii de Jos",5.74,4.61,5.06,8
Harghita,"Liceul Teologic Romano-Catolic „Szent Erzsébet”, Lunca de Sus",5.7,4.64,5.02,21
Harghita,"Școala Gimnazială „Arany János”, Sântimbru",5.63,4.09,5.15,18
Harghita,Școala Gimnazială Livezi,5.61,6.59,4.64,5
Harghita,"Școala Gimnazială „Majláth Gusztáv Károly”, Lunca de Jos",5.61,3.7,5.4,33
Harghita,"Școala Gimnazială „Marosi Gergely”, Șimonești",5.57,4.68,5.21,8
Harghita,"Școala Gimnazială „Dr. Csiby Andor”, Ditrău",5.53,3.53,5.36,14
Harghita,"Școala Gimnazială „Kós Károly”, Gheorgheni",5.51,4.46,4.35,13
Harghita,"Școala Gimnazială Nr. 1, Bălan",5.37,4.56,4.59,11
Harghita,Școala Gimnazială Valea Rece,5.34,3.56,5.67,20
Harghita,"Școala Gimnazială „Nyirő József”, Frumoasa",5.27,3.94,4.65,19
Harghita,"Școala Gimnazială „Toró Tibor”, Ulieș",5.25,3.88,4.77,9
Harghita,"Școala Gimnazială „Balás Jenő”, Remetea Ciutac",5.24,3.86,5.1,10
Harghita,"Școala Gimnazială „Sfântu Andrei”, Sărmaș",5.13,5.33,4.74,17
Harghita,"Școala Gimnazială „Jósika Miklós”, Atid",5.06,3.28,4.23,9
Harghita,"Școala Gimnazială „Tompa László”, Odorheiu Secuiesc",4.79,2.74,4.46,19
Harghita,Școala Gimnazială Nicolești,4.72,3.71,4.4,9
Harghita,"Școala Gimnazială „Bem József”, Secuieni",4.7,3.13,4.09,10
Harghita,"Școala Gimnazială „János Zsigmond”, Dârjiu",4.69,3.07,4.38,5
Harghita,"Școala Gimnazială „Kelemen Imre”, Ocland",4.64,3.03,3.98,7
Harghita,"Școala Gimnazială „Dr. Boga Alajos”, Cozmeni",4.64,2.57,4.29,13
Harghita,"Liceul „Miron Cristea”, Subcetate",4.59,5.22,3.97,18
Harghita,"Școala Gimnazială „Erőss Zsolt”, Jolotca",4.52,2.86,4.33,11
Harghita,"Școala Gimnazială „Dumitru Gafton”, Gălăuțaș",4.37,5.23,3.51,13
Harghita,Școala Gimnazială „Márton Ferenc Bancu”,4.24,2.86,4.14,9
Harghita,"Școala Gimnazială, Valea Lui Pavel",4.14,2.98,3.78,3
Harghita,Școala Gimnazială Crișeni,4.09,2.57,3.55,7
Harghita,"Școala Gimnazială „Tuzson János”, Cășinu Nou",4.06,2.45,3.8,9
Harghita,"Școala Gimnazială „Benedek Elek”, Avrămești",4.0,3.13,3.94,6
Harghita,"Școala Gimnazială „Pécsi Simon”, Eliseni",3.72,3.04,3.26,7
Harghita,"Școala Gimnazială „Tarisznyás Márton”, Valea Strâmbă",3.64,2.43,3.55,3
Harghita,"Școala Gimnazială „Augusztinovics Pál”, Șoimușu Mic",3.61,2.84,3.26,4
Harghita,Școala Gimnazială „Benedek Elek” Filiași,3.45,1.6,4.05,1
Harghita,"Școala Gimnazială „Makkai András”, Rugănești",3.27,2.44,2.63,11
Harghita,Școala Gimnazială Săcel,3.21,3.04,3.38,6
Harghita,Școala Gimnazială Cinod,3.06,1.7,2.95,6
Harghita,"Școala Gimnazială „Móra Ferenc”, Goagiu",3.01,1.78,3.51,6
Harghita,"Școala Gimnazială „Xántus János”, Miercurea Ciuc",2.8,1.76,3.12,17
Harghita,"Școala Gimnazială, Plăieșii de Sus",2.62,1.55,2.5,7
Harghita,"Școala Gimnazială „Tompa László”, Budvár, Odorheiu Secuiesc",2.36,1.9,2.5,1
Harghita,"Școala Gimnazială „Fabrica de Cărămidă”, Gheorgheni",2.26,1.5,2.75,4
Hunedoara,Școala Gimnazială Răchitova,8.2,8.8,7.6,1
Hunedoara,"Colegiul Național „Aurel Vlaicu”, Orăștie",8.06,8.15,7.97,31
Hunedoara,"Colegiul Național „Decebal”, Deva",7.83,7.99,7.68,81
Hunedoara,"Colegiul Național Pedagogic „Regina Maria”, Deva",7.65,7.85,7.44,109
Hunedoara,"Școala Gimnazială, Râu de Mori",7.63,8.33,6.93,11
Hunedoara,Școala Gimnazială Gurasada,7.6,8.05,7.15,1
Hunedoara,"Școala Gimnazială „Andrei Șaguna”, Deva",7.43,7.71,7.16,113
Hunedoara,"Școala Gimnazială „Ion Gheorghe Duca”, Petroșani",7.33,7.5,7.16,73
Hunedoara,"Colegiul Național „Iancu de Hunedoara”, Hunedoara",7.2,7.32,7.09,42
Hunedoara,Colegiul Național „Traian Lalescu” Hunedoara,7.01,6.91,7.04,58
Hunedoara,Școala Gimnazială Șoimuș,6.94,7.66,6.23,13
Hunedoara,"Școala Gimnazială „Hadrian Daicoviciu”, Orăștioara de Sus",6.93,7.77,6.1,11
Hunedoara,"Școala Gimnazială „Aron Densusianu”, Hațeg",6.92,7.0,6.84,37
Hunedoara,"Liceul cu Program Sportiv „Cetate”, Deva",6.85,7.03,6.68,28
Hunedoara,"Școala Gimnazială „Mircea Sântimbreanu”, Brad",6.83,7.37,6.3,44
Hunedoara,"Colegiul Economic „Emanuil Gojdu”, Hunedoara",6.82,7.11,6.54,53
Hunedoara,"Școala Gimnazială, Luncoiu de Jos",6.8,7.3,6.3,3
Hunedoara,"Școala Gimnazială Nr. 7, Hunedoara",6.8,7.1,6.51,23
Hunedoara,"Școala Gimnazială Nr. 5, Vulcan",6.77,7.36,6.18,48
Hunedoara,"Școala Gimnazială, Densuș",6.76,6.48,7.04,8
Hunedoara,"Școala Gimnazială „Avram Stanca”, Petroșani",6.73,7.1,6.37,72
Hunedoara,"Liceul de Arte „Sigismund Toduță”, Deva",6.7,7.37,6.03,40
Hunedoara,"Școala Gimnazială „Constantin Daicoviciu”, Beriu",6.67,7.21,6.14,14
Hunedoara,Școala Gimnazială Băița,6.65,6.84,6.46,16
Hunedoara,Școala Gimnazială Boșorod,6.64,7.42,5.87,7
Hunedoara,"Școala Gimnazială „Horea, Cloșca și Crișan”, Brad",6.6,7.34,5.86,29
Hunedoara,Școala Gimnazială Călan,6.56,7.04,6.08,59
Hunedoara,"Școala Gimnazială „Ion Buteanu”, Buceș",6.55,6.79,6.31,9
Hunedoara,"Liceul Teoretic „I. C. Brătianu”, Hațeg",6.53,6.89,6.18,21
Hunedoara,"Liceul Tehnologic Energetic „Dragomir Hurmuzescu”, Deva",6.45,6.64,6.27,56
Hunedoara,"Școala Gimnazială „Dominic Stanca”, Orăștie",6.45,6.83,6.07,54
Hunedoara,"Școala Gimnazială „Dr. Aurel Vlad”, Orăștie",6.43,6.64,6.22,66
Hunedoara,"Școala Gimnazială „Ovid Densușianu”, Hațeg",6.41,6.64,6.19,41
Hunedoara,Școala Gimnazială Visca,6.4,6.98,5.83,2
Hunedoara,"Școala Gimnazială „Ion Desideriu Sîrbu”, Petrila",6.39,6.62,6.17,52
Hunedoara,"Colegiul Tehnic „Transilvania”, Deva",6.34,6.75,5.93,36
Hunedoara,"Liceul Teoretic „Téglás Gábor”, Deva",6.25,6.82,5.25,17
Hunedoara,"Școala Gimnazială Nr. 2, Hunedoara",6.22,6.77,5.62,56
Hunedoara,"Școala Gimnazială, Sălașu de Sus",6.21,6.69,5.74,9
Hunedoara,"Școala Gimnazială Nr. 6, Hunedoara",6.18,6.34,6.02,32
Hunedoara,"Liceul Tehnologic „Retezat”, Uricani",6.1,6.36,5.85,22
Hunedoara,Școala Gimnazială Sîntămăria-Orlea,6.1,6.56,5.64,14
Hunedoara,Școala Gimnazială Băcia,6.09,6.18,6.0,10
Hunedoara,"Școala Gimnazială „Carmen Sylva”, Petroșani",6.08,6.52,5.65,31
Hunedoara,"Școala Gimnazială, Bretea Română",6.07,7.14,5.0,9
Hunedoara,Școala Gimnazială Bănița,6.04,6.09,6.0,6
Hunedoara,"Școala Gimnazială, Lunca Cernii de Jos",6.0,5.46,6.54,4
Hunedoara,"Școala Gimnazială Nr. 5, Petrila",6.0,6.47,5.54,27
Hunedoara,Școala Gimnazială Dobra,5.98,6.03,5.94,30
Hunedoara,"Școala Gimnazială, Teliucu Inferior",5.95,6.49,5.41,7
Hunedoara,"Școala Gimnazială Nr. 7, Petroșani",5.94,6.51,5.37,25
Hunedoara,Școala Gimnazială Vața de Jos,5.93,6.3,5.56,19
Hunedoara,"Școala Gimnazială Nr. 4, Vulcan",5.91,6.12,5.71,36
Hunedoara,"Școala Gimnazială Nr. 2, Lupeni",5.86,6.09,5.64,48
Hunedoara,"Liceul Tehnologic „Mihai Viteazu”, Vulcan",5.8,5.88,5.73,12
Hunedoara,"Liceul Prof. „Bora Tit Liviu”, Baru",5.69,5.7,5.49,21
Hunedoara,"Liceul Tehnologic Agricol „Alexandru Borza”, Geoagiu",5.65,5.86,5.37,32
Hunedoara,"Colegiul Tehnic „Constantin Brâncuși”, Petrila",5.49,6.03,4.95,35
Hunedoara,"Școala Gimnazială „Preot Iosif Comșa”, Ribița",5.47,5.73,5.21,5
Hunedoara,"Școala Gimnazială, Ohaba",5.43,5.55,5.3,13
Hunedoara,"Școala Gimnazială Nr. 2, Petroșani",5.42,5.56,5.29,4
Hunedoara,"Școala Gimnazială „Sigismund Toduță”, Simeria",5.4,5.57,5.19,71
Hunedoara,"Școala Gimnazială Nr. 1, Lupeni",5.36,6.01,4.72,18
Hunedoara,"Școala Gimnazială, Certeju de Sus",5.36,5.61,5.11,10
Hunedoara,"Școala Gimnazială „Avram Iancu”, Baia de Criș",5.28,5.69,4.87,6
Hunedoara,"Școala Gimnazială „Sabin Oprean”, Bucureșci",5.26,5.3,5.23,6
Hunedoara,Școala Gimnazială Pui,5.25,5.6,4.91,18
Hunedoara,"Liceul Tehnologic „Crișan”, Crișcior",5.2,5.72,4.69,18
Hunedoara,"Școala Gimnazială Nr. 3, Lupeni",5.09,5.58,4.54,55
Hunedoara,Școala Gimnazială „Zam”,5.09,5.36,4.81,11
Hunedoara,Școala Gimnazială Vălișoara,5.05,6.27,3.83,9
Hunedoara,Școala Gimnazială Vețel,5.04,5.12,4.97,9
Hunedoara,"Școala Gimnazială, Romos",4.98,5.19,4.77,21
Hunedoara,"Școala Gimnazială Nr. 6, Vulcan",4.89,5.47,4.32,25
Hunedoara,"Liceul Teoretic „Silviu Dragomir”, Ilia",4.81,5.15,4.48,26
Hunedoara,"Școala Gimnazială, Ghelari",4.71,4.64,4.79,9
Hunedoara,"Școala Gimnazială Nr. 2, Uricani",4.7,4.97,4.43,33
Hunedoara,Școala Gimnazială Hărău,4.68,4.4,4.98,12
Hunedoara,"Școala Gimnazială, Rapoltu Mare",4.53,4.75,4.31,10
Hunedoara,"Școala Gimnazială „Sfânta Varvara”, Aninoasa",4.34,4.67,4.01,18
Hunedoara,"Școala Gimnazială „Nicolae Țic”, Brănișca",4.2,4.32,4.08,3
Hunedoara,"Școala Gimnazială Nr. 1, Hunedoara",4.12,4.21,4.03,28
Hunedoara,Școala Gimnazială Sarmizegetusa,3.18,3.1,3.25,3
Ialomița,"Colegiul Național „Mihai Viteazul”, Slobozia",8.11,8.34,7.88,27
Ialomița,"Liceul Teoretic „Carol I”, Fetești",7.99,8.3,7.68,25
Ialomița,"Școala Gimnazială „Sf. Andrei”, Slobozia",7.9,8.15,7.65,92
Ialomița,"Școala Gimnazială Nr. 3, Slobozia",7.52,7.76,7.29,97
Ialomița,"Colegiul Național „Grigore Moisil”, Urziceni",7.42,8.04,6.8,17
Ialomița,"Liceul de Arte „Ionel Perlea”, Slobozia",7.2,7.5,6.9,84
Ialomița,"Școala Gimnazială „Ion Heliade Rădulescu”, Urziceni",7.11,7.17,7.06,86
Ialomița,"Școala Gimnazială „George Vâlsan”, Amara",7.05,7.48,6.63,35
Ialomița,"Școala Gimnazială „Alexandru Odobescu”, Urziceni",6.99,7.35,6.64,48
Ialomița,"Școala Gimnazială, Perieți",6.98,8.06,5.9,19
Ialomița,Școala Gimnazială Platonești,6.98,6.79,7.18,12
Ialomița,"Școala Gimnazială „Sfântul Ierarh Nicolae”, Bucu",6.83,7.39,6.28,10
Ialomița,"Școala Gimnazială „Aurel Vlaicu”, Fetești",6.75,7.22,6.28,84
Ialomița,"Școala Gimnazială „Apostol D. Culea”, Sudiți",6.69,6.64,6.75,13
Ialomița,"Liceul Teoretic „Paul Georgescu”, Tăndărei",6.61,6.95,6.28,26
Ialomița,Școala Gimnazială Dridu,6.59,6.91,6.28,19
Ialomița,Școala Profesională „Areta Teodorescu” Grivița,6.5,7.95,5.05,12
Ialomița,"Liceul Pedagogic „Matei Basarab”, Slobozia",6.48,6.79,6.18,48
Ialomița,Școala Gimnazială Dimitrie Cantemir Fetesti-Șc.Gimnazială Aurel Vlaicu Fetești,6.47,6.88,6.07,21
Ialomița,"Școala Gimnazială, Săveni",6.4,6.86,5.95,18
Ialomița,"Școala Gimnazială „Ionel Perlea”, Ograda",6.32,7.01,5.64,16
Ialomița,Școala Gimnazială Gârbovi,6.24,6.44,6.04,22
Ialomița,"Școala Gimnazială, Coșereni",6.22,6.86,5.59,22
Ialomița,"Școala Profesională, Traian",6.07,6.49,5.65,17
Ialomița,Școala Gimnazială Manasia,6.05,6.53,5.56,19
Ialomița,Școala Gimnazială „Gheorghe Doja”,6.05,6.32,5.77,15
Ialomița,Școala Gimnazială Adâncata,6.03,6.67,5.38,11
Ialomița,"Școala Gimnazială „Căpitan Aviator Constantin M. Cantacuzino”, Jilavele",6.01,6.87,5.17,14
Ialomița,"Școala Gimnazială „Arhanghelii Mihail și Gavriil”, Munteni-Buzău",5.89,6.24,5.54,33
Ialomița,Școala Gimnazială Făcăeni,5.85,6.26,5.44,27
Ialomița,Școala Gimnazială Maltezi,5.84,6.56,5.12,11
Ialomița,Școala Gimnazială Ciochina,5.8,6.52,5.08,11
Ialomița,Liceul Tehnologic Fierbinți-Târg,5.79,6.39,5.2,40
Ialomița,Școala Profesională Reviga,5.74,6.19,5.29,15
Ialomița,Școala Gimnazială Sinești,5.73,6.4,5.06,10
Ialomița,Școala Gimnazială Miloșești,5.72,6.64,4.81,16
Ialomița,"Școala Gimnazială „Maica Domnului”, Roșiori",5.59,5.98,5.21,18
Ialomița,"Școala Gimnazială „Constantin Ștefan”, Albești",5.54,5.66,5.42,11
Ialomița,"Școala Gimnazială „Spiru Haret”, Țăndărei",5.51,6.25,4.76,14
Ialomița,"Școala Gimnazială, Colelia",5.47,5.53,5.41,8
Ialomița,"Școala Profesională „Profesor Ioan Man”, Ion Roată",5.44,6.0,4.89,14
Ialomița,Școala Gimnazială Radu Vodă Fetești-Șc.Gimnazială Mihai Viteazul Fetești,5.33,5.32,5.34,9
Ialomița,Școala Gimnazială Scânteia,5.27,5.68,4.86,32
Ialomița,Școala Gimnazială „Arhimandrit Teofil Balaciu”,5.27,6.23,4.31,8
Ialomița,"Școala Gimnazială, Movilița",5.18,5.27,5.1,19
Ialomița,"Liceul Tehnologic „Anghel Saligny”, Fetești",5.16,6.04,4.29,11
Ialomița,Școala Gimnazială Mihail Kogălniceanu,5.15,5.16,5.15,13
Ialomița,Școala Gimnazială „Gheorghe Lazăr”,5.1,5.62,4.59,15
Ialomița,Școala Gimnazială Bordușani,5.07,5.26,4.85,31
Ialomița,"Școala Gimnazială „Alexandru Rădulescu”, Mărculești",5.04,5.88,4.21,11
Ialomița,Școala Gimnazială Valea Măcrișului,5.02,5.98,4.07,10
Ialomița,"Școala Gimnazială „Constantin Gurgu” Nr.2, Luciu - Șc. Gim. Nr.1, Gura Ialomiței",5.0,5.8,4.2,19
Ialomița,Școala Gimnazială Ciulnița,4.99,5.0,4.98,17
Ialomița,"Școala Gimnazială „Gheorghe Lazăr”, Slobozia-Lic.Teh.Înalțarea Domnului Slob.",4.94,5.04,4.84,11
Ialomița,Școala Gimnazială Valea Ciorii,4.86,5.42,4.32,15
Ialomița,Școala Gimnazială Grindu,4.84,5.26,4.43,16
Ialomița,"Școala Gimnazială „Alexandru Aldea Voievod”, Alexeni",4.83,4.87,4.79,12
Ialomița,Școala Gimnazială „Ferdinand I Movilă”,4.82,5.73,3.93,5
Ialomița,Școala Gimnazială Vlădeni,4.78,4.96,4.61,12
Ialomița,"Școala Gimnazială „Ștefan Copoiu”, Andrășești",4.74,5.26,4.21,11
Ialomița,"Școala Gimnazială „Roman Ialomițeanul”, Axintele",4.7,4.99,4.4,19
Ialomița,"Școala Gimnazială „Bora-Lic.de Arte”, Slobozia",4.69,4.61,4.77,12
Ialomița,Școala Gimnazială Borănești,4.68,4.97,4.29,30
Ialomița,Școala Gimnazială Bărcănești,4.68,5.27,4.11,22
Ialomița,"Școala Gimnazială, Căzănești",4.68,4.95,4.4,16
Ialomița,"Școala Gimnazială Malu Roșu, Lic. Teh. Armășești",4.66,4.91,4.42,13
Ialomița,Școala Gimnazială Cocora,4.62,5.23,4.01,13
Ialomița,"Școala Gimnazială, Malu",4.57,5.19,3.97,15
Ialomița,Școala Gimnazială Rădulești,4.51,4.52,4.5,10
Ialomița,Liceul Tehnologic de Industrie Alimentară Fetești,4.29,5.11,3.48,17
Ialomița,"Școala Gimnazială, Cosâmbești",4.14,4.25,4.03,9
Ialomița,"Școala Gimnazială „Mihai Viteazul”, Fetești",4.13,4.52,3.74,20
Ialomița,Școala Gimnazială Sălcioara,4.08,3.94,4.22,18
Ialomița,"Școala Gimnazială, Sărățeni",4.01,4.33,3.69,10
Ialomița,"Școala Gimnazială Nr. 5 Slobozia-Lic.Teh. „Înălțarea Domnului”, Slob.",3.78,4.03,3.53,7
Ialomița,"Școala Gimnazială, Giurgeni",3.75,3.77,3.74,9
Ialomița,Școala Gimnazială Cegani-Șc.Gim.Bordușani,3.67,3.66,3.46,12
Ialomița,Școala Gimnazială Bărbulești,3.37,3.64,3.07,10
Ialomița,Școala Gimnazială Nr.4 Fetești-Șc.Gimnazială „Mihai Viteazul” Fetești,2.36,2.33,2.4,7
Iași,"Colegiul Național „Emil Racoviță”, Iași",9.31,9.29,9.33,107
Iași,"Colegiul Național, Iași",9.22,9.27,9.17,128
Iași,"Colegiul Național „Vasile Alecsandri”, Iași",9.03,9.1,8.96,74
Iași,"Școala Gimnazială Euroed, Iași",8.98,8.91,9.06,24
Iași,"Liceul Teoretic de Informatică „Grigore Moisil”, Iași",8.97,8.95,9.0,85
Iași,"Colegiul Național „Costache Negruzzi”, Iași",8.96,8.91,9.01,142
Iași,"Colegiul „Richard Wurmbrand”, Iași",8.82,8.78,8.87,48
Iași,"Liceul Teoretic Paradis, Iași",8.8,8.86,8.74,21
Iași,"Liceul Universității „Alexandru Ioan Cuza” din Iași, Iași",8.78,8.77,8.8,21
Iași,"Liceul Teoretic „Dimitrie Cantemir”, Iași",8.69,8.71,8.68,58
Iași,"Colegiul Național „Ștefan cel Mare”, Hârlău",8.62,8.76,8.49,28
Iași,"Colegiul Național „Mihai Eminescu”, Iași",8.55,8.66,8.45,93
Iași,"Școala Gimnazială Internațională Spectrum, Iași",8.44,8.37,8.51,13
Iași,"Liceul Teoretic „Varlaam Mitropolitul”, Iași",8.39,8.58,8.2,38
Iași,"Colegiul Național „Garabet Ibrăileanu”, Iași",8.34,8.39,8.29,53
Iași,"Colegiul Național „Mihail Sadoveanu”, Pașcani",8.19,8.5,7.88,52
Iași,"Școala Gimnazială „Ștefan Bârsănescu”, Iași",8.17,8.24,8.11,121
Iași,"Școala Gimnazială „Ion Creangă”, Iași",8.01,7.99,8.02,81
Iași,"Liceul Teoretic „Miron Costin”, Iași",7.95,7.99,7.91,80
Iași,"Școala Gimnazială „Titu Maiorescu”, Iași",7.95,8.11,7.78,152
Iași,"Liceul Teoretic „Alexandru Ioan Cuza”, Iași",7.91,7.95,7.86,47
Iași,"Școala Gimnazială „Bogdan Petriceicu Hașdeu”, Iași",7.85,8.12,7.6,114
Iași,"Școala Gimnazială „Alexandru cel Bun”, Iași",7.79,7.78,7.79,106
Iași,"Școala Gimnazială „Ion Simionescu”, Iași",7.77,8.01,7.52,86
Iași,"Liceul „Ion Neculce”, Târgu Frumos",7.7,7.71,7.7,20
Iași,"Școala Gimnazială „Gheorghe I. Brătianu”, Iași",7.65,7.94,7.36,74
Iași,"Școala Gimnazială „Nicolae Iorga”, Iași",7.64,7.91,7.39,88
Iași,"Liceul Teoretic Waldorf, Iași",7.62,7.59,7.66,52
Iași,"Colegiul Național Pedagogic „Vasile Lupu”, Iași",7.62,7.83,7.41,47
Iași,"Școala Gimnazială „Dimitrie A. Sturdza”, Iași",7.59,7.64,7.56,56
Iași,"Liceul „Profesor Mihai Dumitriu”, Valea Lupului",7.49,7.67,7.31,44
Iași,"Școala Gimnazială „D. D. Pătrășcanu”, Tomești",7.48,7.56,7.4,58
Iași,"Școala Gimnazială, Măxuț",7.46,7.11,7.81,7
Iași,"Colegiul Național de Artă „Octav Băncilă”, Iași",7.42,7.81,7.03,115
Iași,"Școala Gimnazială „George Coșbuc”, Iași",7.41,7.82,7.0,40
Iași,"Școala Gimnazială „Otilia Cazimir”, Iași",7.39,7.41,7.38,113
Iași,"Liceul Teoretic „Miron Costin”, Pașcani",7.38,7.68,7.09,80
Iași,"Școala Gimnazială Ruși, Belcești",7.35,7.8,6.91,12
Iași,"Școala Gimnazială, Osoi",7.28,7.27,7.29,15
Iași,"Liceul Teoretic „Comandor Alexandru Cătuneanu”, Lunca Cetățuii",7.25,7.58,6.93,37
Iași,"Școala Gimnazială, Soci",7.21,7.06,7.31,14
Iași,"Școala Gimnazială „Ion Ghica”, Iași",7.19,7.39,7.0,71
Iași,"Școala Gimnazială „Vasile Conta”, Iași",7.18,7.18,7.17,95
Iași,"Școala Gimnazială „Elena Cuza”, Iași",7.15,7.14,7.15,50
Iași,"Școala Profesională, Stolniceni-Prăjescu",7.13,7.38,6.89,8
Iași,"Liceul Teoretic „Eviss”, Valea Adâncă",7.1,7.04,7.18,7
Iași,"Liceul Tehnologic Economic „Nicolae Iorga”, Pașcani",7.03,6.91,7.14,38
Iași,"Școala Gimnazială, Bivolari",7.0,7.11,6.9,17
Iași,"Școala Gimnazială „Axinte Uricariul”, Scânteia",7.0,7.59,6.41,18
Iași,"Școala Gimnazială Nr. 1, Bârlești",6.99,7.36,6.63,9
Iași,"Școala Gimnazială, Ciohorăni",6.98,6.87,7.09,11
Iași,"Liceul Tehnologic „Mihai Busuioc”, Pașcani",6.98,7.51,6.45,15
Iași,"Școala Gimnazială „Costache Antoniu”, Țigănași",6.96,7.17,6.77,13
Iași,"Școala Gimnazială, Cozmești",6.96,7.24,6.68,6
Iași,"Școala Gimnazială „Carmen Sylva”, Iași",6.9,7.14,6.67,10
Iași,"Școala Gimnazială, Heci",6.87,7.21,6.54,23
Iași,"Școala Gimnazială, Ciurea",6.81,7.54,6.08,17
Iași,"Școala Gimnazială, Lețcani",6.77,6.84,6.7,33
Iași,"Școala Gimnazială „George Călinescu”, Iași",6.76,7.18,6.34,52
Iași,"Școala Gimnazială, Valea Oilor",6.7,6.32,7.1,3
Iași,"Școala Gimnazială „Alecu Russo”, Iași",6.7,7.05,6.35,39
Iași,"Școala Gimnazială, Mânzătești",6.69,6.93,6.46,5
Iași,"Școala Gimnazială, Șerbești",6.68,7.62,5.75,7
Iași,"Școala Gimnazială „Garabet Ibrăileanu”, Târgu Frumos",6.66,7.05,6.29,64
Iași,"Școala Gimnazială „Iordache Cantacuzino”, Pașcani",6.66,7.04,6.29,65
Iași,"Școala Gimnazială „Ion Creangă”, Târgu Frumos",6.63,6.94,6.32,60
Iași,"Școala Gimnazială, Muncelu de Sus",6.62,6.72,6.53,13
Iași,"Școala Gimnazială, Ciortești",6.6,7.1,6.1,4
Iași,"Școala Gimnazială, Cârniceni",6.59,6.4,6.8,12
Iași,"Liceul Tehnologic „Victor Mihăilescu Craiu”, Belcești",6.57,7.27,5.87,36
Iași,"Școala Gimnazială, Covasna",6.56,6.96,6.16,17
Iași,"Școala Profesională „Ionel Teodoreanu”, Victoria",6.54,6.99,6.1,25
Iași,"Școala Gimnazială, Fărcășeni",6.53,6.93,6.14,8
Iași,"Școala Gimnazială „Ștefan cel Mare”, Dancu",6.53,6.77,6.3,35
Iași,"Școala Gimnazială „Ionel Teodoreanu”, Iași",6.52,6.66,6.37,36
Iași,"Școala Gimnazială, Iugani",6.51,6.77,6.27,17
Iași,"Școala Gimnazială Nr. 1, Comarna",6.5,6.83,6.17,20
Iași,"Școala Gimnazială, Prisăcani",6.46,6.62,6.3,27
Iași,"Școala Gimnazială, Țuțora",6.45,6.71,6.2,12
Iași,"Școala Gimnazială „Petru Rareș”, Hârlău",6.43,6.45,6.4,79
Iași,"Școala Gimnazială, Vânători - Com. Popricani",6.41,6.71,6.12,22
Iași,"Școala Gimnazială, Poiana",6.4,6.39,6.41,9
Iași,"Școala Gimnazială „Aron Vodă”, Aroneanu",6.39,6.94,5.84,17
Iași,"Școala Gimnazială, Bălțați",6.38,6.77,5.99,19
Iași,"Școala Gimnazială, Butea",6.37,6.21,6.54,24
Iași,"Școala Gimnazială, Conțești",6.37,6.8,5.94,11
Iași,"Școala Gimnazială, Bârnova",6.29,6.38,6.2,13
Iași,"Școala Gimnazială, Cristești - Com. Cristești",6.28,6.59,5.97,20
Iași,"Școala Gimnazială, Lunca",6.26,6.27,6.25,15
Iași,"Școala Gimnazială, Boureni",6.24,6.19,6.3,9
Iași,"Școala Gimnazială, Dorobanț",6.22,6.43,6.02,18
Iași,"Școala Gimnazială, Rediu - Com. Rediu",6.21,6.68,5.53,18
Iași,"Școala Gimnazială, Coropceni",6.2,6.98,5.43,10
Iași,"Școala Gimnazială, Horlești",6.19,7.21,5.17,23
Iași,"Școala Gimnazială, Liteni",6.19,6.56,5.83,15
Iași,"Școala Gimnazială, Balș",6.17,6.56,5.79,13
Iași,"Colegiul Tehnic „Ion Holban”, Iași",6.15,6.15,6.15,1
Iași,"Școala Gimnazială, Boroșești",6.15,6.51,5.79,4
Iași,"Școala Gimnazială „Dimitrie Sturdza”, Popești",6.14,6.86,5.43,25
Iași,"Școala Gimnazială, Mădârjac",6.14,6.74,5.55,8
Iași,"Școala Gimnazială „Cezar Petrescu”, Hodora",6.14,7.03,5.27,9
Iași,"Școala Gimnazială „Mihai Codreanu”, Iași",6.12,6.41,5.83,16
Iași,"Școala Profesională „Ștefan cel Mare”, Cotnari",6.11,6.56,5.66,4
Iași,"Școala Gimnazială, Heleșteni",6.1,6.71,5.51,9
Iași,"Școala Gimnazială, Rădeni",6.09,6.59,5.6,15
Iași,"Școala Profesională, Lespezi",6.08,6.7,5.46,8
Iași,"Școala Gimnazială „Colonel Constantin Langa”, Miroslava",6.07,6.2,5.95,56
Iași,"Liceul Teoretic „Bogdan Vodă”, Hălăucești",6.07,6.53,5.62,44
Iași,"Școala Profesională, Fântânele",6.03,6.09,5.98,27
Iași,"Școala Gimnazială „Petru Anghel”, Probota",6.03,7.25,4.81,4
Iași,"Școala Gimnazială, Moțca",6.01,5.99,6.04,49
Iași,"Școala Gimnazială „Constantin Erbiceanu”, Erbiceni",6.0,6.1,5.9,22
Iași,"Școala Gimnazială, Dumești",5.97,6.11,5.83,17
Iași,"Școala Gimnazială, Sârca",5.96,6.33,5.6,9
Iași,"Școala Gimnazială Nr. 1, Todirești",5.94,6.61,5.28,53
Iași,"Școala Gimnazială, Popricani",5.94,6.18,5.71,26
Iași,"Școala Gimnazială, Cârjoaia",5.94,6.76,5.12,16
Iași,"Școala Gimnazială „Veniamin Costachi”, Sinești",5.93,6.66,5.21,17
Iași,"Școala Gimnazială „Alexandru Vlahuță”, Iași",5.93,6.32,5.53,27
Iași,"Școala Gimnazială, Poieni",5.92,6.39,5.45,15
Iași,"Școala Gimnazială „Constantin Palade”, Totoești",5.9,6.16,5.64,10
Iași,"Școala Gimnazială, Oboroceni",5.9,6.42,5.38,14
Iași,"Școala Gimnazială, Bădeni",5.88,6.78,4.99,13
Iași,"Școala Profesională, Tătăruși",5.88,5.87,5.89,23
Iași,"Școala Gimnazială, Chicerea",5.87,6.21,5.53,17
Iași,"Școala Gimnazială, Bosia",5.86,6.26,5.46,9
Iași,"Școala Gimnazială „Ștefan cel Mare și Sfânt”, Dobrovăț",5.83,6.34,5.33,11
Iași,"Școala Gimnazială, Bodești",5.82,6.41,5.23,9
Iași,"Școala Gimnazială, Stornești",5.82,6.47,5.17,10
Iași,"Școala Gimnazială, Hărmăneștii Vechi",5.81,6.26,5.36,20
Iași,"Școala Gimnazială, Roșu",5.8,6.48,5.12,5
Iași,"Școala Gimnazială „Ioanid Romanescu”, Voinești",5.79,6.33,5.25,32
Iași,"Liceul Teoretic „Lascar Rosetti”, Răducăneni",5.79,6.71,4.88,34
Iași,"Școala Gimnazială „Nicolae Iorga”, Buhalnița",5.77,5.89,5.66,16
Iași,"Școala Gimnazială, Strunga",5.76,6.32,5.22,6
Iași,"Școala Profesională, Brăești",5.74,6.61,4.88,12
Iași,"Școala Gimnazială, Drăgușeni",5.73,6.29,5.18,10
Iași,"Școala Gimnazială, Budăi",5.72,6.13,5.32,13
Iași,"Școala Gimnazială, Scobinți",5.71,6.06,5.37,21
Iași,"Școala Gimnazială, Sirețel",5.71,6.24,5.19,25
Iași,"Școala Gimnazială, Oțeleni",5.71,5.58,5.83,20
Iași,"Școala Gimnazială, Deleni",5.69,5.96,5.43,31
Iași,"Liceul Special „Moldova”, Târgu Frumos",5.68,6.4,4.97,3
Iași,"Școala Gimnazială, Hărpășești",5.67,5.91,5.44,10
Iași,"Școala Gimnazială, Buznea",5.67,6.57,4.77,12
Iași,"Școala Gimnazială, Gura Bohotin",5.67,6.25,5.09,13
Iași,"Școala Profesională „Nicolae Bălăuță”, Șcheia",5.64,5.59,5.69,12
Iași,"Școala Gimnazială, Topile",5.64,5.51,5.77,19
Iași,"Școala Gimnazială „Ion Creangă”, Gâștești",5.64,5.9,5.31,23
Iași,"Școala Gimnazială, Grajduri",5.64,6.33,4.94,13
Iași,"Liceul cu Program Sportiv, Iași",5.63,6.06,5.2,54
Iași,"Școala Gimnazială, Larga Jijia",5.6,6.07,5.14,23
Iași,"Școala Gimnazială „Al. I. Cuza”, Podu Iloaiei",5.58,5.95,5.16,71
Iași,"Școala Gimnazială, Mihail Kogălniceanu",5.57,6.43,4.72,19
Iași,"Școala Gimnazială, Păușești",5.56,6.18,4.95,10
Iași,"Școala Gimnazială „Grigore Sturdza”, Perieni",5.55,5.94,5.16,14
Iași,"Școala Gimnazială, Chișcăreni",5.55,5.9,5.2,16
Iași,"Școala Gimnazială „Miron Barnovschi”, Uricani",5.54,5.68,5.4,12
Iași,"Școala Profesională, Coarnele Caprei",5.52,5.2,5.85,12
Iași,"Școala Gimnazială „Ioanid Romanescu”, Românești",5.51,6.17,4.85,13
Iași,"Școala Gimnazială „Veronica Micle”, Iași",5.5,5.79,5.21,30
Iași,"Școala Gimnazială, Bâcu",5.48,5.79,5.17,5
Iași,"Școala Gimnazială, Dumbrăvița",5.47,6.1,4.85,13
Iași,"Școala Gimnazială, Sticlăria",5.46,5.69,5.23,15
Iași,"Liceul Tehnologic „Petre P. Carp”, Țibanesti",5.45,6.21,4.7,38
Iași,"Școala Gimnazială „Isaia Teodorescu”, Cogeasca",5.45,5.61,5.29,8
Iași,"Școala Gimnazială, Feredeni",5.42,6.41,4.44,7
Iași,"Școala Gimnazială „Iacob Negruzzi”, Trifești",5.42,5.78,5.05,13
Iași,"Școala Gimnazială Nr. 1, Bohotin",5.39,6.26,4.53,14
Iași,"Școala Gimnazială, Buda",5.39,5.83,4.96,10
Iași,"Școala Gimnazială, Runcu",5.38,5.44,5.33,19
Iași,"Școala Gimnazială „Gheorghe Ciobanu”, Andrieșeni",5.37,5.69,5.06,25
Iași,"Școala Gimnazială, Hârtoape",5.37,5.52,5.22,11
Iași,"Școala Profesională, Focuri",5.36,5.15,5.47,25
Iași,"Școala Gimnazială „Ion Haulică”, Ipatele",5.35,6.12,4.59,5
Iași,"Liceul Tehnologic, Vladeni",5.35,5.54,5.16,16
Iași,"Școala Gimnazială, Costuleni",5.31,5.71,4.92,21
Iași,"Școala Gimnazială, Dumbrava",5.3,5.79,4.81,9
Iași,"Școala Gimnazială „Olga Sturdza”, Holboca",5.29,5.67,4.92,19
Iași,"Școala Gimnazială Nr. 2, Focuri",5.28,5.64,4.91,20
Iași,"Școala Gimnazială, Șcheia",5.25,5.67,4.83,25
Iași,"Școala Gimnazială, Satu Nou",5.22,5.6,4.84,23
Iași,"Școala Profesională, Plugari",5.22,5.37,5.07,21
Iași,"Școala Gimnazială, Verșeni",5.2,5.47,4.94,15
Iași,"Școala Profesională, Dagâța",5.19,5.67,4.72,24
Iași,"Școala Gimnazială, Răchiteni",5.19,5.26,5.13,12
Iași,"Școala Gimnazială „Constantin Teodorescu”, Războieni",5.19,5.88,4.5,13
Iași,"Școala Gimnazială, Moșna",5.16,5.5,4.82,24
Iași,"Școala Gimnazială „Petru Poni”, Cucuteni",5.14,5.7,4.58,8
Iași,"Școala Profesională de Industrie Alimentară, Țibana",5.1,5.35,4.86,13
Iași,"Școala Gimnazială Nr. 1, Icușeni",5.1,5.04,5.16,4
Iași,"Școala Gimnazială, Săveni",5.08,5.32,4.85,16
Iași,"Școala Gimnazială, Hălceni",5.05,5.47,4.65,14
Iași,"Școala Gimnazială „Dimitrie Anghel”, Cornești",5.04,5.38,4.71,8
Iași,"Școala Gimnazială, Glodenii Gândului",5.03,5.2,4.86,29
Iași,"Școala Gimnazială, Golăiești",5.02,5.43,4.61,30
Iași,"Școala Gimnazială, Pietrosu",5.01,5.6,4.43,14
Iași,"Școala Gimnazială, Podolenii de Sus",5.0,5.41,4.58,16
Iași,"Școala Profesională, Cozmești",4.97,5.09,4.87,13
Iași,"Școala Gimnazială Nr. 1, Costești",4.97,5.47,4.47,14
Iași,"Școala Gimnazială, Hermeziu",4.93,5.63,4.24,19
Iași,"Școala Gimnazială, Vânători - Com. Vânători",4.93,5.81,4.05,15
Iași,"Școala Gimnazială, Goruni",4.92,5.86,4.0,16
Iași,"Școala Gimnazială, Pârcovaci",4.86,4.76,4.91,37
Iași,"Școala Gimnazială, Gorban",4.85,5.36,4.33,8
Iași,"Școala Gimnazială, Mânăstirea",4.83,5.43,4.23,16
Iași,"Școala Gimnazială, Tansa",4.78,5.33,4.23,10
Iași,"Școala Gimnazială F.E.G., Iași",4.77,4.88,4.65,7
Iași,"Școala Gimnazială, Grozești",4.76,5.31,4.2,7
Iași,"Școala Gimnazială „Alexandru Ioan Cuza”, Ruginoasa",4.75,5.0,4.39,24
Iași,"Școala Gimnazială, Șipote",4.74,4.86,4.62,16
Iași,"Școala Gimnazială, Cristești",4.68,4.98,4.39,14
Iași,"Școala Gimnazială, Slobozia",4.66,5.06,4.27,26
Iași,"Școala Gimnazială, Valea Seacă",4.66,4.93,4.39,10
Iași,"Școala Gimnazială „Grigore Ureche”, Ceplenița",4.6,4.77,4.43,13
Iași,"Școala Profesională, Gropnița",4.5,5.22,3.78,12
Iași,"Școala Gimnazială, Suhuleț",4.49,4.42,4.57,10
Iași,"Liceul Tehnologic de Electronică și Telecomunicații „Gheorghe Mârzescu”, Iași",4.43,4.73,4.13,19
Iași,"Școala Gimnazială, Crivești",4.39,4.71,4.08,17
Iași,"Școala Gimnazială „Ion Neculce”, Iași",4.38,4.61,4.16,15
Iași,"Școala Profesională, Mogoșești",4.31,4.51,4.13,46
Iași,"Școala Gimnazială, Urșița",4.26,4.69,3.85,11
Iași,"Școala Gimnazială, Borșa",4.25,4.38,4.12,15
Iași,"Școala Gimnazială, Rediu, Com. Ruginoasa",4.24,4.73,3.76,16
Iași,"Școala Profesională Nr. 41, Iași",4.24,4.37,4.25,5
Iași,"Școala Gimnazială, Brădicești",4.14,4.25,4.03,15
Iași,"Școala Gimnazială, Gârbești",4.11,4.45,3.78,31
Iași,"Școala Gimnazială, Humosu",4.06,4.29,3.84,15
Iași,"Școala Gimnazială, Borosoaia",4.03,4.02,4.05,16
Iași,"Școala Gimnazială, Mironeasa",4.03,4.22,3.84,51
Iași,"Școala Gimnazială, Zmeu",3.94,3.81,4.08,15
Iași,"Școala Gimnazială, Hadâmbu",3.87,4.06,3.7,14
Iași,"Școala Gimnazială, Dolhești",3.84,3.9,3.78,14
Iași,"Școala Gimnazială, Alexeni",3.78,4.08,3.48,9
Iași,"Școala Gimnazială Nr. 1, Domnița",3.75,3.6,3.72,10
Iași,"Școala Gimnazială Specială „Constantin Păunescu”, Iași",3.05,3.6,2.5,1
Iași,"Școala Gimnazială, Goești",3.03,3.35,2.72,16
Iași,"Școala Gimnazială, Crucea",2.85,2.77,2.97,39
Ilfov,"Școala Gimnazială „Pro Ingenio”, Bragadiru",9.22,9.28,9.17,16
Ilfov,"Școala Gimnazială „Mark Twain International School”, Voluntari",9.04,9.32,8.77,20
Ilfov,"Liceul Bilingv „Olga Gudynn”, Voluntari",8.75,8.81,8.69,37
Ilfov,Liceul Teoretic „Kids Club Militari” Roșu-Chiajna,8.73,8.84,8.63,14
Ilfov,"Școala Gimnazială „Hermann Oberth”, Voluntari",8.58,8.43,8.38,21
Ilfov,"Școala Gimnazială Discovery, Voluntari",8.41,8.44,8.39,14
Ilfov,"Liceul Teoretic „Little London”, Voluntari",8.05,8.05,8.04,27
Ilfov,Școala Gimnazială „Micul Lord” Bragadiru,7.8,8.14,7.46,5
Ilfov,"Școala Gimnazială „Explore 100”, Mogoșoaia",7.79,7.5,8.08,3
Ilfov,"Școala Gimnazială Nr. 1, Buftea",7.74,7.93,7.55,114
Ilfov,"Școala Gimnazială Nr. 3, Voluntari",7.69,7.67,7.71,59
Ilfov,"Liceul Teoretic „Ioan Petruș”, Otopeni",7.62,7.74,7.5,257
Ilfov,"Școala Gimnazială „Mihai Eminescu”, Ghermănești - Snagov",7.61,7.69,7.53,28
Ilfov,"Liceul „Maarif - International School Of Bucharest”, Voluntari",7.56,7.6,7.53,10
Ilfov,"Școala Gimnazială Nr. 2, Voluntari",7.29,7.49,7.1,36
Ilfov,Școala Gimnazială Nr.2 Chitila,7.29,7.3,7.29,54
Ilfov,"Școala Gimnazială „Ioan Bădescu”, Popești Leordeni",7.22,7.3,7.14,94
Ilfov,"Școala Gimnazială Nr. 1, Berceni",7.17,7.63,6.73,95
Ilfov,"Liceul Teoretic „Horia Hulubei”, Măgurele",7.14,7.24,7.03,127
Ilfov,"Liceul cu Program Sportiv „Helmut Duckadam”, Clinceni",7.1,7.47,6.74,86
Ilfov,"Școala Gimnazială Nr. 2, Buftea",7.09,7.19,6.93,66
Ilfov,"Școala Gimnazială Nr. 1, Afumați",7.06,7.1,7.01,61
Ilfov,"Școala Gimnazială Nr. 1, Corbeanca",7.05,7.25,6.86,37
Ilfov,"Școala Gimnazială Nr. 1, Tunari",6.96,6.54,7.38,36
Ilfov,"Școala Gimnazială Nr. 1, Ciorogârla",6.92,7.46,6.39,45
Ilfov,"Școala Gimnazială Nr. 1, Bragadiru",6.9,7.23,6.57,126
Ilfov,"Școala Gimnazială Nr. 3, Buftea",6.88,7.41,6.36,7
Ilfov,"Liceul Teoretic „Radu Popescu”, Popești-Leordeni",6.76,7.03,6.49,69
Ilfov,"Școala Gimnazială „Anton Pann”, Voluntari",6.73,6.96,6.5,232
Ilfov,"Liceul Teoretic „Traian Lalescu”, Brănești",6.71,6.93,6.5,71
Ilfov,"Școala Gimnazială Nr. 2, Fundeni - Dobroești",6.67,6.87,6.47,35
Ilfov,"Școala Gimnazială „Alexandru Odobescu”, Chiajna",6.63,6.95,6.3,58
Ilfov,"Școala Gimnazială Nr. 3, Popești Leordeni",6.62,7.18,6.06,9
Ilfov,"Școala Gimnazială Nr. 1, Cernica",6.59,6.83,6.34,24
Ilfov,"Școala Gimnazială Nr. 1, Dărăști",6.58,6.4,6.76,14
Ilfov,Școala Gimnazială „Petru Rareș” Chiajna,6.55,6.8,6.3,72
Ilfov,"Școala Gimnazială Nr. 1, Cornetu",6.52,6.76,6.28,51
Ilfov,"Școala Gimnazială Nr. 1, Balotești",6.5,7.01,5.99,68
Ilfov,"Școala Gimnazială Prof. „Ion Vișoiu”, Chitila",6.49,6.36,6.56,79
Ilfov,"Școala Gimnazială Nr. 1, Dragomirești Vale",6.47,6.32,6.63,17
Ilfov,"Școala Gimnazială Nr. 1, Ciolpani",6.42,6.88,5.97,36
Ilfov,"Școala Gimnazială Nr. 1, Copăceni",6.42,6.98,5.87,23
Ilfov,"Școala Gimnazială Nr. 1, Moara Vlăsiei",6.4,7.08,5.72,16
Ilfov,"Școala Gimnazială „Gheorghe Corneliu”, Domnești",6.35,6.51,6.2,68
Ilfov,"Școala Gimnazială Nr. 2, Cățelu - Glina",6.35,6.33,6.37,11
Ilfov,"Școala Gimnazială Nr. 1, Brănești",6.33,6.57,6.11,48
Ilfov,"Școala Gimnazială Nr. 2, Moara Vlăsiei",6.31,6.78,5.72,27
Ilfov,"Școala Gimnazială Nr. 3, Siliștea Snagovului - Gruiu",6.23,6.62,5.83,14
Ilfov,"Școala Gimnazială Nr. 1, Grădiștea",6.21,6.49,5.94,35
Ilfov,"Școala Gimnazială „Constantin Băicoianu”, Tâncăbești - Snagov",6.18,6.28,6.07,16
Ilfov,"Liceul Tehnologic „Doamna Chiajna”, Roșu - Chiajna",6.15,6.22,6.07,44
Ilfov,"Școala Gimnazială Nr. 1, Gruiu",6.11,6.5,5.72,20
Ilfov,Școala Gimnazială Prof. „Ion Ioniță” Buriaș - Periș,6.09,6.01,6.18,14
Ilfov,"Școala Gimnazială Nr. 2, Dragomirești Deal - Dragomirești Vale",6.01,6.03,5.99,21
Ilfov,"Liceul Teoretic „Alexandru Rosetti”, Vidra",5.98,6.02,5.94,20
Ilfov,"Școala Gimnazială Nr. 2, Crețești - Vidra",5.95,6.72,5.19,12
Ilfov,"Liceul Teoretic „Mihail Kogălniceanu”, Snagov",5.95,6.18,5.72,23
Ilfov,"Școala Gimnazială Nr. 1, Dascălu",5.94,5.89,5.98,32
Ilfov,"Școala Gimnazială Nr. 2, Periș",5.87,6.12,5.62,26
Ilfov,"Școala Gimnazială Nr. 1, 1 Decembrie",5.86,6.3,5.44,57
Ilfov,"Școala Gimnazială Nr. 1, Pantelimon",5.75,6.21,5.26,138
Ilfov,"Școala Gimnazială Nr. 1, Petrăchioaia",5.66,5.57,5.76,35
Ilfov,"Școala Gimnazială Nr. 4, Buftea",5.59,5.81,5.38,9
Ilfov,Liceul Teoretic nr. 1 Periș,5.58,5.42,5.75,41
Ilfov,"Școala Internațională „Clas”, Ciofliceni - Snagov",5.56,5.98,5.13,3
Ilfov,"Școala Gimnazială Nr. 1, Glina",5.46,5.53,5.28,28
Ilfov,"Școala Gimnazială Nr. 3, Bălăceanca-Cernica",5.22,5.58,4.83,29
Ilfov,"Școala Gimnazială Nr. 2, Lipia - Gruiu",5.13,6.12,4.14,15
Ilfov,"Școala Gimnazială Nr. 2, Tamași - Corbeanca",5.06,5.33,4.8,13
Ilfov,"Școala Gimnazială Nr. 2, Dârvari-Ciorogârla",5.03,5.36,4.71,15
Ilfov,"Școala Gimnazială Nr. 1, Mogoșoaia",5.02,5.45,4.6,40
Ilfov,"Școala Gimnazială Nr. 1, Jilava",5.02,5.15,4.88,31
Ilfov,"Școala Gimnazială Nr. 1, Dobroești",4.99,5.27,4.7,24
Ilfov,"Școala Gimnazială Nr. 1, Găneasa",4.81,5.13,4.5,9
Ilfov,"Liceul Penitenciar, Jilava",4.76,4.29,4.15,7
Ilfov,"Școala Gimnazială Nr. 3, Șindrilița - Găneasa",4.72,5.28,4.18,11
Ilfov,"Școala Gimnazială Nr. 2, Piteasca - Găneasa",4.64,4.88,4.41,8
Ilfov,"Școala Gimnazială Nr. 3, Sintești - Vidra",4.61,4.61,4.62,9
Ilfov,"Școala Gimnazială Nr. 1, Nuci",4.55,4.69,4.42,18
Ilfov,"Școala Gimnazială Nr. 1, Ștefăneștii de Jos",4.06,4.23,3.9,52
Ilfov,"Școala Gimnazială Nr. 3, Bobești - Glina",4.05,3.66,4.44,7
Ilfov,"Școala Gimnazială Nr. 2, Jilava",4.02,4.42,3.62,18
Ilfov,Școala Gimnazială Nr. 2 „Tânganu - Cernica”,3.59,3.51,3.57,24
Maramureș,"Colegiul Național „Gheorghe Șincai”, Baia Mare",9.03,9.04,9.02,60
Maramureș,"Colegiul Național „Vasile Lucăciu”, Baia Mare",8.97,9.0,8.94,58
Maramureș,"Colegiul Național „Dragoș Vodă”, Sighetu Marmației",8.59,8.8,8.39,30
Maramureș,Liceul Internațional Baia Mare,8.39,8.43,8.36,19
Maramureș,Școala Gimnazială Pribilești,8.13,8.7,7.55,2
Maramureș,"Școala Gimnazială „Lucian Blaga”, Baia Mare",7.91,8.22,7.61,123
Maramureș,"Școala Gimnazială „Nicolae Iorga”, Baia Mare",7.77,7.9,7.55,92
Maramureș,"Școala Gimnazială „George Coșbuc”, Sighetu Marmatiei",7.69,7.91,7.48,86
Maramureș,"Școala Gimnazială „Dimitrie Cantemir”, Baia Mare",7.67,7.95,7.39,101
Maramureș,Liceul Tehnologic de Transporturi Auto Baia Sprie,7.56,7.78,7.23,30
Maramureș,"Școala Gimnazială „Avram Iancu”, Baia Mare",7.56,7.93,7.19,37
Maramureș,"Colegiul Național Pedagogic „Regele Ferdinand”, Sighetu Marmației",7.54,7.68,7.41,58
Maramureș,"Școala Gimnazială „Nichita Stănescu”, Baia Mare",7.52,7.58,7.46,44
Maramureș,"Școala Gimnazială „George Coșbuc”, Baia Mare",7.48,7.64,7.32,68
Maramureș,Școala Gimnazială Gardani,7.39,8.28,6.49,10
Maramureș,"Liceul Teoretic „Németh László”, Baia Mare",7.37,7.34,6.42,25
Maramureș,Școala Gimnazială Rus,7.31,7.8,6.83,11
Maramureș,Colegiul de Arte Baia Mare,7.3,7.6,7.01,70
Maramureș,Școala Gimnazială Sălsig,7.28,7.44,7.12,9
Maramureș,Școala Gimnazială Săcel,7.28,7.69,6.87,16
Maramureș,"Liceul Tehnologic „Alexandru Filipascu”, Petrova",7.25,7.78,6.72,15
Maramureș,Liceul Teologic Penticostal Baia Mare,7.23,7.41,7.05,16
Maramureș,"Școala Gimnazială „Alexandru Ioan Cuza”, Baia Mare",7.12,7.49,6.75,45
Maramureș,"Școala Gimnazială „Dr. Teodor Mihali”, Boiu Mare",7.12,8.4,5.85,2
Maramureș,"Liceul Teoretic „Petru Rareș”, Târgu Lăpuș",7.1,7.27,6.94,39
Maramureș,"Liceul Tehnologic Agricol „Alexiu Berinde”, Seini",7.09,7.18,7.01,39
Maramureș,Liceul Borșa,7.06,7.53,6.61,28
Maramureș,"Liceul Tehnologic „Traian Vuia”, Tăuții-Măgherăuș",7.05,7.45,6.65,28
Maramureș,"Liceul Teoretic „Leowey Klara”, Sighetu Marmației",7.01,7.1,6.18,15
Maramureș,"Școala Gimnazială „Laurențiu Ulici”, Rona de Jos",6.97,6.89,7.06,4
Maramureș,"Școala Gimnazială Nr. 7, Viseu de Sus",6.97,7.64,6.3,64
Maramureș,"Școala Gimnazială „Augustin Buzura”, Copalnic-Mănăștur",6.95,7.6,6.31,12
Maramureș,Liceul „Ep. Dr. Alexandru Rusu” Baia Mare,6.94,7.4,6.49,23
Maramureș,"Școala Gimnazială, Desesti",6.89,7.13,6.66,19
Maramureș,"Școala Gimnazială Nr. 1, Moisei",6.87,7.12,6.62,24
Maramureș,"Școala Gimnazială, Baia Sprie",6.76,7.09,6.44,34
Maramureș,"Școala Gimnazială „Gheorghe Lupan”, Grosi",6.72,6.76,6.69,8
Maramureș,"Școala Gimnazială „Mihai Eminescu”, Săliștea de Sus",6.65,6.69,6.62,19
Maramureș,"Școala Gimnazială Nr. 18, Baia Mare",6.65,6.93,6.38,29
Maramureș,"Școala Gimnazială „Alexandru Ivasiuc”, Baia Mare",6.63,6.85,6.42,46
Maramureș,Școala Gimnazială „Mihai Eminescu” Săcălășeni,6.61,7.23,6.01,18
Maramureș,"Școala Gimnazială „Mihail Sadoveanu”, Baia Mare",6.55,7.49,5.62,17
Maramureș,Școala Gimnazială Cernesti,6.53,6.69,6.38,6
Maramureș,"Școala Gimnazială „Constantin Dipse”, Surdești",6.53,6.51,6.55,14
Maramureș,Școala Gimnazială Băița de Sub Codru,6.51,7.08,5.96,13
Maramureș,"Școala Gimnazială Nr. 13, Baia Mare",6.51,7.35,5.67,10
Maramureș,Școala Gimnazială Botiza,6.49,7.04,5.94,18
Maramureș,"Școala Profesională, Farcașa",6.47,6.83,6.11,36
Maramureș,"Școala Gimnazială „Vasile Lucaciu”, Sisești",6.46,6.82,6.11,21
Maramureș,"Școala Gimnazială Dr. Victor Babeș, Baia Mare",6.46,7.03,5.9,36
Maramureș,"Școala Gimnazială „Octavian Goga”, Baia Mare",6.44,6.88,6.01,27
Maramureș,"Școala Gimnazială „Liviu Rebreanu”, Dragomirești",6.44,6.74,6.13,18
Maramureș,"Școala Gimnazială „Dragoș Vodă”, Moisei",6.43,6.75,6.11,39
Maramureș,"Școala Gimnazială „Mihai Viteazu”, Valea Chioarului",6.42,7.05,5.78,7
Maramureș,Școala Gimnazială Sieu,6.4,6.46,6.34,21
Maramureș,Școala Gimnazială Băsești,6.4,6.65,6.15,5
Maramureș,Școala Gimnazială Berbești,6.34,6.59,6.09,17
Maramureș,Școala Gimnazială Vadu Izei,6.33,6.71,5.95,15
Maramureș,"Școala Gimnazială Nr. 2, Seini",6.32,4.46,5.58,8
Maramureș,Școala Gimnazială Ieud,6.32,6.76,5.88,18
Maramureș,Liceul Tehnologic Ocna Șugatag,6.29,6.57,6.02,22
Maramureș,Școala Gimnazială Ciocotis,6.25,6.47,6.02,11
Maramureș,"Școala Profesională, Rozavlea",6.24,6.54,5.95,14
Maramureș,Școala Gimnazială Preluca Veche,6.24,6.55,5.93,2
Maramureș,"Școala Gimnazială „Dr. Ioan Mihalyi de Apsa”, Sighetu Marmatiei",6.23,6.43,6.03,63
Maramureș,"Școala Gimnazială Nr. 2, Sighetu Marmatiei",6.23,6.79,5.67,34
Maramureș,Școala Gimnazială Budești,6.23,6.39,6.07,23
Maramureș,"Școala Gimnazială „Ben Corlaciu”, Groșii Țibleșului",6.2,6.58,5.83,16
Maramureș,"Școala Gimnazială, Bârsana",6.17,6.51,5.83,21
Maramureș,Școala Gimnazială Valea Viseului,6.11,5.76,4.69,12
Maramureș,"Liceul Tehnologic „Grigore C. Moisil”, Târgu Lăpuș",6.1,6.69,5.51,43
Maramureș,Școala Gimnazială Bistra,6.09,5.83,5.23,8
Maramureș,"Liceul Teoretic „Ioan Buteanu”, Șomcuta Mare",6.06,6.23,5.89,51
Maramureș,"Școala Gimnazială „Tiberiu Utan”, Văleni",6.05,6.41,5.71,10
Maramureș,Școala Gimnazială „Ioan Buteanu” Sighetu Marmației,6.04,6.51,5.57,17
Maramureș,"Școala Gimnazială, Lunca la Tisa",6.04,6.15,5.93,2
Maramureș,"Școala Gimnazială „Vasile Alecsandri”, Baia Mare",6.02,6.61,5.44,27
Maramureș,Școala Gimnazială Sat Sugatag,6.02,5.87,6.16,13
Maramureș,"Școala Gimnazială „Ion Luca Caragiale”, Baia Mare",6.01,6.39,5.64,11
Maramureș,Școala Gimnazială Rona de Sus,5.99,6.17,5.54,26
Maramureș,Școala Gimnazială Satulung,5.92,6.76,5.07,16
Maramureș,Școala Gimnazială „Bogdan Vodă”,5.89,6.05,5.74,10
Maramureș,Școala Gimnazială Remeti,5.89,6.8,4.98,17
Maramureș,"Școala Gimnazială „Kos Karoly”, Arduzel",5.89,5.52,5.59,6
Maramureș,Școala Gimnazială Oncești,5.87,6.33,5.41,10
Maramureș,"Școala Gimnazială „Simion Bărnuțiu”, Baia Mare",5.86,5.94,5.79,21
Maramureș,"Școala Profesională, Dumbrăvița",5.85,6.47,5.25,12
Maramureș,"Școala Gimnazială, Asuaju de Sus",5.85,6.44,5.26,8
Maramureș,Școala Gimnazială Poienile Izei,5.85,6.38,5.33,2
Maramureș,"Școala Gimnazială Nr. 1, Strâmțura",5.8,5.81,5.78,12
Maramureș,Școala Gimnazială Mireșu Mare,5.77,6.07,5.49,36
Maramureș,"Școala Gimnazială, Viseu de Jos",5.75,5.92,5.57,26
Maramureș,"Școala Gimnazială Nr. 1, Sighetu Marmatiei",5.73,5.87,5.59,8
Maramureș,"Școala Gimnazială, Recea",5.73,6.28,5.18,24
Maramureș,"Liceul Pedagogic „Taras Șevcenko”, Sighetu Marmației",5.68,2.91,5.25,5
Maramureș,"Școala Gimnazială „Regina Elisabeta”, Băiuț",5.68,6.43,4.93,8
Maramureș,Școala Gimnazială „Codru Buteșii”,5.66,5.42,5.9,4
Maramureș,"Școala Gimnazială Nr. 2, Bârsana",5.65,6.34,4.97,7
Maramureș,Școala Gimnazială Sărăsău,5.58,6.37,4.8,10
Maramureș,"Școala Gimnazială Nr. 9, Borsa",5.58,6.09,5.07,71
Maramureș,"Școala Gimnazială „Dr. Gheorghe Tite”, Săpânța",5.55,6.2,4.9,19
Maramureș,"Colegiul Economic „Pintea Viteazul”, Căvnic",5.53,5.74,5.33,26
Maramureș,"Școala Gimnazială „Ioan Slavici”, Tăuții de Sus",5.47,5.33,5.48,11
Maramureș,Școala Profesională Ruscova,5.46,5.74,4.95,37
Maramureș,"Școala Gimnazială Nr. 4, Borsa",5.44,5.66,5.22,24
Maramureș,"Școala Gimnazială „Mihai Olos”, Ariniș",5.39,6.23,4.56,6
Maramureș,"Școala Gimnazială, Lăpuș",5.37,5.73,5.02,22
Maramureș,Liceul cu Program Sportiv Baia Mare,5.37,5.82,4.93,44
Maramureș,Școala Gimnazială Ardusat,5.37,5.82,4.91,10
Maramureș,"Școala Profesională, Repedea",5.28,5.65,4.92,12
Maramureș,Școala Gimnazială Cupseni,5.24,6.06,4.41,7
Maramureș,"Școala Gimnazială, Crăciunești",5.21,5.04,5.38,19
Maramureș,"Școala Gimnazială „Florea Mureșanu”, Suciu de Sus",5.19,5.63,4.75,21
Maramureș,"Școala Gimnazială Nr. 1, Leordina",5.16,5.14,4.75,11
Maramureș,Școala Gimnazială Câmpulung la Tisa,5.16,5.47,4.41,15
Maramureș,"Școala Profesională Româno-Germană, Vișeu de Sus",5.14,5.85,4.51,26
Maramureș,"Școala Gimnazială Nr. 6, Borsa",5.14,5.34,4.94,10
Maramureș,"Școala Gimnazială Nr. 2, Repedea",5.11,5.46,4.77,20
Maramureș,Școala Gimnazială Faurești,5.11,5.85,4.37,3
Maramureș,Școala Gimnazială Oarta de Sus,5.09,5.62,4.58,8
Maramureș,"Școala Gimnazială Nr. 5, Sighetu Marmatiei",5.05,5.92,4.19,10
Maramureș,"Școala Gimnazială „Nicolae Steinhardt”, Rohia",5.03,5.15,4.92,13
Maramureș,Școala Gimnazială Trestia,5.02,5.14,4.9,9
Maramureș,"Școala Gimnazială „Vasile Ghetie”, Berinta",5.02,5.93,4.11,4
Maramureș,Școala Profesională Poienile de Sub Munte,4.97,5.19,4.76,45
Maramureș,Școala Gimnazială Remetea Chioarului,4.92,5.64,4.21,7
Maramureș,"Liceul Tehnologic „Dr. Florian Ulmeanu”, Ulmeni",4.86,5.11,4.61,28
Maramureș,Școala Gimnazială Vima Mica,4.84,5.53,4.16,8
Maramureș,"Școala Gimnazială Nr. 2, Poienile de Sub Munte",4.81,5.57,4.04,11
Maramureș,Școala Gimnazială Breb,4.8,5.42,4.18,5
Maramureș,"Școala Gimnazială Nr. 8, Borsa",4.72,5.33,4.12,22
Maramureș,Școala Gimnazială Cicârlău,4.68,5.34,4.02,17
Maramureș,"Școala Gimnazială Nr. 7, Borsa",4.67,5.23,4.12,21
Maramureș,"Școala Gimnazială Nr. 4, Poienile de Sub Munte",4.64,4.69,4.6,27
Maramureș,Școala Gimnazială Crasna Viseului,4.61,4.82,4.41,15
Maramureș,Școala Gimnazială Bicaz,4.38,3.68,5.08,6
Maramureș,"Școala Gimnazială „Nicolae Bălcescu”, Baia Mare",4.29,4.68,3.92,13
Maramureș,Școala Gimnazială Preluca Nouă,4.13,4.07,4.2,3
Maramureș,"Școala Profesională Nr. 4, Viseu de Sus",4.06,4.37,3.72,18
Maramureș,"Școala Gimnazială „Petőfi Sándor”, Colțău",3.73,3.3,3.84,10
Maramureș,"Școala Gimnazială Nr. 3, Poienile de Sub Munte",3.72,3.05,3.54,10
Maramureș,"Școala Gimnazială Maidan-Crasna, Viseului",3.66,2.93,4.38,4
Maramureș,"Școala Gimnazială „Petre Dulfu”, Baia Mare",3.47,3.29,3.39,22
Maramureș,Școala Gimnazială Coroieni,2.86,2.43,3.0,8
Maramureș,Scoala Gimnaziala Finteusu Mic,2.85,2.76,2.9,16
Maramureș,Școala Gimnazială „Vasile Morar” Chelința,2.61,2.5,2.75,24
Maramureș,"Școala Gimnazială Nr. 2, Șomcuta Mare",2.55,2.3,2.76,16
Mehedinți,Colegiul Național „Traian”,8.85,9.05,8.66,58
Mehedinți,Colegiul Național „Gheorghe Țițeica”,8.37,8.69,8.05,65
Mehedinți,Școala Gimnazială Mărășești,7.64,8.13,7.15,15
Mehedinți,Colegiul Național Pedagogic „Ștefan Odobleja”,7.32,7.61,7.04,82
Mehedinți,"Școala Gimnazială „Theodor Costescu”, Drobeta Turnu Severin",7.3,7.94,6.67,56
Mehedinți,"Școala Gimnazială Nr. 14, Drobeta Turnu Severin",7.08,7.23,6.93,57
Mehedinți,"Școala Gimnazială „Petre Sergescu”, Drobeta Turnu Severin",6.99,6.91,7.08,45
Mehedinți,"Școala Gimnazială „Alice Voinescu”, Drobeta Turnu Severin",6.98,7.32,6.64,35
Mehedinți,"Școala Gimnazială Nr. 6, Drobeta Turnu Severin",6.89,7.08,6.71,95
Mehedinți,Școala Gimnazială Eșelnița,6.74,7.52,5.97,17
Mehedinți,"Școala Gimnazială „Petru Dumitriu”, Orșova",6.71,6.96,6.3,24
Mehedinți,Școala Gimnazială Stângaceaua,6.71,7.48,5.95,2
Mehedinți,Școala Gimnazială Șimian,6.42,7.12,5.73,30
Mehedinți,Colegiul Tehnologic „Constantin Brâncoveanu”,6.39,6.53,6.26,40
Mehedinți,Liceul de Arte „I. St. Paulian”,6.38,6.83,5.93,55
Mehedinți,"Școala Gimnazială Nr. 15, Drobeta Turnu Severin",6.37,6.81,5.94,55
Mehedinți,"Școala Gimnazială „Constantin Negreanu”, Drobeta Turnu Severin",6.32,6.66,5.99,23
Mehedinți,"Școala Gimnazială „Mihai Viteazul”, Strehaia",6.25,6.93,5.58,35
Mehedinți,Liceul Teoretic „Dr. Victor Gomoiu”,6.08,6.75,5.42,21
Mehedinți,"Școala Gimnazială, Isverna",6.08,7.09,5.07,8
Mehedinți,Școala Gimnazială Malovăț,6.01,6.51,5.51,11
Mehedinți,Școala Gimnazială Greci,5.94,7.41,4.48,5
Mehedinți,Școala Gimnazială Prunișor,5.89,6.42,5.37,11
Mehedinți,Liceul Teoretic Cujmir,5.63,6.38,4.89,10
Mehedinți,Școala Gimnazială Gârla Mare,5.62,5.98,5.28,5
Mehedinți,"Școala Gimnazială „Regele Mihai I”, Drobeta Turnu Severin",5.61,6.13,5.1,23
Mehedinți,Școala Gimnazială Bâcleș,5.57,5.9,5.25,10
Mehedinți,"Școala Gimnazială, Bistrița",5.56,6.15,4.98,3
Mehedinți,"Școala Gimnazială „Constantin Trușcă”, Pătulele",5.54,6.11,4.99,29
Mehedinți,Școala Gimnazială Broșteni,5.53,5.71,5.35,7
Mehedinți,"Școala Gimnazială „Dumitru Bodin”, Comanda",5.53,5.7,5.36,11
Mehedinți,"Școala Gimnazială „Pamfil Șeicaru”, Orșova",5.52,5.89,5.16,46
Mehedinți,"Școala Gimnazială „Dr. Alexandru M. Popescu”, Ponoarele",5.51,5.74,5.28,14
Mehedinți,Școala Gimnazială Podeni,5.49,5.88,5.1,3
Mehedinți,"Școala Gimnazială, Cerneți",5.48,5.66,5.31,20
Mehedinți,"Școala Gimnazială, Svinița",5.45,6.17,4.73,3
Mehedinți,Școala Gimnazială Bala,5.41,5.79,5.04,20
Mehedinți,"Școala Gimnazială, Husnicioara",5.39,5.42,5.38,8
Mehedinți,Școala Gimnazială „Crainici”,5.39,5.65,5.13,3
Mehedinți,Școala Gimnazială Jidoștița,5.37,6.34,4.41,10
Mehedinți,"Școala Gimnazială Nr. 5, Drobeta Turnu Severin",5.36,5.81,4.92,16
Mehedinți,Liceul Teoretic „Gheorghe Ionescu Șișești”,5.3,6.11,4.49,15
Mehedinți,"Școala Gimnazială Nr. 3, Drobeta Turnu Severin",5.28,5.98,4.58,23
Mehedinți,"Școala Gimnazială, Devesel",5.23,6.0,4.46,11
Mehedinți,Liceul Tehnologic „Matei Basarab”,5.14,5.44,4.85,14
Mehedinți,Școala Gimnazială Vânju Mare,5.09,5.7,4.5,19
Mehedinți,Școala Gimnazială Dârvari,5.06,5.72,4.4,8
Mehedinți,"Școala Gimnazială „Gheorghe Enescu”, Tâmna",5.06,6.09,4.03,11
Mehedinți,"Școala Gimnazială, Corcova",5.01,5.28,4.76,12
Mehedinți,"Școala Gimnazială „Dimitrie Grecescu”, Drobeta Turnu Severin",4.95,5.42,4.33,20
Mehedinți,"Școala Gimnazială „Dumitru Crașoveanu”, Izvoru Bârzii",4.91,5.47,4.35,7
Mehedinți,Liceul Teoretic „Șerban Cioculescu”,4.84,4.78,4.9,13
Mehedinți,"Școala Gimnazială „Constantin Rădulescu”, Motru Butoiești",4.83,4.99,4.68,8
Mehedinți,Școala Gimnazială Gogoșu,4.79,5.64,3.95,19
Mehedinți,Școala Gimnazială Bâlvănești,4.77,5.11,4.43,4
Mehedinți,Școala Gimnazială Cireșu,4.74,5.29,4.19,6
Mehedinți,"Școala Gimnazială, Obârșia de Câmp",4.73,5.62,3.84,7
Mehedinți,Școala Gimnazială Breznița-Ocol,4.71,5.4,4.03,18
Mehedinți,Școala Gimnazială Vânjuleț,4.71,4.95,4.47,8
Mehedinți,Școala Gimnazială Dumbrava de Jos,4.7,5.14,4.27,11
Mehedinți,Școala Gimnazială Noapteșa,4.68,4.49,4.87,6
Mehedinți,"Școala Profesională, Corlățel",4.66,5.71,3.6,14
Mehedinți,Școala Gimnazială Grozești,4.64,5.03,4.25,11
Mehedinți,Școala Gimnazială Ilovăț,4.49,4.79,4.19,9
Mehedinți,Școala Gimnazială Burila Mare,4.49,4.85,4.12,13
Mehedinți,Școala Gimnazială Braniștea,4.43,4.57,4.29,18
Mehedinți,Școala Gimnazială Jiana,4.3,5.06,3.55,6
Mehedinți,Școala Gimnazială Breznița-Motru,4.28,4.73,3.82,6
Mehedinți,Școala Gimnazială Căzănești,4.25,4.17,4.34,18
Mehedinți,Școala Gimnazială Florești,4.24,4.71,3.78,8
Mehedinți,Școala Gimnazială Dănceu,4.23,4.71,3.74,7
Mehedinți,"Școala Gimnazială, Livezile",4.21,4.66,3.78,10
Mehedinți,Școala Gimnazială Balta,4.2,4.93,3.48,5
Mehedinți,Școala Gimnazială Ilovița,4.2,4.24,4.17,8
Mehedinți,Școala Gimnazială Oprișor,4.19,5.01,3.38,12
Mehedinți,"Școala Gimnazială, Punghina",4.17,4.37,3.97,10
Mehedinți,Școala Gimnazială Gruia,4.14,4.89,3.34,24
Mehedinți,Școala Gimnazială Jirov,4.11,4.59,3.64,10
Mehedinți,"Școala Gimnazială, Salcia",4.11,4.54,3.64,14
Mehedinți,Școala Gimnazială Bălăcița,4.07,4.12,4.03,6
Mehedinți,Școala Gimnazială Pristol,4.06,3.78,4.33,3
Mehedinți,Școala Gimnazială Rogova,4.04,4.58,3.5,8
Mehedinți,Școala Gimnazială Gemeni,3.94,4.19,3.69,13
Mehedinți,Școala Gimnazială Vrata,3.93,4.41,3.45,9
Mehedinți,"Școala Gimnazială, Obârșia Cloșani",3.88,4.5,3.25,2
Mehedinți,"Școala Gimnazială, Hinova",3.67,3.97,3.37,4
Mehedinți,Școala Gimnazială Vânători,3.59,3.32,3.86,9
Mehedinți,Școala Gimnazială Voloiac,3.56,3.7,3.42,14
Mehedinți,Școala Gimnazială Jiana Veche,3.53,3.86,3.21,8
Mehedinți,Școala Gimnazială Aurora,3.39,3.14,3.23,11
Mehedinți,Școala Gimnazială Șovarna,3.28,3.4,3.17,3
Mehedinți,"Școala Gimnazială „Preda Buzescu”, Vlădaia",3.26,3.28,3.25,10
Mehedinți,Școala Gimnazială Izvorălu,2.75,2.75,2.75,5
Mureș,"Colegiul Național „Alexandru Papiu Ilarian”, Târgu Mureș",8.78,8.83,8.73,57
Mureș,"Liceul Teoretic „Bolyai Farkas”, Târgu Mureș",8.71,8.22,8.53,55
Mureș,"Școala Gimnazială „Omega”, Târgu Mureș",8.59,8.58,8.61,23
Mureș,"Liceul Vocational Reformat, Târgu Mureș",8.53,8.36,7.99,27
Mureș,Liceul Romano-Catolic Târgu Mureș,8.28,7.78,7.78,28
Mureș,"Școala Gimnazială Europa, Târgu Mureș",8.16,8.04,8.15,81
Mureș,"Colegiul Național „Unirea”, Târgu Mureș",8.1,8.03,8.17,25
Mureș,"Școala Gimnazială Dacia, Târgu Mureș",8.09,8.31,7.71,62
Mureș,"Școala Gimnazială „Dr. Bernady Gyorgy”, Târgu Mureș",7.98,7.76,7.67,95
Mureș,"Școala Gimnazială „Romulus Guga”, Târgu Mureș",7.89,7.91,7.58,74
Mureș,"Școala Gimnazială „Tudor Vladimirescu”, Târgu Mureș",7.75,7.49,7.66,80
Mureș,"Școala Gimnazială „Tholdalagi Mihály”, Corunca",7.59,6.75,6.88,8
Mureș,"Școala Gimnazială „Mirona”, Reghin",7.59,7.67,7.51,24
Mureș,"Școala Gimnazială Nr. 7, Târgu Mureș",7.58,7.79,7.1,41
Mureș,"Liceul Teoretic „Joseph Haltrich”, Sighișoara",7.55,7.7,6.89,61
Mureș,"Școala Gimnazială „Liviu Rebreanu”, Târgu Mureș",7.54,7.54,7.14,140
Mureș,"Școala Gimnazială „Mihai Viteazul”, Târgu Mureș",7.45,7.4,7.22,75
Mureș,"Școala Gimnazială „George Coșbuc”, Târgu Mureș",7.44,7.33,7.29,48
Mureș,"Școala Gimnazială „Friedrich Schiller”, Târgu Mureș",7.39,7.34,6.74,56
Mureș,"Colegiul Național de Artă, Târgu Mureș",7.36,7.01,6.98,88
Mureș,"Școala Gimnazială Nr. 2, Sovata",7.36,6.31,7.27,22
Mureș,"Școala Gimnazială „Alexandru Ceușianu”, Reghin",7.36,7.37,7.09,106
Mureș,"Școala Gimnazială „Alexandru Ioan Cuza”, Târgu Mureș",7.21,7.17,6.88,101
Mureș,"Școala Gimnazială „Augustin Maior”, Reghin",7.04,7.35,6.74,55
Mureș,"Școala Gimnazială, Sâncraiu de Mureș",7.02,6.83,6.69,30
Mureș,"Școala Gimnazială „S. Illyes Lajos”, Sovata",6.99,6.29,6.23,40
Mureș,"Liceul Teoretic „Samuil Micu”, Sărmașu",6.92,7.47,6.19,14
Mureș,"Școala Gimnazială, Albești",6.92,7.51,6.33,8
Mureș,"Școala Gimnazială „Avram Iancu”, Târnăveni",6.83,7.25,6.42,56
Mureș,"Școala Gimnazială „Kádár Márton”, Pănet",6.82,5.55,6.75,22
Mureș,"Liceul cu Program Sportiv „Szasz Adalbert”, Târgu Mureș",6.8,6.7,6.03,39
Mureș,"Școala Gimnazială „Nicolae Bălcescu”, Târgu Mureș",6.78,6.61,6.26,79
Mureș,Școala Gimnazială Pădureni,6.78,6.05,5.74,8
Mureș,"Școala Gimnazială „Zaharia Boiu”, Sighișoara",6.77,7.51,6.04,22
Mureș,"Școala Gimnazială „Kiss Gergely”, Păsăreni",6.71,6.54,5.33,11
Mureș,"Școala Gimnazială „Ioan Vladuțiu”, Luduș",6.71,7.31,6.12,68
Mureș,"Școala Gimnazială „Victor Jinga”, Sighișoara",6.71,7.22,6.2,29
Mureș,"Școala Gimnazială, Periș",6.69,5.8,6.19,21
Mureș,"Școala Gimnazială „Aurel Moșora”, Sighișoara",6.65,6.99,6.01,48
Mureș,"Școala Gimnazială Nr. 1, Crăciunești",6.55,5.28,6.1,9
Mureș,Școala Gimnazială Fântânele,6.53,5.6,6.1,23
Mureș,"Școala Gimnazială „Dr. Vasile Pop”, Cipăieni",6.52,7.08,5.97,4
Mureș,"Școala Gimnazială „Emil Drăgan”, Ungheni",6.49,6.92,6.08,36
Mureș,"Școala Gimnazială „Sfântul Gheorghe”, Sângeorgiu de Mureș",6.46,5.7,6.44,23
Mureș,Școala Gimnazială Vărgata,6.44,5.25,6.08,13
Mureș,Școala Gimnazială Cristești,6.43,6.57,5.83,27
Mureș,Școala Gimnazială Șeulia de Mureș,6.42,7.06,5.79,4
Mureș,"Școala Gimnazială, Răstolița",6.35,6.36,6.36,14
Mureș,"Școala Gimnazială „Traian”, Târnăveni",6.35,6.68,5.88,81
Mureș,"Școala Gimnazială „Nicolae Iorga”, Sighișoara",6.33,7.36,5.31,10
Mureș,"Școala Gimnazială „Fogarasi Samuel”, Gănești",6.27,6.49,5.09,25
Mureș,"Școala Gimnazială „Florea Bogdan”, Reghin",6.27,6.57,5.97,51
Mureș,"Școala Gimnazială „Matyus István”, Chibed",6.17,4.53,6.26,18
Mureș,Școala Gimnazială Ibanești,6.17,6.89,5.45,15
Mureș,Școala Gimnazială Sântioana de Mureș,6.17,5.48,5.13,12
Mureș,Școala Gimnazială Măgherani,6.16,5.6,5.38,2
Mureș,"Liceul Teoretic „Dr. Lind”, Câmpenița",6.16,5.56,6.38,14
Mureș,Școala Gimnazială Dâmbău,6.13,7.12,5.05,5
Mureș,"Școala Gimnazială Nr. 1, Luduș",6.13,6.59,5.03,46
Mureș,"Școala Gimnazială „Dosa Daniel”, Valea Izvoarelor",6.09,5.87,4.9,12
Mureș,Școala Gimnazială „Mătrici”,6.09,4.66,4.92,7
Mureș,"Școala Gimnazială, Nazna",6.06,6.16,5.97,14
Mureș,"Colegiul „Petru Maior”, Reghin",6.05,6.3,5.44,36
Mureș,"Școala Gimnazială „Palko Attila”, Aluniș",6.0,5.62,5.11,24
Mureș,"Școala Gimnazială „Dr. Nyulas Ferenc”, Eremitu",5.98,4.99,5.27,15
Mureș,"Școala Gimnazială „Radu Popa”, Sighișoara",5.97,6.49,5.47,29
Mureș,Școala Gimnazială Fărăgău,5.97,6.24,5.71,4
Mureș,Școala Gimnazială Neaua,5.94,4.63,5.65,13
Mureș,"Școala Gimnazială, Sânger",5.94,6.73,5.15,10
Mureș,"Școala Gimnazială „Ion Chinezu”, Sântana de Mureș",5.88,6.13,5.08,20
Mureș,"Liceul Teoretic „Andrei Bârseanu”, Târnăveni",5.88,6.59,5.18,15
Mureș,"Școala Gimnazială „Serafim Duicu”, Târgu Mureș",5.87,5.9,5.53,29
Mureș,"Școala Gimnazială „Samuel József”, Chendu",5.87,4.89,4.7,12
Mureș,"Școala Gimnazială, Iernut",5.81,6.04,5.55,60
Mureș,Școala Gimnazială Ibanești-Pădure,5.81,5.98,5.63,22
Mureș,Școala Gimnazială Tăureni,5.79,5.88,5.7,3
Mureș,"Școala Gimnazială, Ideciu de Jos",5.78,6.6,4.97,10
Mureș,Școala Gimnazială Gurghiu,5.77,6.13,5.42,21
Mureș,Școala Gimnazială Cornești-Crăciunești,5.71,4.56,5.08,10
Mureș,"Școala Gimnazială „Petres Kálmán”, Sâmbriaș",5.69,4.17,5.13,5
Mureș,"Școala Gimnazială, Suseni",5.69,6.19,5.19,10
Mureș,Școala Gimnazială Acățari,5.67,4.48,5.54,18
Mureș,Școala Gimnazială Bărboși,5.66,6.3,5.03,3
Mureș,"Școala Gimnazială „Deák Farkas”, Miercurea Nirajului",5.62,4.19,5.34,22
Mureș,Școala Gimnazială Vătava,5.58,5.83,5.34,10
Mureș,"Școala Gimnazială „Vasile Oprea”, Sânmărtinu de Câmpie",5.58,5.75,5.43,4
Mureș,Școala Gimnazială „Șardu Nirajului”,5.58,5.66,5.51,8
Mureș,"Școala Gimnazială, Crăiești",5.58,6.93,4.23,3
Mureș,Școala Gimnazială Ațintiș,5.56,5.4,5.72,5
Mureș,"Școala Gimnazială, Zau de Câmpie",5.44,6.0,4.87,26
Mureș,Școala Gimnazială Glăjărie,5.43,4.51,5.09,15
Mureș,Școala Gimnazială Valea Largă,5.37,5.46,5.29,18
Mureș,Școala Gimnazială Ivănești,5.32,4.65,6.0,5
Mureș,"Școala Gimnazială „Apafi Mihaly”, Ernei",5.31,3.89,4.75,19
Mureș,"Școala Gimnazială, Breaza",5.29,5.73,4.86,5
Mureș,Școala Gimnazială Toaca,5.25,5.68,4.83,19
Mureș,"Școala Gimnazială, Lunca Bradului",5.17,5.54,4.81,6
Mureș,"Școala Gimnazială „Sfântul Petru”, Sânpetru de Câmpie",5.16,5.63,4.69,19
Mureș,Școala Gimnazială „Papiu Ilarian”,5.16,4.8,5.01,12
Mureș,"Școala Gimnazială „Cornel Regman”, Daneș",5.15,4.74,5.38,12
Mureș,Școala Gimnazială Beica de Jos,5.14,3.77,6.41,13
Mureș,"Școala Gimnazială „Adorjáni Károly”, Glodeni",5.14,4.54,4.59,21
Mureș,"Școala Gimnazială „Szentiváni Mihály”, Gălești",5.12,3.33,5.96,14
Mureș,Școala Gimnazială Călușeri,5.1,4.1,4.02,4
Mureș,"Liceul Tehnologic „Sfântul Gheorghe”, Sângeorgiu de Pădure",5.08,4.75,4.38,46
Mureș,Școala Gimnazială Hăranglab,5.08,4.5,4.39,5
Mureș,"Școala Gimnazială, Adămuș",5.08,5.22,4.94,18
Mureș,"Școala Profesională „Gheorghe Șincai”, Râciu",5.06,4.93,5.21,10
Mureș,Școala Gimnazială „Șincai”,5.03,4.79,4.71,12
Mureș,"Liceul Tehnologic „Vasile Netea”, Deda",4.96,5.4,4.52,23
Mureș,"Școala Gimnazială „Rákosi Lajos”, Gheorghe Doja",4.94,3.25,5.09,11
Mureș,"Școala Gimnazială „Petru Maior”, Căpușu de Câmpie",4.91,5.33,4.5,15
Mureș,Școala Gimnazială Zagăr,4.87,4.85,4.9,8
Mureș,"Școala Gimnazială, Lunca",4.87,5.51,4.23,4
Mureș,"Școala Gimnazială, Călimănești",4.86,2.53,4.63,8
Mureș,Școala Gimnazială Dedrad,4.82,5.37,4.29,11
Mureș,"Școala Gimnazială „Torok János”, Bălăușeri",4.8,4.42,3.69,7
Mureș,Școala Gimnazială Tirimia,4.8,5.7,3.9,3
Mureș,"Școala Gimnazială „Teleki Samuel”, Dumbrăvioara",4.8,3.5,3.82,14
Mureș,"Școala Gimnazială, Chețani",4.76,5.54,3.99,15
Mureș,"Școala Gimnazială „Miron Neagu”, Sighișoara",4.75,5.03,4.48,4
Mureș,Școala Gimnazială Șăulia,4.74,4.97,4.5,31
Mureș,"Școala Gimnazială „Teleki Domokos”, Gornești",4.73,4.13,4.31,17
Mureș,"Școala Gimnazială „Kemeny János”, Brâncovenești",4.67,4.31,4.08,18
Mureș,"Școala Gimnazială „Vasile Pop Grebenișu”, de Câmpie",4.67,5.05,4.29,21
Mureș,"Școala Gimnazială „Pataky Agótha”, Mădăraș",4.66,3.83,3.66,9
Mureș,"Școala Gimnazială, Stânceni",4.61,5.35,3.88,5
Mureș,Școala Gimnazială Cuci,4.55,4.61,4.5,10
Mureș,Școala Gimnazială Băla,4.55,4.95,4.15,2
Mureș,Școala Gimnazială Batoș,4.54,4.94,4.14,9
Mureș,"Școala Gimnazială „Soli Deo Gloria”, Vaideiu",4.5,5.55,3.46,6
Mureș,"Școala Gimnazială „Iuliu Grama”, Chiheru de Jos",4.5,5.03,3.96,12
Mureș,Școala Gimnazială Hădăreni,4.46,5.43,3.5,2
Mureș,"Școala Gimnazială „Bordi András”, Idrifaia",4.46,3.62,4.0,15
Mureș,Școala Gimnazială „Trei Sate”,4.37,3.51,3.79,7
Mureș,"Școala Gimnazială, Hodac",4.36,4.16,4.42,22
Mureș,Școala Gimnazială Solovastru,4.35,4.13,4.58,9
Mureș,"Școala Gimnazială, Petelea",4.33,3.65,4.96,22
Mureș,"Școala Gimnazială „Ion Dacian”, Saschiz",4.32,4.92,3.72,9
Mureș,Școala Gimnazială Cozma,4.3,4.63,3.98,5
Mureș,Școala Gimnazială Coroisânmărtin,4.3,4.3,4.06,6
Mureș,Școala Gimnazială Sânpaul,4.26,4.63,3.88,8
Mureș,Școala Gimnazială Vețca,4.25,2.0,4.05,4
Mureș,Școala Gimnazială Viișoara,4.24,4.58,3.9,7
Mureș,Școala Gimnazială Mărculeni,4.22,2.03,4.8,3
Mureș,"Școala Gimnazială, Chirileu",4.18,4.43,3.94,14
Mureș,Școala Gimnazială Ulieș,4.17,4.85,3.5,2
Mureș,"Școala Gimnazială, Bahnea",4.15,4.05,4.04,13
Mureș,"Școala Gimnazială „Benedek Elek”, Livezeni",4.14,2.13,5.4,9
Mureș,"Școala Gimnazială, Miheșu de Câmpie",4.11,4.4,3.82,12
Mureș,Școala Gimnazială Boiu,4.09,4.24,3.95,8
Mureș,"Școala Gimnazială, Bogata",4.06,4.41,3.72,6
Mureș,Școala Gimnazială Deaj,4.05,3.56,4.45,15
Mureș,"Școala Gimnazială „Vasile Moldovan”, Târnăveni",3.98,4.62,3.35,3
Mureș,Școala Gimnazială Pogăceaua,3.96,4.24,3.67,16
Mureș,Școala Gimnazială Băgaciu,3.93,4.08,3.77,23
Mureș,Școala Gimnazială Vidrașău,3.91,4.15,3.49,10
Mureș,Școala Gimnazială Voivodeni,3.82,3.88,3.6,8
Mureș,"Școala Gimnazială, Ceuașu de Câmpie",3.79,3.55,3.42,14
Mureș,Școala Gimnazială Sântioana,3.72,4.0,3.44,9
Mureș,"Școala Gimnazială „Înv. Stroiescu Ioan”, Criș",3.71,4.43,3.0,2
Mureș,Școala Gimnazială Băița,3.71,3.91,3.51,7
Mureș,"Școala Gimnazială „Sf. Nicolae”, Laslău Mare",3.66,3.8,3.52,3
Mureș,Școala Gimnazială Gogan,3.65,3.87,3.44,6
Mureș,"Școala Gimnazială „Belle József”, Ceuaș",3.6,3.31,3.21,12
Mureș,Școala Profesională Band,3.57,3.7,3.04,32
Mureș,"Școala Gimnazială „Wesselenyi Miklos”, Ghindari",3.54,1.86,3.4,10
Mureș,Școala Gimnazială Ozd,3.53,1.9,3.55,1
Mureș,Școala Gimnazială Balda,3.53,3.8,3.25,2
Mureș,Școala Gimnazială Țigmandru,3.5,4.51,2.5,5
Mureș,"Școala Gimnazială, Apold",3.48,3.51,3.22,8
Mureș,"Școala Gimnazială „Nicolae Gheorghe”, Reghin",3.46,3.79,2.82,11
Mureș,Școala Gimnazială Ogra,3.45,3.45,3.39,15
Mureș,"Școala Gimnazială „Petre N. Popescu”, Vânători",3.43,3.61,3.26,13
Mureș,Școala Gimnazială Șaeș,3.42,3.62,3.21,8
Mureș,Școala Gimnazială Nadeș,3.41,3.59,3.23,8
Mureș,"Școala Gimnazială Nr. 3, Târnăveni",3.39,3.41,3.37,8
Mureș,"Școala Gimnazială, Sărățeni",3.38,3.09,3.04,5
Mureș,Școala Gimnazială Sărmășel Gară,3.37,3.58,3.17,7
Mureș,"Școala Gimnazială „Dănila Stupar”, Rușii-Munți",3.34,3.54,3.15,8
Mureș,Școala Gimnazială Senereuș,3.19,3.63,2.77,7
Mureș,Școala Gimnazială Bichiș,3.05,4.55,1.55,1
Mureș,Școala Gimnazială Berghia,3.04,3.09,3.0,4
Mureș,"Școala Gimnazială, Ormeniș",2.99,3.24,2.75,4
Mureș,"Școala Gimnazială, Seleuș",2.98,2.69,3.29,10
Mureș,Școala Gimnazială Idiciu,2.66,3.2,2.13,5
Mureș,"Școala Gimnazială „Vasile Săbădean”, Voiniceni",2.64,2.28,3.0,5
Mureș,Școala Gimnazială Szabedi Laslo Săbed,2.53,1.1,2.5,1
Mureș,Școala Gimnazială Tonciu,2.31,2.09,2.67,10
Neamț,"Colegiul Național „Petru Rareș”, municipiul Piatra-Neamț",9.03,8.95,9.11,32
Neamț,"Colegiul Național „Calistrat Hogaș”, municipiul Piatra-Neamț",8.71,8.8,8.63,29
Neamț,"Colegiul Național de Informatică, municipiul Piatra-Neamț",8.62,8.71,8.55,65
Neamț,"Colegiul Național „Roman Vodă”, municipiul Roman",8.56,8.8,8.33,62
Neamț,"Colegiul Tehnic „Ion Creangă”, oraș Târgu Neamț",8.25,8.3,8.21,31
Neamț,"Școala Gimnazială „Domnească”, Oraș Târgu Neamț",8.25,8.45,8.05,55
Neamț,"Școala Gimnazială „I. Gervescu”, Comuna Săvinești",8.16,8.4,7.93,13
Neamț,"Școala Gimnazială Nr. 3, Municipiul Piatra-Neamț",8.13,8.19,8.08,80
Neamț,"Școala Gimnazială Nr. 2, Municipiul Piatra-Neamț",7.92,8.08,7.76,136
Neamț,"Școala Gimnazială „Elena Cuza”, Municipiul Piatra-Neamț",7.92,8.14,7.7,79
Neamț,"Colegiul Tehnologic „Spiru Haret”, municipiul Piatra-Neamț",7.65,7.84,7.46,49
Neamț,"Școala Gimnazială Dumbrava, Comuna Timișești",7.53,7.83,7.24,16
Neamț,"Școala Gimnazială, Comuna Bălțătești",7.42,7.67,7.17,24
Neamț,"Școala Gimnazială „Alexandru Ioan Cuza”, Municipiul Roman",7.41,7.49,7.33,100
Neamț,"Școala Gimnazială Nr. 5, Municipiul Piatra-Neamț",7.39,7.48,7.31,65
Neamț,"Colegiul Național „Ștefan cel Mare”, oraș Târgu Neamț",7.38,7.7,7.06,55
Neamț,"Liceul „Vasile Conta”, oraș Târgu Neamț",7.28,7.63,6.93,62
Neamț,"Școala Gimnazială „Vasile Alecsandri”, Municipiul Roman",7.28,7.65,6.91,108
Neamț,"Școala Gimnazială „Daniela Cuciuc”, Municipiul Piatra-Neamț",7.18,7.47,6.91,30
Neamț,"Școala Gimnazială Nr. 1, Comuna Zănești",7.13,7.28,6.98,20
Neamț,"Școala Profesională, comuna Petricani",7.01,7.58,6.45,9
Neamț,"Școala Gimnazială Nr. 8, Municipiul Piatra-Neamț",7.0,7.26,6.75,38
Neamț,"Școala Gimnazială „Carmen Sylva”, Comuna Horia",6.97,7.21,6.73,15
Neamț,"Școala Gimnazială Valea Seacă, Comuna Bălțătești",6.92,7.48,6.37,10
Neamț,"Școala Gimnazială „Regina Maria”, Oraș Bicaz",6.76,7.05,6.48,41
Neamț,"Școala Gimnazială „Nicu Albu”, Municipiul Piatra-Neamț",6.75,7.27,6.23,30
Neamț,"Școala Gimnazială Nr. 1, Comuna Bicazu Ardelean",6.74,6.74,6.75,25
Neamț,"Școala Gimnazială Nr. 2, Comuna Zănești",6.69,6.45,6.93,6
Neamț,"Școala Gimnazială Nr. 1, Comuna Bicaz-Chei",6.67,6.37,6.96,14
Neamț,"Școala Gimnazială „Nicolae Grigorescu”, Comuna Agapia",6.65,6.87,6.45,30
Neamț,"Școala Gimnazială, Comuna Moldoveni",6.63,6.72,6.54,10
Neamț,"Școala Profesională Adjudeni, comuna Tămășeni",6.6,6.89,6.32,45
Neamț,"Școala Gimnazială, Comuna Gâdinți",6.59,7.18,6.0,13
Neamț,"Școala Gimnazială „Mihai Eminescu”, Municipiul Roman",6.58,6.97,6.21,37
Neamț,"Liceul „Gh. Ruset Roznovanu”, Oraș Roznov",6.56,6.88,6.25,58
Neamț,"Școala Gimnazială „Dumitru Almaș”, Comuna Negrești",6.54,6.8,6.29,10
Neamț,"Școala Gimnazială „Alexandru Podoleanu”, Comuna Podoleni",6.54,6.66,6.41,40
Neamț,"Școala Gimnazială „Grigore Ungureanu”, Comuna Ceahlău",6.5,7.04,5.97,14
Neamț,"Școala Gimnazială Slobozia, Oraș Roznov",6.44,6.95,5.94,14
Neamț,"Școala Gimnazială Luminiș, Comuna Piatra Șoimului",6.43,6.96,5.91,15
Neamț,"Școala Gimnazială Stejaru, Comuna Pângărați",6.43,6.89,5.97,18
Neamț,"Școala Gimnazială, Comuna Costișa",6.42,7.0,5.84,14
Neamț,"Școala Gimnazială Vaduri, Comuna Alexandru cel Bun",6.41,6.78,6.04,27
Neamț,"Școala Gimnazială „Antonie Mureșianu”, Comuna Bira",6.4,6.73,6.08,4
Neamț,"Școala Gimnazială Nr. 1, Sat Pildești, Comuna Cordun",6.39,6.62,6.16,43
Neamț,"Liceul „Mihail Sadoveanu”, comuna Borca",6.39,6.49,6.29,36
Neamț,"Școala Gimnazială „Ștefan cel Mare”, Sat Mastacăn, Comuna Borlești",6.33,6.62,6.06,20
Neamț,"Școala Gimnazială „Ioan Grigore Teodorescu”, Sat Ruseni, Comuna Borlești",6.33,6.6,6.07,20
Neamț,"Școala Gimnazială „Petru Vodă”, Comuna Poiana Teiului",6.33,6.48,6.18,17
Neamț,"Școala Gimnazială „Roman Mușat”, Municipiul Roman",6.32,6.62,6.02,23
Neamț,"Liceul de Arte „Victor Brauner”, Municipiul Piatra-Neamț",6.25,6.67,5.84,40
Neamț,"Școala Gimnazială, Comuna Hangu",6.23,6.51,5.95,16
Neamț,"Școala Gimnazială, Comuna Gherăești",6.22,6.23,6.21,45
Neamț,"Școala Gimnazială „Iulia Hălăucescu”, Comuna Tarcău",6.21,6.41,6.01,18
Neamț,"Școala Gimnazială „I. I. Mironescu”, Comuna Tazlău",6.2,6.64,5.77,10
Neamț,"Școala Gimnazială, Comuna Piatra Șoimului",6.2,6.63,5.78,20
Neamț,"Școala Gimnazială, Comuna Dămuc",6.18,6.4,5.95,18
Neamț,"Școala Gimnazială Nr. 1, Comuna Răucești",6.16,6.59,5.74,14
Neamț,"Școala Gimnazială Nr. 1, Sat Boboiești, Comuna Pipirig",6.16,6.44,5.89,4
Neamț,"Școala Gimnazială, Comuna Icușești",6.14,6.69,5.6,9
Neamț,"Școala Gimnazială, Comuna Tămășeni",6.12,6.57,5.67,29
Neamț,"Școala Gimnazială Barticești, Comuna Botești",6.11,6.54,5.69,15
Neamț,"Școala Gimnazială „Iustin Pirvu”, Comuna Poiana Teiului",6.06,6.21,5.92,20
Neamț,"Școala Gimnazială, Comuna Păstrăveni",6.05,6.74,5.38,13
Neamț,"Școala Gimnazială, Comuna Poienari",6.05,6.32,5.79,11
Neamț,"Școala Gimnazială, Comuna Grumăzești",6.05,6.19,5.92,24
Neamț,"Școala Gimnazială „Ieremia Irimescu”, Comuna Brusturi",6.04,6.48,5.59,24
Neamț,"Școala de Artă „Sergiu Celibidache”, Municipiul Roman",6.03,6.64,5.41,26
Neamț,"Liceul Tehnologic „Ion Creangă”, comuna Pipirig",6.02,6.33,5.73,42
Neamț,"Școala Gimnazială, Comuna Drăgănești",6.0,6.43,5.58,12
Neamț,"Școala Gimnazială Bălușești, Comuna Icușești",6.0,6.22,5.78,31
Neamț,"Școala Gimnazială „Dr. Emanuiel Rigler”, Comuna Ștefan cel Mare",5.98,6.23,5.73,20
Neamț,"Școala Gimnazială Magazia, Comuna Crăcăoani",5.94,5.8,6.07,13
Neamț,"Școala Gimnazială Nr. 3, Sat Cut, Comuna Dumbrava Roșie",5.93,6.13,5.74,16
Neamț,"Școala Gimnazială Nr. 1, Comuna Dochia",5.93,6.33,5.53,8
Neamț,"Școala Gimnazială, Comuna Bodești",5.91,6.11,5.71,18
Neamț,"Școala Gimnazială, Comuna Urecheni",5.89,6.3,5.49,23
Neamț,"Școala Gimnazială, Comuna Borlești",5.86,6.04,5.69,19
Neamț,"Școala Gimnazială Nr. 11, Municipiul Piatra-Neamț",5.84,5.96,5.73,11
Neamț,"Școala Gimnazială Prof. „Gheorghe Dumitreasa”, Comuna Girov",5.82,6.47,5.17,22
Neamț,"Școala Gimnazială, Comuna Bozieni",5.81,5.85,5.78,17
Neamț,"Școala Gimnazială „Vasile Mitru”, Comuna Tașca",5.74,5.79,5.7,17
Neamț,"Școala Gimnazială Nr. 1, Sat Siliștea, Comuna Români",5.73,5.45,6.02,19
Neamț,"Școala Gimnazială, Comuna Rediu",5.71,6.16,5.27,33
Neamț,"Școala Gimnazială „Ioan Luca”, Comuna Farcașa",5.71,5.58,5.84,18
Neamț,"Școala Gimnazială „Gheorghe Pătrașcu”, Sat Buruienești, Comuna Doljești",5.7,6.11,5.29,19
Neamț,"Școala Gimnazială „Constantin Virgil Gheorghiu”, Comuna Războieni",5.69,6.66,4.72,10
Neamț,"Liceul Teologic Ortodox „Sfinții Împărați Constantin și Elena”, Municipiul Piatra-Neamț",5.65,5.95,5.35,17
Neamț,"Școala Gimnazială Nr. 1, Comuna Făurei",5.64,5.72,5.55,13
Neamț,"Liceul Particular nr. 1, Sat Bistrița, Comuna Alexandru cel Bun",5.62,6.02,5.22,16
Neamț,"Școala Gimnazială „Vlad Dănulescu”, Comuna Pâncești",5.61,5.74,5.49,16
Neamț,"Școala Gimnazială, Comuna Secuieni",5.61,5.5,5.73,14
Neamț,"Școala Gimnazială, Comuna Ion Creangă",5.6,5.98,5.23,33
Neamț,"Școala Gimnazială „Constantin Panțiru”, Comuna Grințieș",5.6,5.66,5.55,17
Neamț,"Școala Gimnazială „Nicolae Buleu”, Comuna Mărgineni",5.6,5.71,5.49,16
Neamț,"Școala Gimnazială Nr. 2, Sat Târpești, Comuna Petricani",5.58,5.84,5.32,18
Neamț,"Școala Gimnazială, Comuna Sagna",5.56,5.66,5.46,31
Neamț,"Școala Gimnazială „Episcop Melchisedec Stefănescu”, Comuna Gârcina",5.54,5.68,5.41,25
Neamț,"Liceul Teoretic „Vasile Alecsandri”, comuna Săbăoani",5.54,5.89,5.2,57
Neamț,"Școala Gimnazială, Comuna Bârgăuani",5.54,6.65,4.43,13
Neamț,"Școala Gimnazială Nr. 3, Sat Ivaneș, Comuna Bicaz-Chei",5.49,5.66,5.33,12
Neamț,"Școala Gimnazială, Comuna Tupilați",5.49,5.55,5.43,20
Neamț,"Școala Gimnazială, Comuna Cândești",5.48,5.89,5.07,18
Neamț,"Liceul Tehnologic „Arhimandrit Chiriac Nicolau”, Comuna Vânători-Neamț",5.45,5.53,5.38,47
Neamț,"Școala Gimnazială, Comuna Timișești",5.44,5.75,5.14,12
Neamț,"Școala Gimnazială Nr. 1, Comuna Dumbrava Roșie",5.41,5.71,5.13,26
Neamț,"Școala Gimnazială Nr. 1, Sat Rădeni, Comuna Păstrăveni",5.39,5.91,4.88,19
Neamț,"Școala Gimnazială „Pluton”, Comuna Pipirig",5.3,5.4,5.21,10
Neamț,"Școala Gimnazială „Calistrat Hogaș”, Municipiul Roman",5.3,5.55,5.05,35
Neamț,"Școala Gimnazială „Otilia Cazimir”, Sat Cotu Vameș, Comuna Horia",5.27,6.06,4.48,11
Neamț,"Școala Gimnazială, Comuna Boghicea",5.25,5.84,4.65,21
Neamț,"Școala Gimnazială Nr. 1, Comuna Săvinești",5.24,6.05,4.43,7
Neamț,"Școala Gimnazială, Comuna Doljești",5.21,5.8,4.63,15
Neamț,"Școala Gimnazială, Comuna Trifești",5.19,5.3,5.09,18
Neamț,"Școala Gimnazială Chilii, Comuna Valea Ursului",5.12,5.8,4.45,16
Neamț,"Școala Gimnazială Nr. 2, Comuna Piatra Șoimului",5.12,5.21,5.03,9
Neamț,"Școala Gimnazială, Comuna Bahna",5.11,5.16,5.06,17
Neamț,"Școala Gimnazială, Comuna Dulcești",5.04,5.53,4.57,6
Neamț,"Școala Gimnazială „Miron Costin”, Comuna Trifești",5.03,5.43,4.65,16
Neamț,"Școala Gimnazială „Pr. Gheorghe Săndulescu”, Comuna Dragomirești",5.02,5.29,4.75,11
Neamț,"Centrul Școlar Pentru Educație Incluzivă, Oraș Târgu Neamț",4.99,4.88,5.1,2
Neamț,"Liceul Tehnologic Nișiporești, comuna Botești",4.89,5.12,4.67,13
Neamț,"Liceul cu Program Sportiv, municipiul Piatra-Neamț",4.89,5.12,4.66,14
Neamț,"Școala Gimnazială „Aurel Dumitrașcu”, Sat Sabasa, Comuna Borca",4.84,4.42,4.85,9
Neamț,"Școala Gimnazială „Gheorghe Săvinescu”, Comuna Crăcăoani",4.82,4.68,4.96,17
Neamț,"Școala Gimnazială „Ion Creangă”, Oraș Târgu Neamț",4.8,5.3,4.3,12
Neamț,"Școala Gimnazială „Carol I”, Municipiul Roman",4.76,5.05,4.47,15
Neamț,"Școala Gimnazială „Vasile Conta”, Comuna Ghindăoani",4.75,3.97,5.53,5
Neamț,"Liceul cu Program Sportiv, municipiul Roman",4.74,5.06,4.43,42
Neamț,"Școala Gimnazială Nr. 3, Comuna Țibucani",4.71,5.21,4.08,24
Neamț,"Școala Gimnazială Stânca, Comuna Pipirig",4.66,4.85,4.48,19
Neamț,"Școala Gimnazială Nr. 1, Sat Țolici, Comuna Petricani",4.64,4.85,4.43,23
Neamț,"Școala Gimnazială Prof. „Mihai Emilian Mancaș”, Comuna Dobreni",4.61,4.91,4.3,4
Neamț,"Școala Gimnazială „Gheorghe Nicolau”, Comuna Români",4.58,4.44,4.72,12
Neamț,"Școala Profesională, Comuna Valea Ursului",4.55,4.69,4.36,31
Neamț,"Școala Gimnazială „Nicolae Apostol”, Comuna Ruginoasa",4.51,5.23,3.78,6
Neamț,"Școala Profesională Oglinzi, comuna Răucești",4.5,4.52,4.43,37
Neamț,"Școala Gimnazială, Comuna Stănița",4.46,4.86,4.07,13
Neamț,"Școala Gimnazială, Comuna Oniceni",4.26,4.49,4.04,20
Neamț,"Școala Gimnazială Izvoare, Comuna Bahna",4.24,4.19,4.29,13
Neamț,"Școala Gimnazială Solca, Comuna Oniceni",3.85,4.2,3.51,22
Neamț,"Centrul Școlar Pentru Educație Incluzivă, Municipiul Roman",3.71,3.72,3.72,7
Neamț,"Școala Gimnazială, Comuna Văleni",3.54,4.08,3.01,11
Neamț,"Școala Gimnazială „Costache Negri”, Municipiul Roman",2.93,2.84,3.02,13
Neamț,"Liceul Tehnologic „Dimitrie Leonida”, municipiul Piatra-Neamț",2.93,3.06,2.8,16
Neamț,"Școala Gimnazială Nr. 7, Municipiul Piatra-Neamț",2.76,2.52,3.0,3
Olt,"Colegiul Național „Ion Minulescu”, Slatina",8.24,8.48,8.01,111
Olt,"Școala Gimnazială „Mihail Drumeș”, Balș",8.0,8.38,7.62,36
Olt,"Școala Gimnazială „Eugen Ionescu”, Slatina",7.94,8.21,7.68,53
Olt,"Școala Gimnazială „Gheorghe Magheru”, Caracal",7.79,8.01,7.59,61
Olt,"Colegiul Național „Radu Greceanu”, Slatina",7.76,7.86,7.66,25
Olt,Școala Gimnazială Alimanesti,7.75,8.24,7.27,11
Olt,"Școala Gimnazială „George Poboran”, Slatina",7.67,8.02,7.34,63
Olt,"Școala Gimnazială „Nicolae Iorga”, Slatina",7.65,7.81,7.5,50
Olt,"Școala Gimnazială Nr. 2, Caracal",7.5,7.58,7.43,64
Olt,"Școala Gimnazială „Vlaicu Vodă”, Slatina",7.48,7.77,7.19,48
Olt,"Școala Gimnazială, Izbiceni",7.47,7.98,6.97,16
Olt,"Liceul Teoretic „Nicolae Titulescu”, Slatina",7.44,7.85,7.03,82
Olt,"Liceul Tehnologic „Ion Popescu-Cilieni”, Cilieni",7.4,7.7,7.11,19
Olt,"Școala Gimnazială „Constantin Brâncoveanu”, Slatina",7.39,7.53,7.26,70
Olt,"Școala Gimnazială Nr. 3, Slatina",7.39,7.91,6.86,64
Olt,"Liceul Teoretic „Petre Pandrea”, Bălș",7.3,7.69,6.92,52
Olt,Liceul cu Program Sportiv Slatina,7.11,7.17,7.05,71
Olt,"Școala Gimnazială, Studina",7.04,7.38,6.7,15
Olt,"Școala Gimnazială „Nicolae Marineanu”, Cezieni",6.92,6.61,7.22,9
Olt,"Liceul Teoretic „Alexandru Ioan Cuza”, Corabia",6.86,7.46,6.27,22
Olt,"Școala Gimnazială „Nicolae Titulescu”, Caracal",6.84,7.2,6.49,55
Olt,"Școala Gimnazială „Nicolae Coculescu”, Scornicești",6.84,7.08,6.6,42
Olt,"Școala Gimnazială „Ștefan Protopopescu”, Slatina",6.77,7.37,6.17,20
Olt,Liceul Tehnologic Crâmpoia,6.73,6.9,6.56,14
Olt,Școala Gimnazială Cârlogani,6.7,7.47,5.94,11
Olt,"Școala Gimnazială „Ion I. Graure”, Bălteni",6.6,7.19,6.02,14
Olt,Școala Gimnazială Gârcov,6.57,7.22,5.93,7
Olt,Școala Gimnazială Traian,6.5,6.44,6.57,18
Olt,"Școala Gimnazială „Voievod Brâncoveanu”, Brâncoveni",6.44,6.68,6.2,18
Olt,Școala Gimnazială Vișina,6.39,7.03,5.77,16
Olt,"Școala Gimnazială „Decebal”, Dobrețu",6.39,7.28,5.51,4
Olt,"Școala Gimnazială „Ada Umbra”, Ianca",6.35,6.57,6.14,17
Olt,"Școala Gimnazială „Leonida Marineanu”, Tia Mare",6.32,6.62,6.03,11
Olt,"Școala Gimnazială, Perieți",6.32,7.06,5.58,12
Olt,Școala Gimnazială Bucinișu,6.31,6.87,5.76,11
Olt,Școala Gimnazială Dobrun,6.3,6.08,6.53,11
Olt,Liceul Tehnologic Tufeni,6.28,6.71,5.85,7
Olt,Școala Gimnazială Mihăești,6.24,7.02,5.47,5
Olt,Școala Gimnazială Redea,6.24,5.92,6.57,12
Olt,Școala Gimnazială „Nicolae Titulescu”,6.21,6.98,5.44,6
Olt,Liceul Tehnologic nr. 1 Bălș,6.2,6.74,5.66,27
Olt,Școala Gimnazială Mărunței,6.19,6.38,6.0,11
Olt,Școala Gimnazială Stoenești,6.17,6.57,5.76,11
Olt,"Liceul Teoretic „Ion Gh. Roșca”, Osica de Sus",6.11,6.68,5.56,18
Olt,Școala Gimnazială Rusănești,6.09,6.6,5.59,19
Olt,Școala Gimnazială Călui,6.08,6.15,6.02,7
Olt,Liceul Tehnologic Văleni,5.98,6.71,5.26,10
Olt,"Școala Gimnazială „Virgil Mazilescu”, Corabia",5.97,6.08,5.87,28
Olt,"Liceul Tehnologic „Tănase Constantin”, Izvoarele",5.94,6.26,5.63,10
Olt,"Școala Gimnazială, Deveselu",5.92,6.7,5.15,18
Olt,Școala Gimnazială Rotunda,5.91,6.72,5.12,13
Olt,Școala Gimnazială Piatra,5.88,6.15,5.61,12
Olt,Școala Gimnazială Bacea,5.88,6.35,5.4,17
Olt,Școala Gimnazială Stoboraști,5.85,6.18,5.53,6
Olt,Școala Gimnazială Dobroteasa,5.81,5.81,5.81,10
Olt,Școala Gimnazială Vâlcele,5.79,6.16,5.43,10
Olt,Școala Gimnazială Vulpeni,5.77,5.7,5.84,15
Olt,Liceul Tehnologic Iancu Jianu,5.72,5.89,5.56,21
Olt,"Școala Gimnazială Nr. 3, Caracal",5.7,6.02,5.38,13
Olt,"Liceul Teoretic „Tudor Vladimirescu”, Drăgănești-Olt",5.68,5.88,5.5,55
Olt,"Școala Gimnazială, Scărișoara",5.66,6.0,5.32,34
Olt,Școala Gimnazială Teslui,5.65,5.64,5.66,5
Olt,Școala Gimnazială Strejeștii de Jos,5.64,6.09,5.0,22
Olt,Liceul Tehnologic Vitomirești,5.64,5.62,5.67,20
Olt,Școala Gimnazială Vădăstrița,5.64,6.14,5.14,26
Olt,Școala Gimnazială Oporelu,5.64,6.14,5.14,4
Olt,"Școala Gimnazială „Pan M. Vizirescu”, Braneț",5.63,5.55,5.72,13
Olt,Școala Gimnazială Ghimpețeni,5.62,5.47,5.77,8
Olt,"Liceul Teoretic „Ioniță Asan”, Caracal",5.61,6.01,5.22,26
Olt,"Școala Gimnazială „Mihai Viteazul”, Băbiciu",5.61,5.84,5.38,12
Olt,"Școala Gimnazială, Obîrșia",5.57,6.41,4.53,16
Olt,Școala Gimnazială Curtișoara,5.57,5.96,5.19,19
Olt,Școala Gimnazială Dăneasa,5.57,5.9,5.24,15
Olt,"Liceul „Ștefan Diaconescu”, Potcoava",5.55,5.82,5.3,42
Olt,Școala Gimnazială Alunișu,5.55,7.08,4.03,2
Olt,"Școala Gimnazială „Florian Dițuleasa”, Vitănești",5.53,5.45,5.61,12
Olt,"Școala Gimnazială „Dumitru Buzdun”, Corabia",5.53,5.9,5.16,14
Olt,Școala Gimnazială Morunglav,5.47,6.38,4.56,7
Olt,"Școala Gimnazială, Osica de Jos",5.41,5.8,5.02,12
Olt,Școala Gimnazială Leotești,5.4,6.2,4.61,17
Olt,Școala Gimnazială Reșca,5.39,5.9,4.88,10
Olt,Școala Gimnazială Drănovățu,5.36,5.62,5.11,9
Olt,"Școala Gimnazială, Radomirești",5.32,5.48,5.16,14
Olt,Școala Gimnazială Fălcoiu,5.3,5.7,4.91,11
Olt,Școala Gimnazială Fărcașele,5.22,5.48,4.97,18
Olt,Școala Gimnazială „Ștefan cel Mare”,5.21,5.97,4.46,9
Olt,Școala Gimnazială Oboga,5.12,5.41,4.83,10
Olt,Școala Gimnazială Vlădila,5.09,5.7,4.48,13
Olt,Școala Gimnazială Baldovinești,5.07,5.43,4.72,3
Olt,"Școala Gimnazială „Aviator Alexandru Șerbănescu”, Colonești",5.07,5.3,4.84,10
Olt,Școala Gimnazială Grojdibodu,5.06,5.65,4.47,13
Olt,Școala Gimnazială Icoana,5.04,5.63,4.45,16
Olt,Școala Gimnazială Pleșoiu,5.03,5.43,4.63,12
Olt,"Școala Gimnazială, Drăghiceni",4.98,5.25,4.71,4
Olt,"Școala Gimnazială, Orlea",4.98,5.36,4.6,6
Olt,"Școala Gimnazială, Brebeni",4.97,5.13,4.8,12
Olt,Școala Gimnazială Fărcașu de Jos,4.93,5.14,4.38,20
Olt,"Școala Gimnazială „Dumitru Popovici”, Șerbănești",4.92,4.96,4.89,19
Olt,Școala Gimnazială Găvănești,4.91,5.28,4.56,11
Olt,Școala Gimnazială Pârșcoveni,4.9,5.44,4.37,7
Olt,"Școala Gimnazială „Mihai Eminescu”, Corabia",4.88,5.14,4.62,9
Olt,Școala Primară Catanele,4.84,5.56,4.13,8
Olt,Liceul Tehnologic Piatra-Olt,4.81,5.15,4.48,21
Olt,Școala Gimnazială Brastavățu,4.76,5.1,4.42,26
Olt,Școala Gimnazială Poganu,4.75,4.96,4.55,16
Olt,Școala Gimnazială Valea Mare,4.74,5.36,4.12,12
Olt,Școala Gimnazială Poboru,4.72,5.27,4.18,17
Olt,Școala Gimnazială Cungrea,4.7,5.12,4.28,5
Olt,Școala Gimnazială Seaca,4.64,5.25,4.04,8
Olt,"Școala Gimnazială „Ion Popescu Negreni”, Negreni",4.64,4.86,4.43,9
Olt,"Școala Gimnazială, Sprâncenata",4.63,5.13,4.14,16
Olt,"Școala Gimnazială „Neda Marinescu”, Grădinile",4.61,5.09,4.14,8
Olt,"Școala Gimnazială, Ipotești",4.56,5.12,4.01,6
Olt,Școala Gimnazială Optași-Măgura,4.54,5.01,4.08,5
Olt,"Școala Gimnazială Comani, Drăgănești-Olt",4.54,4.64,4.44,9
Olt,"Școala Gimnazială „Gheorghe Popescu”, Mărgineni, Slobozia",4.51,4.92,4.1,16
Olt,"Școala Gimnazială, Corbu",4.48,5.21,3.75,11
Olt,"Școala Gimnazială „Ion Conea”, Coteana",4.47,4.66,4.28,11
Olt,Școala Gimnazială Făgețelu,4.35,4.29,4.41,4
Olt,Școala Gimnazială Mărgăritești,4.34,4.54,4.15,22
Olt,"Școala Gimnazială, Gura Padinii",4.33,5.04,3.64,7
Olt,"Școala Gimnazială, Dobrosloveni",4.31,4.56,4.06,11
Olt,"Școala Gimnazială, Urzica",4.3,4.74,3.86,12
Olt,"Școala Gimnazială, Osica de Sus",4.3,4.31,4.3,10
Olt,"Școala Gimnazială Nr. 1, Slatina",4.28,4.54,4.02,29
Olt,"Școala Gimnazială, Slătioara",4.21,5.06,3.35,5
Olt,Școala Gimnazială Giuvărăști,4.16,4.02,4.31,10
Olt,Școala Gimnazială Grădinari,4.08,4.9,3.25,13
Olt,Școala Gimnazială Gostavățu,3.99,4.39,3.6,11
Olt,Liceul Tehnologic Drăgănești-Olt,3.99,3.55,3.23,10
Olt,Școala Gimnazială Tătulești,3.97,4.45,3.5,4
Olt,Școala Gimnazială „Milcovu din Deal”,3.83,3.46,4.2,5
Olt,Școala Gimnazială Stoicănești,3.81,4.38,3.25,12
Olt,Școala Gimnazială Vulturești,3.64,3.97,3.32,8
Olt,Școala Gimnazială Bărăști de Vede,3.63,3.73,3.54,4
Olt,"Școala Gimnazială Nr. 1, Caracal",3.07,2.56,3.53,10
Olt,"Școala Gimnazială, Leleasca",2.87,2.9,2.83,3
Olt,Școala Gimnazială Vădastra,2.85,2.2,3.5,2
Olt,"Liceul Tehnologic „Constantin Filipescu”, Caracal",2.76,2.09,3.42,17
Prahova,"Colegiul Național „Mihai Viteazul”, Municipiul Ploiești",8.96,9.16,8.77,82
Prahova,"Colegiul Național „Nichita Stănescu”, Municipiul Ploiești",8.94,9.19,8.69,59
Prahova,"Colegiul Național „Alexandru Ioan Cuza”, Municipiul Ploiești",8.84,8.96,8.73,60
Prahova,"Școala Gimnazială „Angels”, Comuna Păulești",8.66,8.92,8.4,12
Prahova,"Colegiul Național „Ion Luca Caragiale”, Municipiul Ploiești",8.59,8.72,8.47,85
Prahova,"Colegiul Național „Nicolae Iorga”, Orașul Vălenii de Munte",8.45,8.45,8.46,30
Prahova,"Colegiul Național „Nicolae Grigorescu”, municipiul Câmpina",8.23,8.32,8.15,50
Prahova,"Școala Gimnazială, Comuna Talea",8.12,8.48,7.78,4
Prahova,"Școala Gimnazială Internațională „Spectrum”, Municipiul Ploiești",8.04,8.05,8.04,17
Prahova,"Liceul Tehnologic „Constantin Cantacuzino”, Orașul Băicoi",8.03,8.6,7.46,39
Prahova,"Școala Gimnazială „I.A. Bassarabescu”, Municipiul Ploiești",8.02,8.35,7.7,114
Prahova,"Școala Gimnazială „Grigore Moisil”, Municipiul Ploiești",8.01,8.21,7.81,109
Prahova,"Colegiul Național Pedagogic „Regina Maria”, Municipiul Ploiești",8.0,8.24,7.77,88
Prahova,"Școala Gimnazială „Dumitru Hera”, Sat Bătești, Comuna Brazi",7.87,8.06,7.69,26
Prahova,"Școala Gimnazială Centrală, Municipiul Câmpina",7.81,7.94,7.69,81
Prahova,"Școala Gimnazială, Comuna Tinosu",7.75,8.21,7.3,10
Prahova,"Școala Gimnazială „Sfântul Vasile”, Municipiul Ploiești",7.75,7.98,7.52,120
Prahova,"Școala Gimnazială, Sat Tătărani, Comuna Bărcănești",7.7,7.98,7.43,14
Prahova,"Școala Gimnazială „Excelsis”, Municipiul Ploiești",7.69,8.16,7.23,10
Prahova,"Școala Gimnazială Nr. 1, Orașul Mizil",7.68,7.99,7.38,53
Prahova,"Școala Gimnazială „Traian Săvulescu”, Comuna Izvoarele",7.68,8.42,6.96,10
Prahova,"Școala Gimnazială, Comuna Cocorăștii Mislii",7.61,8.17,7.05,15
Prahova,"Școala Gimnazială „B.P. Hașdeu”, Municipiul Câmpina",7.6,7.75,7.45,68
Prahova,"Școala Gimnazială „Radu Tudoran”, Comuna Blejoi",7.59,7.83,7.34,22
Prahova,"Școala Gimnazială „George Emil Palade”, Municipiul Ploiești",7.57,7.84,7.31,90
Prahova,"Școala Gimnazială „Profesor Nicolae Simache”, Municipiul Ploiești",7.54,7.73,7.36,79
Prahova,"Colegiul de Artă „Carmen Sylva”, Municipiul Ploiești",7.52,7.99,7.06,62
Prahova,"Școala Gimnazială Prof. „Dinu Mihail Dan”, Sat Magula, Comuna Tomșani",7.51,7.58,7.46,21
Prahova,"Școala Gimnazială, Comuna Lapoș",7.48,7.68,7.28,7
Prahova,"Școala Gimnazială, Comuna Ștefești",7.47,7.93,7.02,10
Prahova,"Școala Gimnazială „Sfânta Vineri”, Municipiul Ploiești",7.46,7.63,7.3,99
Prahova,"Liceul Teoretic „Grigore Tocilescu”, Orașul Mizil",7.46,7.76,7.16,21
Prahova,"Școala Gimnazială „Henri Mathias Berthelot”, Municipiul Ploiești",7.45,7.8,7.1,85
Prahova,"Școala Gimnazială „Platon Mocanu”, Sat Drajna de Jos, Comuna Drajna",7.43,7.56,7.31,24
Prahova,"Liceul Teoretic „Aurel Vlaicu”, Orașul Breaza",7.43,7.76,7.09,70
Prahova,"Școala Gimnazială „Ioan Duhovnicul”, Comuna Bănești",7.42,7.79,7.06,19
Prahova,"Școala Gimnazială, Sat Dârvari, Comuna Valea Călugărească",7.41,7.92,6.92,19
Prahova,"Școala Gimnazială „George Enescu”, Orașul Sinaia",7.4,7.53,7.29,60
Prahova,"Liceul Teoretic, Orașul Azuga",7.39,7.44,7.35,20
Prahova,"Școala Gimnazială „George Coșbuc”, Municipiul Ploiești",7.37,7.56,7.19,53
Prahova,"Școala Gimnazială, Comuna Gura Vitioarei",7.37,7.52,7.22,20
Prahova,"Școala Gimnazială, Comuna Gornet",7.37,7.54,7.2,16
Prahova,"Școala Gimnazială „Gheorghe Costescu”, Comuna Aluniș",7.36,7.81,6.93,20
Prahova,"Școala Gimnazială „Alexandru Ioan Cuza”, Sat Potigrafu, Comuna Gorgota",7.35,7.77,6.93,16
Prahova,"Școala Gimnazială Liliești, Orașul Băicoi",7.31,7.67,6.96,34
Prahova,"Școala Gimnazială, Comuna Măgurele",7.3,7.68,6.92,15
Prahova,"Școala Gimnazială „Mihai Viteazul”, Orașul Boldești-Scăeni",7.29,7.85,6.73,49
Prahova,"Liceul Tehnologic „Ion C. Brătianu”, Comuna Bărcănești",7.28,7.86,6.7,16
Prahova,"Școala Gimnazială, Sat Slon, Comuna Cerașu",7.27,7.72,6.81,19
Prahova,"Școala Gimnazială, Comuna Măgureni",7.25,7.34,7.16,30
Prahova,"Școala Gimnazială, Sat Ploieștiori, Comuna Blejoi",7.24,7.5,6.97,27
Prahova,"Liceul Teoretic „Șerban Vodă”, orașul Slănic",7.23,7.5,6.96,38
Prahova,"Școala Gimnazială „Andrei Rădulescu”, Comuna Chiojdeanca",7.23,7.89,6.58,10
Prahova,"Școala Gimnazială, Sat Ostrovu, Comuna Aluniș",7.2,7.26,7.16,8
Prahova,"Liceul Teoretic „Brâncoveanu Vodă”, Orașul Urlați",7.19,7.57,6.82,67
Prahova,"Școala Gimnazială „Nicolae Iorga”, Municipiul Ploiești",7.19,7.68,6.7,70
Prahova,"Liceul „Simion Stolnicu”, Orașul Comarnic",7.15,7.27,7.05,20
Prahova,"Școala Gimnazială, Comuna Gornet-Cricov",7.14,7.78,6.5,9
Prahova,"Școala Gimnazială „Învățător Radu Ion”, Sat Vadu Părului, Comuna Albești-Paleologu",7.12,7.53,6.73,12
Prahova,"Școala Gimnazială „Nicolae Bălcescu”, Municipiul Ploiești",7.11,7.29,6.94,67
Prahova,"Colegiul „Ferdinand I”, Comuna Măneciu",7.09,7.34,6.85,36
Prahova,"Școala Gimnazială „Ienăchiță Văcărescu”, Municipiul Ploiești",7.09,7.26,6.91,29
Prahova,"Școala Gimnazială „Moise Vasilescu”, Sat Olteni, Comuna Teișani",7.07,7.47,6.68,6
Prahova,"Școala Gimnazială, Sat Brătășanca, Comuna Filipeștii de Târg",7.07,7.52,6.61,19
Prahova,"Școala Gimnazială, Comuna Târgșoru Vechi",7.04,7.52,6.57,18
Prahova,"Școala Gimnazială, Comuna Apostolache",7.02,7.18,6.87,13
Prahova,"Școala Gimnazială, Sat Schiulești, Comuna Izvoarele",7.0,7.23,6.78,8
Prahova,"Școala Gimnazială, Sat Nedelea, Comuna Ariceștii Rahtivani",6.99,7.25,6.74,31
Prahova,"Școala Gimnazială „Ion Câmpineanu”, Municipiul Câmpina",6.99,7.02,6.96,52
Prahova,"Școala Gimnazială „Mihai Eminescu”, Municipiul Ploiești",6.97,7.62,6.33,38
Prahova,"Liceul Teoretic, comuna Filipeștii de Pădure",6.95,7.29,6.62,55
Prahova,"Școala Gimnazială „Elena Doamna”, Municipiul Ploiești",6.95,7.33,6.57,34
Prahova,"Școala Gimnazială, Comuna Poienarii Burchii",6.95,7.78,6.12,10
Prahova,"Școala Gimnazială, Comuna Cerașu",6.94,6.96,6.92,10
Prahova,"Școala Gimnazială „Regina Maria”, Comuna Măneciu",6.94,7.2,6.68,34
Prahova,"Școala Gimnazială „Nicolae Titulescu”, Municipiul Ploiești",6.91,7.45,6.38,23
Prahova,"Școala Gimnazială, Comuna Vărbilău",6.91,7.88,5.95,26
Prahova,"Școala Gimnazială, Sat Cătina, Comuna Florești",6.84,7.24,6.46,18
Prahova,"Școala Gimnazială Nr. 2, Orașul Comarnic",6.84,6.84,6.61,10
Prahova,"Școala Gimnazială „Dumitru Brezeanu”, Comuna Teișani",6.83,7.59,6.07,10
Prahova,"Școala Gimnazială „Nestor Urechia”, Orașul Bușteni",6.82,7.23,6.42,29
Prahova,"Școala Gimnazială „Toma T. Socolescu”, Comuna Păulești",6.79,6.8,6.79,23
Prahova,"Școala Gimnazială, Sat Ologeni, Comuna Poienarii Burchii",6.77,7.1,6.43,15
Prahova,"Școala Gimnazială „Profesor Cristea Stănescu”, Comuna Cornu",6.74,6.96,6.52,13
Prahova,"Școala Gimnazială, Sat Lacu Turcului, Comuna Balta Doamnei",6.71,7.22,6.22,24
Prahova,"Școala Profesională, Comuna Starchiojd",6.69,6.85,6.44,39
Prahova,"Școala Gimnazială, Sat Cioranii de Sus, Comuna Ciorani",6.69,6.99,6.39,18
Prahova,"Școala Gimnazială, Sat Tăriceni, Comuna Șirna",6.67,6.93,6.4,12
Prahova,"Școala Gimnazială „Vlad Mușatescu”, Sat Găgeni, Comuna Păulești",6.66,7.04,6.27,11
Prahova,"Liceul Tehnologic de Servicii „Sfântul Apostol Andrei”, Municipiul Ploiești",6.65,7.17,6.14,19
Prahova,"Școala Gimnazială Ing. Gheorghe Pănculescu, Orașul Vălenii de Munte",6.65,7.02,6.22,91
Prahova,"Școala Gimnazială, Sat Homorâciu, Comuna Izvoarele",6.64,6.93,6.36,18
Prahova,"Liceul Tehnologic „Carol I”, comuna Valea Doftanei",6.64,7.1,6.18,27
Prahova,"Școala Gimnazială „Gheorghe Diboș”, Comuna Mănești",6.63,6.77,6.5,28
Prahova,"Școala Gimnazială „Rareș Vodă”, Municipiul Ploiești",6.62,6.66,6.6,31
Prahova,"Școala Gimnazială, Sat Poienarii Apostoli, Comuna Gorgota",6.6,6.73,6.48,13
Prahova,"Școala Gimnazială, Comuna Ariceștii Rahtivani",6.6,6.8,6.4,24
Prahova,"Școala Gimnazială, Sat Poseștii-Pământeni, Comuna Posești",6.59,6.9,6.29,33
Prahova,"Școala Gimnazială „Mitropolit Pimen Georgescu”, Comuna Provița de Sus",6.58,6.99,6.18,9
Prahova,"Școala Gimnazială „Radu Stanian”, Municipiul Ploiești",6.56,6.81,6.33,29
Prahova,"Școala Gimnazială, Comuna Bertea",6.56,6.73,6.39,21
Prahova,"Școala Gimnazială „Ion Ionescu”, Comuna Valea Călugărească",6.54,7.11,5.97,44
Prahova,"Școala Gimnazială „Profesor Oprea Mihai”, Sat Negoiești, Comuna Brazi",6.51,6.95,6.08,19
Prahova,"Liceul „Carol I”, Orașul Plopeni",6.5,7.24,5.77,29
Prahova,"Școala Gimnazială, Sat Pietriceaua, Comuna Brebu",6.48,7.29,5.69,7
Prahova,"Școala Gimnazială „Erou Sergent Grigore Ioan”, Comuna Dumbrăvești",6.48,7.16,5.79,17
Prahova,"Școala Gimnazială „Matei Basarab”, Comuna Brebu",6.47,6.85,6.1,44
Prahova,"Școala Gimnazială, Sat Urleta, Comuna Bănești",6.47,7.32,5.62,14
Prahova,"Școala Gimnazială Nistorești, Orașul Breaza",6.45,6.38,6.53,6
Prahova,"Școala Gimnazială Țintea, Orașul Băicoi",6.45,6.25,6.64,18
Prahova,"Școala Gimnazială „Alexandru Ioan Cuza”, Municipiul Câmpina",6.44,6.71,6.19,18
Prahova,"Școala Gimnazială Învățător „Dinu Nicolae”, Comuna Dumbrava",6.44,6.82,6.07,13
Prahova,"Școala Gimnazială, Comuna Surani",6.44,6.64,6.24,9
Prahova,"Școala Gimnazială „Nichita Stănescu”, Comuna Ceptura",6.43,6.92,5.95,40
Prahova,"Școala Gimnazială „Andrei Mureșanu”, Municipiul Ploiești",6.42,6.98,5.87,40
Prahova,"Școala Gimnazială „Minerva Alexandrescu”, Comuna Șoimari",6.39,7.11,5.67,18
Prahova,"Școala Gimnazială, Comuna Bătrâni",6.39,6.7,6.09,16
Prahova,"Școala Gimnazială „Erou Înv. I. Drăgănescu”, Sat Trăisteni, Comuna Valea Doftanei",6.39,6.6,6.18,14
Prahova,"Școala Gimnazială „Constantin Brâncoveanu”, Orașul Breaza",6.39,7.03,5.75,13
Prahova,"Școala Gimnazială, Comuna Călugăreni",6.39,6.58,6.19,9
Prahova,"Școala Gimnazială, Sat Strejnicu, Comuna Târgșoru Vechi",6.38,6.71,6.05,51
Prahova,"Școala Gimnazială, Comuna Boldești-Grădiștea",6.36,7.35,5.37,6
Prahova,"Școala Gimnazială, Sat Pietroșani, Comuna Puchenii Mari",6.34,6.91,5.77,22
Prahova,"Școala Gimnazială, Comuna Plopu",6.33,6.66,6.01,11
Prahova,"Școala Gimnazială „Cănuță Ionescu”, Orașul Urlați",6.32,7.04,5.61,43
Prahova,"Școala Gimnazială, Sat Mehedința, Comuna Podenii Noi",6.31,6.61,6.02,12
Prahova,"Școala Gimnazială, Sat Bughea de Jos, Comuna Gura Vitioarei",6.3,6.64,5.97,12
Prahova,"Școala Gimnazială „Antonie Vodă”, Sat Popești, Comuna Brazi",6.3,6.89,5.73,14
Prahova,"Școala Gimnazială, sat Sârca, comuna Scorțeni",6.3,6.64,5.97,13
Prahova,"Școala Gimnazială „Regina Elisabeta”, Orașul Bușteni",6.29,6.35,6.24,18
Prahova,"Școala Gimnazială, Sat Românești, Comuna Bărcănești",6.29,7.19,5.39,5
Prahova,"Școala Gimnazială „Radu și Severa Novian”, Comuna Adunați",6.25,6.36,6.15,8
Prahova,"Școala Gimnazială, Sat Poiana Copăceni, Comuna Gura Vitioarei",6.25,6.95,5.55,12
Prahova,"Școala Gimnazială „Învățător Miu Stana”, Comuna Brazi",6.24,6.69,5.79,16
Prahova,"Școala Gimnazială, Sat Parepa-Rușani, Comuna Colceag",6.24,6.41,6.07,8
Prahova,"Școala Gimnazială, Comuna Vâlcănești",6.21,6.92,5.51,16
Prahova,"Școala Gimnazială, Sat Podenii Vechi, Comuna Bălțești",6.19,6.49,5.9,22
Prahova,"Liceul Tehnologic Agromontan „Romeo Constantinescu”, Orașul Vălenii de Munte",6.18,6.76,5.6,29
Prahova,"Școala Gimnazială, Comuna Baba Ana",6.17,6.66,5.68,11
Prahova,"Școala Gimnazială „Andrei Nicolescu-Păcureți”, Comuna Păcureți",6.16,6.91,5.42,14
Prahova,"Școala Gimnazială „Toma Caragiu”, Municipiul Ploiești",6.16,6.51,5.82,42
Prahova,"Școala Gimnazială, Comuna Puchenii Mari",6.13,6.51,5.76,14
Prahova,"Școala Gimnazială „Sfânta Maria”, Orașul Mizil",6.13,6.51,5.74,22
Prahova,"Școala Gimnazială „Laurențiu Fulga”, Sat Fulga de Sus, Comuna Fulga",6.12,6.69,5.55,15
Prahova,"Școala Gimnazială „Mănăstireanu Mihai”, Comuna Predeal-Sărari",6.11,6.24,5.99,13
Prahova,"Școala Gimnazială, Comuna Podenii Noi",6.1,6.71,5.5,12
Prahova,"Școala Gimnazială, Comuna Vadu Săpat",6.09,6.58,5.6,10
Prahova,"Școala Gimnazială „Dumitru Ghenoiu”, Orașul Băicoi",6.08,6.23,5.94,15
Prahova,"Școala Gimnazială, Sat Valea Dulce, Comuna Podenii Noi",6.08,7.03,5.13,11
Prahova,"Școala Gimnazială, Sat Stoenești, Comuna Ariceștii Rahtivani",6.07,6.31,5.84,15
Prahova,"Școala Gimnazială Nr. 2, Orașul Boldești-Scăeni",6.07,6.39,5.75,28
Prahova,"Liceul Tehnologic „Profesor Ilie Gavrilă”, Sat Cioranii de Jos, Comuna Ciorani",6.05,6.69,5.42,31
Prahova,"Școala Gimnazială, Comuna Cosminele",6.02,6.83,5.23,4
Prahova,"Școala Gimnazială, Comuna Cocorăștii Colț",6.01,6.32,5.7,18
Prahova,"Școala Gimnazială „Poiana Comarnic”, Orașul Comarnic",6.0,7.05,4.95,15
Prahova,"Școala Gimnazială, Sat Mireșu Mare, Comuna Sângeru",5.97,6.06,5.88,14
Prahova,"Școala Profesională, comuna Sângeru",5.96,6.46,5.46,22
Prahova,"Școala Gimnazială, Comuna Sălciile",5.93,5.67,6.2,8
Prahova,"Școala Gimnazială, Comuna Cărbunești",5.9,6.63,5.17,10
Prahova,"Școala Gimnazială, Sat Buda, Comuna Râfov",5.89,6.26,5.52,13
Prahova,"Școala Gimnazială, Comuna Filipeștii de Târg",5.87,5.98,5.76,20
Prahova,"Școala Gimnazială, Comuna Gura Vadului",5.87,6.09,5.66,21
Prahova,"Școala Gimnazială, Sat Inotești, Comuna Colceag",5.8,6.4,5.21,11
Prahova,"Școala Gimnazială „Constantin Stere”, Comuna Bucov",5.8,6.14,5.45,35
Prahova,"Școala Gimnazială „Eroilor”, Comuna Lipănești",5.79,6.1,5.48,11
Prahova,"Școala Gimnazială, Comuna Olari",5.78,6.32,5.25,12
Prahova,"Școala Gimnazială, Comuna Salcia",5.72,6.52,4.93,8
Prahova,"Școala Gimnazială „Anton Pann”, Municipiul Ploiești",5.61,5.98,5.25,11
Prahova,"Școala Gimnazială, Comuna Florești",5.59,6.01,5.17,30
Prahova,"Școala Gimnazială, Sat Puchenii Moșneni, Comuna Puchenii Mari",5.57,5.89,5.25,12
Prahova,"Școala Gimnazială „Mihai Vodă”, Sat Pleașa, Comuna Bucov",5.56,5.99,5.14,29
Prahova,"Școala Gimnazială „Spirea Sorescu”, Sat Zamfira, Comuna Lipănești",5.5,5.59,5.42,14
Prahova,"Școala Gimnazială, Comuna Drăgănești",5.45,5.53,5.38,21
Prahova,"Școala Gimnazială „Profesor Eugeniu Corbu”, Sat Podgoria, Comuna Tătaru",5.43,6.64,4.23,5
Prahova,"Școala Gimnazială, Sat Fulga de Jos, Comuna Fulga",5.39,6.31,4.47,7
Prahova,"Școala Profesională, comuna Bălțești",5.38,6.27,4.49,11
Prahova,"Școala Gimnazială, Sat Ciupelnița, Comuna Dumbrava",5.38,5.48,5.29,19
Prahova,"Școala Gimnazială Înv. Athanasie Jan Stoicescu, Comuna Ariceștii Zeletin",5.37,5.66,5.08,7
Prahova,"Școala Gimnazială „Ioan Grigorescu”, Municipiul Ploiești",5.36,5.65,5.08,15
Prahova,"Școala Gimnazială, Comuna Berceni",5.29,5.65,4.93,26
Prahova,"Școala Gimnazială, Comuna Provița de Jos",5.29,5.71,4.87,12
Prahova,"Școala Gimnazială, Comuna Râfov",5.29,5.74,4.83,10
Prahova,"Școala Gimnazială Nr. 1, Comuna Telega",5.22,5.36,4.83,13
Prahova,"Școala Gimnazială, Sat Rachieri, Comuna Valea Călugărească",5.21,6.17,4.26,10
Prahova,"Școala Gimnazială „Breaza de Jos”, Orașul Breaza",5.19,5.44,4.94,24
Prahova,"Școala Gimnazială „Dimitrie Sfetescu”, Comuna Albești-Paleologu",5.17,5.74,4.61,9
Prahova,"Școala Gimnazială „Ioan Moga”, Sat Dițești, Comuna Filipeștii de Pădure",5.13,5.69,4.41,19
Prahova,"Școala Gimnazială, Sat Corlătești, Comuna Berceni",5.08,5.68,4.48,18
Prahova,"Școala Gimnazială, Comuna Secăria",5.04,5.79,4.3,5
Prahova,"Școala Gimnazială, Comuna Iordăcheanu",4.98,5.21,4.36,10
Prahova,"Școala Gimnazială, Comuna Colceag",4.96,5.22,4.47,14
Prahova,"Școala Gimnazială, Sat Hăbud, Comuna Șirna",4.96,5.56,4.36,8
Prahova,"Școala Gimnazială, Sat Vărbila, Comuna Iordăcheanu",4.94,5.19,4.7,11
Prahova,"Școala Gimnazială, Comuna Șotrile",4.92,5.13,4.71,15
Prahova,"Școala Gimnazială, Comuna Gherghița",4.91,5.56,4.28,17
Prahova,"Școala Gimnazială „Învățător Ion Mateescu”, Comuna Poiana Câmpina",4.78,5.03,4.54,14
Prahova,"Școala Gimnazială, Sat Ogretin, Comuna Drajna",4.76,4.44,5.09,13
Prahova,"Școala Gimnazială, Comuna Scorțeni",4.75,5.01,4.49,12
Prahova,"Școala Gimnazială, Sat Valea Cucului, Comuna Iordăcheanu",4.7,5.0,4.4,10
Prahova,"Școala Gimnazială „Lizeta-Paul Greceanu”, Sat Cioceni, Comuna Albești-Paleologu",4.69,4.74,4.65,8
Prahova,"Școala Gimnazială, Sat Coțofenești, Comuna Vărbilău",4.64,5.42,3.86,7
Prahova,"Centrul Școlar de Educație Incluzivă Nr.1, Municipiul Ploiești",4.56,5.13,4.0,2
Prahova,"Școala Gimnazială, Comuna Jugureni",4.46,4.92,4.0,3
Prahova,"Școala Gimnazială „Gheorghe Lazăr”, Comuna Bărcănești",4.41,4.83,4.0,2
Prahova,"Liceul Tehnologic Mecanic, municipiul Câmpina",4.34,4.95,4.25,5
Prahova,"Școala Gimnazială, Sat Mărginenii de Jos, Comuna Filipeștii de Târg",4.25,4.45,4.06,24
Prahova,"Școala Gimnazială, Comuna Fântânele",4.23,4.18,4.28,10
Prahova,"Școala Gimnazială „Candiano Popescu”, Municipiul Ploiești",4.15,4.24,4.07,16
Prahova,"Școala Gimnazială Nr. 3, Municipiul Câmpina",3.98,3.89,3.84,10
Prahova,"Școala Gimnazială „Florin Comișel”, Municipiul Ploiești",3.85,4.08,3.63,14
Prahova,"Școala Gimnazială „Sfântul Nicolae”, Orașul Mizil",3.73,3.6,3.86,8
Prahova,"Școala Gimnazială Nr. 13, Municipiul Ploiești",3.32,3.4,3.25,10
Prahova,"Școala Gimnazială Nr. 19, Municipiul Ploiești",3.18,2.61,3.75,6
Prahova,"Școala Gimnazială, Sat Plopeni, Comuna Dumbrăvești",2.68,2.63,2.74,8
Satu Mare,"Colegiul Național „Ioan Slavici”, Satu Mare",8.93,9.11,8.75,26
Satu Mare,"Colegiul Național „Mihai Eminescu”, Satu Mare",8.82,8.84,8.81,26
Satu Mare,"Școala Gimnazială „Grigore Moisil”, Satu Mare",8.08,8.07,8.1,83
Satu Mare,"Colegiul Național „Kölcsey Ferenc”, Satu Mare",7.98,7.59,7.29,40
Satu Mare,"Liceul Teologic Romano-Catolic „Ham János”, Satu Mare",7.9,7.74,7.14,30
Satu Mare,"Școala Gimnazială „Lucian Blaga”, Satu Mare",7.88,8.07,7.69,87
Satu Mare,"Colegiul Național „Doamna Stancă”, Satu Mare",7.79,8.24,7.36,26
Satu Mare,"Liceul Teoretic German „Johann Ettinger”, Satu Mare",7.65,7.83,6.86,64
Satu Mare,"Școala Gimnazială „Rákóczi Ferenc”, Satu Mare",7.5,7.46,6.71,72
Satu Mare,"Școala Gimnazială, Foieni",7.37,6.51,6.72,17
Satu Mare,Liceul Teoretic Negrești Oaș,7.36,7.54,7.18,28
Satu Mare,Liceul Reformat Satu Mare,7.25,6.53,6.6,26
Satu Mare,"Școala Gimnazială „Constantin Brâncoveanu”, Satu Mare",7.21,7.28,7.14,73
Satu Mare,"Școala Gimnazială „Bălcescu-Petofi”, Satu Mare",7.05,7.22,6.6,69
Satu Mare,Liceul Teoretic Carei,7.0,6.88,6.83,83
Satu Mare,Școala Gimnazială Tășnad,6.99,6.74,6.69,73
Satu Mare,"Școala Gimnazială „Avram Iancu”, Satu Mare",6.95,7.11,6.59,69
Satu Mare,Școala Gimnazială Nisipeni,6.89,5.34,5.14,4
Satu Mare,"Școala Gimnazială Nr. 3, Negrești Oaș",6.84,7.09,6.58,57
Satu Mare,"Școala Gimnazială, Cehăluț",6.73,6.0,5.93,6
Satu Mare,Liceul cu Program Sportiv Satu Mare,6.68,6.73,6.64,28
Satu Mare,"Școala Gimnazială „Petri Mor”, Bogdand",6.61,6.21,5.43,9
Satu Mare,"Școala Gimnazială, Certeze",6.6,7.3,5.9,1
Satu Mare,Școala Gimnazială „Mihai Eminescu” Negrești Oaș,6.55,6.41,6.69,28
Satu Mare,"Școala Gimnazială „Dr. Joseph Szolomayer”, Cămin",6.5,5.58,5.97,16
Satu Mare,"Liceul Romano-Catolic „Josephus Calasantius”, Carei",6.47,5.65,5.87,27
Satu Mare,"Școala Gimnazială „Octavian Goga”, Satu Mare",6.44,6.64,6.23,70
Satu Mare,"Școala Gimnazială „Vasile Lucaciu”, Lucăceni",6.42,6.99,5.86,4
Satu Mare,"Școala Profesională „George Coșbuc”, Medieșu Aurit",6.36,6.36,6.37,39
Satu Mare,"Liceul Tehnologic „Anghel Saligny”, Turt",6.36,6.48,6.24,38
Satu Mare,"Școala Gimnazială „Tempfli József”, Urziceni",6.31,6.04,5.14,7
Satu Mare,"Școala Gimnazială „Vasile Lucaciu”, Carei",6.29,6.49,5.71,43
Satu Mare,Școala Gimnazială Gherța Mare,6.28,6.31,6.26,12
Satu Mare,Școala Gimnazială Bârsău de Sus,6.21,6.96,5.46,17
Satu Mare,"Liceul de Arte „Aurel Popp”, Satu Mare",6.2,6.2,5.73,37
Satu Mare,"Școala Gimnazială, Turulung",6.2,4.77,6.38,12
Satu Mare,"Școala Gimnazială Nr. 1, Carei",6.16,6.26,5.74,44
Satu Mare,"Școala Gimnazială „Ion Creangă”, Satu Mare",6.14,6.0,6.07,34
Satu Mare,"Școala Gimnazială, Călinești Oaș",6.11,6.42,5.8,29
Satu Mare,"Liceul Tehnologic „Petru Cupcea”, Supuru de Jos",6.09,6.18,5.9,19
Satu Mare,"Școala Gimnazială „Mircea Eliade”, Satu Mare",6.08,6.42,5.53,55
Satu Mare,"Școala Gimnazială „Fenyi István”, Căpleni",5.99,4.95,5.25,11
Satu Mare,Liceul Tehnologic Târna Mare,5.98,6.05,5.91,20
Satu Mare,Școala Gimnazială Doba,5.98,6.42,5.54,16
Satu Mare,"Școala Gimnazială, Odoreu",5.96,6.35,5.57,30
Satu Mare,"Liceul Teologic Ortodox „Nicolae Steinhardt”, Satu Mare",5.94,6.64,5.25,23
Satu Mare,Școala Gimnazială Vetiș,5.9,6.16,5.65,23
Satu Mare,"Școala Gimnazială, Vama",5.87,6.01,5.17,15
Satu Mare,"Școala Gimnazială, Racșa",5.87,6.26,5.48,8
Satu Mare,"Școala Gimnazială, Drăgușeni",5.85,6.1,5.6,6
Satu Mare,Școala Gimnazială Porumbești,5.82,4.65,5.27,12
Satu Mare,Școala Gimnazială Mădăras,5.81,6.44,5.17,7
Satu Mare,"Școala Gimnazială, Valea Vinului",5.76,6.09,5.43,19
Satu Mare,"Școala Gimnazială „Liviu Rebreanu”, Păulești",5.59,5.6,5.59,10
Satu Mare,"Școala Gimnazială „Mihai Viteazul”, Moftinu Mic",5.57,5.86,5.29,18
Satu Mare,"Școala Gimnazială „Petőfi Sándor”, Lăzuri",5.57,5.26,4.67,17
Satu Mare,Școala Gimnazială Târșolț,5.55,5.64,5.45,6
Satu Mare,"Școala Gimnazială, Babța",5.54,5.55,5.54,9
Satu Mare,Școala Gimnazială Bătarci,5.5,5.53,5.48,16
Satu Mare,"Școala Gimnazială, Halmeu",5.5,5.43,5.17,44
Satu Mare,"Școala Gimnazială „Gheorghe Marina”, Pomi",5.47,6.08,4.87,18
Satu Mare,Școala Gimnazială Socond,5.47,5.76,5.18,10
Satu Mare,Școala Gimnazială Cămărzana,5.37,5.6,5.15,1
Satu Mare,"Școala Gimnazială, Giurtelecu Hododului",5.32,6.35,4.29,4
Satu Mare,"Școala Gimnazială „Aurel Haiduc”, Trip",5.27,5.84,4.72,12
Satu Mare,"Școala Gimnazială „Csury Bálint”, Agriș",5.2,5.9,3.1,1
Satu Mare,"Școala Gimnazială „Gellért Sándor”, Micula",5.18,5.45,4.89,23
Satu Mare,"Școala Gimnazială „Wesselenyi”, Hodod",5.15,4.98,4.07,14
Satu Mare,Școala Gimnazială Sărăuad,5.08,6.44,3.73,4
Satu Mare,Școala Gimnazială Oar,5.07,4.17,4.5,11
Satu Mare,"Școala Gimnazială, Sântău",5.07,5.59,4.55,11
Satu Mare,Școala Gimnazială Terebești,5.05,5.44,4.66,16
Satu Mare,Școala Gimnazială Botiz,5.01,5.47,4.56,18
Satu Mare,"Școala Gimnazială „Petőfi Sándor”, Livada",5.0,5.01,4.23,61
Satu Mare,Școala Gimnazială Poiana Codrului,5.0,5.28,4.59,15
Satu Mare,"Școala Gimnazială, Cehal",4.96,5.58,4.14,4
Satu Mare,Școala Gimnazială Gherța Mica,4.96,5.06,4.86,22
Satu Mare,Școala Gimnazială „Pir”,4.89,4.25,4.28,16
Satu Mare,Școala Gimnazială Orașu Nou,4.88,4.11,4.68,9
Satu Mare,"Școala Gimnazială „Vasile Lucaciu”, Apa",4.84,5.21,4.48,15
Satu Mare,Școala Gimnazială Homorodul de Mijloc,4.79,5.34,4.25,13
Satu Mare,"Școala Gimnazială „Gheorghe Bulgăr”, Sanislău",4.79,4.39,4.83,29
Satu Mare,Școala Gimnazială Dorolț,4.78,3.73,3.76,10
Satu Mare,Școala Gimnazială Nadișu Hododului,4.77,3.68,4.3,11
Satu Mare,Școala Gimnazială Dara,4.76,3.66,3.38,8
Satu Mare,Școala Gimnazială Tiream,4.75,3.95,4.93,11
Satu Mare,"Școala Gimnazială „Bem József”, Cărășeu",4.71,3.21,4.48,10
Satu Mare,Școala Gimnazială Andrid,4.68,4.56,4.79,17
Satu Mare,"Școala Gimnazială „Gyorfi Endre”, Dobra",4.65,3.55,3.97,8
Satu Mare,"Școala Gimnazială „Iuliu Coroianu”, Craidorolț",4.64,5.1,4.18,13
Satu Mare,Școala Gimnazială Berveni,4.43,2.83,4.58,6
Satu Mare,"Școala Gimnazială Dr. Vasile Lucaciu, Satu Mare",4.38,3.58,4.16,22
Satu Mare,"Școala Gimnazială, Pișcolt",4.35,4.09,4.05,19
Satu Mare,Școala Gimnazială Iojib,4.32,3.36,2.97,5
Satu Mare,"Școala Gimnazială Viile, Satu Mare",4.3,3.67,4.16,23
Satu Mare,"Școala Gimnazială „Viorel Sălăgean”, Beltiug",4.21,3.97,3.9,22
Satu Mare,"Școala Gimnazială, Culciu Mare",4.18,4.33,4.04,8
Satu Mare,Școala Gimnazială Căuaș,4.11,3.43,4.2,5
Satu Mare,Școala Gimnazială Rătești,3.96,4.1,3.44,7
Satu Mare,Școala Gimnazială Săuca,3.91,3.33,4.5,7
Satu Mare,Școala Gimnazială „Dobai-Plosca” Acâș,3.89,2.78,3.62,21
Satu Mare,"Școala Gimnazială Nr. 11, Sătmărel",3.78,4.25,3.32,7
Satu Mare,Școala Gimnazială Giorocuța,3.73,3.74,3.72,7
Satu Mare,Liceul Tehnologic Ardud,3.7,3.23,3.54,25
Satu Mare,Școala Gimnazială Cidreag,3.53,1.83,3.83,8
Satu Mare,Școala Gimnazială Ghenci,3.39,2.08,3.24,12
Satu Mare,Școala Gimnazială Moftinu Mare,3.2,3.18,3.23,7
Satu Mare,Școala Gimnazială Becheni,3.17,1.9,4.03,9
Satu Mare,Școala Gimnazială „Irina”,3.09,1.83,2.9,5
Satu Mare,Școala Gimnazială Săcășeni,3.07,2.83,3.5,5
Satu Mare,"Școala Gimnazială „Anton Pann”, Hrip",3.01,2.52,3.5,7
Satu Mare,"Școala Gimnazială „Ion Barbu”, Ambud",2.7,1.45,3.33,8
Sibiu,"Colegiul Național „Gheorghe Lazăr”, Sibiu",9.18,9.22,9.15,58
Sibiu,"Colegiul Național „Samuel von Brukenthal”, Sibiu",8.51,8.55,8.02,100
Sibiu,"Liceul Teoretic „Onisifor Ghibu”, Sibiu",8.39,8.43,8.13,29
Sibiu,"Colegiul Național „Octavian Goga”, Sibiu",8.15,8.36,7.92,118
Sibiu,"Școala Gimnazială „Nicolae Iorga”, Sibiu",8.14,8.18,7.99,153
Sibiu,"Școala Gimnazială „Ioan Ban - Dascălu”, Poiana Sibiului",8.11,8.4,7.82,21
Sibiu,"Școala Gimnazială „Regina Maria”, Sibiu",8.05,8.26,7.85,97
Sibiu,"Școala Gimnazială „Româno-Finlandeză”, Sibiu",7.92,8.26,7.59,18
Sibiu,"Școala Gimnazială „Ion Luca Caragiale”, Sibiu",7.91,7.98,7.69,82
Sibiu,"Școala Gimnazială Nr. 4, Sibiu",7.81,7.9,7.72,98
Sibiu,"Școala Gimnazială „Cireșarii”, Mediaș",7.58,7.94,7.22,35
Sibiu,"Școala Gimnazială Nr. 25, Sibiu",7.51,7.77,7.26,61
Sibiu,"Școala Gimnazială „Radu Selejan”, Sibiu",7.49,7.82,7.15,78
Sibiu,"Colegiul Național Pedagogic „Andrei Șaguna”, Sibiu",7.48,7.71,7.26,37
Sibiu,"Școala Gimnazială Nr. 18, Sibiu",7.48,7.56,7.41,83
Sibiu,"Școala Gimnazială „Báthory István”, Mediaș",7.45,7.6,6.25,13
Sibiu,"Liceul Teoretic „Constantin Noica”, Sibiu",7.37,7.54,7.21,60
Sibiu,"Liceul Teoretic „Roth - Oberth”, Mediaș",7.32,7.67,6.71,48
Sibiu,Liceul de Artă Sibiu,7.28,7.62,6.94,41
Sibiu,"Școala Gimnazială Nr. 1, Sibiu",7.24,7.35,7.13,60
Sibiu,"Școala Gimnazială Nr. 3, Cisnădie",7.2,7.25,7.16,39
Sibiu,"Școala Gimnazială „Mihai Viteazu”, Șelimbăr",7.2,7.26,7.13,43
Sibiu,"Școala Gimnazială Nr. 8, Sibiu",7.16,7.18,7.15,47
Sibiu,"Școala Gimnazială „Samuil Micu”, Sadu",7.05,7.63,6.47,20
Sibiu,"Liceul Teoretic „Gustav Gundisch”, Cisnădie",7.04,7.21,6.78,53
Sibiu,"Școala Gimnazială, Apoldu de Sus",6.95,6.98,6.93,2
Sibiu,Liceul Tehnologic Mârșa,6.93,7.7,6.16,11
Sibiu,"Școala Gimnazială „Constantin Ioan Motaș”, Mediaș",6.92,6.91,6.93,49
Sibiu,"Liceul Tehnologic „Johannes Lebel”, Tălmaciu",6.9,7.17,6.64,31
Sibiu,"Școala Gimnazială Nr. 13, Sibiu",6.9,6.99,6.82,71
Sibiu,"Școala Gimnazială Nr. 21, Sibiu",6.87,6.91,6.84,66
Sibiu,"Liceul Tehnologic „Ioan Lupas”, Săliște",6.87,7.02,6.73,37
Sibiu,"Școala Gimnazială „Ioan Slavici”, Sibiu",6.82,6.9,6.74,55
Sibiu,"Școala Gimnazială „Mihai Eminescu”, Mediaș",6.75,7.03,6.48,47
Sibiu,Școala Gimnazială Racovița,6.71,7.17,6.25,18
Sibiu,"Școala Gimnazială „Octavian Goga”, Rășinari",6.65,6.98,6.33,33
Sibiu,"Liceul Teoretic „Gheorghe Lazăr”, Avrig",6.55,7.04,6.08,39
Sibiu,"Școala Gimnazială „Regele Ferdinand”, Sibiu",6.54,6.8,6.28,59
Sibiu,"Școala Gimnazială, Slimnic",6.53,6.91,6.15,13
Sibiu,"Școala Gimnazială, Porumbacu de Jos",6.49,6.83,6.17,8
Sibiu,Școala Gimnazială Bârghiș,6.49,7.51,5.47,9
Sibiu,"Școala Gimnazială Nr. 3, Copșa Mică",6.4,6.49,6.32,11
Sibiu,"Școala Gimnazială „Matei Basarab”, Turnu Roșu",6.38,6.57,6.2,13
Sibiu,"Școala Gimnazială Nr. 7, Mediaș",6.35,6.71,5.99,39
Sibiu,"Școala Gimnazială „Ion Pop Reteganul”, Orlat",6.32,6.62,5.8,21
Sibiu,"Școala Gimnazială Nr. 2, Cisnădie",6.29,6.82,5.76,19
Sibiu,"Școala Gimnazială „Aurel Decei”, Gura Râului",6.26,6.54,5.98,37
Sibiu,"Școala Gimnazială Nr. 12, Sibiu",6.24,6.4,6.08,15
Sibiu,"Școala Gimnazială „Ion Albescu”, Boița",6.24,6.35,6.13,16
Sibiu,Școala Gimnazială Boian,6.21,7.01,5.41,8
Sibiu,"Școala Gimnazială „Marțian Negrea”, Valea Viilor",6.19,6.68,5.71,7
Sibiu,Școala Gimnazială Păuca,6.19,6.78,5.61,10
Sibiu,"Școala Gimnazială „Georg Daniel Teutsch”, Agnita",6.14,6.13,6.14,26
Sibiu,Școala Gimnazială Șeica Mare,6.11,6.42,5.8,21
Sibiu,"Școala Gimnazială Nr. 2, Sibiu",6.09,6.53,5.67,16
Sibiu,"Școala Gimnazială Nr. 23, Sibiu",6.09,6.9,5.29,10
Sibiu,Școala Gimnazială Bradu,6.08,6.51,5.67,9
Sibiu,"Școala Gimnazială, Tălmaciu",6.08,6.31,5.86,13
Sibiu,"Școala Gimnazială, Ocna Sibiului",6.07,6.23,5.91,14
Sibiu,"Școala Gimnazială „Sava Popovici Barcianu”, Rășinari",6.05,6.04,6.07,13
Sibiu,Școala Gimnazială Alămor,6.01,6.34,5.68,11
Sibiu,"Școala Gimnazială „Badea Cîrțan”, Cârțișoara",6.01,6.67,5.35,10
Sibiu,Școala Gimnazială Loamneș,5.87,6.19,5.55,15
Sibiu,"Școala Gimnazială, Avrig",5.87,6.27,5.48,24
Sibiu,"Școala Gimnazială, Cristian",5.84,6.43,5.25,34
Sibiu,Școala Gimnazială Agârbiciu,5.83,5.84,5.83,8
Sibiu,Școala Gimnazială Săcel,5.69,5.64,5.74,9
Sibiu,"Școala Gimnazială, Râu Sadului",5.65,5.65,5.65,3
Sibiu,"Liceul „August Treboniu Laurian”, Agnita",5.61,5.64,5.58,36
Sibiu,"Școala Gimnazială, Bazna",5.6,6.06,5.15,11
Sibiu,"Școala Gimnazială Nr. 4, Mediaș",5.58,5.94,5.21,33
Sibiu,"Școala Gimnazială, Ruși",5.57,5.58,5.56,8
Sibiu,"Școala Gimnazială, Roșia",5.52,6.6,4.45,4
Sibiu,"Școala Gimnazială, Poplaca",5.45,5.64,5.26,15
Sibiu,"Școala Gimnazială „George Popa”, Mediaș",5.37,6.29,4.46,21
Sibiu,"Școala Gimnazială „Viorel Cucu”, Paltin Arpașu de Jos",5.36,5.51,5.23,18
Sibiu,"Liceul Tehnologic „Ilie Măcelariu”, Miercurea Sibiului",5.32,5.35,5.29,15
Sibiu,"Școala Gimnazială Waldorf „Hans Spalinger”, Roșia",5.3,5.3,5.3,1
Sibiu,"Școala Gimnazială „Andrei Șaguna”, Șura Mare",5.22,5.29,5.15,32
Sibiu,Școala Gimnazială „Axente Sever”,5.14,5.94,4.34,4
Sibiu,Școala Gimnazială Bruiu,5.1,5.8,4.4,1
Sibiu,Școala Gimnazială Șura Mică,5.08,5.59,4.58,14
Sibiu,"Școala Gimnazială „Aviator Ioan Sava”, Alțîna",5.08,5.52,4.64,11
Sibiu,"Școala Gimnazială Nr. 10, Sibiu",5.03,5.27,4.8,15
Sibiu,"Școala Gimnazială, Apoldu de Jos",5.02,5.42,4.63,6
Sibiu,Liceul Tehnologic Iacobeni,5.0,4.96,4.76,15
Sibiu,Școala Gimnazială Veștem,4.9,5.03,4.78,9
Sibiu,Școala Gimnazială Șaroș pe Târnave,4.8,5.43,4.18,6
Sibiu,"Școala Gimnazială „Stephan Ludwig Roth”, Moșna",4.78,4.81,4.56,25
Sibiu,Școala Gimnazială Noiștat,4.77,4.57,4.54,12
Sibiu,Școala Gimnazială Tilișca,4.7,4.75,4.66,16
Sibiu,"Școala Gimnazială „Corneliu Păcurariu”, Micăsasa",4.68,4.91,4.46,7
Sibiu,"Școala Gimnazială, Brateiu",4.64,5.08,4.21,11
Sibiu,"Școala Gimnazială „Ilie Micu”, Ludoș",4.55,4.88,4.23,2
Sibiu,"Școala Gimnazială, Daia",4.52,4.75,4.3,14
Sibiu,Școala Gimnazială Buzd,4.51,5.56,3.46,11
Sibiu,"Școala Gimnazială, Cașolț",4.48,5.13,3.84,7
Sibiu,"Școala Gimnazială „Lucian Bologa”, Marpod",4.47,4.39,4.5,7
Sibiu,"Liceul „Timotei Cipariu”, Dumbrăveni",4.44,4.63,4.26,33
Sibiu,Liceul Tehnologic Cisnădie,4.44,4.46,4.44,11
Sibiu,Școala Gimnazială Curciu,4.4,4.62,4.2,4
Sibiu,Școala Gimnazială Nocrich,4.4,4.76,4.04,20
Sibiu,Școala Gimnazială Vurpăr,4.39,4.9,3.88,23
Sibiu,"Centrul Școlar de Educație Incluzivă Nr. 2, Sibiu",4.35,4.2,4.5,1
Sibiu,Școala Gimnazială Ațel,4.3,3.98,4.62,12
Sibiu,"Școala Gimnazială, Biertan",4.26,4.43,4.1,11
Sibiu,"Școala Gimnazială, Scoreiu",4.21,4.73,3.7,3
Sibiu,Școala Gimnazială Șeica Mică,4.08,4.17,4.0,11
Sibiu,Școala Gimnazială „Nou”,4.08,4.52,3.64,17
Sibiu,"Școala Gimnazială, Merghindeal",4.04,4.47,3.62,5
Sibiu,"Școala Gimnazială, Chirpăr",3.95,4.13,3.78,13
Sibiu,Școala Gimnazială Ighișu Nou,3.85,3.8,3.9,8
Sibiu,"Școala Gimnazială „Ioan Moraru”, Dârlos",3.83,4.42,3.25,9
Sibiu,"Școala Gimnazială, Brădeni",3.82,3.74,3.73,15
Sibiu,Școala Gimnazială Valchid,3.76,4.85,2.67,5
Sibiu,"Școala Gimnazială, Hosman",3.74,3.68,3.79,10
Sibiu,Școala Gimnazială Mălâncrav,3.66,3.27,4.05,9
Sibiu,"Școala Gimnazială, Blăjel",3.47,4.23,2.72,3
Sibiu,"Școala Gimnazială, Laslea",3.42,3.31,3.53,7
Sibiu,Școala Gimnazială „Alma”,3.4,3.61,3.2,7
Sibiu,Școala Gimnazială Mihăileni,3.4,3.48,3.31,8
Sibiu,"Școala Gimnazială, Jina",3.21,3.46,2.96,13
Sibiu,"Școala Gimnazială Nr. 11, Sibiu",3.12,3.41,2.83,7
Sibiu,Centrul Școlar de Educație Incluzivă „Elena Delia Stoicescu” Sibiu,2.93,2.87,3.0,5
Sibiu,Școala Gimnazială Târnava,2.68,2.53,2.79,19
Sibiu,Școala Gimnazială Hoghilag,2.52,2.4,2.64,7
Suceava,"Colegiul Național „Ștefan cel Mare”, Suceava",9.06,9.16,8.98,58
Suceava,"Colegiul Național „Petru Rareș”, Suceava",8.98,9.2,8.78,47
Suceava,"Școala Gimnazială „Bogdan Vodă”, Rădăuți",8.5,8.66,8.35,55
Suceava,"Colegiul Național „Nicu Gane”, Fălticeni",8.37,8.25,8.49,30
Suceava,"Școala Gimnazială Nr. 1, Gura Humorului",8.1,8.05,8.15,43
Suceava,"Școala Gimnazială „Teodor Bălan”, Gura Humorului",8.06,8.18,7.95,73
Suceava,"Școala Gimnazială Nr. 1, Vatra Dornei",8.05,8.66,7.43,32
Suceava,"Colegiul Național „Eudoxiu Hurmuzachi”, Rădăuți",8.03,8.19,7.87,21
Suceava,"Școala Gimnazială Nr. 4, Suceava",8.01,8.22,7.8,74
Suceava,"Școala Gimnazială Nr. 3, Suceava",7.94,8.13,7.76,80
Suceava,"Școala Gimnazială Nr. 8, Suceava",7.82,7.82,7.82,63
Suceava,"Colegiul Național „Mihai Eminescu”, Suceava",7.77,7.93,7.61,60
Suceava,"Școala Gimnazială Nr. 10, Suceava",7.69,7.93,7.45,103
Suceava,"Colegiul Tehnic „Lătcu Vodă”, Siret",7.68,7.98,7.39,23
Suceava,"Liceul Teoretic „Filadelfia”, Suceava",7.65,7.64,7.68,68
Suceava,"Școala Gimnazială „Miron Costin”, Suceava",7.65,7.85,7.44,146
Suceava,"Școala Gimnazială „Mihai Eminescu”, Rădăuți",7.63,7.77,7.5,105
Suceava,"Școala Gimnazială „Ion Creangă”, Suceava",7.61,7.86,7.37,148
Suceava,Școala Gimnazială Ciocănești,7.59,8.04,7.13,12
Suceava,"Școala Gimnazială „Bogdan Vodă”, Câmpulung Moldovenesc",7.58,7.82,7.35,57
Suceava,"Școala Gimnazială „Regina Elisabeta”, Rădăuți",7.53,7.69,7.38,45
Suceava,Școala Gimnazială Șaru Dornei,7.53,7.95,7.11,12
Suceava,"Școala Gimnazială „Luca Gavril”, Drăgușeni",7.5,7.86,7.14,30
Suceava,"Școala Gimnazială Nr. 4, Vatra Dornei",7.49,7.74,7.24,55
Suceava,"Școala Gimnazială „Ioan Băncescu”, Adâncata",7.48,7.85,7.12,30
Suceava,"Școala Gimnazială „Ștefan cel Mare”, Cârlibaba",7.47,7.31,7.64,9
Suceava,"Școala Gimnazială „Ioan Ciurea”, Fălticeni",7.46,7.99,6.94,36
Suceava,"Școala Gimnazială „Ion Aflorei”, Izvoarele Sucevei",7.46,7.58,7.35,16
Suceava,"Liceul Tehnologic „Ștefan cel Mare”, Cajvana",7.42,7.22,7.62,119
Suceava,"Școala Gimnazială „Dimitrie Gusti”, Fundu Moldovei",7.41,7.37,7.45,24
Suceava,Liceul Teologic „Mitropolitul Dosoftei” Suceava,7.38,7.4,7.37,14
Suceava,Școala Gimnazială Ulma,7.38,7.33,7.42,11
Suceava,Școala Gimnazială Falcău,7.37,7.03,7.72,18
Suceava,"Școala Gimnazială „Popinceanu Nicolae”, Mihoveni",7.35,7.57,7.13,21
Suceava,"Școala Gimnazială Nr. 1, Suceava",7.35,7.45,7.26,102
Suceava,Școala Gimnazială Măriței,7.33,7.82,6.85,21
Suceava,"Liceul Tehnologic „Ion Nistor”, Vicovu de Sus",7.33,7.66,7.0,83
Suceava,"Școala Gimnazială, Coșna",7.32,7.6,7.04,4
Suceava,"Liceul „Natanael”, Suceava",7.32,7.21,7.43,20
Suceava,"Școala Gimnazială „Ion Irimescu”, Fălticeni",7.31,7.76,6.86,75
Suceava,"Școala Gimnazială „Dimitrie Onciul”, Straja",7.29,7.43,7.16,60
Suceava,"Școala Gimnazială „Ioan Vicoveanu”, Vicovu de Jos",7.22,7.38,7.07,34
Suceava,"Școala Gimnazială Nr. 2, Vatra Dornei",7.22,7.53,6.92,42
Suceava,"Școala Gimnazială, Poiana Stampei",7.19,7.21,7.16,12
Suceava,Școala Gimnazială Bivolăria,7.18,7.51,6.85,41
Suceava,"Școala Gimnazială „Liviu Suhar”, Iacobeni",7.17,7.25,7.1,2
Suceava,Școala Gimnazială Milișăuți,7.15,7.58,6.74,36
Suceava,Școala Gimnazială Calafindești,7.11,7.4,6.84,25
Suceava,"Școala Gimnazială „Vornicu Simion Tăutu”, Comănești",7.1,6.73,7.48,4
Suceava,"Colegiul Tehnic „Mihai Băcescu”, Fălticeni",7.1,7.37,6.83,26
Suceava,"Școala Gimnazială „Alexandru Ioan Cuza”, Fălticeni",7.09,7.32,6.86,62
Suceava,"Școala Gimnazială „Cristofor Simionescu”, Plopeni",7.05,7.51,6.6,35
Suceava,"Școala Gimnazială Moldova, Sulița",7.03,7.11,6.95,17
Suceava,"Școala Gimnazială Nr. 3, Vicovu de Sus",6.99,6.64,7.21,24
Suceava,"Școala Gimnazială „Vasile Tomegea”, Boroaia",6.99,7.58,6.41,43
Suceava,Școala Gimnazială Preutești,6.99,7.63,6.35,17
Suceava,"Școala Gimnazială „Grigore Ghica Voievod”, Suceava",6.98,7.32,6.65,13
Suceava,"Școala Gimnazială „Nicolae Labiș”, Mălini",6.97,7.12,6.82,31
Suceava,Liceul Tehnologic Dorna Candrenilor,6.97,7.13,6.8,22
Suceava,"Școala Gimnazială „Iraclie Porumbescu”, Frătăuții Noi",6.95,7.02,6.88,16
Suceava,"Școala Gimnazială „Iulian Vesper”, Horodnic de Sus",6.94,7.33,6.55,17
Suceava,"Școala Gimnazială Nr. 2, Iaslovăț",6.94,6.49,7.4,35
Suceava,"Colegiul de Artă „Ciprian Porumbescu”, Suceava",6.92,7.1,6.74,49
Suceava,"Școala Gimnazială „Petru Comarnescu”, Gura Humorului",6.92,6.75,7.09,38
Suceava,"Școala Gimnazială Nr. 2, Vicovu de Jos",6.91,7.54,6.29,31
Suceava,Școala Gimnazială Lupcina,6.9,7.05,6.76,11
Suceava,"Școala Gimnazială „Samson Bodnărescu”, Gălănești",6.9,7.23,6.57,27
Suceava,"Școala Gimnazială „Aurelian Stanciu”, Salcea",6.88,7.28,6.41,27
Suceava,"Școala Gimnazială „Krystyna Bochenek”, Poiana Micului",6.87,6.97,6.78,7
Suceava,"Școala Gimnazială, Pojorâta",6.87,7.19,6.56,11
Suceava,"Școala Gimnazială, Ipotești",6.87,7.06,6.69,79
Suceava,"Școala Gimnazială Nr. 1, Iaslovăț",6.86,6.45,7.28,30
Suceava,Școala Gimnazială Panaci,6.85,6.73,6.97,16
Suceava,"Școala Gimnazială Nr. 1, Vicovu de Sus",6.85,6.96,6.66,27
Suceava,"Școala Gimnazială „George Voevidca”, Câmpulung Moldovenesc",6.83,7.12,6.31,22
Suceava,"Școala Gimnazială Nr. 3, Marginea",6.81,7.08,6.55,21
Suceava,"Școala Gimnazială Nr. 2, Marginea",6.8,6.84,6.76,28
Suceava,Școala Gimnazială Corocăiești,6.79,6.83,6.75,15
Suceava,"Școala Gimnazială, Breaza",6.79,6.92,6.66,13
Suceava,"Școala Gimnazială „Dimitrie Cantemir”, Rădăuți",6.77,7.3,6.25,37
Suceava,Școala Gimnazială Șerbăuți,6.77,6.41,7.13,20
Suceava,"Școala Gimnazială „Alexandru Lăpușneanu”, Slatina",6.76,6.92,6.6,13
Suceava,Școala Gimnazială Brodina,6.76,6.53,6.86,28
Suceava,"Școala Gimnazială „Mitropolit Iacob Putneanul”, Putna",6.74,6.7,6.78,23
Suceava,"Școala Gimnazială Nr. 2, Bogdănești",6.69,6.93,6.46,20
Suceava,Școala Gimnazială Liteni,6.69,7.22,6.17,10
Suceava,Școala Gimnazială Pârteștii de Sus,6.68,6.29,7.08,22
Suceava,"Liceul Tehnologic „Vasile Gherasim”, Marginea",6.68,6.83,6.53,40
Suceava,Școala Gimnazială Hârtop,6.68,6.83,6.54,20
Suceava,Școala Gimnazială Frătăuții Vechi,6.66,6.88,6.44,23
Suceava,"Școala Gimnazială „Pahomie C. Vasiliu”, Grămești",6.65,6.58,6.73,20
Suceava,"Școala Gimnazială „Iacob Costache”, Văratec",6.64,7.53,5.75,12
Suceava,"Școala Gimnazială „Teodor V. Ștefanelli”, Câmpulung Moldovenesc",6.61,6.86,6.36,48
Suceava,"Școala Gimnazială Nr. 1, Vadu Moldovei",6.6,6.78,6.43,20
Suceava,"Școala Gimnazială „Mihai Halunga”, Hănțești",6.59,6.42,6.76,22
Suceava,"Școala Gimnazială „Artur Gorovei”, Bunești",6.58,6.21,6.95,14
Suceava,"Școala Gimnazială „Ion Șuhane”, Frumosu",6.58,6.71,6.44,29
Suceava,Liceul Tehnologic Special Bivolăria,6.56,6.69,6.44,10
Suceava,Școala Gimnazială Bucșoaia,6.55,6.26,6.84,14
Suceava,"Școala Gimnazială „Mihail Sadoveanu”, Fălticeni",6.55,6.62,6.41,58
Suceava,"Școala Gimnazială, Gura Putnei",6.51,6.58,6.45,11
Suceava,"Liceul Tehnologic „Vasile Cocea”, Moldovița",6.51,6.57,6.46,22
Suceava,Școala Gimnazială Botoșana,6.48,6.75,6.22,25
Suceava,"Liceul Tehnologic „Mihai Eminescu”, Dumbraveni",6.46,6.89,6.0,123
Suceava,"Școala Gimnazială „Constantin Blănaru”, Cornu Luncii",6.46,6.08,6.79,19
Suceava,"Școala Gimnazială „George Tofan”, Bilca",6.46,7.17,5.75,36
Suceava,"Școala Gimnazială Nr. 2, Vicovu de Sus",6.45,6.64,6.26,33
Suceava,Școala Gimnazială Stroiești,6.44,6.4,6.49,25
Suceava,"Școala Gimnazială „Jean Bart”, Suceava",6.44,6.59,6.29,22
Suceava,"Liceul Tehnologic „Oltea Doamna”, Dolhasca",6.43,6.38,6.49,37
Suceava,"Școala Gimnazială „Ion Lovinescu”, Rădășeni",6.43,6.83,6.02,20
Suceava,"Școala Gimnazială „Ion Muceleanu”, Fântâna Mare",6.42,6.46,6.39,14
Suceava,"Școala Gimnazială „Dr. Simion Și Metzia Hîj”, Volovăț",6.41,6.54,6.29,63
Suceava,"Școala Gimnazială „Mihail Sadoveanu”, Grănicești",6.41,6.5,6.32,19
Suceava,Școala Gimnazială Șerbănești,6.39,6.94,5.85,17
Suceava,Școala Gimnazială Dănila,6.37,6.82,5.93,6
Suceava,"Școala Gimnazială, Vatra Moldoviței",6.37,6.38,6.35,16
Suceava,Școala Gimnazială „Luca Arbure Arbore”,6.36,6.52,6.2,49
Suceava,Școala Gimnazială Dolheștii Mici,6.35,6.72,5.98,14
Suceava,Școala Gimnazială Dorna Arini,6.33,6.3,6.37,23
Suceava,"Școala Gimnazială Poieni, Solca",6.31,5.93,6.7,17
Suceava,Școala Gimnazială Bosanci,6.3,6.51,6.08,62
Suceava,Școala Gimnazială Herla,6.29,6.82,5.77,16
Suceava,"Școala Gimnazială Nr. 6, Suceava",6.28,6.16,6.4,21
Suceava,"Școala Gimnazială, Plăvălari",6.27,6.44,6.1,13
Suceava,Școala Gimnazială Râșca,6.26,6.72,5.8,34
Suceava,"Școala Gimnazială „Ion Barbir”, Capu Câmpului",6.26,7.04,5.48,12
Suceava,Școala Gimnazială Dărmănești,6.25,6.37,6.14,11
Suceava,Liceul Teoretic „Iorgu Vârnav Liteanu” Liteni,6.25,6.63,5.78,64
Suceava,Școala Gimnazială Păltinoasa,6.24,6.74,5.75,26
Suceava,"Școala Gimnazială Nr. 2, Mălini",6.24,6.68,5.8,14
Suceava,Școala Gimnazială Stulpicani,6.24,6.47,6.01,22
Suceava,"Școala Gimnazială, Poiana Negrii",6.21,6.32,6.1,13
Suceava,"Școala Gimnazială „Henryk Sienkiewicz”, Solonețu Nou",6.2,5.36,7.04,6
Suceava,"Liceul Tehnologic „Tomsa Vodă”, Solca",6.19,6.69,5.7,32
Suceava,Școala Gimnazială Bursuceni,6.18,6.44,5.92,6
Suceava,"Școala Gimnazială „Constantin Tomescu”, Pleșești",6.13,6.31,5.95,12
Suceava,"Școala Gimnazială „Gheorghe Popadiuc”, Rădăuți",6.13,5.95,6.19,21
Suceava,"Școala Gimnazială „Academician H. Mihăescu”, Udești",6.12,6.23,6.02,17
Suceava,Școala Gimnazială Cacica,6.11,6.57,5.67,3
Suceava,Școala Gimnazială Zvoriștea,6.11,6.9,5.32,20
Suceava,Școala Gimnazială Oniceni,6.1,6.57,5.63,18
Suceava,"Școala Gimnazială „Hatmanul Șendrea”, Dolheștii Mari",6.09,6.3,5.89,16
Suceava,Școala Gimnazială Zamostea,6.08,6.06,6.12,20
Suceava,"Școala Gimnazială „Prof. Nicolae Ignat”, Doroteia",6.08,6.43,5.74,9
Suceava,Școala Gimnazială Băișești,6.07,6.57,5.59,22
Suceava,"Școala Gimnazială „Ion Teodorescu”, Cotârgași",6.06,6.55,5.57,14
Suceava,Școala Gimnazială Ostra,6.06,6.31,5.81,21
Suceava,"Școala Gimnazială „Iorgu G. Toma”, Vama",6.06,6.85,5.26,33
Suceava,"Școala Gimnazială, Crucea",6.05,6.43,5.67,13
Suceava,Școala Gimnazială Dornești,6.04,5.65,6.44,24
Suceava,Școala Gimnazială Todirești,5.99,6.53,5.45,16
Suceava,Școala Gimnazială Țibeni,5.98,6.22,5.74,20
Suceava,"Școala Gimnazială „I.G. Sbiera”, Horodnic de Jos",5.95,6.61,5.3,19
Suceava,"Școala Gimnazială, Berchișești",5.92,5.66,6.18,41
Suceava,Școala Gimnazială Bădeuți,5.91,6.21,5.61,15
Suceava,Școala Gimnazială Bălcăuți,5.9,6.45,5.35,14
Suceava,"Școala Gimnazială Nr. 2, Baia",5.88,5.88,5.88,16
Suceava,Școala Gimnazială Negostina,5.88,6.71,5.06,11
Suceava,Școala Gimnazială Brodina de Sus,5.83,6.45,5.22,12
Suceava,Școala Gimnazială Siminicea,5.83,6.26,5.4,28
Suceava,Liceul cu Program Sportiv Suceava,5.8,6.08,5.54,55
Suceava,Școala Gimnazială Găinești,5.8,6.45,5.16,20
Suceava,Școala Gimnazială Argel,5.8,6.29,5.31,15
Suceava,"Școala Gimnazială „Simion Florea Marian”, Ilișești",5.76,6.22,5.31,19
Suceava,Școala Gimnazială Verești,5.75,5.94,5.55,16
Suceava,"Școala Gimnazială „Nicolae Stoleru”, Baia",5.74,6.17,5.32,36
Suceava,Școala Gimnazială Roșcani,5.74,6.22,5.27,9
Suceava,Școala Gimnazială Buda,5.73,6.32,5.14,8
Suceava,"Școala Gimnazială „Bogdan Vodă”, Capu Codrului",5.72,6.11,5.34,15
Suceava,"Școala Gimnazială „Samuil Isopescul”, Costișa",5.7,5.86,5.54,14
Suceava,"Școala Gimnazială, Satu Mare",5.7,5.73,5.67,25
Suceava,"Școala Gimnazială, Poiana Mărului",5.69,5.91,5.47,16
Suceava,Școala Gimnazială Sadova,5.67,6.12,5.24,14
Suceava,Școala Gimnazială Reuseni,5.67,5.54,5.81,11
Suceava,Școala Gimnazială „Neagra Șarului”,5.66,5.64,5.69,19
Suceava,Școala Gimnazială Rotunda,5.66,6.19,5.14,28
Suceava,"Școala Gimnazială „Ion Pintilie”, Măneuți",5.63,6.05,5.22,17
Suceava,Școala Gimnazială „Clit”,5.6,6.13,5.08,8
Suceava,"Școala Gimnazială, Mitocu Dragomirnei",5.59,5.85,5.33,39
Suceava,"Școala Gimnazială „Ieremia Valahul”, Sasca Mare",5.52,5.61,5.44,12
Suceava,Școala Gimnazială „Orest Renei” Burla,5.51,5.38,5.57,32
Suceava,"Școala Gimnazială „Petru Rareș”, Probota",5.5,5.91,5.09,13
Suceava,Școala Gimnazială Frasin,5.49,5.46,5.53,18
Suceava,"Școala Gimnazială „Dimitrie Vatamaniuc”, Sucevița",5.48,5.37,5.59,10
Suceava,Școala Gimnazială Baineț,5.48,6.29,4.67,6
Suceava,"Școala Gimnazială „Mandache Leocov”, Prelipca",5.47,5.43,5.51,12
Suceava,Școala Gimnazială „Știrbăț”,5.46,5.63,5.31,10
Suceava,"Școala Gimnazială Nr. 1, Bogdănești",5.43,5.84,5.01,13
Suceava,Școala Gimnazială „Moara Nică”,5.41,5.52,5.18,30
Suceava,"Liceul Tehnologic „Nicanor Moroșan”, Pârteștii de Jos",5.4,5.67,5.07,15
Suceava,Școala Gimnazială „Ciprian Porumbescu”,5.39,5.86,4.94,23
Suceava,"Școala Gimnazială, Gemenea",5.39,6.22,4.56,13
Suceava,"Școala Gimnazială, Românești",5.38,5.61,5.17,13
Suceava,"Liceul Tehnologic „Nicolai Nanu”, Broșteni",5.38,5.62,5.14,26
Suceava,"Școala Gimnazială „Petru Mușat”, Siret",5.36,5.88,4.84,22
Suceava,Școala Gimnazială Pâraie,5.34,5.16,5.27,10
Suceava,"Școala Gimnazială „Maria Cantacuzino”, Horodniceni",5.3,5.14,5.45,16
Suceava,Școala Gimnazială Valea Moldovei,5.23,5.69,4.77,46
Suceava,Școala Gimnazială „Ștefan cel Mare” Horodnic de Sus,5.22,5.56,4.86,34
Suceava,"Școala Gimnazială, Valea Glodului",5.21,5.25,5.18,9
Suceava,Școala Gimnazială Negrileasa,5.18,5.45,4.93,4
Suceava,Școala Gimnazială Fântânele,5.15,5.47,4.83,16
Suceava,Școala Gimnazială Humoreni,5.12,4.53,5.7,14
Suceava,Școala Gimnazială Voitinel,5.1,5.31,4.79,79
Suceava,"Școala Gimnazială, Drăgoiești",5.09,5.32,4.86,21
Suceava,Școala Gimnazială Manolea,5.07,5.42,4.73,16
Suceava,Școala Gimnazială Nigotești,5.07,4.86,5.28,11
Suceava,"Școala Gimnazială Călinești, Enache",5.02,5.27,4.78,5
Suceava,"Școala Gimnazială „Constantin Morariu”, Pătrăuți",5.01,5.28,4.75,34
Suceava,Școala Gimnazială „Voievodeasa”,4.88,5.19,4.54,19
Suceava,Școala Gimnazială Mihăiești,4.82,5.22,4.43,11
Suceava,Școala Gimnazială Arghira,4.77,5.39,4.15,12
Suceava,"Școala Gimnazială Poieni, Suceava",4.75,4.78,4.74,6
Suceava,"Școala Gimnazială „Învățător Vasile Hlihor”, Baia",4.71,4.92,4.5,14
Suceava,"Școala Gimnazială „M. Eminescu”, Bănești",4.67,5.01,4.33,22
Suceava,"Școala Gimnazială, Gura Solcii",4.51,4.35,4.68,15
Suceava,Școala Gimnazială „Moara Carp”,4.51,4.84,4.18,5
Suceava,"Școala Gimnazială, Budeni",4.17,4.79,3.55,8
Suceava,"Școala Gimnazială „Învățător Gheorghe Rădășanu”, Bogata",4.08,3.77,4.4,10
Suceava,"Școala Gimnazială Nr. 2, Frătăuții Noi",4.07,4.46,3.68,8
Suceava,Școala Gimnazială Basarabi,3.81,4.21,3.42,13
Suceava,Școala Gimnazială Gulia,3.71,3.57,3.87,24
Suceava,Școala Gimnazială „Sfântu Ilie”,3.64,4.06,3.23,12
Suceava,"Școala Gimnazială „Dimitrie Păcurariu”, Șcheia",3.26,3.16,3.36,16
Sălaj,"Colegiul Național „Silvania”, Zalău",8.87,8.81,8.94,27
Sălaj,"Școala Gimnazială Nr. 1, Bănișor",8.38,8.42,8.34,9
Sălaj,"Liceul Pedagogic „Gheorghe Șincai”, Zalău",7.99,8.27,7.71,17
Sălaj,"Școala Gimnazială „Simion Bărnuțiu”, Zalău",7.96,8.0,7.58,87
Sălaj,"Școala Gimnazială „Mihai Eminescu”, Zalău",7.85,7.95,7.65,163
Sălaj,"Școala Gimnazială „Gheorghe Lazăr”, Zalău",7.82,8.17,7.48,87
Sălaj,"Școala Gimnazială „Báthory István”, Șimleu Silvaniei",7.7,7.6,7.0,28
Sălaj,"Școala Gimnazială „Gyulaffy László”, Cehu Silvaniei",7.59,7.41,6.65,18
Sălaj,"Școala Gimnazială Nr. 1, Vârșolț",7.47,7.69,6.06,7
Sălaj,"Școala Gimnazială Nr. 1, Borla",7.37,6.86,6.38,10
Sălaj,"Școala Gimnazială Nr. 1, Marca",7.32,7.47,7.19,14
Sălaj,"Școala Gimnazială Nr. 1, Hereclean",7.14,7.38,6.9,3
Sălaj,Școala Gimnazială „Archid”,7.06,6.26,6.37,7
Sălaj,"Liceul Reformat „Wesselényi”, Zalău",7.05,6.73,6.09,25
Sălaj,"Școala Gimnazială Nr. 1, Deja",7.05,6.29,6.34,7
Sălaj,"Liceul cu Program Sportiv „Avram Iancu”, Zalău",7.04,7.15,6.93,41
Sălaj,"Școala Gimnazială „Corneliu Coposu”, Zalău",7.0,7.07,6.93,64
Sălaj,"Școala Gimnazială Nr. 1, Valcău de Jos",6.96,7.09,6.83,22
Sălaj,"Școala Gimnazială „Szikszai Lajos”, Șamșud",6.92,6.12,6.43,18
Sălaj,"Liceul de Artă „Ioan Sima”, Zalău",6.9,7.21,6.58,32
Sălaj,"Școala Gimnazială Nr. 1, Băbeni",6.86,7.68,6.05,4
Sălaj,"Școala Gimnazială „Silvania”, Șimleu Silvaniei",6.76,7.01,6.52,68
Sălaj,"Școala Gimnazială „Iuliu Maniu”, Zalău",6.7,6.98,6.42,15
Sălaj,"Școala Gimnazială „Vasile Lucăcel”, Someș Odorhei",6.67,6.98,6.37,14
Sălaj,"Școala Gimnazială „Petri Mor”, Nușfalău",6.58,5.87,5.96,28
Sălaj,"Liceul Ortodox „Sf. Nicolae”, Zalău",6.51,6.69,6.34,25
Sălaj,Liceul Tehnologic nr. 1 Sărmașag,6.51,5.81,5.87,28
Sălaj,"Școala Gimnazială Nr. 1, Boghiș",6.48,5.43,5.86,20
Sălaj,"Școala Gimnazială Porolissum, Zalău",6.4,6.51,6.3,40
Sălaj,"Liceul Tehnologic „Cserey-Goga”, Crasna",6.36,5.95,5.59,48
Sălaj,"Școala Gimnazială „Lucian Blaga”, Jibou",6.3,6.35,6.16,54
Sălaj,Școala Gimnazială Guruslău,6.29,5.83,5.58,2
Sălaj,"Școala Gimnazială „Petre Dulfu”, Sălățig",6.26,6.47,6.07,6
Sălaj,"Liceul Tehnologic „Octavian Goga”, Jibou",6.25,6.49,6.0,40
Sălaj,"Școala Gimnazială Nr. 1, Pericei",6.23,5.38,5.98,29
Sălaj,"Școala Gimnazială Nr. 1, Zimbor",6.22,6.44,6.0,8
Sălaj,"Școala Gimnazială „Horea”, Șimleu Silvaniei",6.17,6.48,5.63,17
Sălaj,"Școala Gimnazială „Marcus Aurelius”, Creaca",6.12,6.73,5.52,9
Sălaj,Școala Profesională SÂG,6.0,5.84,5.78,31
Sălaj,"Școala Gimnazială „Dr. Dimitrie Culcer”, Stârciu",5.95,6.22,5.69,9
Sălaj,"Școala Gimnazială Nr. 1, Letca",5.95,6.36,5.54,5
Sălaj,"Școala Gimnazială „Simion Bărnuțiu”, Bocșa",5.91,6.23,5.59,14
Sălaj,Liceul Tehnologic nr. 1 Surduc,5.9,6.13,5.68,11
Sălaj,"Școala Gimnazială Nr. 1, Măeriște",5.88,6.15,5.62,13
Sălaj,"Școala Gimnazială Nr. 1, Rus",5.78,5.99,5.57,8
Sălaj,"Școala Gimnazială Nr. 1, Făgetu",5.76,5.52,4.81,9
Sălaj,"Școala Gimnazială Nr. 1, Bălan",5.69,6.24,5.13,21
Sălaj,"Școala Gimnazială Nr. 1, Ip",5.66,5.88,5.12,27
Sălaj,"Școala Gimnazială Nr. 1, Dobrin",5.61,5.73,5.49,5
Sălaj,"Școala Gimnazială Nr. 1, Jebucu",5.58,4.53,4.91,6
Sălaj,"Școala Gimnazială, Derșida",5.58,5.86,5.3,8
Sălaj,"Școala Gimnazială Nr. 1, Horoatu Crasnei",5.55,6.03,5.08,10
Sălaj,"Școala Gimnazială Nr. 1, Cristolț",5.55,6.75,4.35,1
Sălaj,"Școala Gimnazială Nr. 1, Camăr",5.54,3.95,4.9,16
Sălaj,"Școala Gimnazială „Andrei Mureșanu”, Cehu Silvaniei",5.53,6.18,4.88,28
Sălaj,"Școala Gimnazială Nr. 1, Carastelec",5.52,4.16,4.77,16
Sălaj,"Școala Gimnazială Nr. 1, Agrij",5.47,5.87,5.08,9
Sălaj,"Școala Gimnazială Nr. 1, Aghireș",5.46,5.85,5.08,6
Sălaj,"Școala Gimnazială Nr. 1, Coșeiu",5.45,5.95,4.95,3
Sălaj,"Școala Gimnazială Nr. 1, Plopiș",5.45,5.2,5.7,11
Sălaj,"Școala Gimnazială Nr. 1, Zalha",5.45,5.57,5.33,3
Sălaj,"Școala Gimnazială „Avram Iancu”, Halmășd",5.44,5.45,5.43,16
Sălaj,"Școala Gimnazială „Aurelia și Lazăr Cosma”, Treznea",5.4,5.02,5.79,6
Sălaj,"Școala Gimnazială, Meseșenii de Sus",5.38,5.07,5.7,9
Sălaj,Liceul Tehnologic nr. 1 Gâlgău,5.38,5.61,5.16,28
Sălaj,"Școala Gimnazială „Avram Iancu”, Aluniș",5.33,5.34,5.32,7
Sălaj,"Liceul Tehnologic „Liviu Rebreanu”, Hida",5.22,5.28,5.18,20
Sălaj,"Școala Gimnazială „Traian Crețu”, Năpradea",5.19,5.62,4.77,12
Sălaj,"Școala Gimnazială Nr. 1, Românași",5.16,5.09,5.09,24
Sălaj,"Școala Gimnazială „Gheorghe Șincai”, Bobota",5.11,5.03,5.2,5
Sălaj,"Liceul Tehnologic „Ioachim Pop”, Ileanda",4.87,5.25,4.49,12
Sălaj,"Școala Gimnazială „Vasile Breban”, Crișeni",4.85,5.05,4.65,13
Sălaj,"Școala Gimnazială Nr. 2, Sărmășag",4.84,5.22,4.47,7
Sălaj,"Școala Gimnazială Nr. 1, Buciumi",4.67,5.03,4.31,27
Sălaj,"Școala Gimnazială „Horea Cizer”,",4.65,5.46,3.84,7
Sălaj,"Școala Gimnazială Nr. 1, Gârbou",4.61,4.56,4.27,9
Sălaj,"Școala Gimnazială Nr. 1, Mirșid",4.46,4.88,4.03,12
Sălaj,"Școala Gimnazială „Ady Endre”, Lompirt",4.38,3.25,3.77,6
Sălaj,"Școala Gimnazială Nr. 1, Chieșd",4.31,4.5,4.12,16
Sălaj,"Școala Gimnazială Nr. 1, Sânmihaiu Almașului",4.31,4.83,3.78,14
Sălaj,"Școala Gimnazială Nr. 1, Șimișna",4.29,4.41,4.16,5
Sălaj,"Școala Gimnazială Nr. 1, Lozna",4.24,4.09,4.39,5
Sălaj,"Școala Gimnazială Nr. 1, Almașu",4.05,4.63,3.34,9
Sălaj,Școala Gimnazială Iaz,3.88,3.65,4.11,6
Sălaj,"Școala Gimnazială Nr. 1, Dragu",3.79,4.07,3.51,8
Sălaj,"Școala Gimnazială, Giurtelecu Șimleului",3.72,3.88,3.57,4
Sălaj,"Școala Gimnazială „Petre Hossu”, Cheud",3.71,3.68,3.75,3
Sălaj,"Școala Gimnazială „Gheorghe Munteanu”, Poiana Blenchii",3.61,3.67,3.05,5
Sălaj,"Școala Gimnazială „George Coșbuc”, Zalău",3.36,3.63,3.09,11
Sălaj,"Școala Gimnazială Nr. 1, Fildu de Mijloc",3.14,2.95,3.33,10
Sălaj,"Școala Gimnazială Nr. 1, Cuzăplac",3.09,2.99,3.15,9
Sălaj,"Școala Gimnazială, Valcău de Sus",3.05,3.11,3.0,5
Sălaj,"Școala Gimnazială Nr. 1, Pusta",2.23,1.79,2.74,47
Sălaj,Centrul Școlar Pentru Educație Incluzivă „Speranța”,2.22,2.31,2.13,4
Teleorman,"Școala Gimnazială „Mihai Viteazul”, Alexandria",8.03,8.25,7.81,82
Teleorman,"Școala Gimnazială „Ștefan cel Mare”, Alexandria",7.7,7.95,7.46,109
Teleorman,"Școala Gimnazială „Ion Preotu”, Troianul",7.56,8.13,6.98,12
Teleorman,"Școala Gimnazială „Mihai Eminescu”, Roșiori de Vede",7.36,7.51,7.22,59
Teleorman,"Școala Gimnazială Nr. 7, Alexandria",7.09,7.33,6.85,49
Teleorman,"Școala Gimnazială „Mihai Eminescu”, Alexandria",7.03,7.37,6.69,67
Teleorman,"Școala Gimnazială Nr. 1, Videle",7.01,6.75,7.27,56
Teleorman,"Școala Gimnazială „Miron Radu Paraschivescu”, Zimnicea",6.94,7.06,6.83,23
Teleorman,"Școala Gimnazială, Vitănești",6.9,5.88,7.93,12
Teleorman,"Școala Gimnazială Nr. 2, Orbeasca de Jos",6.89,7.25,6.53,12
Teleorman,"Școala Gimnazială „Zaharia Stancu”, Roșiori de Vede",6.86,7.07,6.65,56
Teleorman,Școala Gimnazială Moșteni,6.8,6.63,6.97,10
Teleorman,"Liceul Teoretic „Marin Preda”, Turnu Măgurele",6.68,6.92,6.44,45
Teleorman,Școala Gimnazială Gălăteni,6.68,6.96,6.39,19
Teleorman,"Școala Gimnazială „Mircea cel Bătrân”, Turnu Măgurele",6.63,7.15,6.13,52
Teleorman,"Școala Gimnazială Uda, Clocociov",6.57,6.85,6.3,1
Teleorman,"Școala Gimnazială, Vedea",6.47,7.2,5.76,12
Teleorman,Școala Gimnazială Băbăița,6.4,6.27,6.54,20
Teleorman,Școala Gimnazială Sârbeni,6.39,6.94,5.85,12
Teleorman,"Școala Gimnazială „Anghel Manolache”, Scrioaștea",6.34,6.17,6.52,17
Teleorman,"Școala Gimnazială Nr. 2, Videle",6.34,6.5,6.19,30
Teleorman,Școala Gimnazială Talpa,6.33,7.53,5.13,13
Teleorman,"Școala Gimnazială Nr. 2, Zimnicea",6.23,6.73,5.72,18
Teleorman,"Școala Gimnazială „Sfinții Voievozi”, Bragadiru",6.22,6.97,5.47,14
Teleorman,Școala Gimnazială Purani,5.99,6.81,5.19,9
Teleorman,"Școala Gimnazială Nr. 4, Turnu Măgurele",5.99,5.72,6.17,36
Teleorman,Școala Gimnazială Viișoara,5.94,5.37,6.52,8
Teleorman,"Școala Gimnazială „Alexandru Colfescu”, Alexandria",5.93,6.0,5.87,40
Teleorman,Școala Gimnazială Frăsinet,5.93,6.56,5.3,10
Teleorman,"Școala Gimnazială, Drăgănești de Vede",5.92,6.3,5.54,15
Teleorman,Școala Gimnazială Segarcea Vale,5.92,6.46,5.38,11
Teleorman,Școala Gimnazială Năsturelu,5.86,5.92,5.81,10
Teleorman,"Școala Gimnazială Nr. 1, Lunca",5.85,6.08,5.61,16
Teleorman,"Școala Gimnazială Nr. 1, Dobrotești",5.79,6.24,5.35,27
Teleorman,"Școala Gimnazială „Alexandru Depărățeanu”, Roșiori de Vede",5.73,5.68,5.79,9
Teleorman,"Școala Gimnazială Nr. 1, Măldăeni",5.72,5.64,5.8,20
Teleorman,"Școala Gimnazială, Pietroșani",5.69,5.61,5.77,16
Teleorman,"Școala Gimnazială Nr. 3, Lăceni",5.68,6.16,5.22,11
Teleorman,"Școala Gimnazială, Necșești",5.68,5.3,6.05,4
Teleorman,Școala Gimnazială Drăcșenei,5.66,5.44,5.53,8
Teleorman,"Școala Gimnazială, Siliștea",5.64,5.89,5.4,10
Teleorman,Școala Gimnazială Balaci,5.63,5.58,5.68,8
Teleorman,Școala Gimnazială Călmățuiu,5.62,5.79,5.46,8
Teleorman,Școala Gimnazială Măgura,5.61,6.1,5.03,16
Teleorman,Școala Gimnazială Săceni,5.59,5.39,5.79,4
Teleorman,Școala Gimnazială Mavrodin,5.56,5.66,5.48,6
Teleorman,"Școala Gimnazială „I. Gh. Duca”, Țigănești",5.54,5.32,5.77,12
Teleorman,Școala Gimnazială Izvoarele,5.54,5.63,5.45,12
Teleorman,"Școala Gimnazială Nr. 1, Poeni",5.51,5.68,5.34,19
Teleorman,"Școala Gimnazială, Conțești",5.47,5.96,4.99,13
Teleorman,"Școala Gimnazială „Eftimie Croitoru”, Sfințești",5.46,5.65,5.28,9
Teleorman,Școala Gimnazială Dracea,5.46,6.33,4.58,8
Teleorman,"Școala Gimnazială, Salcia",5.45,5.55,5.35,14
Teleorman,Școala Gimnazială Smârdioasa,5.45,5.79,5.11,8
Teleorman,Școala Gimnazială Crângu,5.45,5.68,5.23,2
Teleorman,Școala Gimnazială Buzescu,5.39,5.99,4.8,11
Teleorman,Școala Gimnazială Bujoru,5.38,6.37,4.39,17
Teleorman,"Școala Gimnazială „Marin Preda”, Siliștea Gumești",5.38,5.51,5.25,13
Teleorman,"Școala Gimnazială Nr. 1, Olteni",5.36,5.16,5.38,20
Teleorman,Școala Gimnazială Vârtoape,5.36,5.76,4.96,16
Teleorman,Școala Gimnazială Cervenia,5.35,5.81,4.89,11
Teleorman,"Școala Gimnazială Nr. 1, Orbeasca",5.34,5.45,5.24,21
Teleorman,Școala Gimnazială Fântânele,5.34,5.36,5.31,4
Teleorman,"Liceul Tehnologic „Andrei Șaguna”, Botoroaga",5.32,5.68,4.94,28
Teleorman,"Școala Gimnazială Nr. 2, Turnu Măgurele",5.32,6.55,4.09,9
Teleorman,"Școala Gimnazială Nr. 1, Islaz",5.31,5.34,5.29,20
Teleorman,Școala Gimnazială „Lisa”,5.28,4.95,5.61,5
Teleorman,Școala Gimnazială Bujoreni,5.26,5.85,4.68,7
Teleorman,"Școala Gimnazială Nr. 2, Cosmești",5.24,5.64,4.69,16
Teleorman,Școala Gimnazială Stejaru,5.19,5.28,5.11,11
Teleorman,"Școala Gimnazială „Gala Galaction”, Didești",5.17,5.58,4.76,5
Teleorman,Școala Gimnazială Ciolănești,5.16,5.7,4.61,19
Teleorman,Școala Gimnazială „Gratia”,5.1,5.47,4.74,13
Teleorman,Școala Gimnazială Furculești,5.05,5.6,4.51,8
Teleorman,"Școala Gimnazială, Tătărăștii de Sus",5.03,4.98,5.09,15
Teleorman,Școala Gimnazială Crevenicu,4.98,5.49,4.49,10
Teleorman,"Școala Gimnazială Nr. 1, Blejești",4.98,5.19,4.78,16
Teleorman,Școala Gimnazială Plosca,4.97,5.15,4.81,19
Teleorman,Școala Gimnazială Călinești,4.96,5.29,4.65,21
Teleorman,Școala Gimnazială Brânceni,4.96,5.03,4.89,7
Teleorman,"Școala Gimnazială, Piatra",4.94,4.96,4.69,18
Teleorman,"Școala Profesională, Saelele",4.93,5.0,4.85,13
Teleorman,"Școala Gimnazială, Tătărăștii de Jos",4.91,4.85,4.97,21
Teleorman,"Școala Gimnazială „Plopii”, Slăvitești",4.89,5.37,4.42,16
Teleorman,Școala Gimnazială „Bogdana”,4.82,5.15,4.5,13
Teleorman,"Școala Gimnazială „Învățător Marin Bunescu”, Suhaia",4.8,5.28,4.33,9
Teleorman,Școala Gimnazială Slobozia Mândra,4.78,4.43,4.72,9
Teleorman,Școala Gimnazială Nanov,4.71,4.6,4.83,2
Teleorman,Școala Gimnazială Rădoiești,4.64,5.2,4.08,10
Teleorman,"Școala Gimnazială Nr. 1, Mârzănești",4.63,5.59,3.68,10
Teleorman,"Școala Gimnazială „Grigore Dimitrie Ghica”, Peretu",4.62,5.01,4.24,18
Teleorman,"Școala Gimnazială, Putineiu",4.59,5.12,4.06,13
Teleorman,"Școala Gimnazială, Drăgănești-Vlașca",4.58,4.99,4.18,17
Teleorman,"Școala Gimnazială, Călmățuiu de Sus",4.52,4.68,4.37,10
Teleorman,Școala Gimnazială Scurtu Mare,4.49,4.75,4.23,9
Teleorman,Școala Gimnazială Crângeni,4.46,4.95,3.97,18
Teleorman,"Școala Gimnazială „Vasile Racottă”, Ștorobăneasa",4.4,4.35,4.33,24
Teleorman,Școala Gimnazială Trivalea Moșteni,4.4,4.52,4.29,11
Teleorman,Școala Gimnazială Răsmirești,4.36,4.1,4.58,6
Teleorman,Școala Gimnazială Poroschia,4.32,4.86,3.79,10
Teleorman,"Școala Gimnazială Nr. 3, Zimnicea",4.14,4.46,3.84,33
Teleorman,"Școala Gimnazială, Mereni",4.14,4.27,4.01,21
Teleorman,Școala Gimnazială Seaca,4.11,4.66,3.57,10
Teleorman,Școala Gimnazială Nenciulești,4.1,4.45,3.75,8
Teleorman,Școala Gimnazială Beuca,4.07,3.58,4.0,2
Teleorman,"Școala Gimnazială „Dan Berindei”, Roșiori de Vede",4.06,4.01,4.11,9
Teleorman,Școala Gimnazială Beciu,3.9,3.93,3.88,11
Teleorman,"Școala Gimnazială „Alexandru Bădăuță”, Zâmbreasca",3.77,4.53,3.02,3
Teleorman,Școala Gimnazială Frumoasa,3.57,3.85,3.3,6
Teleorman,"Școala Gimnazială Nr. 2, Prundu",3.02,3.08,2.96,12
Teleorman,"Școala Gimnazială Nr. 2, Perii Broșteni",2.67,2.46,2.88,4
Timiș,"Colegiul Național „Constantin Diaconovici Loga”, Timișoara",9.4,9.39,9.41,56
Timiș,"Liceul Teoretic „Grigore Moisil”, Timișoara",8.75,8.72,8.78,155
Timiș,"Colegiul Național Pedagogic „Carmen Sylva”, Timișoara",8.65,8.72,8.58,77
Timiș,"Liceul Montessori, Timișoara",8.51,8.66,8.43,9
Timiș,"Școala Gimnazială Nr. 16 „Take Ionescu”, Timișoara",8.49,8.7,8.29,107
Timiș,"Liceul Teoretic „Nikolaus Lenau”, Timișoara",8.44,8.5,8.03,119
Timiș,"Colegiul Național Bănățean, Timișoara",8.44,8.51,8.35,163
Timiș,Liceul Teologic Baptist Timișoara,8.19,8.19,8.19,29
Timiș,"Școala Gimnazială Nr. 24, Timișoara",8.13,8.36,7.9,182
Timiș,"Școala Gimnazială Nr. 30, Timișoara",8.11,8.26,7.97,240
Timiș,"Liceul Teoretic „Babel”, Timișoara",8.07,8.06,8.08,33
Timiș,Liceul Waldorf Timișoara,7.9,8.16,7.64,52
Timiș,"Liceul Teoretic „Coriolan Brediceanu”, Lugoj",7.88,8.16,7.6,49
Timiș,"Liceul Teoretic „Bartók Béla”, Timișoara",7.88,8.41,7.25,36
Timiș,Liceul Teologic Ortodox „Sfântul Antim Ivireanu” Timișoara,7.85,8.13,7.58,48
Timiș,"Școala Gimnazială, Dumbrăvița",7.79,7.81,7.78,120
Timiș,"Liceul Teoretic Socrates, Timișoara",7.77,7.74,7.8,7
Timiș,"Școala Gimnazială Nr. 19 „Avram Iancu”, Timișoara",7.67,7.97,7.37,171
Timiș,"Școala Gimnazială Nr. 2, Timișoara",7.62,7.92,7.32,68
Timiș,"Liceul Teoretic „Harul”, Lugoj",7.54,7.8,7.28,16
Timiș,"Liceul Teoretic „Wendy Kids”, Timișoara",7.48,8.02,6.94,19
Timiș,"Liceul Teoretic „David Voniga”, Giroc",7.47,7.61,7.35,78
Timiș,"Liceul Teoretic „William Shakespeare”, Timișoara",7.47,7.67,7.27,84
Timiș,"Liceul Teologic Penticostal Logos, Timișoara",7.39,7.47,7.33,26
Timiș,"Școala Gimnazială Nr. 7 „Sfânta Maria”, Timișoara",7.35,7.57,7.14,156
Timiș,"Școala Gimnazială Nr. 18, Timișoara",7.31,7.58,7.04,62
Timiș,"Liceul Teoretic „Jean Louis Calderon”, Timișoara",7.21,7.44,6.97,43
Timiș,"Școala Gimnazială Nr. 13, Timișoara",7.2,7.41,7.0,71
Timiș,"Liceul Teoretic „Dositei Obradovici”, Timișoara",7.13,7.47,6.69,7
Timiș,"Liceul Teoretic „Iulia Hașdeu”, Lugoj",7.07,7.68,6.45,31
Timiș,"Școala Gimnazială Nr. 25, Timișoara",7.01,7.29,6.73,76
Timiș,"Școala Gimnazială Nr. 6, Timișoara",6.93,7.31,6.56,54
Timiș,"Școala Gimnazială Nr. 21 „Vicențiu Babeș”, Timișoara",6.92,7.27,6.59,47
Timiș,Școala Gimnazială Utvin,6.88,7.22,6.54,26
Timiș,"Școala Gimnazială Nr. 27, Timișoara",6.86,7.38,6.35,87
Timiș,Școala Gimnazială Ghiroda,6.83,7.0,6.66,18
Timiș,Școala Gimnazială Moșnița Nouă,6.79,7.1,6.49,64
Timiș,"Școala Gimnazială, Hodoni",6.77,6.99,6.56,12
Timiș,"Școala Gimnazială, Giarmata",6.76,7.12,6.4,30
Timiș,"Școala Gimnazială „Domino Servite”, Voiteg",6.75,6.99,6.52,5
Timiș,"Liceul Teoretic „Vlad Țepeș”, Timișoara",6.66,7.04,6.29,19
Timiș,"Școala Gimnazială „Eftimie Murgu”, Lugoj",6.65,7.05,6.25,51
Timiș,Școala Gimnazială Șag,6.64,7.33,5.96,12
Timiș,"Școala Gimnazială, Remetea Mare",6.49,6.8,6.19,17
Timiș,"Școala Gimnazială „Nestor Oprean” Nr. 2, Sânnicolau Mare",6.46,6.65,6.21,70
Timiș,"Liceul de Artă „Ion Vidu”, Timișoara",6.43,7.02,5.84,34
Timiș,"Școala Gimnazială „Martin Șuboni”, Jebel",6.39,6.96,5.84,21
Timiș,"Școala Gimnazială Nr. 2, Lugoj",6.38,6.77,6.0,39
Timiș,Liceul Teoretic Buziaș,6.38,6.92,5.84,32
Timiș,"Școala Gimnazială „Anișoara Odeanu”, Lugoj",6.31,6.5,6.01,64
Timiș,"Școala Gimnazială „Iosif Ciorogariu”, Chișoda",6.27,6.37,6.18,25
Timiș,Liceul de Arte Plastice Timișoara,6.27,6.54,5.99,17
Timiș,Școala Gimnazială „Gelu”,6.26,7.29,5.24,11
Timiș,"Liceul Teoretic „Traian Vuia”, Făget",6.24,6.58,5.91,82
Timiș,"Școala Gimnazială, Topolovățu Mare",6.2,6.74,5.66,20
Timiș,Școala Gimnazială Bucovăț,6.2,6.17,6.23,18
Timiș,Școala Gimnazială Dumbrava,6.17,6.49,5.86,15
Timiș,Liceul Teoretic Recaș,6.17,6.39,5.95,36
Timiș,"Școala Gimnazială, Izvin",6.13,6.25,6.02,16
Timiș,"Școala Gimnazială Nr. 4, Lugoj",6.13,6.48,5.79,54
Timiș,Școala Gimnazială Dudeștii Noi,6.1,6.53,5.68,31
Timiș,"Școala Gimnazială Nr. 12, Timișoara",6.09,6.89,5.16,44
Timiș,Școala Gimnazială Otelec,6.08,4.98,5.72,3
Timiș,Liceul Teoretic Periam,6.07,6.54,5.6,23
Timiș,Școala Gimnazială Mașloc,6.07,6.62,5.51,26
Timiș,"Școala Gimnazială, Darova",6.05,6.08,6.02,16
Timiș,Liceul Teoretic Gătaia,6.04,6.24,5.83,35
Timiș,"Școala Gimnazială, Gottlob",6.01,6.34,5.68,12
Timiș,"Școala Gimnazială „Dimitrie Țichindeal”, Becicherecu Mic",6.01,6.1,5.92,22
Timiș,"Școala Gimnazială „Sorin Leia”, Tomești",6.0,6.44,5.57,8
Timiș,"Liceul Teologic Romano-Catolic „Gerhardinum”, Timișoara",6.0,6.24,5.66,27
Timiș,"Liceul cu Program Sportiv „Banatul”, Timișoara",5.93,5.89,5.98,50
Timiș,"Școala Gimnazială, Jimbolia",5.9,5.84,5.93,56
Timiș,Școala Gimnazială Orțișoara,5.85,6.35,5.34,27
Timiș,"Școala Gimnazială de Muzică „Filaret Barbu”, Lugoj",5.84,6.62,5.06,15
Timiș,Școala Gimnazială Știuca,5.83,5.92,5.75,32
Timiș,"Liceul Teoretic „Alexandru Mocioni”, Ciacova",5.79,6.1,5.48,31
Timiș,Școala Gimnazială Săcălaz,5.73,5.79,5.68,30
Timiș,Școala Gimnazială „Crai Nou”,5.69,5.53,5.86,8
Timiș,"Școala Gimnazială, Curtea",5.66,5.78,5.55,6
Timiș,"Școala Gimnazială, Birda",5.66,6.3,5.03,10
Timiș,Școala Gimnazială Ghizela,5.64,6.02,5.27,7
Timiș,Școala Gimnazială Șandra,5.62,6.38,4.86,18
Timiș,"Școala Gimnazială, Sânmihaiu Român",5.62,5.76,5.48,19
Timiș,"Școala Gimnazială Nr. 20, Timișoara",5.62,5.97,5.26,22
Timiș,"Școala Gimnazială „Theodor Bucurescu” Nr. 1, Sânnicolau Mare",5.61,5.9,5.32,52
Timiș,"Școala Gimnazială, Sânandrei",5.6,5.67,5.54,28
Timiș,"Școala Gimnazială, Jamu Mare",5.6,6.75,4.46,11
Timiș,Școala Gimnazială Cenei,5.59,5.8,5.38,17
Timiș,Școala Gimnazială Iecea Mare,5.58,5.86,5.3,13
Timiș,"Școala Gimnazială „George Gârda”, Mănăștiur",5.57,5.75,5.4,16
Timiș,Școala Gimnazială Foeni,5.56,5.97,5.16,10
Timiș,"Liceul Tehnologic „Romulus Paraschivoiu”, Lovrin",5.56,5.92,5.2,29
Timiș,Școala Gimnazială Lenauheim,5.55,5.51,5.6,11
Timiș,Școala Gimnazială Tormac,5.53,5.77,5.35,14
Timiș,Școala Gimnazială Moravița,5.52,5.69,5.35,15
Timiș,"Școala Gimnazială, Beregsău Mare",5.51,5.71,5.32,17
Timiș,Școala Gimnazială Liebling,5.49,6.07,4.92,37
Timiș,"Școala Gimnazială, Satchinez",5.48,5.53,5.29,25
Timiș,Școala Gimnazială Răchita,5.48,6.04,4.92,9
Timiș,Școala Gimnazială Voiteg,5.47,6.01,4.81,10
Timiș,"Școala Gimnazială, Parța",5.45,5.75,5.16,22
Timiș,Școala Gimnazială Bulgăruș,5.42,5.88,4.96,12
Timiș,Școala Gimnazială Ghilad,5.38,5.75,5.01,20
Timiș,"Școala Gimnazială, Nițchidorf",5.36,5.63,5.09,9
Timiș,Școala Gimnazială Coșteiu,5.34,5.42,5.27,17
Timiș,"Școala Gimnazială „Nicolae Groza”, Fibiș",5.33,6.07,4.59,15
Timiș,Liceul Teoretic Peciu Nou,5.25,5.36,5.09,58
Timiș,Școala Gimnazială Fârdea,5.24,5.16,5.33,12
Timiș,"Liceul Teoretic „Sfinții Kiril și Metodii”, Dudeștii Vechi",5.17,5.42,4.92,30
Timiș,"Școala Gimnazială, Carani",5.16,5.38,4.95,18
Timiș,"Școala Gimnazială, Criciova",5.16,5.58,4.75,9
Timiș,"Școala Gimnazială, Ohaba Lungă",5.16,5.49,4.84,10
Timiș,Școala Gimnazială Biled,5.09,5.45,4.73,15
Timiș,Școala Gimnazială Sudriaș,5.08,5.6,4.57,15
Timiș,"Școala Gimnazială „Sorin Titel”, Margina",5.07,5.12,5.02,15
Timiș,Școala Gimnazială Valcani,5.06,5.05,5.08,11
Timiș,"Școala Gimnazială, Belinț",5.06,5.08,5.04,17
Timiș,"Școala Gimnazială, Livezile",5.03,5.41,4.66,10
Timiș,Școala Gimnazială Uivar,5.03,5.02,4.95,22
Timiș,Școala Gimnazială „Șipet”,5.02,5.2,4.84,9
Timiș,Liceul Tehnologic Transporturi Auto Timișoara,5.01,4.92,5.12,13
Timiș,Școala Gimnazială Cărpiniș,4.99,5.13,4.85,29
Timiș,Școala Gimnazială Giulvăz,4.97,5.16,4.78,5
Timiș,"Școala Gimnazială, Pietroasa",4.96,4.75,5.17,6
Timiș,Școala Gimnazială Iohanisfeld,4.95,5.26,4.64,8
Timiș,"Liceul Tehnologic „Sfântu Nicolae”, Deta",4.93,5.22,4.65,47
Timiș,"Școala Gimnazială, Balinț",4.93,5.36,4.5,12
Timiș,"Școala Gimnazială Ing. „Anghel Saligny”, Banloc",4.9,5.12,4.69,14
Timiș,Școala Gimnazială Boldur,4.88,4.95,4.82,15
Timiș,Școala Gimnazială Găvojdia,4.86,5.14,4.6,11
Timiș,"Școala Gimnazială, Teremia Mare",4.86,5.34,4.38,25
Timiș,Școala Gimnazială Beba Veche,4.85,4.83,4.87,9
Timiș,Școala Gimnazială Racovița,4.81,5.41,4.21,11
Timiș,Școala Gimnazială Cenad,4.78,5.1,4.46,18
Timiș,Școala Gimnazială Bethausen,4.76,4.89,4.63,29
Timiș,Școala Gimnazială Tomnatic,4.73,5.04,4.42,23
Timiș,"Școala Gimnazială „Milivoi Trifunschi”, Sânpetru Mare",4.71,4.76,4.67,10
Timiș,Școala Gimnazială Variaș,4.7,4.7,4.7,36
Timiș,Școala Gimnazială Bacova,4.63,5.44,3.83,7
Timiș,"Școala Gimnazială, Pișchia",4.58,4.34,3.93,7
Timiș,"Școala Gimnazială, Sacoșu Turcesc",4.56,5.13,4.0,9
Timiș,"Școala Gimnazială „Maria Brindea”, Pesac",4.53,4.98,4.09,13
Timiș,Școala Gimnazială Bencecu de Sus,4.46,4.56,4.36,4
Timiș,"Școala Gimnazială, Denta",4.46,5.24,3.68,10
Timiș,Școala Gimnazială Bârna,4.39,4.57,4.21,11
Timiș,"Liceul Tehnologic „Traian Grozăvescu”, Nădrag",4.37,4.87,3.87,13
Timiș,Școala Gimnazială Giera,4.33,4.31,4.35,5
Timiș,Școala Gimnazială Comloșu Mare,4.26,4.38,4.14,33
Timiș,Școala Gimnazială Pădureni,4.25,4.44,4.02,16
Timiș,"Școala Gimnazială „Academician Profesor Doctor Munteanu Ioan”, Igriș",4.17,4.18,4.17,7
Timiș,Școala Gimnazială Brestovăț,4.15,5.05,3.25,3
Timiș,Școala Gimnazială Petroasa Mare,4.11,4.54,3.69,8
Timiș,"Școala Gimnazială, Checea",4.08,4.33,3.84,9
Timiș,"Școala Gimnazială Nr. 15, Timișoara",4.03,4.39,3.67,18
Timiș,Școala Gimnazială Uliuc,3.95,4.13,3.78,5
Timiș,"Școala Gimnazială Nr. 1, Timișoara",3.94,3.94,3.95,17
Timiș,"Școala Gimnazială Nr. 4, Timișoara",3.87,3.69,4.05,13
Timiș,"Liceul Teoretic Special Iris, Timișoara",3.83,4.26,3.41,10
Timiș,Școala Gimnazială Chevereșu Mare,3.83,4.11,3.56,7
Timiș,"Școala Gimnazială, Sărăvăle",3.61,4.24,2.99,23
Timiș,Școala Gimnazială Grabăț,3.53,3.35,3.71,11
Timiș,Școala Gimnazială „Victor Vlad Delamarina”,3.35,3.7,3.0,3
Tulcea,"Liceul Teoretic „Grigore Moisil”, Tulcea",8.26,8.5,8.04,54
Tulcea,Școala Gimnazială „Slava Cercheză”,8.04,8.25,7.84,5
Tulcea,"Colegiul Național „Spiru Haret”, Tulcea",7.92,8.04,7.8,50
Tulcea,"Școala Gimnazială „Alexandru Ciucurencu”, Tulcea",7.6,7.96,7.25,108
Tulcea,"Școala Gimnazială, Sfântu Gheorghe",7.46,7.78,7.15,3
Tulcea,"Școala Gimnazială „Elena Doamna”, Tulcea",7.38,7.79,6.96,50
Tulcea,"Școala Gimnazială, Jurilovca",7.36,8.16,6.56,14
Tulcea,"Școala Gimnazială Nr. 12, Tulcea",7.22,7.25,7.19,76
Tulcea,"Școala Gimnazială „Ion Luca Caragiale”, Tulcea",6.92,7.62,6.22,43
Tulcea,"Școala Profesională „Vasile Bacalu”, Mahmudia",6.88,7.23,6.53,15
Tulcea,"Liceul Teoretic „Ion Creangă”, Tulcea",6.72,7.12,6.32,23
Tulcea,"Școala Gimnazială „Mircea cel Bătrân”, Babadag",6.57,6.93,6.2,34
Tulcea,"Școala Gimnazială „Nifon Bălășescu”, Tulcea",6.52,6.95,6.1,40
Tulcea,"Școala Gimnazială „Constantin Găvenea”, Tulcea",6.44,6.74,6.15,52
Tulcea,Școala Gimnazială Văcăreni,6.41,6.98,5.84,9
Tulcea,"Școala Gimnazială „Nichifor Ludovig”, Niculițel",6.38,7.07,5.7,37
Tulcea,Școala Gimnazială „Horia”,6.35,6.5,6.21,9
Tulcea,"Școala Gimnazială „Nicolae Iorga”, Grindu",6.35,6.54,6.16,9
Tulcea,Școala Gimnazială Maliuc,6.3,7.0,5.6,2
Tulcea,Școala Gimnazială Stejaru,6.27,6.86,5.7,11
Tulcea,"Școala Gimnazială „Gheorghe Banea”, Măcin",6.24,6.57,5.83,52
Tulcea,"Liceul Tehnologic „Simion Leonescu”, Luncavița",6.21,6.65,5.78,15
Tulcea,"Liceul de Arte „George Georgescu”, Tulcea",6.15,6.5,5.81,23
Tulcea,"Școala Gimnazială „Dobre Vlădescu”, Turcoaia",6.12,6.73,5.52,16
Tulcea,Școala Gimnazială Beidaud,6.03,6.46,5.6,14
Tulcea,"Școala Gimnazială, Ceamurlia de Jos",5.97,6.43,5.53,11
Tulcea,"Liceul Teoretic „Constantin Brătescu”, Isaccea",5.95,6.19,5.72,28
Tulcea,Școala Gimnazială „Mihail Kogălniceanu”,5.92,5.67,6.17,19
Tulcea,"Școala Gimnazială „Ioan Nenițescu”, Tulcea",5.83,6.0,5.65,12
Tulcea,"Școala Gimnazială, Jijila",5.81,6.03,5.6,19
Tulcea,"Școala Gimnazială, Chilia Veche",5.8,5.8,5.81,11
Tulcea,"Liceul Teoretic „Jean Bart”, Sulina",5.68,5.85,5.52,17
Tulcea,"Școala Gimnazială „Traian Coșovei”, Somova",5.67,6.48,4.87,22
Tulcea,Școala Gimnazială Sălcioara,5.63,5.78,5.48,2
Tulcea,Școala Gimnazială Ceatalchioi,5.5,5.65,5.35,1
Tulcea,Școala Gimnazială Peceneaga,5.42,5.62,5.23,13
Tulcea,"Școala Gimnazială „Ion Creangă”, I.C. Brătianu",5.39,5.31,5.47,9
Tulcea,Școala Gimnazială Frecăței,5.38,6.08,4.69,17
Tulcea,Școala Gimnazială „Sarighiol de Deal”,5.36,5.28,5.45,6
Tulcea,"Școala Gimnazială, Sarichioi",5.35,5.79,4.92,36
Tulcea,"Liceul Tehnologic „Henri Coandă”, Tulcea",5.32,6.03,4.62,19
Tulcea,"Școala Gimnazială „Panait Cerna”, Cerna",5.32,5.42,5.23,27
Tulcea,"Școala Gimnazială, Ostrov",5.32,5.96,4.68,22
Tulcea,Școala Gimnazială „Mihai Bravu”,5.27,5.44,5.11,21
Tulcea,Școala Gimnazială Greci,5.27,5.7,4.84,31
Tulcea,"Școala Gimnazială „Maior Ioan Murgescu”, Smârdan",5.23,5.94,4.53,9
Tulcea,Școala Gimnazială Agighiol,5.2,5.59,4.82,20
Tulcea,"Școala Gimnazială „Mihai Eminescu”, Valea Teilor",5.15,5.7,4.6,16
Tulcea,"Școala Gimnazială „Ioan Nenițescu”, Partizani",5.14,5.65,4.63,2
Tulcea,Școala Gimnazială Baia,5.09,5.64,4.54,34
Tulcea,"Școala Gimnazială „Vasile Alecsandri”, Nufăru",4.99,5.26,4.72,9
Tulcea,Școala Gimnazială Beștepe,4.91,4.73,5.09,10
Tulcea,Școala Gimnazială Dăeni,4.88,4.84,4.92,9
Tulcea,"Școala Gimnazială, Casimcea",4.87,4.85,4.89,29
Tulcea,"Liceul Tehnologic „Anghel Saligny”, Tulcea",4.86,5.56,4.16,18
Tulcea,"Școala Gimnazială, Murighiol",4.76,5.19,4.33,16
Tulcea,Școala Gimnazială „Mila 23”,4.75,4.48,5.03,2
Tulcea,Școala Gimnazială Crișan,4.57,4.65,4.5,1
Tulcea,Școala Gimnazială Nalbant,4.56,4.76,4.37,20
Tulcea,"Școala Gimnazială „Constantin Brâncoveanu”, Babadag",4.55,4.61,4.35,13
Tulcea,"Școala Gimnazială „Grigore Antipa”, Tulcea",4.5,5.08,3.91,9
Tulcea,Școala Gimnazială C.A. Rosetti,4.49,4.13,4.85,3
Tulcea,"Școala Profesională „Danubius”, Tulcea",4.42,4.3,4.54,14
Tulcea,Școala Gimnazială Ciucurova,4.35,4.71,4.0,14
Tulcea,Liceul Tehnologic Topolog,4.3,4.44,4.18,42
Tulcea,Școala Gimnazială Dorobanțu,3.87,4.05,3.7,10
Tulcea,Școala Gimnazială Izvoarele,3.79,4.14,3.44,11
Tulcea,Școala Gimnazială Hamcearca,3.68,3.78,3.59,8
Tulcea,Școala Gimnazială Carcaliu,1.93,1.6,2.25,2
Vaslui,"Colegiul Național „Cuza Vodă”, mun. Huși",8.44,8.81,8.07,24
Vaslui,"Colegiul Național „Gh. Roșca Codreanu”, Mun. Bârlad",8.29,8.49,8.1,29
Vaslui,"Liceul Teoretic „Mihail Kogălniceanu”, Mun. Vaslui",8.28,8.42,8.15,30
Vaslui,"Școala Gimnazială „Constantin Parfene”, Mun. Vaslui",8.0,8.37,7.64,56
Vaslui,"Școala Gimnazială „Elena Cuza”, Mun. Vaslui",7.93,8.5,7.36,36
Vaslui,"Școala Gimnazială „Alexandra Nechita”, Mun. Vaslui",7.7,7.9,7.51,50
Vaslui,"Școala Gimnazială „Mihai Eminescu”, Mun. Vaslui",7.46,7.82,7.11,72
Vaslui,"Școala Gimnazială „Constantin Motaș”, Mun. Vaslui",7.4,7.9,6.92,28
Vaslui,"Școala Gimnazială „Ștefan cel Mare”, Mun. Vaslui",7.34,7.69,7.01,94
Vaslui,"Școala Gimnazială „Spătar Ștefan Angheluță”, Sat Chițoc",7.34,7.7,6.98,2
Vaslui,"Școala Gimnazială „Episcop Iacov Antonovici”, Mun. Bârlad",7.27,7.63,6.92,83
Vaslui,"Școala Gimnazială „Mihail Sadoveanu”, Mun. Huși",7.26,7.27,7.2,77
Vaslui,"Școala Gimnazială „George Tutoveanu”, Mun. Bârlad",7.25,7.56,6.94,94
Vaslui,"Școala Gimnazială „Anastasie Panu”, Mun. Huși",7.24,7.71,6.78,80
Vaslui,"Școala Gimnazială „Nicolae Milescu Spătaru”, Sat Ferești",7.17,7.4,6.95,10
Vaslui,"Școala Gimnazială „Virgil Caraivan”, Sat Șuletea",7.11,7.89,6.33,18
Vaslui,"Școala Gimnazială Nr. 1, Sat Blăgești",6.98,7.04,6.94,10
Vaslui,"Școala Gimnazială „Theodor Rosetti”, Sat Solești",6.94,7.37,6.52,12
Vaslui,"Școala Gimnazială „Mihai Eminescu”, Sat Laza",6.85,7.28,6.42,26
Vaslui,"Școala Gimnazială Nr. 1, Sat Tanacu",6.78,7.59,5.96,8
Vaslui,"Școala Gimnazială Nr. 1, Sat Văleni",6.74,6.96,6.53,27
Vaslui,"Școala Gimnazială „Mihai David”, Oraș Negrești",6.71,7.11,6.31,65
Vaslui,"Școala Gimnazială, Sat Râșești",6.7,7.37,6.03,12
Vaslui,"Școala Gimnazială „Nicolae Popa”, Sat Valea Grecului",6.67,7.19,6.15,15
Vaslui,"Școala Gimnazială „Mihail Sadoveanu”, Mun. Vaslui",6.65,7.08,6.22,35
Vaslui,"Școala Gimnazială Nr. 1, Sat Tătărăni",6.62,7.1,6.14,4
Vaslui,"Școala Gimnazială „Manolache Costache Epureanu”, Mun. Bârlad",6.59,6.83,6.35,80
Vaslui,"Școala Gimnazială „Dimitrie Cantemir”, Mun. Vaslui",6.54,6.91,6.18,18
Vaslui,"Școala Gimnazială „Stroe S. Belloescu”, Mun. Bârlad",6.48,6.65,6.31,25
Vaslui,"Școala Gimnazială „Vasile Pârvan”, Mun. Bârlad",6.47,6.92,6.03,65
Vaslui,"Școala Gimnazială Nr. 1, Sat Deleni",6.38,6.81,5.95,10
Vaslui,"Școala Gimnazială „Ștefan Ciobotărașu”, Sat Lipovăț",6.29,7.26,5.33,7
Vaslui,"Școala Gimnazială Nr. 1, Sat Delești",6.29,6.25,6.34,13
Vaslui,"Școala Gimnazială Prof. Ioan Dănilă, Sat Ghermănești",6.29,7.17,5.41,6
Vaslui,"Școala Gimnazială „Iorgu Radu”, Mun. Bârlad",6.27,6.43,6.12,44
Vaslui,"Școala Gimnazială, Sat Șerbotești",6.23,6.01,6.45,6
Vaslui,"Școala Gimnazială Nr. 1, Sat Pădureni",6.2,7.37,5.03,15
Vaslui,"Școala Gimnazială „Constantin Asiminei”, Sat Epureni, Com. Duda-Epureni",6.16,6.82,5.52,10
Vaslui,"Școala Gimnazială „Andone Cumpătescu”, Sat Rafaila",6.14,6.24,6.04,18
Vaslui,"Școala Gimnazială „Ion Murgeanu”, Sat Zorleni",6.1,6.53,5.67,30
Vaslui,"Școala Gimnazială, Sat Bunești",6.07,7.62,4.52,3
Vaslui,"Școala Gimnazială Nr. 1, Sat Gara Banca",6.06,6.08,6.04,28
Vaslui,"Școala Gimnazială, Sat Rebricea",6.05,6.09,6.02,16
Vaslui,"Școala Gimnazială Nr. 1, Sat Ivești",5.96,6.13,5.81,13
Vaslui,"Școala Gimnazială, Sat Emil Racoviță",5.96,7.08,4.86,8
Vaslui,"Școala Gimnazială, Sat Corni-Albești",5.96,7.06,4.86,12
Vaslui,"Școala Gimnazială, Sat Rânceni",5.95,6.5,5.41,12
Vaslui,"Școala Gimnazială „Vasile Alecsandri”, Mun. Vaslui",5.94,6.46,5.43,45
Vaslui,"Liceul Tehnologic „Dimitrie Cantemir”, Sat Fălciu",5.89,6.13,5.66,33
Vaslui,"Școala Gimnazială „Sfântul Ierarh Luca”, Sat Costești",5.87,6.17,5.58,16
Vaslui,"Școala Gimnazială Nr. 1, Sat Vutcani",5.82,6.11,5.54,13
Vaslui,"Liceul Tehnologic „Petru Rareș”, sat Vetrísoaia",5.8,6.09,5.51,13
Vaslui,"Școala Gimnazială, Sat Trestiana",5.79,6.04,5.54,9
Vaslui,"Școala Gimnazială, Sat Sârbi",5.76,5.63,5.89,7
Vaslui,"Liceul Tehnologic „Ghenuta Coman”, oraș Murgeni",5.71,5.88,5.54,18
Vaslui,"Școala Gimnazială Nr. 1, Sat Gârceni",5.69,5.99,5.39,14
Vaslui,"Școala Gimnazială Nr. 1, Sat Stănilești",5.68,5.98,5.39,21
Vaslui,"Școala Gimnazială Nr. 1, Sat Poienești",5.65,6.09,5.23,14
Vaslui,"Școala Gimnazială „Veniamin Costachi”, Sat Roșiești",5.65,5.96,5.34,19
Vaslui,"Școala Gimnazială Nr. 1, Sat Hoceni",5.64,5.94,5.35,24
Vaslui,"Școala Gimnazială de Arte „N.N. Tonitza”, Mun. Bârlad",5.64,5.69,5.6,18
Vaslui,"Școala Gimnazială Nr. 1, Sat Gherghești",5.63,5.86,5.17,13
Vaslui,"Școala Gimnazială Nr. 1, Sat Perieni",5.62,5.82,5.41,29
Vaslui,"Școala Gimnazială „Nicolae Ciubotaru”, Sat Vulturești",5.6,6.39,4.82,13
Vaslui,"Școala Gimnazială, Sat Pogănești",5.6,6.2,5.01,13
Vaslui,"Școala Gimnazială „Adrian Porumboiu”, Sat Muntenii de Jos",5.56,5.58,5.55,9
Vaslui,"Școala Gimnazială „General Aviator Inginer Gheorghe Negrescu”, Sat Fruntișeni",5.53,6.31,4.75,8
Vaslui,"Școala Gimnazială „Mareșal Constantin Prezan”, Sat Dumești",5.5,5.74,5.26,34
Vaslui,"Școala Gimnazială Nr. 1, Sat Băcani",5.5,5.71,5.29,40
Vaslui,"Școala Gimnazială „Ion Creangă”, Mun. Huși",5.49,6.09,4.9,14
Vaslui,"Școala Gimnazială, Sat Grăjdeni",5.49,6.28,4.7,3
Vaslui,"Școala Gimnazială, Sat Obârșenii Lingurari",5.49,5.7,5.28,14
Vaslui,"Școala Gimnazială „Ionel Miron”, Sat Ivănești",5.48,6.06,4.9,28
Vaslui,"Școala Gimnazială Nr. 1, Sat Voinești",5.48,5.71,5.25,18
Vaslui,"Școala Gimnazială Nr. 1, Sat Boțești",5.48,6.11,4.84,12
Vaslui,"Școala Gimnazială „Sfântul Andrei”, Sat Tăcuta",5.47,5.62,5.1,14
Vaslui,"Școala Gimnazială Nr. 1, Sat Bogdana",5.47,6.25,4.69,13
Vaslui,"Școala Gimnazială, Loc. Brodoc-Vaslui",5.45,6.44,4.46,7
Vaslui,"Școala Gimnazială „Dimitrie Negruțiu”, Sat Pogonești",5.42,6.67,4.17,7
Vaslui,"Școala Gimnazială Nr. 1, Sat Crețeștii de Sus",5.41,6.56,4.26,12
Vaslui,"Școala Gimnazială, Sat Țifu",5.4,5.9,4.9,4
Vaslui,"Școala Gimnazială „N. Gh. Lupu”, Sat Arsura",5.37,6.39,4.36,10
Vaslui,"Școala Gimnazială Nr. 1, Sat Hurdugi",5.37,5.85,4.76,31
Vaslui,"Școala Gimnazială „Anastasie Fătu”, Sat Berezeni",5.34,5.68,4.99,30
Vaslui,"Liceul Tehnologic, Sat Vlădia",5.32,6.14,4.5,4
Vaslui,"Școala Gimnazială „Horia Stamatin”, Sat Bogdănești",5.3,5.27,5.34,19
Vaslui,"Liceul „Ștefan cel Mare”, Sat Codăesti",5.27,5.88,4.66,39
Vaslui,"Școala Gimnazială, Sat Floreni",5.23,5.33,5.13,11
Vaslui,"Școala Gimnazială Nr. 1, Sat Draxeni",5.22,5.7,4.73,35
Vaslui,"Școala Gimnazială „Grigore Șt. Răileanu”, Sat Vinețești",5.22,5.72,4.72,6
Vaslui,"Școala Gimnazială Nr. 1, Sat Sălceni",5.21,5.52,4.9,11
Vaslui,"Școala Gimnazială „Ștefan cel Mare”, Sat Ștefan cel Mare",5.19,5.48,4.9,13
Vaslui,"Școala Gimnazială Nr. 1, Sat Pungești",5.18,5.01,5.35,25
Vaslui,"Școala Gimnazială „Gheorghe Cioată”, Sat Todirești",5.15,5.48,4.83,23
Vaslui,"Școala Gimnazială „Principesa Elena Bibescu”, Mun. Bârlad",5.13,5.35,4.92,18
Vaslui,"Școala Gimnazială „Grigore T. Popa”, Sat Dănești",5.13,5.76,4.51,12
Vaslui,"Școala Gimnazială Nr. 1, Sat Pogana",5.11,4.86,5.36,9
Vaslui,"Școala Gimnazială „Ștefan cel Mare”, Sat Miclești",5.1,5.68,4.53,19
Vaslui,"Școala Gimnazială Nr. 1, Sat Lunca-Banului",5.09,5.05,5.13,20
Vaslui,"Școala Gimnazială, Sat Oprișița",5.08,5.8,4.36,12
Vaslui,"Școala Gimnazială, Sat Bădeana",5.04,5.22,4.87,7
Vaslui,"Școala Gimnazială „Mihai Eminescu”, Sat Zăpodeni",5.02,5.45,4.6,9
Vaslui,"Școala Gimnazială, Sat Focșeasca",5.01,5.63,4.39,10
Vaslui,"Școala Gimnazială Nr. 1, Sat Tutova",5.0,5.6,4.41,14
Vaslui,"Școala Gimnazială „Cezar Botez”, Sat Fâstâci",4.96,5.23,4.7,13
Vaslui,"Școala Gimnazială, Sat Racova",4.94,5.57,4.27,16
Vaslui,"Școala Gimnazială „Manolache Costache Epureanu”, Sat Epureni",4.9,5.64,4.17,20
Vaslui,"Școala Gimnazială, Sat Banca",4.89,5.43,4.37,7
Vaslui,"Școala Gimnazială „Luiza Zavloschi”, Sat Buda",4.89,5.11,4.66,12
Vaslui,"Școala Gimnazială „Stroe Belloescu”, Sat Grivița",4.89,5.52,4.26,8
Vaslui,"Școala Gimnazială „Spiru C. Haret”, Sat Viișoara",4.82,5.35,4.29,12
Vaslui,"Școala Gimnazială Nr. 1, Sat Bălteni",4.79,5.96,3.62,8
Vaslui,"Școala Gimnazială, Sat Puntișeni",4.75,5.55,3.96,5
Vaslui,"Școala Gimnazială, Sat Recea",4.74,4.54,4.94,22
Vaslui,"Școala Gimnazială Nr. 1, Sat Ibănești",4.74,4.74,4.73,13
Vaslui,"Școala Gimnazială „Mihai Botez”, Sat Giurcani",4.71,5.04,4.39,13
Vaslui,"Școala Gimnazială Nr. 3, Sat Popeni",4.7,4.85,4.56,11
Vaslui,"Școala Gimnazială Nr. 1, Sat Mălușteni",4.69,5.14,4.25,14
Vaslui,"Școala Gimnazială, Sat Fundu-Văii",4.68,5.48,3.88,6
Vaslui,"Școala Gimnazială „Teodor Juncu”, Sat Băcești",4.66,5.23,4.1,22
Vaslui,"Școala Gimnazială, Sat Doagele",4.65,5.38,3.93,8
Vaslui,"Școala Gimnazială, Sat Protopopești",4.63,5.38,3.89,4
Vaslui,"Școala Gimnazială Nr. 1, Sat Iana",4.61,4.84,4.39,19
Vaslui,"Școala Gimnazială Nr. 1, Sat Pușcași",4.61,5.16,4.06,13
Vaslui,"Școala Gimnazială „Ion Artene”, Sat Găgești",4.55,4.76,4.34,10
Vaslui,"Școala Gimnazială „Teodor Medeleanu”, Sat Ciocani",4.53,4.84,4.23,10
Vaslui,"Liceul Tehnologic, Sat Puiești",4.53,4.67,4.4,33
Vaslui,"Școala Gimnazială „Alexandru Ioan Cuza”, Mun. Vaslui",4.48,4.94,4.03,17
Vaslui,"Școala Gimnazială, Sat Tomești",4.46,4.71,4.2,5
Vaslui,"Școala Gimnazială, Sat Chetrosu",4.45,4.92,3.98,5
Vaslui,"Școala Gimnazială Nr. 1, Sat Rădeni",4.38,5.22,3.54,27
Vaslui,"Școala Gimnazială, Sat Unțești",4.35,4.62,4.09,14
Vaslui,"Școala Gimnazială, Sat Bărboși",4.34,5.07,3.62,5
Vaslui,"Școala Gimnazială Nr. 2, Sat Zorleni",4.29,4.45,4.14,7
Vaslui,"Școala Gimnazială „Mihai Eminescu”, Sat Oșești",4.28,4.85,3.72,15
Vaslui,"Școala Gimnazială, Sat Gârdești",4.27,4.25,4.29,10
Vaslui,"Școala Gimnazială Nr. 1, Sat Averești",4.24,4.88,3.61,5
Vaslui,"Școala Gimnazială „Victor Ion Popa”, Sat Dodești",4.23,4.73,3.73,20
Vaslui,"Școala Gimnazială „Ion Angheluță”, Sat Bălțați",4.19,4.66,3.73,11
Vaslui,"Școala Gimnazială Nr. 1, Sat Vinderei",4.17,4.29,4.05,21
Vaslui,"Școala Gimnazială, Sat Măscurei",4.1,4.49,3.72,5
Vaslui,"Școala Gimnazială „Alexandru Vlahuță”, Sat Alexandru Vlahuță",4.05,4.26,3.85,16
Vaslui,"Școala Gimnazială „Alexandru Obreja”, Sat Gugești",4.04,4.2,3.08,3
Vaslui,"Școala Gimnazială Nr. 1, Sat Cepești",4.0,4.09,3.91,12
Vaslui,"Școala Gimnazială, Sat Hârsova",3.86,4.24,3.48,9
Vaslui,"Școala Gimnazială „Constantin Rotaru”, Sat Târzii",3.67,3.47,3.88,12
Vaslui,"Școala Gimnazială „V. I. Popa”, Mun. Bârlad",3.54,3.45,3.63,12
Vaslui,"Liceul Tehnologic „Petru Rareș”, Mun. Bârlad",3.54,3.6,3.28,11
Vaslui,"Centrul Școlar de Educație Incluzivă „Elisabeta Polihroniade”, Mun. Vaslui",3.31,3.62,3.02,3
Vaslui,"Școala Gimnazială „George C. Dragu”, Sat Coroiești",3.28,3.22,3.37,11
Vaslui,"Centrul Școlar de Educație Incluzivă, Oraș Negrești",2.86,2.82,2.92,3
Vrancea,"Colegiul Național „Unirea”, Focșani",9.13,9.07,9.2,54
Vrancea,"Colegiul Național „Al. I. Cuza”, Focșani",8.77,8.87,8.68,52
Vrancea,"Școala Gimnazială „Anghel Saligny”, Focșani",8.01,8.16,7.86,135
Vrancea,"Școala Gimnazială „Duiliu Zamfirescu”, Focșani",7.91,7.96,7.87,106
Vrancea,"Școala Gimnazială „Ștefan cel Mare”, Focșani",7.87,8.24,7.52,119
Vrancea,"Colegiul Național „Emil Botta”, Adjud",7.58,7.71,7.45,49
Vrancea,"Școala Gimnazială „Ion Basgan”, Focșani",7.57,7.73,7.41,88
Vrancea,"Școala Gimnazială „Regina Maria”, Vintileasca",7.46,7.95,6.96,11
Vrancea,"Liceul de Artă „Gheorghe Tattarescu”, Focșani",7.23,7.58,6.87,27
Vrancea,Școala Gimnazială Prof. General „Gheorghe Gheorghiu Gologanu”,7.2,7.33,7.07,10
Vrancea,"Liceul Tehnologic „Alexandru Ioan Cuza”, Panciu",7.12,7.34,6.91,48
Vrancea,"Liceul Teoretic „Ioan Slavici”, Panciu",7.11,7.73,6.49,20
Vrancea,"Școala Gimnazială „Ioan Câmpineanu”, Câmpineanca",7.08,7.21,6.96,16
Vrancea,"Școala Gimnazială „Dimitrie Gusti”, Nereju",6.86,7.0,6.72,28
Vrancea,"Școala Gimnazială „Ștefan cel Mare”, Bărșești",6.77,7.11,6.44,7
Vrancea,Școala Gimnazială Nistorești,6.72,7.12,6.33,18
Vrancea,"Școala Gimnazială „Alexandru Vlahuță”, Focșani",6.7,7.32,6.09,29
Vrancea,"Școala Gimnazială „Nicolae Iorga”, Focșani",6.69,6.88,6.39,67
Vrancea,Școala Gimnazială Vulturu,6.69,7.12,6.27,36
Vrancea,Școala Gimnazială Șerbănești,6.58,7.35,5.82,14
Vrancea,Școala Gimnazială Voetin,6.58,6.23,6.94,4
Vrancea,"Școala Gimnazială Nr. 2, Gugești",6.56,6.86,6.26,15
Vrancea,"Școala Gimnazială „Victor Slăvescu”, Cotești",6.51,7.44,5.59,14
Vrancea,"Școala Gimnazială „Alexandru Vlahuță”, Gugești",6.5,6.84,6.16,37
Vrancea,"Școala Gimnazială „Neculai Jechianu”, Vrancioaia",6.49,6.3,6.69,9
Vrancea,Școala Gimnazială „Another Chance” Adjud,6.47,7.12,5.83,7
Vrancea,"Școala Gimnazială ""Principele Șerban Ghica"" și ""Principesa Aristița Ghica"", Sihlea",6.47,6.39,6.55,28
Vrancea,"Școala Gimnazială „Duiliu Zamfirescu”, Dumbrăveni",6.46,6.88,6.03,25
Vrancea,"Școala Gimnazială „Oana Diana Renea”, Focșani",6.45,7.01,5.9,78
Vrancea,"Școala Gimnazială „Ion Baciu”, Tulnici",6.44,6.46,6.43,32
Vrancea,"Școala Gimnazială „Vasile Iftimescu”, Valea Sării",6.38,6.49,6.29,10
Vrancea,Școala Gimnazială Cândești,6.37,6.61,6.14,12
Vrancea,"Școala Gimnazială „Adrian Păunescu”, Focșani",6.33,6.9,5.77,34
Vrancea,Școala Gimnazială Păunești,6.3,6.36,6.24,33
Vrancea,"Școala Gimnazială „Barbu Ștefănescu Delavrancea”, Năruja",6.28,6.64,5.91,16
Vrancea,Școala Gimnazială Gura Căliței,6.21,6.06,6.36,21
Vrancea,Școala Gimnazială Măicănești,6.21,6.82,5.6,19
Vrancea,"Școala Gimnazială „Petre Mironescu-Mera”, Mera",6.2,7.02,5.38,21
Vrancea,Școala Gimnazială Băținești,6.18,6.61,5.75,14
Vrancea,Școala Gimnazială Ruginesti,6.17,6.48,5.86,27
Vrancea,Școala Gimnazială Vânători,6.17,6.15,6.19,21
Vrancea,"Colegiul Național Pedagogic „Spiru Haret”, Focșani",6.14,6.79,5.49,24
Vrancea,Școala Gimnazială Movilița,6.13,6.8,5.46,25
Vrancea,Școala Gimnazială Păulești,6.1,6.3,5.9,16
Vrancea,"Școala Gimnazială „Principele Radu”, Adjud",6.05,6.47,5.65,20
Vrancea,Școala Gimnazială Nănești,6.05,6.74,5.37,12
Vrancea,"Școala Gimnazială „Simion Cristian”, Andreiașu de Jos",6.02,6.93,5.11,13
Vrancea,Școala Gimnazială Suraia,5.99,6.25,5.73,32
Vrancea,"Școala Gimnazială „Petrache Blindu”, Ciușlea",5.96,6.78,5.15,10
Vrancea,"Liceul Teoretic „Duiliu Zamfirescu”, Odobești",5.9,6.12,5.68,47
Vrancea,"Școala Gimnazială „Mihail Armencea”, Adjud",5.85,6.17,5.54,41
Vrancea,"Școala Gimnazială, Câmpuri",5.85,6.38,5.32,19
Vrancea,"Școala Gimnazială „Profesor Doctor General Gheorghe V. Zaharia”, Popești",5.84,6.4,5.29,16
Vrancea,"Școala Gimnazială „Valeriu D. Cotea”, Vidra",5.81,6.03,5.59,52
Vrancea,"Școala Gimnazială Nr. 2, Bordeasca Veche",5.81,6.83,4.78,8
Vrancea,Școala Gimnazială Tifești,5.8,6.11,5.49,17
Vrancea,Școala Gimnazială Spulber,5.79,5.93,5.66,15
Vrancea,"Școala Gimnazială Nr. 1, Biliesti",5.74,6.02,5.46,17
Vrancea,"Școala Gimnazială Prof. „Mihai Simbotin”, Carligele",5.68,6.25,5.12,11
Vrancea,Liceul cu Program Sportiv Focșani,5.63,6.34,4.91,34
Vrancea,Școala Gimnazială Pufești,5.6,6.23,4.98,13
Vrancea,Școala Gimnazială Vârtescoiu,5.59,5.84,5.35,13
Vrancea,"Școala Gimnazială „Simion Mehedinți”, Soveja",5.57,6.46,4.69,16
Vrancea,Școala Gimnazială Lespezi,5.57,6.21,4.93,8
Vrancea,"Școala Gimnazială Nr. 2, Straoane",5.54,6.11,4.97,16
Vrancea,"Școala Gimnazială Profesor Panaite C. Mazilu, Broșteni",5.52,6.17,4.87,17
Vrancea,"Școala Gimnazială „Învățător Gheorghe Asanache”, Bordești",5.49,5.81,5.17,13
Vrancea,"Școala Gimnazială „Mareșal Alexandru Averescu”, Adjud",5.41,5.88,4.94,19
Vrancea,Școala Gimnazială Boghești,5.35,6.17,4.53,7
Vrancea,"Școala Gimnazială „Academician Aurel Iancu”, Racoasa",5.33,5.73,4.94,21
Vrancea,"Școala Gimnazială „Emil Atanasiu”, Garoafa",5.29,6.09,4.5,13
Vrancea,Școala Gimnazială Găgești,5.25,5.59,4.93,32
Vrancea,"Școala Gimnazială „Dumitru Pricop”, Negrilești",5.23,6.38,4.09,5
Vrancea,Școala Gimnazială Golești,5.2,5.6,4.81,18
Vrancea,Școala Gimnazială Faraoanele,5.18,5.87,4.49,9
Vrancea,"Școala Gimnazială „Ioan Vodă cel Viteaz”, Slobozia Ciorăști",5.14,5.48,4.81,10
Vrancea,Școala Gimnazială Vizantea Mănăstirească,5.14,5.52,4.77,18
Vrancea,"Școala Gimnazială Dr. Costică Bălan, Poiana Cristei",5.12,5.42,4.83,25
Vrancea,"Școala Gimnazială „Ionel Sîrbu”, Ciorăști",5.07,5.33,4.8,8
Vrancea,Școala Gimnazială Nereju Mic,5.02,4.92,4.99,28
Vrancea,Școala Gimnazială Urechești,4.93,4.86,4.66,9
Vrancea,"Școala Gimnazială Nr. 1, Vulcăneasa",4.92,5.21,4.63,16
Vrancea,Școala Gimnazială Jitia,4.92,5.74,4.1,16
Vrancea,Școala Gimnazială Bogza,4.91,5.05,4.76,5
Vrancea,Școala Gimnazială Jaristea,4.89,4.87,4.91,21
Vrancea,Școala Gimnazială Obrejița,4.88,5.65,4.12,9
Vrancea,Școala Gimnazială Milcovul,4.86,4.55,4.85,11
Vrancea,"Liceul Tehnologic „Eremia Grigorescu”, Mărășești",4.82,4.98,4.46,19
Vrancea,Școala Gimnazială Paltin,4.78,5.03,4.54,14
Vrancea,"Școala Gimnazială Domnești, Târg",4.75,4.69,4.8,15
Vrancea,Școala Gimnazială Fitionești,4.65,4.8,4.5,1
Vrancea,"Liceul Teoretic „Grigore Gheba”, Dumitrești",4.63,4.75,4.51,34
Vrancea,"Școala Gimnazială, Tănăsoaia",4.56,5.57,3.55,16
Vrancea,Școala Gimnazială Tătăranu,4.56,4.67,4.45,12
Vrancea,Școala Gimnazială Bălești,4.54,5.31,3.78,11
Vrancea,Școala Gimnazială Chiojdeni,4.54,4.64,4.38,18
Vrancea,Școala Gimnazială Slimnic,4.46,4.37,4.16,7
Vrancea,"Școala Gimnazială Nr. 1, Sindrilari",4.25,5.01,3.5,19
Vrancea,"Școala Gimnazială Profesor „Grozea Nicu”, Răstoaca",4.23,4.5,3.95,4
Vrancea,Centrul Școlar Pentru Educație Incluzivă Mihălceni,4.19,3.11,5.27,12
Vrancea,"Școala Gimnazială „Angela Gheorghiu”, Adjud",4.11,4.16,4.06,11
Vrancea,"Școala Gimnazială Nr. 2, Mărășești",4.1,4.2,4.0,41
Vrancea,Școala Gimnazială Homocea,4.06,4.29,3.84,14
Vrancea,Școala Gimnazială Ploșcuțeni,3.95,4.14,3.76,16
Vrancea,Școala Gimnazială Tâmboești,3.83,3.71,3.96,10
Vrancea,Școala Gimnazială Coroteni,3.48,3.86,3.11,9
Vrancea,"Centrul Școlar pentru Educație Incluzivă „Elena Doamna”, Focșani",3.46,2.99,3.93,9
Vrancea,Școala Gimnazială Slobozia Bradului,3.27,3.23,3.17,39
Vrancea,Centrul Școlar Pentru Educație Incluzivă Măicănești,3.02,2.29,3.75,11
Vrancea,"Școala Gimnazială „Ecaterina Teodoroiu”, Mărășești",2.91,2.72,3.1,15
Vâlcea,"Școala Gimnazială „Discovery Kids”, Mun. Rm. Vâlcea",8.59,8.79,8.38,16
Vâlcea,"Colegiul Național de Informatică „Matei Basarab”, Mun. Rm. Vâlcea",8.18,8.5,7.87,102
Vâlcea,"Colegiul Național Alexandru Lahovari, Mun. Rm. Vâlcea",8.18,8.37,7.99,28
Vâlcea,"Școala Gimnazială „Take Ionescu”, Mun. Rm. Vâlcea",8.17,8.49,7.86,120
Vâlcea,"Școala Gimnazială „Mihai Eminescu”, Mun. Rm. Vâlcea",8.04,8.23,7.85,128
Vâlcea,"Colegiul Național „Mircea cel Bătrân”, Mun. Rm. Vâlcea",7.88,8.19,7.58,110
Vâlcea,"Școala Gimnazială „Anton Pann”, Mun. Rm. Vâlcea",7.78,8.09,7.47,127
Vâlcea,"Școala Gimnazială Genuneni, Com. Francești",7.43,7.57,7.3,11
Vâlcea,"Școala Gimnazială, Sat Păușești-Otăsău, Com. Păușești",7.42,7.42,7.42,14
Vâlcea,"Școala Gimnazială, Com. Sutesti",7.35,7.95,6.76,9
Vâlcea,"Școala Gimnazială, Com. Runcu",7.18,7.95,6.42,3
Vâlcea,"Liceul Constantin Brâncoveanu, Oraș Horezu",7.16,7.52,6.8,71
Vâlcea,"Școala Gimnazială, Com. Pesceana",7.16,7.6,6.71,4
Vâlcea,"Școala Gimnazială „Nicolae Bălcescu”, Mun. Drăgășani",7.11,7.46,6.69,87
Vâlcea,"Școala Gimnazială „Nicolae Bălcescu”, Municipiul Râmnicu Vâlcea",7.0,7.28,6.72,75
Vâlcea,"Școala Gimnazială Nr. 1, Com. Drăgoești",6.96,7.42,6.51,10
Vâlcea,"Școala Gimnazială „I. Gh. Duca”, Mun. Rm. Vâlcea",6.9,7.01,6.79,44
Vâlcea,"Școala Gimnazială, Sat Colțești, Com. Alunu",6.82,7.08,6.56,12
Vâlcea,"Colegiul Energetic, Mun. Rm. Vâlcea",6.8,7.07,6.54,22
Vâlcea,"Școala Gimnazială „Șerban Vodă Cantacuzino”, Oraș Călimănești",6.76,7.31,6.21,51
Vâlcea,"Școala Gimnazială Ferigile, Com. Costești",6.73,7.6,5.86,15
Vâlcea,"Școala Gimnazială, Sat Ursi, Com. Popești",6.73,6.93,6.53,15
Vâlcea,"Liceul Tehnologic Justinian Marina, oraș Băile Olănești",6.73,7.72,5.74,16
Vâlcea,"Școala Gimnazială, Sat Bungetani, Com. Faurești",6.68,7.15,6.21,8
Vâlcea,"Școala Gimnazială „Tudor Vladimirescu”, Mun. Drăgășani",6.63,6.84,6.42,60
Vâlcea,"Școala Gimnazială, com. Perișani",6.59,6.88,6.3,17
Vâlcea,"Școala Gimnazială, Com. Pietrari",6.56,6.74,6.39,15
Vâlcea,"Școala Gimnazială, Sat Rusanesti, Com. Fartatesti",6.56,6.55,6.57,16
Vâlcea,"Școala Gimnazială, Sat Armașești, Com. Cernișoara",6.53,7.0,6.06,12
Vâlcea,"Liceul de Arte Victor Giuleanu, Mun. Rm. Vâlcea",6.52,6.85,6.19,44
Vâlcea,"Școala Gimnazială „Bartolomeu Valeriu Anania”, Com. Glavile",6.48,6.85,6.11,6
Vâlcea,"Școala Gimnazială Nr. 13, Mun. Rm. Vâlcea",6.46,6.73,6.2,62
Vâlcea,"Școala Gimnazială, Com. Amarăști",6.46,6.73,6.2,4
Vâlcea,"Școala Gimnazială, Com. Măldărești",6.44,7.12,5.77,10
Vâlcea,"Școala Gimnazială, Com. Orlești",6.41,7.1,5.72,13
Vâlcea,"Școala Gimnazială, Oraș Berbești",6.36,6.52,6.22,17
Vâlcea,"Școala Gimnazială Waldorf, Mun. Rm. Vâlcea",6.33,7.0,5.66,14
Vâlcea,"Școala Gimnazială, Com. Gușoeni",6.27,6.88,5.66,7
Vâlcea,"Liceul Preda Buzescu, Oraș Berbești",6.25,6.43,5.9,29
Vâlcea,"Școala Gimnazială, Sat Magura, Com. Mihaești",6.18,6.52,5.84,12
Vâlcea,"Școala Gimnazială, Com. Galicea",6.17,6.26,5.96,25
Vâlcea,"Școala Gimnazială, Com. Boișoara",6.16,6.58,5.74,5
Vâlcea,"Școala Gimnazială, Com. Milcoiu",6.12,6.12,6.12,5
Vâlcea,"Școala Gimnazială, Sat Stoilești, Comuna Stoilești",6.09,6.69,5.5,17
Vâlcea,"Școala Gimnazială, Com. Tomsani",6.08,6.69,5.49,18
Vâlcea,"Școala Gimnazială, Sat Băbeni Oltetu, Com. Diculești",6.06,6.22,5.91,13
Vâlcea,"Școala Gimnazială, Com. Olanu",6.05,6.53,5.58,14
Vâlcea,"Liceul George Tărnea, Oraș Băbeni",6.04,6.48,5.61,46
Vâlcea,"Școala Gimnazială, Com. Sinești",5.95,6.31,5.59,7
Vâlcea,"Școala Gimnazială, Com. Budești",5.9,6.19,5.61,21
Vâlcea,"Școala Gimnazială, Com. Titesti",5.89,6.43,5.36,4
Vâlcea,"Școala Gimnazială, Com. Bunești",5.89,5.89,5.89,17
Vâlcea,"Școala Gimnazială, Com. Sirineasa",5.83,5.63,6.04,10
Vâlcea,"Școala Gimnazială „Teodor Bălășel”, Com. Ștefănești",5.81,5.73,5.9,15
Vâlcea,"Școala Gimnazială Nr. 1, Com. Salatrucel",5.78,5.89,5.67,17
Vâlcea,"Școala Gimnazială, Sat Carștănești, Com. Oteșani",5.77,5.94,5.61,8
Vâlcea,"Liceul „Gheorghe Surdu”, Oraș Brezoi",5.76,5.83,5.7,46
Vâlcea,"Școala Gimnazială „Nicolae Bălcescu”, Sat Rotarăști, Com. Nicolae Bălcescu",5.76,6.27,5.26,20
Vâlcea,"Școala Gimnazială, Sat Mădulari, Com. Cernișoara",5.76,6.26,5.26,10
Vâlcea,"Școala Gimnazială, Com. Malaia",5.74,6.18,5.31,10
Vâlcea,"Școala Gimnazială, Com. Creteni",5.73,6.39,5.09,10
Vâlcea,"Școala Gimnazială, Sat Bătășani, Com. Valea Mare",5.71,6.01,5.42,8
Vâlcea,"Școala Gimnazială „Achim Popescu”, Com. Paușești-Măglași",5.7,5.94,5.47,24
Vâlcea,"Școala Gimnazială, Com. Roșiile",5.68,6.08,5.29,10
Vâlcea,"Liceul Sanitar „Antim Ivireanu”, Mun. Rm. Vâlcea",5.67,5.94,5.4,31
Vâlcea,"Școala Gimnazială Nr. 4, Mun. Rm. Vâlcea",5.67,5.94,5.4,36
Vâlcea,"Școala Gimnazială, Com. Mitrofani",5.66,5.75,5.58,3
Vâlcea,"Liceul Tehnologic Petrache Poenaru, Oraș Bălcești",5.65,5.92,5.38,31
Vâlcea,"Școala Gimnazială, Com. Stoenesti",5.64,6.47,4.82,16
Vâlcea,"Școala Gimnazială, Com. Mateești",5.61,5.8,5.42,20
Vâlcea,"Școala Gimnazială, Com. Mădulari",5.61,5.76,5.45,7
Vâlcea,"Școala Gimnazială, Com. Lacusteni",5.6,5.48,5.73,6
Vâlcea,"Școala Gimnazială, Com. Muereasca",5.59,5.93,5.26,9
Vâlcea,"Școala Gimnazială Nr.1, Comuna Stoilești",5.59,6.33,4.86,11
Vâlcea,"Școala Gimnazială, Sat Tina, Com. Livezi",5.58,6.37,4.8,10
Vâlcea,"Școala Gimnazială, Com. Ionești",5.56,5.94,5.19,30
Vâlcea,"Școala Gimnazială, Com. Alunu",5.53,6.15,4.92,12
Vâlcea,"Școala Gimnazială „Costea Marinoiu”, Oras Ocnele Mari",5.45,5.35,5.55,17
Vâlcea,"Școala Gimnazială „Ion C. Constantinescu”, Sat Cueni, Com. Roesti",5.45,5.84,5.06,13
Vâlcea,"Școala Gimnazială „Căpitan Marășanu”, Com. Stroești",5.43,5.57,5.3,11
Vâlcea,"Școala Gimnazială, Com. Ghioroiu",5.39,5.69,5.1,5
Vâlcea,"Liceul Teoretic, Sat Oveselu, Com. Măciuca",5.34,5.34,5.34,16
Vâlcea,"Școala Gimnazială, Com. Berislăvești",5.31,6.02,4.61,15
Vâlcea,"Școala Gimnazială, Com. Slatioara",5.3,5.59,5.01,18
Vâlcea,"Liceul Teoretic Virgil Ierunca, com. Lădești",5.29,5.87,4.71,15
Vâlcea,"Liceul Teoretic, com. Grădiștea",5.28,5.49,5.07,15
Vâlcea,"Școala Gimnazială, Com. Voineasa",5.23,5.9,4.57,7
Vâlcea,"Școala Gimnazială, Com. Susani",5.22,5.77,4.67,17
Vâlcea,"Scoala Gimnazialăa Sat Tepesti, Com. Tetoiu",5.21,4.87,5.55,15
Vâlcea,"Școala Gimnazială „Luca Solomon”, Com. Vaideeni",5.18,5.31,5.06,19
Vâlcea,"Școala Gimnazială „Grigore Mihăescu”, Com. Vlădești",5.16,5.72,4.6,15
Vâlcea,"Școala Gimnazială, Sat Popești, Com. Golești",5.11,5.77,4.46,9
Vâlcea,"Școala Gimnazială, Sat Bodești, Com. Bărbătești",5.11,5.48,4.74,22
Vâlcea,"Școala Gimnazială, Com. Lăpușata",5.08,6.04,4.13,11
Vâlcea,"Școala Gimnazială, Sat Ulmetu, Com. Copăceni",5.07,5.67,4.47,21
Vâlcea,"Școala Gimnazială, Com. Zatreni",5.06,5.96,4.17,8
Vâlcea,"Școala Gimnazială, Sat Mologești, Com. Laloșu",5.02,5.08,4.96,12
Vâlcea,"Școala Gimnazială, Sat Gura Văii, Com. Bujoreni",4.99,5.23,4.75,10
Vâlcea,"Școala Gimnazială, Sat Copăceni, Com. Răcovița",4.96,5.51,4.41,11
Vâlcea,"Școala Gimnazială, Com. Prundeni",4.91,5.07,4.76,14
Vâlcea,"Școala Gimnazială, Com. Stănești",4.82,5.06,4.58,12
Vâlcea,"Școala Gimnazială, Sat Udrești, Com. Danicei",4.78,5.71,3.85,5
Vâlcea,"Școala Gimnazială „Spiru Haret”, Mun. Rm. Vâlcea",4.75,5.12,4.38,7
Vâlcea,"Școala Gimnazială, Com. Dăești",4.74,5.45,4.03,4
Vâlcea,"Școala Gimnazială, Com. Scundu",4.72,5.2,4.25,3
Vâlcea,"Școala Gimnazială, Com. Lungesti",4.59,4.5,4.7,17
Vâlcea,"Școala Gimnazială, Sat Valea Mare, Oraș Băbeni",4.44,4.54,4.36,13
Vâlcea,"Școala Gimnazială Goranu, Mun. Rm. Vâlcea",4.39,5.03,3.75,8
Vâlcea,"Școala Gimnazială, Com. Francești",4.37,4.49,4.24,18
Vâlcea,"Școala Gimnazială „General David Praporgescu”, Sat Cainenii Mari, Com. Caineni",4.35,4.65,4.04,16
Vâlcea,"Școala Gimnazială, Sat Buleta, Com. Mihaești",4.31,4.33,4.31,8
Vâlcea,"Scoala Gimnaziala, Jiblea Veche, Oraș Călimănești",4.21,4.26,4.17,6
Vâlcea,"Școala Gimnazială „Ioan Didicescu”, Com. Voicesti",4.1,3.45,4.75,10
Vâlcea,"Liceul Tehnologic, Oraș Băile Govora",3.77,3.95,3.6,2
Vâlcea,"Școala Gimnazială, Sat Valea Lui Stan, Oras Brezoi",2.95,2.65,3.25,19
